# WaveFront *.obj file (generated by Autodesk ATF)

mtllib RP0 - New case.mtl

g Body1

v 1.871300 1.544857 0.300000
v 1.871300 -1.955143 0.300000
v 1.871300 -1.955143 1.200000
v 1.871300 1.544857 1.200000
v -1.628700 -1.955143 0.300000
v -1.628700 -1.955143 1.200000
v -1.628700 1.544857 0.300000
v -1.628700 1.544857 1.200000
v -1.778700 1.694857 0.000000
v -1.778700 -2.105143 0.000000
v -1.778700 -2.105143 1.200000
v -1.778700 1.694857 1.200000
v 2.021300 1.694857 0.000000
v 2.021300 1.694857 1.200000
v 2.021300 -2.105143 0.000000
v 2.021300 -2.105143 1.200000
v 0.326300 -1.455143 0.300000
v 0.328003 -1.468084 0.300000
v 0.332998 -1.480143 0.300000
v 0.340944 -1.490498 0.300000
v 0.351300 -1.498444 0.300000
v 0.363359 -1.503439 0.300000
v 0.376300 -1.505143 0.300000
v 0.389241 -1.503439 0.300000
v 0.401300 -1.498444 0.300000
v 0.411655 -1.490498 0.300000
v 0.419601 -1.480143 0.300000
v 0.424596 -1.468084 0.300000
v 0.426300 -1.455143 0.300000
v 0.424596 -1.442202 0.300000
v 0.419601 -1.430143 0.300000
v 0.411655 -1.419788 0.300000
v 0.401300 -1.411842 0.300000
v 0.389241 -1.406847 0.300000
v 0.376300 -1.405143 0.300000
v 0.363359 -1.406847 0.300000
v 0.351300 -1.411842 0.300000
v 0.340944 -1.419788 0.300000
v 0.332998 -1.430143 0.300000
v 0.328003 -1.442202 0.300000
v 0.326300 -1.455143 0.000000
v 0.328003 -1.442202 0.000000
v 0.332998 -1.430143 0.000000
v 0.340944 -1.419788 0.000000
v 0.351300 -1.411842 0.000000
v 0.363359 -1.406847 0.000000
v 0.376300 -1.405143 0.000000
v 0.389241 -1.406847 0.000000
v 0.401300 -1.411842 0.000000
v 0.411655 -1.419788 0.000000
v 0.419601 -1.430143 0.000000
v 0.424596 -1.442202 0.000000
v 0.426300 -1.455143 0.000000
v 0.424596 -1.468084 0.000000
v 0.419601 -1.480143 0.000000
v 0.411655 -1.490498 0.000000
v 0.401300 -1.498444 0.000000
v 0.389241 -1.503439 0.000000
v 0.376300 -1.505143 0.000000
v 0.363359 -1.503439 0.000000
v 0.351300 -1.498444 0.000000
v 0.340944 -1.490498 0.000000
v 0.332998 -1.480143 0.000000
v 0.328003 -1.468084 0.000000
v 0.326300 1.044857 0.300000
v 0.328003 1.031916 0.300000
v 0.332998 1.019857 0.300000
v 0.340944 1.009502 0.300000
v 0.351300 1.001556 0.300000
v 0.363359 0.996561 0.300000
v 0.376300 0.994857 0.300000
v 0.389241 0.996561 0.300000
v 0.401300 1.001556 0.300000
v 0.411655 1.009502 0.300000
v 0.419601 1.019857 0.300000
v 0.424596 1.031916 0.300000
v 0.426300 1.044857 0.300000
v 0.424596 1.057798 0.300000
v 0.419601 1.069857 0.300000
v 0.411655 1.080212 0.300000
v 0.401300 1.088158 0.300000
v 0.389241 1.093153 0.300000
v 0.376300 1.094857 0.300000
v 0.363359 1.093153 0.300000
v 0.351300 1.088158 0.300000
v 0.340944 1.080212 0.300000
v 0.332998 1.069857 0.300000
v 0.328003 1.057798 0.300000
v 0.326300 1.044857 0.000000
v 0.328003 1.057798 0.000000
v 0.332998 1.069857 0.000000
v 0.340944 1.080212 0.000000
v 0.351300 1.088158 0.000000
v 0.363359 1.093153 0.000000
v 0.376300 1.094857 0.000000
v 0.389241 1.093153 0.000000
v 0.401300 1.088158 0.000000
v 0.411655 1.080212 0.000000
v 0.419601 1.069857 0.000000
v 0.424596 1.057798 0.000000
v 0.426300 1.044857 0.000000
v 0.424596 1.031916 0.000000
v 0.419601 1.019857 0.000000
v 0.411655 1.009502 0.000000
v 0.401300 1.001556 0.000000
v 0.389241 0.996561 0.000000
v 0.376300 0.994857 0.000000
v 0.363359 0.996561 0.000000
v 0.351300 1.001556 0.000000
v 0.340944 1.009502 0.000000
v 0.332998 1.019857 0.000000
v 0.328003 1.031916 0.000000
v 1.576300 -0.205143 0.300000
v 1.578003 -0.218084 0.300000
v 1.582998 -0.230143 0.300000
v 1.590944 -0.240498 0.300000
v 1.601300 -0.248444 0.300000
v 1.613359 -0.253439 0.300000
v 1.626300 -0.255143 0.300000
v 1.639241 -0.253439 0.300000
v 1.651300 -0.248444 0.300000
v 1.661655 -0.240498 0.300000
v 1.669601 -0.230143 0.300000
v 1.674596 -0.218084 0.300000
v 1.676300 -0.205143 0.300000
v 1.674596 -0.192202 0.300000
v 1.669601 -0.180143 0.300000
v 1.661655 -0.169788 0.300000
v 1.651300 -0.161842 0.300000
v 1.639241 -0.156847 0.300000
v 1.626300 -0.155143 0.300000
v 1.613359 -0.156847 0.300000
v 1.601300 -0.161842 0.300000
v 1.590944 -0.169788 0.300000
v 1.582998 -0.180143 0.300000
v 1.578003 -0.192202 0.300000
v 1.576300 -0.205143 0.000000
v 1.578003 -0.192202 0.000000
v 1.582998 -0.180143 0.000000
v 1.590944 -0.169788 0.000000
v 1.601300 -0.161842 0.000000
v 1.613359 -0.156847 0.000000
v 1.626300 -0.155143 0.000000
v 1.639241 -0.156847 0.000000
v 1.651300 -0.161842 0.000000
v 1.661655 -0.169788 0.000000
v 1.669601 -0.180143 0.000000
v 1.674596 -0.192202 0.000000
v 1.676300 -0.205143 0.000000
v 1.674596 -0.218084 0.000000
v 1.669601 -0.230143 0.000000
v 1.661655 -0.240498 0.000000
v 1.651300 -0.248444 0.000000
v 1.639241 -0.253439 0.000000
v 1.626300 -0.255143 0.000000
v 1.613359 -0.253439 0.000000
v 1.601300 -0.248444 0.000000
v 1.590944 -0.240498 0.000000
v 1.582998 -0.230143 0.000000
v 1.578003 -0.218084 0.000000
v -0.183700 1.044857 0.300000
v -0.181997 1.031916 0.300000
v -0.177002 1.019857 0.300000
v -0.169056 1.009502 0.300000
v -0.158700 1.001556 0.300000
v -0.146641 0.996561 0.300000
v -0.133700 0.994857 0.300000
v -0.120759 0.996561 0.300000
v -0.108700 1.001556 0.300000
v -0.098345 1.009502 0.300000
v -0.090399 1.019857 0.300000
v -0.085404 1.031916 0.300000
v -0.083700 1.044857 0.300000
v -0.085404 1.057798 0.300000
v -0.090399 1.069857 0.300000
v -0.098345 1.080212 0.300000
v -0.108700 1.088158 0.300000
v -0.120759 1.093153 0.300000
v -0.133700 1.094857 0.300000
v -0.146641 1.093153 0.300000
v -0.158700 1.088158 0.300000
v -0.169056 1.080212 0.300000
v -0.177002 1.069857 0.300000
v -0.181997 1.057798 0.300000
v -0.183700 1.044857 0.000000
v -0.181997 1.057798 0.000000
v -0.177002 1.069857 0.000000
v -0.169056 1.080212 0.000000
v -0.158700 1.088158 0.000000
v -0.146641 1.093153 0.000000
v -0.133700 1.094857 0.000000
v -0.120759 1.093153 0.000000
v -0.108700 1.088158 0.000000
v -0.098345 1.080212 0.000000
v -0.090399 1.069857 0.000000
v -0.085404 1.057798 0.000000
v -0.083700 1.044857 0.000000
v -0.085404 1.031916 0.000000
v -0.090399 1.019857 0.000000
v -0.098345 1.009502 0.000000
v -0.108700 1.001556 0.000000
v -0.120759 0.996561 0.000000
v -0.133700 0.994857 0.000000
v -0.146641 0.996561 0.000000
v -0.158700 1.001556 0.000000
v -0.169056 1.009502 0.000000
v -0.177002 1.019857 0.000000
v -0.181997 1.031916 0.000000
v -0.183700 -1.455143 0.300000
v -0.181997 -1.468084 0.300000
v -0.177002 -1.480143 0.300000
v -0.169056 -1.490498 0.300000
v -0.158700 -1.498444 0.300000
v -0.146641 -1.503439 0.300000
v -0.133700 -1.505143 0.300000
v -0.120759 -1.503439 0.300000
v -0.108700 -1.498444 0.300000
v -0.098345 -1.490498 0.300000
v -0.090399 -1.480143 0.300000
v -0.085404 -1.468084 0.300000
v -0.083700 -1.455143 0.300000
v -0.085404 -1.442202 0.300000
v -0.090399 -1.430143 0.300000
v -0.098345 -1.419788 0.300000
v -0.108700 -1.411842 0.300000
v -0.120759 -1.406847 0.300000
v -0.133700 -1.405143 0.300000
v -0.146641 -1.406847 0.300000
v -0.158700 -1.411842 0.300000
v -0.169056 -1.419788 0.300000
v -0.177002 -1.430143 0.300000
v -0.181997 -1.442202 0.300000
v -0.183700 -1.455143 0.000000
v -0.181997 -1.442202 0.000000
v -0.177002 -1.430143 0.000000
v -0.169056 -1.419788 0.000000
v -0.158700 -1.411842 0.000000
v -0.146641 -1.406847 0.000000
v -0.133700 -1.405143 0.000000
v -0.120759 -1.406847 0.000000
v -0.108700 -1.411842 0.000000
v -0.098345 -1.419788 0.000000
v -0.090399 -1.430143 0.000000
v -0.085404 -1.442202 0.000000
v -0.083700 -1.455143 0.000000
v -0.085404 -1.468084 0.000000
v -0.090399 -1.480143 0.000000
v -0.098345 -1.490498 0.000000
v -0.108700 -1.498444 0.000000
v -0.120759 -1.503439 0.000000
v -0.133700 -1.505143 0.000000
v -0.146641 -1.503439 0.000000
v -0.158700 -1.498444 0.000000
v -0.169056 -1.490498 0.000000
v -0.177002 -1.480143 0.000000
v -0.181997 -1.468084 0.000000
v -1.433700 -0.205143 0.300000
v -1.431997 -0.218084 0.300000
v -1.427002 -0.230143 0.300000
v -1.419056 -0.240498 0.300000
v -1.408700 -0.248444 0.300000
v -1.396641 -0.253439 0.300000
v -1.383700 -0.255143 0.300000
v -1.370759 -0.253439 0.300000
v -1.358700 -0.248444 0.300000
v -1.348345 -0.240498 0.300000
v -1.340399 -0.230143 0.300000
v -1.335404 -0.218084 0.300000
v -1.333700 -0.205143 0.300000
v -1.335404 -0.192202 0.300000
v -1.340399 -0.180143 0.300000
v -1.348345 -0.169788 0.300000
v -1.358700 -0.161842 0.300000
v -1.370759 -0.156847 0.300000
v -1.383700 -0.155143 0.300000
v -1.396641 -0.156847 0.300000
v -1.408700 -0.161842 0.300000
v -1.419056 -0.169788 0.300000
v -1.427002 -0.180143 0.300000
v -1.431997 -0.192202 0.300000
v -1.433700 -0.205143 0.000000
v -1.431997 -0.192202 0.000000
v -1.427002 -0.180143 0.000000
v -1.419056 -0.169788 0.000000
v -1.408700 -0.161842 0.000000
v -1.396641 -0.156847 0.000000
v -1.383700 -0.155143 0.000000
v -1.370759 -0.156847 0.000000
v -1.358700 -0.161842 0.000000
v -1.348345 -0.169788 0.000000
v -1.340399 -0.180143 0.000000
v -1.335404 -0.192202 0.000000
v -1.333700 -0.205143 0.000000
v -1.335404 -0.218084 0.000000
v -1.340399 -0.230143 0.000000
v -1.348345 -0.240498 0.000000
v -1.358700 -0.248444 0.000000
v -1.370759 -0.253439 0.000000
v -1.383700 -0.255143 0.000000
v -1.396641 -0.253439 0.000000
v -1.408700 -0.248444 0.000000
v -1.419056 -0.240498 0.000000
v -1.427002 -0.230143 0.000000
v -1.431997 -0.218084 0.000000
v 1.066300 -0.205143 0.300000
v 1.068003 -0.218084 0.300000
v 1.072998 -0.230143 0.300000
v 1.080944 -0.240498 0.300000
v 1.091300 -0.248444 0.300000
v 1.103359 -0.253439 0.300000
v 1.116300 -0.255143 0.300000
v 1.129241 -0.253439 0.300000
v 1.141300 -0.248444 0.300000
v 1.151655 -0.240498 0.300000
v 1.159601 -0.230143 0.300000
v 1.164596 -0.218084 0.300000
v 1.166300 -0.205143 0.300000
v 1.164596 -0.192202 0.300000
v 1.159601 -0.180143 0.300000
v 1.151655 -0.169788 0.300000
v 1.141300 -0.161842 0.300000
v 1.129241 -0.156847 0.300000
v 1.116300 -0.155143 0.300000
v 1.103359 -0.156847 0.300000
v 1.091300 -0.161842 0.300000
v 1.080944 -0.169788 0.300000
v 1.072998 -0.180143 0.300000
v 1.068003 -0.192202 0.300000
v 1.066300 -0.205143 0.000000
v 1.068003 -0.192202 0.000000
v 1.072998 -0.180143 0.000000
v 1.080944 -0.169788 0.000000
v 1.091300 -0.161842 0.000000
v 1.103359 -0.156847 0.000000
v 1.116300 -0.155143 0.000000
v 1.129241 -0.156847 0.000000
v 1.141300 -0.161842 0.000000
v 1.151655 -0.169788 0.000000
v 1.159601 -0.180143 0.000000
v 1.164596 -0.192202 0.000000
v 1.166300 -0.205143 0.000000
v 1.164596 -0.218084 0.000000
v 1.159601 -0.230143 0.000000
v 1.151655 -0.240498 0.000000
v 1.141300 -0.248444 0.000000
v 1.129241 -0.253439 0.000000
v 1.116300 -0.255143 0.000000
v 1.103359 -0.253439 0.000000
v 1.091300 -0.248444 0.000000
v 1.080944 -0.240498 0.000000
v 1.072998 -0.230143 0.000000
v 1.068003 -0.218084 0.000000
v -0.923700 -0.205143 0.300000
v -0.921997 -0.218084 0.300000
v -0.917002 -0.230143 0.300000
v -0.909056 -0.240498 0.300000
v -0.898700 -0.248444 0.300000
v -0.886641 -0.253439 0.300000
v -0.873700 -0.255143 0.300000
v -0.860759 -0.253439 0.300000
v -0.848700 -0.248444 0.300000
v -0.838345 -0.240498 0.300000
v -0.830399 -0.230143 0.300000
v -0.825404 -0.218084 0.300000
v -0.823700 -0.205143 0.300000
v -0.825404 -0.192202 0.300000
v -0.830399 -0.180143 0.300000
v -0.838345 -0.169788 0.300000
v -0.848700 -0.161842 0.300000
v -0.860759 -0.156847 0.300000
v -0.873700 -0.155143 0.300000
v -0.886641 -0.156847 0.300000
v -0.898700 -0.161842 0.300000
v -0.909056 -0.169788 0.300000
v -0.917002 -0.180143 0.300000
v -0.921997 -0.192202 0.300000
v -0.923700 -0.205143 0.000000
v -0.921997 -0.192202 0.000000
v -0.917002 -0.180143 0.000000
v -0.909056 -0.169788 0.000000
v -0.898700 -0.161842 0.000000
v -0.886641 -0.156847 0.000000
v -0.873700 -0.155143 0.000000
v -0.860759 -0.156847 0.000000
v -0.848700 -0.161842 0.000000
v -0.838345 -0.169788 0.000000
v -0.830399 -0.180143 0.000000
v -0.825404 -0.192202 0.000000
v -0.823700 -0.205143 0.000000
v -0.825404 -0.218084 0.000000
v -0.830399 -0.230143 0.000000
v -0.838345 -0.240498 0.000000
v -0.848700 -0.248444 0.000000
v -0.860759 -0.253439 0.000000
v -0.873700 -0.255143 0.000000
v -0.886641 -0.253439 0.000000
v -0.898700 -0.248444 0.000000
v -0.909056 -0.240498 0.000000
v -0.917002 -0.230143 0.000000
v -0.921997 -0.218084 0.000000
vt 0.000000 0.300000 0.000000
vt 3.500000 0.300000 0.000000
vt 0.000000 1.200000 0.000000
vt 3.500000 1.200000 0.000000
vt 0.000000 0.300000 0.000000
vt 3.500000 0.300000 0.000000
vt 0.000000 1.200000 0.000000
vt 3.500000 1.200000 0.000000
vt 0.000000 0.300000 0.000000
vt 3.500000 0.300000 0.000000
vt 0.000000 1.200000 0.000000
vt 3.500000 1.200000 0.000000
vt 0.000000 0.300000 0.000000
vt 3.500000 0.300000 0.000000
vt 0.000000 1.200000 0.000000
vt 3.500000 1.200000 0.000000
vt -0.000000 0.000000 0.000000
vt 3.800000 0.000000 0.000000
vt -0.000000 1.200000 0.000000
vt 3.800000 1.200000 0.000000
vt -0.000000 0.000000 0.000000
vt 3.800000 0.000000 0.000000
vt -0.000000 1.200000 0.000000
vt 3.800000 1.200000 0.000000
vt 0.000000 0.000000 0.000000
vt 3.800000 0.000000 0.000000
vt 0.000000 1.200000 0.000000
vt 3.800000 1.200000 0.000000
vt 0.000000 0.000000 0.000000
vt 3.800000 0.000000 0.000000
vt 0.000000 1.200000 0.000000
vt 3.800000 1.200000 0.000000
vt 1.750000 1.750000 0.000000
vt 1.750000 -1.750000 0.000000
vt 1.900000 -1.900000 0.000000
vt -1.750000 -1.750000 0.000000
vt -1.900000 -1.900000 0.000000
vt -1.750000 1.750000 0.000000
vt -1.900000 1.900000 0.000000
vt 1.900000 1.900000 0.000000
vt 0.300000 -0.143990 0.000000
vt 0.000000 -0.143990 0.000000
vt 0.300000 -0.157080 0.000000
vt 0.000000 -0.157080 0.000000
vt 0.300000 0.157080 0.000000
vt 0.000000 0.157080 0.000000
vt 0.300000 0.143990 0.000000
vt 0.000000 0.143990 0.000000
vt 0.300000 0.130900 0.000000
vt 0.000000 0.130900 0.000000
vt 0.300000 0.117810 0.000000
vt 0.000000 0.117810 0.000000
vt 0.300000 0.104720 0.000000
vt -0.000000 0.104720 0.000000
vt 0.300000 0.091630 0.000000
vt 0.000000 0.091630 0.000000
vt 0.300000 0.078540 0.000000
vt -0.000000 0.078540 0.000000
vt 0.300000 0.065450 0.000000
vt 0.000000 0.065450 0.000000
vt 0.300000 0.052360 0.000000
vt 0.000000 0.052360 0.000000
vt 0.300000 0.039270 0.000000
vt 0.000000 0.039270 0.000000
vt 0.300000 0.026180 0.000000
vt 0.000000 0.026180 0.000000
vt 0.300000 0.013090 0.000000
vt 0.000000 0.013090 0.000000
vt 0.300000 0.000000 0.000000
vt 0.000000 0.000000 0.000000
vt 0.300000 -0.013090 0.000000
vt 0.000000 -0.013090 0.000000
vt 0.300000 -0.026180 0.000000
vt 0.000000 -0.026180 0.000000
vt 0.300000 -0.039270 0.000000
vt 0.000000 -0.039270 0.000000
vt 0.300000 -0.052360 0.000000
vt -0.000000 -0.052360 0.000000
vt 0.300000 -0.065450 0.000000
vt 0.000000 -0.065450 0.000000
vt 0.300000 -0.078540 0.000000
vt -0.000000 -0.078540 0.000000
vt 0.300000 -0.091630 0.000000
vt 0.000000 -0.091630 0.000000
vt 0.300000 -0.104720 0.000000
vt 0.000000 -0.104720 0.000000
vt 0.300000 -0.117810 0.000000
vt 0.000000 -0.117810 0.000000
vt 0.300000 -0.130900 0.000000
vt 0.000000 -0.130900 0.000000
vt 0.300000 -0.143990 0.000000
vt 0.000000 -0.143990 0.000000
vt 0.300000 -0.157080 0.000000
vt 0.000000 -0.157080 0.000000
vt 0.300000 0.157080 0.000000
vt 0.000000 0.157080 0.000000
vt 0.300000 0.143990 0.000000
vt 0.000000 0.143990 0.000000
vt 0.300000 0.130900 0.000000
vt 0.000000 0.130900 0.000000
vt 0.300000 0.117810 0.000000
vt 0.000000 0.117810 0.000000
vt 0.300000 0.104720 0.000000
vt -0.000000 0.104720 0.000000
vt 0.300000 0.091630 0.000000
vt 0.000000 0.091630 0.000000
vt 0.300000 0.078540 0.000000
vt -0.000000 0.078540 0.000000
vt 0.300000 0.065450 0.000000
vt 0.000000 0.065450 0.000000
vt 0.300000 0.052360 0.000000
vt 0.000000 0.052360 0.000000
vt 0.300000 0.039270 0.000000
vt 0.000000 0.039270 0.000000
vt 0.300000 0.026180 0.000000
vt 0.000000 0.026180 0.000000
vt 0.300000 0.013090 0.000000
vt 0.000000 0.013090 0.000000
vt 0.300000 0.000000 0.000000
vt 0.000000 0.000000 0.000000
vt 0.300000 -0.013090 0.000000
vt 0.000000 -0.013090 0.000000
vt 0.300000 -0.026180 0.000000
vt 0.000000 -0.026180 0.000000
vt 0.300000 -0.039270 0.000000
vt 0.000000 -0.039270 0.000000
vt 0.300000 -0.052360 0.000000
vt -0.000000 -0.052360 0.000000
vt 0.300000 -0.065450 0.000000
vt 0.000000 -0.065450 0.000000
vt 0.300000 -0.078540 0.000000
vt -0.000000 -0.078540 0.000000
vt 0.300000 -0.091630 0.000000
vt -0.000000 -0.091630 0.000000
vt 0.300000 -0.104720 0.000000
vt 0.000000 -0.104720 0.000000
vt 0.300000 -0.117810 0.000000
vt 0.000000 -0.117810 0.000000
vt 0.300000 -0.130900 0.000000
vt 0.000000 -0.130900 0.000000
vt 0.300000 -0.143990 0.000000
vt 0.000000 -0.143990 0.000000
vt 0.300000 -0.157080 0.000000
vt 0.000000 -0.157080 0.000000
vt 0.300000 0.157080 0.000000
vt 0.000000 0.157080 0.000000
vt 0.300000 0.143990 0.000000
vt -0.000000 0.143990 0.000000
vt 0.300000 0.130900 0.000000
vt 0.000000 0.130900 0.000000
vt 0.300000 0.117810 0.000000
vt 0.000000 0.117810 0.000000
vt 0.300000 0.104720 0.000000
vt -0.000000 0.104720 0.000000
vt 0.300000 0.091630 0.000000
vt 0.000000 0.091630 0.000000
vt 0.300000 0.078540 0.000000
vt 0.000000 0.078540 0.000000
vt 0.300000 0.065450 0.000000
vt 0.000000 0.065450 0.000000
vt 0.300000 0.052360 0.000000
vt 0.000000 0.052360 0.000000
vt 0.300000 0.039270 0.000000
vt 0.000000 0.039270 0.000000
vt 0.300000 0.026180 0.000000
vt 0.000000 0.026180 0.000000
vt 0.300000 0.013090 0.000000
vt -0.000000 0.013090 0.000000
vt 0.300000 0.000000 0.000000
vt 0.000000 0.000000 0.000000
vt 0.300000 -0.013090 0.000000
vt -0.000000 -0.013090 0.000000
vt 0.300000 -0.026180 0.000000
vt 0.000000 -0.026180 0.000000
vt 0.300000 -0.039270 0.000000
vt -0.000000 -0.039270 0.000000
vt 0.300000 -0.052360 0.000000
vt -0.000000 -0.052360 0.000000
vt 0.300000 -0.065450 0.000000
vt 0.000000 -0.065450 0.000000
vt 0.300000 -0.078540 0.000000
vt 0.000000 -0.078540 0.000000
vt 0.300000 -0.091630 0.000000
vt 0.000000 -0.091630 0.000000
vt 0.300000 -0.104720 0.000000
vt 0.000000 -0.104720 0.000000
vt 0.300000 -0.117810 0.000000
vt 0.000000 -0.117810 0.000000
vt 0.300000 -0.130900 0.000000
vt 0.000000 -0.130900 0.000000
vt 0.300000 -0.143990 0.000000
vt 0.000000 -0.143990 0.000000
vt 0.300000 -0.157080 0.000000
vt 0.000000 -0.157080 0.000000
vt 0.300000 0.157080 0.000000
vt 0.000000 0.157080 0.000000
vt 0.300000 0.143990 0.000000
vt 0.000000 0.143990 0.000000
vt 0.300000 0.130900 0.000000
vt 0.000000 0.130900 0.000000
vt 0.300000 0.117810 0.000000
vt 0.000000 0.117810 0.000000
vt 0.300000 0.104720 0.000000
vt 0.000000 0.104720 0.000000
vt 0.300000 0.091630 0.000000
vt 0.000000 0.091630 0.000000
vt 0.300000 0.078540 0.000000
vt -0.000000 0.078540 0.000000
vt 0.300000 0.065450 0.000000
vt 0.000000 0.065450 0.000000
vt 0.300000 0.052360 0.000000
vt 0.000000 0.052360 0.000000
vt 0.300000 0.039270 0.000000
vt 0.000000 0.039270 0.000000
vt 0.300000 0.026180 0.000000
vt 0.000000 0.026180 0.000000
vt 0.300000 0.013090 0.000000
vt 0.000000 0.013090 0.000000
vt 0.300000 0.000000 0.000000
vt 0.000000 0.000000 0.000000
vt 0.300000 -0.013090 0.000000
vt -0.000000 -0.013090 0.000000
vt 0.300000 -0.026180 0.000000
vt 0.000000 -0.026180 0.000000
vt 0.300000 -0.039270 0.000000
vt 0.000000 -0.039270 0.000000
vt 0.300000 -0.052360 0.000000
vt 0.000000 -0.052360 0.000000
vt 0.300000 -0.065450 0.000000
vt -0.000000 -0.065450 0.000000
vt 0.300000 -0.078540 0.000000
vt -0.000000 -0.078540 0.000000
vt 0.300000 -0.091630 0.000000
vt -0.000000 -0.091630 0.000000
vt 0.300000 -0.104720 0.000000
vt 0.000000 -0.104720 0.000000
vt 0.300000 -0.117810 0.000000
vt 0.000000 -0.117810 0.000000
vt 0.300000 -0.130900 0.000000
vt 0.000000 -0.130900 0.000000
vt 0.300000 -0.143990 0.000000
vt 0.000000 -0.143990 0.000000
vt 0.300000 -0.157080 0.000000
vt 0.000000 -0.157080 0.000000
vt 0.300000 0.157080 0.000000
vt 0.000000 0.157080 0.000000
vt 0.300000 0.143990 0.000000
vt 0.000000 0.143990 0.000000
vt 0.300000 0.130900 0.000000
vt 0.000000 0.130900 0.000000
vt 0.300000 0.117810 0.000000
vt 0.000000 0.117810 0.000000
vt 0.300000 0.104720 0.000000
vt 0.000000 0.104720 0.000000
vt 0.300000 0.091630 0.000000
vt 0.000000 0.091630 0.000000
vt 0.300000 0.078540 0.000000
vt -0.000000 0.078540 0.000000
vt 0.300000 0.065450 0.000000
vt 0.000000 0.065450 0.000000
vt 0.300000 0.052360 0.000000
vt 0.000000 0.052360 0.000000
vt 0.300000 0.039270 0.000000
vt 0.000000 0.039270 0.000000
vt 0.300000 0.026180 0.000000
vt 0.000000 0.026180 0.000000
vt 0.300000 0.013090 0.000000
vt 0.000000 0.013090 0.000000
vt 0.300000 0.000000 0.000000
vt 0.000000 0.000000 0.000000
vt 0.300000 -0.013090 0.000000
vt 0.000000 -0.013090 0.000000
vt 0.300000 -0.026180 0.000000
vt 0.000000 -0.026180 0.000000
vt 0.300000 -0.039270 0.000000
vt 0.000000 -0.039270 0.000000
vt 0.300000 -0.052360 0.000000
vt 0.000000 -0.052360 0.000000
vt 0.300000 -0.065450 0.000000
vt 0.000000 -0.065450 0.000000
vt 0.300000 -0.078540 0.000000
vt -0.000000 -0.078540 0.000000
vt 0.300000 -0.091630 0.000000
vt 0.000000 -0.091630 0.000000
vt 0.300000 -0.104720 0.000000
vt 0.000000 -0.104720 0.000000
vt 0.300000 -0.117810 0.000000
vt 0.000000 -0.117810 0.000000
vt 0.300000 -0.130900 0.000000
vt 0.000000 -0.130900 0.000000
vt 0.300000 -0.143990 0.000000
vt 0.000000 -0.143990 0.000000
vt 0.300000 -0.157080 0.000000
vt 0.000000 -0.157080 0.000000
vt 0.300000 0.157080 0.000000
vt 0.000000 0.157080 0.000000
vt 0.300000 0.143990 0.000000
vt -0.000000 0.143990 0.000000
vt 0.300000 0.130900 0.000000
vt 0.000000 0.130900 0.000000
vt 0.300000 0.117810 0.000000
vt 0.000000 0.117810 0.000000
vt 0.300000 0.104720 0.000000
vt -0.000000 0.104720 0.000000
vt 0.300000 0.091630 0.000000
vt 0.000000 0.091630 0.000000
vt 0.300000 0.078540 0.000000
vt 0.000000 0.078540 0.000000
vt 0.300000 0.065450 0.000000
vt 0.000000 0.065450 0.000000
vt 0.300000 0.052360 0.000000
vt 0.000000 0.052360 0.000000
vt 0.300000 0.039270 0.000000
vt 0.000000 0.039270 0.000000
vt 0.300000 0.026180 0.000000
vt 0.000000 0.026180 0.000000
vt 0.300000 0.013090 0.000000
vt -0.000000 0.013090 0.000000
vt 0.300000 0.000000 0.000000
vt 0.000000 0.000000 0.000000
vt 0.300000 -0.013090 0.000000
vt -0.000000 -0.013090 0.000000
vt 0.300000 -0.026180 0.000000
vt 0.000000 -0.026180 0.000000
vt 0.300000 -0.039270 0.000000
vt -0.000000 -0.039270 0.000000
vt 0.300000 -0.052360 0.000000
vt -0.000000 -0.052360 0.000000
vt 0.300000 -0.065450 0.000000
vt 0.000000 -0.065450 0.000000
vt 0.300000 -0.078540 0.000000
vt 0.000000 -0.078540 0.000000
vt 0.300000 -0.091630 0.000000
vt 0.000000 -0.091630 0.000000
vt 0.300000 -0.104720 0.000000
vt 0.000000 -0.104720 0.000000
vt 0.300000 -0.117810 0.000000
vt 0.000000 -0.117810 0.000000
vt 0.300000 -0.130900 0.000000
vt 0.000000 -0.130900 0.000000
vt 0.300000 -0.143990 0.000000
vt 0.000000 -0.143990 0.000000
vt 0.300000 -0.157080 0.000000
vt 0.000000 -0.157080 0.000000
vt 0.300000 0.157080 0.000000
vt 0.000000 0.157080 0.000000
vt 0.300000 0.143990 0.000000
vt -0.000000 0.143990 0.000000
vt 0.300000 0.130900 0.000000
vt 0.000000 0.130900 0.000000
vt 0.300000 0.117810 0.000000
vt 0.000000 0.117810 0.000000
vt 0.300000 0.104720 0.000000
vt -0.000000 0.104720 0.000000
vt 0.300000 0.091630 0.000000
vt 0.000000 0.091630 0.000000
vt 0.300000 0.078540 0.000000
vt 0.000000 0.078540 0.000000
vt 0.300000 0.065450 0.000000
vt 0.000000 0.065450 0.000000
vt 0.300000 0.052360 0.000000
vt 0.000000 0.052360 0.000000
vt 0.300000 0.039270 0.000000
vt 0.000000 0.039270 0.000000
vt 0.300000 0.026180 0.000000
vt 0.000000 0.026180 0.000000
vt 0.300000 0.013090 0.000000
vt -0.000000 0.013090 0.000000
vt 0.300000 0.000000 0.000000
vt 0.000000 0.000000 0.000000
vt 0.300000 -0.013090 0.000000
vt -0.000000 -0.013090 0.000000
vt 0.300000 -0.026180 0.000000
vt 0.000000 -0.026180 0.000000
vt 0.300000 -0.039270 0.000000
vt -0.000000 -0.039270 0.000000
vt 0.300000 -0.052360 0.000000
vt -0.000000 -0.052360 0.000000
vt 0.300000 -0.065450 0.000000
vt 0.000000 -0.065450 0.000000
vt 0.300000 -0.078540 0.000000
vt 0.000000 -0.078540 0.000000
vt 0.300000 -0.091630 0.000000
vt 0.000000 -0.091630 0.000000
vt 0.300000 -0.104720 0.000000
vt 0.000000 -0.104720 0.000000
vt 0.300000 -0.117810 0.000000
vt 0.000000 -0.117810 0.000000
vt 0.300000 -0.130900 0.000000
vt 0.000000 -0.130900 0.000000
vt 0.300000 -0.143990 0.000000
vt -0.000000 -0.143990 0.000000
vt 0.300000 -0.157080 0.000000
vt 0.000000 -0.157080 0.000000
vt 0.300000 0.157080 0.000000
vt 0.000000 0.157080 0.000000
vt 0.300000 0.143990 0.000000
vt 0.000000 0.143990 0.000000
vt 0.300000 0.130900 0.000000
vt 0.000000 0.130900 0.000000
vt 0.300000 0.117810 0.000000
vt -0.000000 0.117810 0.000000
vt 0.300000 0.104720 0.000000
vt -0.000000 0.104720 0.000000
vt 0.300000 0.091630 0.000000
vt 0.000000 0.091630 0.000000
vt 0.300000 0.078540 0.000000
vt 0.000000 0.078540 0.000000
vt 0.300000 0.065450 0.000000
vt 0.000000 0.065450 0.000000
vt 0.300000 0.052360 0.000000
vt -0.000000 0.052360 0.000000
vt 0.300000 0.039270 0.000000
vt -0.000000 0.039270 0.000000
vt 0.300000 0.026180 0.000000
vt 0.000000 0.026180 0.000000
vt 0.300000 0.013090 0.000000
vt 0.000000 0.013090 0.000000
vt 0.300000 0.000000 0.000000
vt 0.000000 0.000000 0.000000
vt 0.300000 -0.013090 0.000000
vt 0.000000 -0.013090 0.000000
vt 0.300000 -0.026180 0.000000
vt 0.000000 -0.026180 0.000000
vt 0.300000 -0.039270 0.000000
vt 0.000000 -0.039270 0.000000
vt 0.300000 -0.052360 0.000000
vt -0.000000 -0.052360 0.000000
vt 0.300000 -0.065450 0.000000
vt 0.000000 -0.065450 0.000000
vt 0.300000 -0.078540 0.000000
vt 0.000000 -0.078540 0.000000
vt 0.300000 -0.091630 0.000000
vt 0.000000 -0.091630 0.000000
vt 0.300000 -0.104720 0.000000
vt -0.000000 -0.104720 0.000000
vt 0.300000 -0.117810 0.000000
vt -0.000000 -0.117810 0.000000
vt 0.300000 -0.130900 0.000000
vt 0.000000 -0.130900 0.000000
vt -1.043296 0.012941 0.000000
vt -1.456704 0.012941 0.000000
vt -1.045000 0.000000 0.000000
vt -1.455000 0.000000 0.000000
vt -1.043296 -0.012941 0.000000
vt -1.456704 -0.012941 0.000000
vt -1.038301 -0.025000 0.000000
vt -1.461699 -0.025000 0.000000
vt -1.030355 -0.035355 0.000000
vt -1.469645 -0.035355 0.000000
vt -1.020000 -0.043301 0.000000
vt -1.480000 -0.043301 0.000000
vt -1.007941 -0.048296 0.000000
vt -1.492059 -0.048296 0.000000
vt -1.750000 -1.750000 0.000000
vt -1.505000 -0.050000 0.000000
vt -1.517941 -0.048296 0.000000
vt -1.461699 0.025000 0.000000
vt -1.038301 0.025000 0.000000
vt -1.469645 0.035355 0.000000
vt -1.030355 0.035355 0.000000
vt -1.480000 0.043301 0.000000
vt -1.020000 0.043301 0.000000
vt -1.492059 0.048296 0.000000
vt -1.007941 0.048296 0.000000
vt -1.750000 1.750000 0.000000
vt -0.303296 1.237059 0.000000
vt -0.305000 1.250000 0.000000
vt -0.995000 0.050000 0.000000
vt -0.298301 1.225000 0.000000
vt -0.982059 0.048296 0.000000
vt -0.290355 1.214645 0.000000
vt -0.970000 0.043301 0.000000
vt -0.280000 1.206699 0.000000
vt -0.959645 0.035355 0.000000
vt -0.267941 1.201704 0.000000
vt -0.951699 0.025000 0.000000
vt -0.255000 1.200000 0.000000
vt -0.946704 0.012941 0.000000
vt -0.242059 1.201704 0.000000
vt 0.946704 0.012941 0.000000
vt 0.242059 1.201704 0.000000
vt 0.255000 1.200000 0.000000
vt 0.951699 0.025000 0.000000
vt 0.267941 1.201704 0.000000
vt 0.959645 0.035355 0.000000
vt 0.280000 1.206699 0.000000
vt 0.970000 0.043301 0.000000
vt 0.290355 1.214645 0.000000
vt 0.982059 0.048296 0.000000
vt 0.298301 1.225000 0.000000
vt 0.995000 0.050000 0.000000
vt 0.303296 1.237059 0.000000
vt 1.007941 0.048296 0.000000
vt 1.750000 1.750000 0.000000
vt 1.492059 0.048296 0.000000
vt 1.505000 0.050000 0.000000
vt 0.945000 0.000000 0.000000
vt -0.945000 0.000000 0.000000
vt 0.946704 -0.012941 0.000000
vt -0.946704 -0.012941 0.000000
vt 0.242059 -1.201704 0.000000
vt -0.242059 -1.201704 0.000000
vt 0.230000 -1.206699 0.000000
vt -0.230000 -1.206699 0.000000
vt 0.219645 -1.214645 0.000000
vt -0.219645 -1.214645 0.000000
vt 0.211699 -1.225000 0.000000
vt -0.211699 -1.225000 0.000000
vt 0.206704 -1.237059 0.000000
vt -0.206704 -1.237059 0.000000
vt 0.205000 -1.250000 0.000000
vt -0.205000 -1.250000 0.000000
vt 0.206704 -1.262941 0.000000
vt -0.206704 -1.262941 0.000000
vt 0.211699 -1.275000 0.000000
vt -0.211699 -1.275000 0.000000
vt 0.219645 -1.285355 0.000000
vt -0.219645 -1.285355 0.000000
vt 0.230000 -1.293301 0.000000
vt -0.230000 -1.293301 0.000000
vt 0.242059 -1.298296 0.000000
vt -0.242059 -1.298296 0.000000
vt 0.255000 -1.300000 0.000000
vt -0.255000 -1.300000 0.000000
vt 1.750000 -1.750000 0.000000
vt -0.267941 -1.298296 0.000000
vt -0.280000 -1.293301 0.000000
vt -0.255000 -1.200000 0.000000
vt -0.951699 -0.025000 0.000000
vt -0.267941 -1.201704 0.000000
vt -0.959645 -0.035355 0.000000
vt -0.280000 -1.206699 0.000000
vt -0.970000 -0.043301 0.000000
vt -0.290355 -1.214645 0.000000
vt -0.982059 -0.048296 0.000000
vt -0.298301 -1.225000 0.000000
vt -0.995000 -0.050000 0.000000
vt -0.303296 -1.237059 0.000000
vt 1.480000 0.043301 0.000000
vt 1.020000 0.043301 0.000000
vt 1.469645 0.035355 0.000000
vt 1.030355 0.035355 0.000000
vt 1.461699 0.025000 0.000000
vt 1.038301 0.025000 0.000000
vt 1.456704 0.012941 0.000000
vt 1.043296 0.012941 0.000000
vt 1.455000 0.000000 0.000000
vt 1.045000 0.000000 0.000000
vt 1.456704 -0.012941 0.000000
vt 1.043296 -0.012941 0.000000
vt 1.461699 -0.025000 0.000000
vt 1.038301 -0.025000 0.000000
vt 1.469645 -0.035355 0.000000
vt 1.030355 -0.035355 0.000000
vt 1.480000 -0.043301 0.000000
vt 1.020000 -0.043301 0.000000
vt 1.492059 -0.048296 0.000000
vt 1.007941 -0.048296 0.000000
vt 0.303296 -1.237059 0.000000
vt 0.305000 -1.250000 0.000000
vt 0.995000 -0.050000 0.000000
vt 0.298301 -1.225000 0.000000
vt 0.982059 -0.048296 0.000000
vt 0.290355 -1.214645 0.000000
vt 0.970000 -0.043301 0.000000
vt 0.280000 -1.206699 0.000000
vt 0.959645 -0.035355 0.000000
vt 0.267941 -1.201704 0.000000
vt 0.951699 -0.025000 0.000000
vt 0.255000 -1.200000 0.000000
vt -1.553296 0.012941 0.000000
vt -1.555000 0.000000 0.000000
vt -1.553296 -0.012941 0.000000
vt -1.548301 -0.025000 0.000000
vt -1.540355 -0.035355 0.000000
vt -1.530000 -0.043301 0.000000
vt -1.548301 0.025000 0.000000
vt -1.540355 0.035355 0.000000
vt -1.530000 0.043301 0.000000
vt -1.517941 0.048296 0.000000
vt -1.505000 0.050000 0.000000
vt -0.303296 -1.262941 0.000000
vt -0.305000 -1.250000 0.000000
vt -0.290355 -1.285355 0.000000
vt -0.298301 -1.275000 0.000000
vt -0.303296 1.262941 0.000000
vt -0.298301 1.275000 0.000000
vt -0.290355 1.285355 0.000000
vt -0.280000 1.293301 0.000000
vt -0.267941 1.298296 0.000000
vt -0.255000 1.300000 0.000000
vt -0.242059 1.298296 0.000000
vt 0.242059 1.298296 0.000000
vt 0.255000 1.300000 0.000000
vt 0.267941 1.298296 0.000000
vt 0.280000 1.293301 0.000000
vt 0.230000 1.293301 0.000000
vt -0.230000 1.293301 0.000000
vt 0.219645 1.285355 0.000000
vt -0.219645 1.285355 0.000000
vt 0.211699 1.275000 0.000000
vt -0.211699 1.275000 0.000000
vt 0.206704 1.262941 0.000000
vt -0.206704 1.262941 0.000000
vt 0.205000 1.250000 0.000000
vt -0.205000 1.250000 0.000000
vt 0.206704 1.237059 0.000000
vt -0.206704 1.237059 0.000000
vt 0.211699 1.225000 0.000000
vt -0.211699 1.225000 0.000000
vt 0.219645 1.214645 0.000000
vt -0.219645 1.214645 0.000000
vt 0.230000 1.206699 0.000000
vt -0.230000 1.206699 0.000000
vt 1.517941 0.048296 0.000000
vt 1.530000 0.043301 0.000000
vt 1.540355 0.035355 0.000000
vt 1.548301 0.025000 0.000000
vt 1.553296 0.012941 0.000000
vt 1.555000 0.000000 0.000000
vt 1.553296 -0.012941 0.000000
vt 1.548301 -0.025000 0.000000
vt 1.540355 -0.035355 0.000000
vt 1.530000 -0.043301 0.000000
vt 1.517941 -0.048296 0.000000
vt 1.505000 -0.050000 0.000000
vt 0.290355 1.285355 0.000000
vt 0.298301 1.275000 0.000000
vt 0.303296 1.262941 0.000000
vt 0.305000 1.250000 0.000000
vt 0.303296 -1.262941 0.000000
vt 0.298301 -1.275000 0.000000
vt 0.290355 -1.285355 0.000000
vt 0.280000 -1.293301 0.000000
vt 0.267941 -1.298296 0.000000
vt 1.900000 -1.900000 0.000000
vt -0.255000 -1.300000 0.000000
vt -1.900000 -1.900000 0.000000
vt -0.267941 -1.298296 0.000000
vt -0.280000 -1.293301 0.000000
vt 1.900000 1.900000 0.000000
vt 1.555000 0.000000 0.000000
vt 1.553296 -0.012941 0.000000
vt 1.548301 -0.025000 0.000000
vt -1.900000 1.900000 0.000000
vt 0.255000 1.300000 0.000000
vt 0.267941 1.298296 0.000000
vt 0.280000 1.293301 0.000000
vt -1.555000 0.000000 0.000000
vt -1.553296 0.012941 0.000000
vt -1.548301 0.025000 0.000000
vt 1.043296 -0.012941 0.000000
vt 1.456704 -0.012941 0.000000
vt 1.045000 0.000000 0.000000
vt 1.455000 0.000000 0.000000
vt 1.043296 0.012941 0.000000
vt 1.456704 0.012941 0.000000
vt 1.038301 0.025000 0.000000
vt 1.461699 0.025000 0.000000
vt 1.030355 0.035355 0.000000
vt 1.469645 0.035355 0.000000
vt 1.020000 0.043301 0.000000
vt 1.480000 0.043301 0.000000
vt 1.007941 0.048296 0.000000
vt 1.492059 0.048296 0.000000
vt 0.303296 1.237059 0.000000
vt 0.305000 1.250000 0.000000
vt 0.303296 1.262941 0.000000
vt 0.298301 1.275000 0.000000
vt 0.290355 1.285355 0.000000
vt 1.461699 -0.025000 0.000000
vt 1.038301 -0.025000 0.000000
vt 1.469645 -0.035355 0.000000
vt 1.030355 -0.035355 0.000000
vt 1.480000 -0.043301 0.000000
vt 1.020000 -0.043301 0.000000
vt 1.492059 -0.048296 0.000000
vt 1.007941 -0.048296 0.000000
vt 0.303296 -1.237059 0.000000
vt 0.995000 -0.050000 0.000000
vt 0.298301 -1.225000 0.000000
vt 0.982059 -0.048296 0.000000
vt 0.290355 -1.214645 0.000000
vt 0.970000 -0.043301 0.000000
vt 0.280000 -1.206699 0.000000
vt 0.959645 -0.035355 0.000000
vt 0.267941 -1.201704 0.000000
vt 0.951699 -0.025000 0.000000
vt 0.255000 -1.200000 0.000000
vt 0.946704 -0.012941 0.000000
vt 0.242059 -1.201704 0.000000
vt -0.946704 -0.012941 0.000000
vt -0.242059 -1.201704 0.000000
vt -0.255000 -1.200000 0.000000
vt -0.951699 -0.025000 0.000000
vt -0.267941 -1.201704 0.000000
vt -0.959645 -0.035355 0.000000
vt -0.280000 -1.206699 0.000000
vt -0.970000 -0.043301 0.000000
vt -0.290355 -1.214645 0.000000
vt -0.982059 -0.048296 0.000000
vt -0.298301 -1.225000 0.000000
vt -0.995000 -0.050000 0.000000
vt -0.303296 -1.237059 0.000000
vt -1.007941 -0.048296 0.000000
vt -1.492059 -0.048296 0.000000
vt -1.480000 -0.043301 0.000000
vt -1.020000 -0.043301 0.000000
vt -1.469645 -0.035355 0.000000
vt -1.030355 -0.035355 0.000000
vt -1.461699 -0.025000 0.000000
vt -1.038301 -0.025000 0.000000
vt -1.456704 -0.012941 0.000000
vt -1.043296 -0.012941 0.000000
vt -1.455000 0.000000 0.000000
vt -1.045000 0.000000 0.000000
vt -1.456704 0.012941 0.000000
vt -1.043296 0.012941 0.000000
vt -1.461699 0.025000 0.000000
vt -1.038301 0.025000 0.000000
vt -1.469645 0.035355 0.000000
vt -1.030355 0.035355 0.000000
vt -1.480000 0.043301 0.000000
vt -1.020000 0.043301 0.000000
vt -1.492059 0.048296 0.000000
vt -1.007941 0.048296 0.000000
vt -0.303296 1.237059 0.000000
vt -0.995000 0.050000 0.000000
vt -0.298301 1.225000 0.000000
vt -0.982059 0.048296 0.000000
vt -0.290355 1.214645 0.000000
vt -0.970000 0.043301 0.000000
vt -0.280000 1.206699 0.000000
vt -0.959645 0.035355 0.000000
vt -0.267941 1.201704 0.000000
vt -0.951699 0.025000 0.000000
vt -0.255000 1.200000 0.000000
vt -0.946704 0.012941 0.000000
vt -0.242059 1.201704 0.000000
vt 0.946704 0.012941 0.000000
vt 0.242059 1.201704 0.000000
vt 0.255000 1.200000 0.000000
vt 0.951699 0.025000 0.000000
vt 0.267941 1.201704 0.000000
vt 0.959645 0.035355 0.000000
vt 0.280000 1.206699 0.000000
vt 0.970000 0.043301 0.000000
vt 0.290355 1.214645 0.000000
vt 0.982059 0.048296 0.000000
vt 0.298301 1.225000 0.000000
vt 0.995000 0.050000 0.000000
vt -0.945000 0.000000 0.000000
vt 0.945000 0.000000 0.000000
vt 1.540355 -0.035355 0.000000
vt 1.530000 -0.043301 0.000000
vt 1.517941 -0.048296 0.000000
vt 1.505000 -0.050000 0.000000
vt 1.505000 0.050000 0.000000
vt 1.517941 0.048296 0.000000
vt 1.530000 0.043301 0.000000
vt 1.540355 0.035355 0.000000
vt 1.548301 0.025000 0.000000
vt 1.553296 0.012941 0.000000
vt 0.305000 -1.250000 0.000000
vt 0.303296 -1.262941 0.000000
vt 0.298301 -1.275000 0.000000
vt 0.290355 -1.285355 0.000000
vt 0.280000 -1.293301 0.000000
vt 0.267941 -1.298296 0.000000
vt 0.255000 -1.300000 0.000000
vt -0.242059 -1.298296 0.000000
vt 0.242059 -1.298296 0.000000
vt -0.230000 -1.293301 0.000000
vt 0.230000 -1.293301 0.000000
vt -0.219645 -1.285355 0.000000
vt 0.219645 -1.285355 0.000000
vt -0.211699 -1.275000 0.000000
vt 0.211699 -1.275000 0.000000
vt -0.206704 -1.262941 0.000000
vt 0.206704 -1.262941 0.000000
vt -0.205000 -1.250000 0.000000
vt 0.205000 -1.250000 0.000000
vt -0.206704 -1.237059 0.000000
vt 0.206704 -1.237059 0.000000
vt -0.211699 -1.225000 0.000000
vt 0.211699 -1.225000 0.000000
vt -0.219645 -1.214645 0.000000
vt 0.219645 -1.214645 0.000000
vt -0.230000 -1.206699 0.000000
vt 0.230000 -1.206699 0.000000
vt -0.230000 1.206699 0.000000
vt 0.230000 1.206699 0.000000
vt -0.219645 1.214645 0.000000
vt 0.219645 1.214645 0.000000
vt -0.211699 1.225000 0.000000
vt 0.211699 1.225000 0.000000
vt -0.206704 1.237059 0.000000
vt 0.206704 1.237059 0.000000
vt -0.205000 1.250000 0.000000
vt 0.205000 1.250000 0.000000
vt -0.206704 1.262941 0.000000
vt 0.206704 1.262941 0.000000
vt -0.211699 1.275000 0.000000
vt 0.211699 1.275000 0.000000
vt -0.219645 1.285355 0.000000
vt 0.219645 1.285355 0.000000
vt -0.230000 1.293301 0.000000
vt 0.230000 1.293301 0.000000
vt -0.242059 1.298296 0.000000
vt 0.242059 1.298296 0.000000
vt -0.255000 1.300000 0.000000
vt -1.505000 -0.050000 0.000000
vt -1.517941 -0.048296 0.000000
vt -1.530000 -0.043301 0.000000
vt -1.540355 -0.035355 0.000000
vt -1.548301 -0.025000 0.000000
vt -1.553296 -0.012941 0.000000
vt -1.540355 0.035355 0.000000
vt -1.530000 0.043301 0.000000
vt -1.517941 0.048296 0.000000
vt -1.505000 0.050000 0.000000
vt -0.305000 1.250000 0.000000
vt -0.303296 1.262941 0.000000
vt -0.298301 1.275000 0.000000
vt -0.290355 1.285355 0.000000
vt -0.280000 1.293301 0.000000
vt -0.267941 1.298296 0.000000
vt -0.290355 -1.285355 0.000000
vt -0.298301 -1.275000 0.000000
vt -0.303296 -1.262941 0.000000
vt -0.305000 -1.250000 0.000000
vn -1.000000 0.000000 0.000000
vn -1.000000 0.000000 0.000000
vn -1.000000 0.000000 0.000000
vn -1.000000 0.000000 0.000000
vn 0.000000 1.000000 -0.000000
vn 0.000000 1.000000 -0.000000
vn 0.000000 1.000000 -0.000000
vn 0.000000 1.000000 -0.000000
vn 0.000000 -1.000000 0.000000
vn 0.000000 -1.000000 0.000000
vn 0.000000 -1.000000 0.000000
vn 0.000000 -1.000000 0.000000
vn 1.000000 0.000000 0.000000
vn 1.000000 0.000000 0.000000
vn 1.000000 0.000000 0.000000
vn 1.000000 0.000000 0.000000
vn -1.000000 0.000000 0.000000
vn -1.000000 0.000000 0.000000
vn -1.000000 0.000000 0.000000
vn -1.000000 0.000000 0.000000
vn 0.000000 1.000000 0.000000
vn 0.000000 1.000000 0.000000
vn 0.000000 1.000000 0.000000
vn 0.000000 1.000000 0.000000
vn 1.000000 0.000000 -0.000000
vn 1.000000 0.000000 -0.000000
vn 1.000000 0.000000 -0.000000
vn 1.000000 0.000000 -0.000000
vn 0.000000 -1.000000 0.000000
vn 0.000000 -1.000000 0.000000
vn 0.000000 -1.000000 0.000000
vn 0.000000 -1.000000 0.000000
vn 0.000000 0.000000 1.000000
vn 0.000000 0.000000 1.000000
vn 0.000000 0.000000 1.000000
vn 0.000000 0.000000 1.000000
vn 0.000000 0.000000 1.000000
vn 0.000000 0.000000 1.000000
vn 0.000000 0.000000 1.000000
vn 0.000000 0.000000 1.000000
vn 0.965926 0.258819 -0.000000
vn 0.965926 0.258819 -0.000000
vn 1.000000 0.000000 -0.000000
vn 1.000000 0.000000 -0.000000
vn 0.965926 -0.258819 0.000000
vn 0.965926 -0.258819 0.000000
vn 0.866025 -0.500000 0.000000
vn 0.866025 -0.500000 0.000000
vn 0.707107 -0.707107 0.000000
vn 0.707107 -0.707107 0.000000
vn 0.500000 -0.866025 0.000000
vn 0.500000 -0.866025 0.000000
vn 0.258819 -0.965926 0.000000
vn 0.258819 -0.965926 0.000000
vn -0.000000 -1.000000 0.000000
vn -0.000000 -1.000000 0.000000
vn -0.258819 -0.965926 0.000000
vn -0.258819 -0.965926 0.000000
vn -0.500000 -0.866025 0.000000
vn -0.500000 -0.866025 0.000000
vn -0.707107 -0.707107 0.000000
vn -0.707107 -0.707107 0.000000
vn -0.866025 -0.500000 0.000000
vn -0.866025 -0.500000 0.000000
vn -0.965926 -0.258819 0.000000
vn -0.965926 -0.258819 0.000000
vn -1.000000 0.000000 0.000000
vn -1.000000 0.000000 0.000000
vn -0.965926 0.258819 0.000000
vn -0.965926 0.258819 0.000000
vn -0.866025 0.500000 0.000000
vn -0.866025 0.500000 0.000000
vn -0.707107 0.707107 0.000000
vn -0.707107 0.707107 0.000000
vn -0.500000 0.866025 0.000000
vn -0.500000 0.866025 0.000000
vn -0.258819 0.965926 0.000000
vn -0.258819 0.965926 0.000000
vn -0.000000 1.000000 0.000000
vn -0.000000 1.000000 0.000000
vn 0.258819 0.965926 -0.000000
vn 0.258819 0.965926 -0.000000
vn 0.500000 0.866025 -0.000000
vn 0.500000 0.866025 -0.000000
vn 0.707107 0.707107 -0.000000
vn 0.707107 0.707107 -0.000000
vn 0.866025 0.500000 -0.000000
vn 0.866025 0.500000 -0.000000
vn 0.965926 0.258819 -0.000000
vn 0.965926 0.258819 -0.000000
vn 1.000000 0.000000 -0.000000
vn 1.000000 0.000000 -0.000000
vn 0.965926 -0.258819 0.000000
vn 0.965926 -0.258819 0.000000
vn 0.866025 -0.500000 0.000000
vn 0.866025 -0.500000 0.000000
vn 0.707107 -0.707107 0.000000
vn 0.707107 -0.707107 0.000000
vn 0.500000 -0.866025 0.000000
vn 0.500000 -0.866025 0.000000
vn 0.258819 -0.965926 0.000000
vn 0.258819 -0.965926 0.000000
vn -0.000000 -1.000000 0.000000
vn -0.000000 -1.000000 0.000000
vn -0.258819 -0.965926 0.000000
vn -0.258819 -0.965926 0.000000
vn -0.500000 -0.866025 0.000000
vn -0.500000 -0.866025 0.000000
vn -0.707107 -0.707107 0.000000
vn -0.707107 -0.707107 0.000000
vn -0.866025 -0.500000 0.000000
vn -0.866025 -0.500000 0.000000
vn -0.965926 -0.258819 0.000000
vn -0.965926 -0.258819 0.000000
vn -1.000000 0.000000 0.000000
vn -1.000000 0.000000 0.000000
vn -0.965926 0.258819 0.000000
vn -0.965926 0.258819 0.000000
vn -0.866025 0.500000 0.000000
vn -0.866025 0.500000 0.000000
vn -0.707107 0.707107 0.000000
vn -0.707107 0.707107 0.000000
vn -0.500000 0.866025 0.000000
vn -0.500000 0.866025 0.000000
vn -0.258819 0.965926 0.000000
vn -0.258819 0.965926 0.000000
vn -0.000000 1.000000 0.000000
vn -0.000000 1.000000 0.000000
vn 0.258819 0.965926 -0.000000
vn 0.258819 0.965926 -0.000000
vn 0.500000 0.866025 -0.000000
vn 0.500000 0.866025 -0.000000
vn 0.707107 0.707107 -0.000000
vn 0.707107 0.707107 -0.000000
vn 0.866025 0.500000 -0.000000
vn 0.866025 0.500000 -0.000000
vn 0.965926 0.258819 -0.000000
vn 0.965926 0.258819 -0.000000
vn 1.000000 0.000000 -0.000000
vn 1.000000 0.000000 -0.000000
vn 0.965926 -0.258819 0.000000
vn 0.965926 -0.258819 0.000000
vn 0.866025 -0.500000 0.000000
vn 0.866025 -0.500000 0.000000
vn 0.707107 -0.707107 0.000000
vn 0.707107 -0.707107 0.000000
vn 0.500000 -0.866025 0.000000
vn 0.500000 -0.866025 0.000000
vn 0.258819 -0.965926 0.000000
vn 0.258819 -0.965926 0.000000
vn -0.000000 -1.000000 0.000000
vn -0.000000 -1.000000 0.000000
vn -0.258819 -0.965926 0.000000
vn -0.258819 -0.965926 0.000000
vn -0.500000 -0.866025 0.000000
vn -0.500000 -0.866025 0.000000
vn -0.707107 -0.707107 0.000000
vn -0.707107 -0.707107 0.000000
vn -0.866025 -0.500000 0.000000
vn -0.866025 -0.500000 0.000000
vn -0.965926 -0.258819 0.000000
vn -0.965926 -0.258819 0.000000
vn -1.000000 0.000000 0.000000
vn -1.000000 0.000000 0.000000
vn -0.965926 0.258819 0.000000
vn -0.965926 0.258819 0.000000
vn -0.866025 0.500000 0.000000
vn -0.866025 0.500000 0.000000
vn -0.707107 0.707107 0.000000
vn -0.707107 0.707107 0.000000
vn -0.500000 0.866025 0.000000
vn -0.500000 0.866025 0.000000
vn -0.258819 0.965926 0.000000
vn -0.258819 0.965926 0.000000
vn -0.000000 1.000000 0.000000
vn -0.000000 1.000000 0.000000
vn 0.258819 0.965926 -0.000000
vn 0.258819 0.965926 -0.000000
vn 0.500000 0.866025 -0.000000
vn 0.500000 0.866025 -0.000000
vn 0.707107 0.707107 -0.000000
vn 0.707107 0.707107 -0.000000
vn 0.866025 0.500000 -0.000000
vn 0.866025 0.500000 -0.000000
vn 0.965926 0.258819 -0.000000
vn 0.965926 0.258819 -0.000000
vn 1.000000 0.000000 -0.000000
vn 1.000000 0.000000 -0.000000
vn 0.965926 -0.258819 0.000000
vn 0.965926 -0.258819 0.000000
vn 0.866025 -0.500000 0.000000
vn 0.866025 -0.500000 0.000000
vn 0.707107 -0.707107 0.000000
vn 0.707107 -0.707107 0.000000
vn 0.500000 -0.866025 0.000000
vn 0.500000 -0.866025 0.000000
vn 0.258819 -0.965926 0.000000
vn 0.258819 -0.965926 0.000000
vn -0.000000 -1.000000 0.000000
vn -0.000000 -1.000000 0.000000
vn -0.258819 -0.965926 0.000000
vn -0.258819 -0.965926 0.000000
vn -0.500000 -0.866025 0.000000
vn -0.500000 -0.866025 0.000000
vn -0.707107 -0.707107 0.000000
vn -0.707107 -0.707107 0.000000
vn -0.866025 -0.500000 0.000000
vn -0.866025 -0.500000 0.000000
vn -0.965926 -0.258819 0.000000
vn -0.965926 -0.258819 0.000000
vn -1.000000 0.000000 0.000000
vn -1.000000 0.000000 0.000000
vn -0.965926 0.258819 0.000000
vn -0.965926 0.258819 0.000000
vn -0.866025 0.500000 0.000000
vn -0.866025 0.500000 0.000000
vn -0.707107 0.707107 0.000000
vn -0.707107 0.707107 0.000000
vn -0.500000 0.866025 0.000000
vn -0.500000 0.866025 0.000000
vn -0.258819 0.965926 0.000000
vn -0.258819 0.965926 0.000000
vn -0.000000 1.000000 0.000000
vn -0.000000 1.000000 0.000000
vn 0.258819 0.965926 -0.000000
vn 0.258819 0.965926 -0.000000
vn 0.500000 0.866025 -0.000000
vn 0.500000 0.866025 -0.000000
vn 0.707107 0.707107 -0.000000
vn 0.707107 0.707107 -0.000000
vn 0.866025 0.500000 -0.000000
vn 0.866025 0.500000 -0.000000
vn 0.965926 0.258819 -0.000000
vn 0.965926 0.258819 -0.000000
vn 1.000000 0.000000 -0.000000
vn 1.000000 0.000000 -0.000000
vn 0.965926 -0.258819 0.000000
vn 0.965926 -0.258819 0.000000
vn 0.866025 -0.500000 0.000000
vn 0.866025 -0.500000 0.000000
vn 0.707107 -0.707107 0.000000
vn 0.707107 -0.707107 0.000000
vn 0.500000 -0.866025 0.000000
vn 0.500000 -0.866025 0.000000
vn 0.258819 -0.965926 0.000000
vn 0.258819 -0.965926 0.000000
vn -0.000000 -1.000000 0.000000
vn -0.000000 -1.000000 0.000000
vn -0.258819 -0.965926 0.000000
vn -0.258819 -0.965926 0.000000
vn -0.500000 -0.866025 0.000000
vn -0.500000 -0.866025 0.000000
vn -0.707107 -0.707107 0.000000
vn -0.707107 -0.707107 0.000000
vn -0.866025 -0.500000 0.000000
vn -0.866025 -0.500000 0.000000
vn -0.965926 -0.258819 0.000000
vn -0.965926 -0.258819 0.000000
vn -1.000000 0.000000 0.000000
vn -1.000000 0.000000 0.000000
vn -0.965926 0.258819 0.000000
vn -0.965926 0.258819 0.000000
vn -0.866025 0.500000 0.000000
vn -0.866025 0.500000 0.000000
vn -0.707107 0.707107 0.000000
vn -0.707107 0.707107 0.000000
vn -0.500000 0.866025 0.000000
vn -0.500000 0.866025 0.000000
vn -0.258819 0.965926 0.000000
vn -0.258819 0.965926 0.000000
vn -0.000000 1.000000 0.000000
vn -0.000000 1.000000 0.000000
vn 0.258819 0.965926 -0.000000
vn 0.258819 0.965926 -0.000000
vn 0.500000 0.866025 -0.000000
vn 0.500000 0.866025 -0.000000
vn 0.707107 0.707107 -0.000000
vn 0.707107 0.707107 -0.000000
vn 0.866025 0.500000 -0.000000
vn 0.866025 0.500000 -0.000000
vn 0.965926 0.258819 -0.000000
vn 0.965926 0.258819 -0.000000
vn 1.000000 0.000000 -0.000000
vn 1.000000 0.000000 -0.000000
vn 0.965926 -0.258819 0.000000
vn 0.965926 -0.258819 0.000000
vn 0.866025 -0.500000 0.000000
vn 0.866025 -0.500000 0.000000
vn 0.707107 -0.707107 0.000000
vn 0.707107 -0.707107 0.000000
vn 0.500000 -0.866025 0.000000
vn 0.500000 -0.866025 0.000000
vn 0.258819 -0.965926 0.000000
vn 0.258819 -0.965926 0.000000
vn -0.000000 -1.000000 0.000000
vn -0.000000 -1.000000 0.000000
vn -0.258819 -0.965926 0.000000
vn -0.258819 -0.965926 0.000000
vn -0.500000 -0.866025 0.000000
vn -0.500000 -0.866025 0.000000
vn -0.707107 -0.707107 0.000000
vn -0.707107 -0.707107 0.000000
vn -0.866025 -0.500000 0.000000
vn -0.866025 -0.500000 0.000000
vn -0.965926 -0.258819 0.000000
vn -0.965926 -0.258819 0.000000
vn -1.000000 0.000000 0.000000
vn -1.000000 0.000000 0.000000
vn -0.965926 0.258819 0.000000
vn -0.965926 0.258819 0.000000
vn -0.866025 0.500000 0.000000
vn -0.866025 0.500000 0.000000
vn -0.707107 0.707107 0.000000
vn -0.707107 0.707107 0.000000
vn -0.500000 0.866025 0.000000
vn -0.500000 0.866025 0.000000
vn -0.258819 0.965926 0.000000
vn -0.258819 0.965926 0.000000
vn -0.000000 1.000000 0.000000
vn -0.000000 1.000000 0.000000
vn 0.258819 0.965926 -0.000000
vn 0.258819 0.965926 -0.000000
vn 0.500000 0.866025 -0.000000
vn 0.500000 0.866025 -0.000000
vn 0.707107 0.707107 -0.000000
vn 0.707107 0.707107 -0.000000
vn 0.866025 0.500000 -0.000000
vn 0.866025 0.500000 -0.000000
vn 0.965926 0.258819 -0.000000
vn 0.965926 0.258819 -0.000000
vn 1.000000 0.000000 -0.000000
vn 1.000000 0.000000 -0.000000
vn 0.965926 -0.258819 0.000000
vn 0.965926 -0.258819 0.000000
vn 0.866025 -0.500000 0.000000
vn 0.866025 -0.500000 0.000000
vn 0.707107 -0.707107 0.000000
vn 0.707107 -0.707107 0.000000
vn 0.500000 -0.866025 0.000000
vn 0.500000 -0.866025 0.000000
vn 0.258819 -0.965926 0.000000
vn 0.258819 -0.965926 0.000000
vn -0.000000 -1.000000 0.000000
vn -0.000000 -1.000000 0.000000
vn -0.258819 -0.965926 0.000000
vn -0.258819 -0.965926 0.000000
vn -0.500000 -0.866025 0.000000
vn -0.500000 -0.866025 0.000000
vn -0.707107 -0.707107 0.000000
vn -0.707107 -0.707107 0.000000
vn -0.866025 -0.500000 0.000000
vn -0.866025 -0.500000 0.000000
vn -0.965926 -0.258819 0.000000
vn -0.965926 -0.258819 0.000000
vn -1.000000 0.000000 0.000000
vn -1.000000 0.000000 0.000000
vn -0.965926 0.258819 0.000000
vn -0.965926 0.258819 0.000000
vn -0.866025 0.500000 0.000000
vn -0.866025 0.500000 0.000000
vn -0.707107 0.707107 0.000000
vn -0.707107 0.707107 0.000000
vn -0.500000 0.866025 0.000000
vn -0.500000 0.866025 0.000000
vn -0.258819 0.965926 0.000000
vn -0.258819 0.965926 0.000000
vn -0.000000 1.000000 0.000000
vn -0.000000 1.000000 0.000000
vn 0.258819 0.965926 -0.000000
vn 0.258819 0.965926 -0.000000
vn 0.500000 0.866025 -0.000000
vn 0.500000 0.866025 -0.000000
vn 0.707107 0.707107 -0.000000
vn 0.707107 0.707107 -0.000000
vn 0.866025 0.500000 -0.000000
vn 0.866025 0.500000 -0.000000
vn 0.965926 0.258819 -0.000000
vn 0.965926 0.258819 -0.000000
vn 1.000000 0.000000 -0.000000
vn 1.000000 0.000000 -0.000000
vn 0.965926 -0.258819 0.000000
vn 0.965926 -0.258819 0.000000
vn 0.866025 -0.500000 0.000000
vn 0.866025 -0.500000 0.000000
vn 0.707107 -0.707107 0.000000
vn 0.707107 -0.707107 0.000000
vn 0.500000 -0.866025 0.000000
vn 0.500000 -0.866025 0.000000
vn 0.258819 -0.965926 0.000000
vn 0.258819 -0.965926 0.000000
vn -0.000000 -1.000000 0.000000
vn -0.000000 -1.000000 0.000000
vn -0.258819 -0.965926 0.000000
vn -0.258819 -0.965926 0.000000
vn -0.500000 -0.866025 0.000000
vn -0.500000 -0.866025 0.000000
vn -0.707107 -0.707107 0.000000
vn -0.707107 -0.707107 0.000000
vn -0.866025 -0.500000 0.000000
vn -0.866025 -0.500000 0.000000
vn -0.965926 -0.258819 0.000000
vn -0.965926 -0.258819 0.000000
vn -1.000000 0.000000 0.000000
vn -1.000000 0.000000 0.000000
vn -0.965926 0.258819 0.000000
vn -0.965926 0.258819 0.000000
vn -0.866025 0.500000 0.000000
vn -0.866025 0.500000 0.000000
vn -0.707107 0.707107 0.000000
vn -0.707107 0.707107 0.000000
vn -0.500000 0.866025 0.000000
vn -0.500000 0.866025 0.000000
vn -0.258819 0.965926 0.000000
vn -0.258819 0.965926 0.000000
vn -0.000000 1.000000 0.000000
vn -0.000000 1.000000 0.000000
vn 0.258819 0.965926 -0.000000
vn 0.258819 0.965926 -0.000000
vn 0.500000 0.866025 -0.000000
vn 0.500000 0.866025 -0.000000
vn 0.707107 0.707107 -0.000000
vn 0.707107 0.707107 -0.000000
vn 0.866025 0.500000 -0.000000
vn 0.866025 0.500000 -0.000000
vn 0.000000 0.000000 1.000000
vn 0.000000 0.000000 1.000000
vn 0.000000 0.000000 1.000000
vn 0.000000 0.000000 1.000000
vn 0.000000 0.000000 1.000000
vn 0.000000 0.000000 1.000000
vn 0.000000 0.000000 1.000000
vn 0.000000 0.000000 1.000000
vn 0.000000 0.000000 1.000000
vn 0.000000 0.000000 1.000000
vn 0.000000 0.000000 1.000000
vn 0.000000 0.000000 1.000000
vn 0.000000 0.000000 1.000000
vn 0.000000 0.000000 1.000000
vn 0.000000 0.000000 1.000000
vn 0.000000 0.000000 1.000000
vn 0.000000 0.000000 1.000000
vn 0.000000 0.000000 1.000000
vn 0.000000 0.000000 1.000000
vn 0.000000 0.000000 1.000000
vn 0.000000 0.000000 1.000000
vn 0.000000 0.000000 1.000000
vn 0.000000 0.000000 1.000000
vn 0.000000 0.000000 1.000000
vn 0.000000 0.000000 1.000000
vn 0.000000 0.000000 1.000000
vn 0.000000 0.000000 1.000000
vn 0.000000 0.000000 1.000000
vn 0.000000 0.000000 1.000000
vn 0.000000 0.000000 1.000000
vn 0.000000 0.000000 1.000000
vn 0.000000 0.000000 1.000000
vn 0.000000 0.000000 1.000000
vn 0.000000 0.000000 1.000000
vn 0.000000 0.000000 1.000000
vn 0.000000 0.000000 1.000000
vn 0.000000 0.000000 1.000000
vn 0.000000 0.000000 1.000000
vn 0.000000 0.000000 1.000000
vn 0.000000 0.000000 1.000000
vn 0.000000 0.000000 1.000000
vn 0.000000 0.000000 1.000000
vn 0.000000 0.000000 1.000000
vn 0.000000 0.000000 1.000000
vn 0.000000 0.000000 1.000000
vn 0.000000 0.000000 1.000000
vn 0.000000 0.000000 1.000000
vn 0.000000 0.000000 1.000000
vn 0.000000 0.000000 1.000000
vn 0.000000 0.000000 1.000000
vn 0.000000 0.000000 1.000000
vn 0.000000 0.000000 1.000000
vn 0.000000 0.000000 1.000000
vn 0.000000 0.000000 1.000000
vn 0.000000 0.000000 1.000000
vn 0.000000 0.000000 1.000000
vn 0.000000 0.000000 1.000000
vn 0.000000 0.000000 1.000000
vn 0.000000 0.000000 1.000000
vn 0.000000 0.000000 1.000000
vn 0.000000 0.000000 1.000000
vn 0.000000 0.000000 1.000000
vn 0.000000 0.000000 1.000000
vn 0.000000 0.000000 1.000000
vn 0.000000 0.000000 1.000000
vn 0.000000 0.000000 1.000000
vn 0.000000 0.000000 1.000000
vn 0.000000 0.000000 1.000000
vn 0.000000 0.000000 1.000000
vn 0.000000 0.000000 1.000000
vn 0.000000 0.000000 1.000000
vn 0.000000 0.000000 1.000000
vn 0.000000 0.000000 1.000000
vn 0.000000 0.000000 1.000000
vn 0.000000 0.000000 1.000000
vn 0.000000 0.000000 1.000000
vn 0.000000 0.000000 1.000000
vn 0.000000 0.000000 1.000000
vn 0.000000 0.000000 1.000000
vn 0.000000 0.000000 1.000000
vn 0.000000 0.000000 1.000000
vn 0.000000 0.000000 1.000000
vn 0.000000 0.000000 1.000000
vn 0.000000 0.000000 1.000000
vn 0.000000 0.000000 1.000000
vn 0.000000 0.000000 1.000000
vn 0.000000 0.000000 1.000000
vn 0.000000 0.000000 1.000000
vn 0.000000 0.000000 1.000000
vn 0.000000 0.000000 1.000000
vn 0.000000 0.000000 1.000000
vn 0.000000 0.000000 1.000000
vn 0.000000 0.000000 1.000000
vn 0.000000 0.000000 1.000000
vn 0.000000 0.000000 1.000000
vn 0.000000 0.000000 1.000000
vn 0.000000 0.000000 1.000000
vn 0.000000 0.000000 1.000000
vn 0.000000 0.000000 1.000000
vn 0.000000 0.000000 1.000000
vn 0.000000 0.000000 1.000000
vn 0.000000 0.000000 1.000000
vn 0.000000 0.000000 1.000000
vn 0.000000 0.000000 1.000000
vn 0.000000 0.000000 1.000000
vn 0.000000 0.000000 1.000000
vn 0.000000 0.000000 1.000000
vn 0.000000 0.000000 1.000000
vn 0.000000 0.000000 1.000000
vn 0.000000 0.000000 1.000000
vn 0.000000 0.000000 1.000000
vn 0.000000 0.000000 1.000000
vn 0.000000 0.000000 1.000000
vn 0.000000 0.000000 1.000000
vn 0.000000 0.000000 1.000000
vn 0.000000 0.000000 1.000000
vn 0.000000 0.000000 1.000000
vn 0.000000 0.000000 1.000000
vn 0.000000 0.000000 1.000000
vn 0.000000 0.000000 1.000000
vn 0.000000 0.000000 1.000000
vn 0.000000 0.000000 1.000000
vn 0.000000 0.000000 1.000000
vn 0.000000 0.000000 1.000000
vn 0.000000 0.000000 1.000000
vn 0.000000 0.000000 1.000000
vn 0.000000 0.000000 1.000000
vn 0.000000 0.000000 1.000000
vn 0.000000 0.000000 1.000000
vn 0.000000 0.000000 1.000000
vn 0.000000 0.000000 1.000000
vn 0.000000 0.000000 1.000000
vn 0.000000 0.000000 1.000000
vn 0.000000 0.000000 1.000000
vn 0.000000 0.000000 1.000000
vn 0.000000 0.000000 1.000000
vn 0.000000 0.000000 1.000000
vn 0.000000 0.000000 1.000000
vn 0.000000 0.000000 1.000000
vn 0.000000 0.000000 1.000000
vn 0.000000 0.000000 1.000000
vn 0.000000 0.000000 1.000000
vn 0.000000 0.000000 1.000000
vn 0.000000 0.000000 1.000000
vn 0.000000 0.000000 1.000000
vn 0.000000 0.000000 1.000000
vn 0.000000 0.000000 1.000000
vn 0.000000 0.000000 1.000000
vn 0.000000 0.000000 1.000000
vn 0.000000 0.000000 1.000000
vn 0.000000 0.000000 1.000000
vn 0.000000 0.000000 1.000000
vn 0.000000 0.000000 1.000000
vn 0.000000 0.000000 1.000000
vn 0.000000 0.000000 1.000000
vn 0.000000 0.000000 1.000000
vn 0.000000 0.000000 1.000000
vn 0.000000 0.000000 1.000000
vn 0.000000 0.000000 1.000000
vn 0.000000 0.000000 1.000000
vn 0.000000 0.000000 1.000000
vn 0.000000 0.000000 1.000000
vn 0.000000 0.000000 1.000000
vn 0.000000 0.000000 1.000000
vn 0.000000 0.000000 1.000000
vn 0.000000 0.000000 1.000000
vn 0.000000 0.000000 1.000000
vn 0.000000 0.000000 1.000000
vn 0.000000 0.000000 1.000000
vn 0.000000 0.000000 1.000000
vn 0.000000 0.000000 1.000000
vn 0.000000 0.000000 1.000000
vn 0.000000 0.000000 1.000000
vn 0.000000 0.000000 1.000000
vn 0.000000 0.000000 1.000000
vn 0.000000 0.000000 1.000000
vn 0.000000 0.000000 1.000000
vn 0.000000 0.000000 1.000000
vn 0.000000 0.000000 1.000000
vn 0.000000 0.000000 1.000000
vn 0.000000 0.000000 1.000000
vn 0.000000 0.000000 1.000000
vn 0.000000 0.000000 1.000000
vn 0.000000 0.000000 1.000000
vn 0.000000 0.000000 1.000000
vn 0.000000 0.000000 1.000000
vn 0.000000 0.000000 1.000000
vn 0.000000 0.000000 1.000000
vn 0.000000 0.000000 1.000000
vn 0.000000 0.000000 1.000000
vn 0.000000 0.000000 1.000000
vn 0.000000 0.000000 1.000000
vn 0.000000 0.000000 1.000000
vn 0.000000 0.000000 1.000000
vn 0.000000 0.000000 1.000000
vn 0.000000 0.000000 1.000000
vn -0.000000 0.000000 -1.000000
vn -0.000000 0.000000 -1.000000
vn -0.000000 0.000000 -1.000000
vn -0.000000 0.000000 -1.000000
vn -0.000000 0.000000 -1.000000
vn -0.000000 0.000000 -1.000000
vn -0.000000 0.000000 -1.000000
vn -0.000000 0.000000 -1.000000
vn -0.000000 0.000000 -1.000000
vn -0.000000 0.000000 -1.000000
vn -0.000000 0.000000 -1.000000
vn -0.000000 0.000000 -1.000000
vn -0.000000 0.000000 -1.000000
vn -0.000000 0.000000 -1.000000
vn -0.000000 0.000000 -1.000000
vn -0.000000 0.000000 -1.000000
vn -0.000000 0.000000 -1.000000
vn -0.000000 0.000000 -1.000000
vn -0.000000 0.000000 -1.000000
vn -0.000000 0.000000 -1.000000
vn -0.000000 0.000000 -1.000000
vn -0.000000 0.000000 -1.000000
vn -0.000000 0.000000 -1.000000
vn -0.000000 0.000000 -1.000000
vn -0.000000 0.000000 -1.000000
vn -0.000000 0.000000 -1.000000
vn -0.000000 0.000000 -1.000000
vn -0.000000 0.000000 -1.000000
vn -0.000000 0.000000 -1.000000
vn -0.000000 0.000000 -1.000000
vn -0.000000 0.000000 -1.000000
vn -0.000000 0.000000 -1.000000
vn -0.000000 0.000000 -1.000000
vn -0.000000 0.000000 -1.000000
vn -0.000000 0.000000 -1.000000
vn -0.000000 0.000000 -1.000000
vn -0.000000 0.000000 -1.000000
vn -0.000000 0.000000 -1.000000
vn -0.000000 0.000000 -1.000000
vn -0.000000 0.000000 -1.000000
vn -0.000000 0.000000 -1.000000
vn -0.000000 0.000000 -1.000000
vn -0.000000 0.000000 -1.000000
vn -0.000000 0.000000 -1.000000
vn -0.000000 0.000000 -1.000000
vn -0.000000 0.000000 -1.000000
vn -0.000000 0.000000 -1.000000
vn -0.000000 0.000000 -1.000000
vn -0.000000 0.000000 -1.000000
vn -0.000000 0.000000 -1.000000
vn -0.000000 0.000000 -1.000000
vn -0.000000 0.000000 -1.000000
vn -0.000000 0.000000 -1.000000
vn -0.000000 0.000000 -1.000000
vn -0.000000 0.000000 -1.000000
vn -0.000000 0.000000 -1.000000
vn -0.000000 0.000000 -1.000000
vn -0.000000 0.000000 -1.000000
vn -0.000000 0.000000 -1.000000
vn -0.000000 0.000000 -1.000000
vn -0.000000 0.000000 -1.000000
vn -0.000000 0.000000 -1.000000
vn -0.000000 0.000000 -1.000000
vn -0.000000 0.000000 -1.000000
vn -0.000000 0.000000 -1.000000
vn -0.000000 0.000000 -1.000000
vn -0.000000 0.000000 -1.000000
vn -0.000000 0.000000 -1.000000
vn -0.000000 0.000000 -1.000000
vn -0.000000 0.000000 -1.000000
vn -0.000000 0.000000 -1.000000
vn -0.000000 0.000000 -1.000000
vn -0.000000 0.000000 -1.000000
vn -0.000000 0.000000 -1.000000
vn -0.000000 0.000000 -1.000000
vn -0.000000 0.000000 -1.000000
vn -0.000000 0.000000 -1.000000
vn -0.000000 0.000000 -1.000000
vn -0.000000 0.000000 -1.000000
vn -0.000000 0.000000 -1.000000
vn -0.000000 0.000000 -1.000000
vn -0.000000 0.000000 -1.000000
vn -0.000000 0.000000 -1.000000
vn -0.000000 0.000000 -1.000000
vn -0.000000 0.000000 -1.000000
vn -0.000000 0.000000 -1.000000
vn -0.000000 0.000000 -1.000000
vn -0.000000 0.000000 -1.000000
vn -0.000000 0.000000 -1.000000
vn -0.000000 0.000000 -1.000000
vn -0.000000 0.000000 -1.000000
vn -0.000000 0.000000 -1.000000
vn -0.000000 0.000000 -1.000000
vn -0.000000 0.000000 -1.000000
vn -0.000000 0.000000 -1.000000
vn -0.000000 0.000000 -1.000000
vn -0.000000 0.000000 -1.000000
vn -0.000000 0.000000 -1.000000
vn -0.000000 0.000000 -1.000000
vn -0.000000 0.000000 -1.000000
vn -0.000000 0.000000 -1.000000
vn -0.000000 0.000000 -1.000000
vn -0.000000 0.000000 -1.000000
vn -0.000000 0.000000 -1.000000
vn -0.000000 0.000000 -1.000000
vn -0.000000 0.000000 -1.000000
vn -0.000000 0.000000 -1.000000
vn -0.000000 0.000000 -1.000000
vn -0.000000 0.000000 -1.000000
vn -0.000000 0.000000 -1.000000
vn -0.000000 0.000000 -1.000000
vn -0.000000 0.000000 -1.000000
vn -0.000000 0.000000 -1.000000
vn -0.000000 0.000000 -1.000000
vn -0.000000 0.000000 -1.000000
vn -0.000000 0.000000 -1.000000
vn -0.000000 0.000000 -1.000000
vn -0.000000 0.000000 -1.000000
vn -0.000000 0.000000 -1.000000
vn -0.000000 0.000000 -1.000000
vn -0.000000 0.000000 -1.000000
vn -0.000000 0.000000 -1.000000
vn -0.000000 0.000000 -1.000000
vn -0.000000 0.000000 -1.000000
vn -0.000000 0.000000 -1.000000
vn -0.000000 0.000000 -1.000000
vn -0.000000 0.000000 -1.000000
vn -0.000000 0.000000 -1.000000
vn -0.000000 0.000000 -1.000000
vn -0.000000 0.000000 -1.000000
vn -0.000000 0.000000 -1.000000
vn -0.000000 0.000000 -1.000000
vn -0.000000 0.000000 -1.000000
vn -0.000000 0.000000 -1.000000
vn -0.000000 0.000000 -1.000000
vn -0.000000 0.000000 -1.000000
vn -0.000000 0.000000 -1.000000
vn -0.000000 0.000000 -1.000000
vn -0.000000 0.000000 -1.000000
vn -0.000000 0.000000 -1.000000
vn -0.000000 0.000000 -1.000000
vn -0.000000 0.000000 -1.000000
vn -0.000000 0.000000 -1.000000
vn -0.000000 0.000000 -1.000000
vn -0.000000 0.000000 -1.000000
vn -0.000000 0.000000 -1.000000
vn -0.000000 0.000000 -1.000000
vn -0.000000 0.000000 -1.000000
vn -0.000000 0.000000 -1.000000
vn -0.000000 0.000000 -1.000000
vn -0.000000 0.000000 -1.000000
vn -0.000000 0.000000 -1.000000
vn -0.000000 0.000000 -1.000000
vn -0.000000 0.000000 -1.000000
vn -0.000000 0.000000 -1.000000
vn -0.000000 0.000000 -1.000000
vn -0.000000 0.000000 -1.000000
vn -0.000000 0.000000 -1.000000
vn -0.000000 0.000000 -1.000000
vn -0.000000 0.000000 -1.000000
vn -0.000000 0.000000 -1.000000
vn -0.000000 0.000000 -1.000000
vn -0.000000 0.000000 -1.000000
vn -0.000000 0.000000 -1.000000
vn -0.000000 0.000000 -1.000000
vn -0.000000 0.000000 -1.000000
vn -0.000000 0.000000 -1.000000
vn -0.000000 0.000000 -1.000000
vn -0.000000 0.000000 -1.000000
vn -0.000000 0.000000 -1.000000
vn -0.000000 0.000000 -1.000000
vn -0.000000 0.000000 -1.000000
vn -0.000000 0.000000 -1.000000
vn -0.000000 0.000000 -1.000000
vn -0.000000 0.000000 -1.000000
vn -0.000000 0.000000 -1.000000
vn -0.000000 0.000000 -1.000000
vn -0.000000 0.000000 -1.000000
vn -0.000000 0.000000 -1.000000
vn -0.000000 0.000000 -1.000000
vn -0.000000 0.000000 -1.000000
vn -0.000000 0.000000 -1.000000
vn -0.000000 0.000000 -1.000000
vn -0.000000 0.000000 -1.000000
vn -0.000000 0.000000 -1.000000
vn -0.000000 0.000000 -1.000000
vn -0.000000 0.000000 -1.000000
vn -0.000000 0.000000 -1.000000
vn -0.000000 0.000000 -1.000000
vn -0.000000 0.000000 -1.000000
vn -0.000000 0.000000 -1.000000
vn -0.000000 0.000000 -1.000000
vn -0.000000 0.000000 -1.000000
vn -0.000000 0.000000 -1.000000
vn -0.000000 0.000000 -1.000000
vn -0.000000 0.000000 -1.000000
usemtl Steel_-_Satin
f 1/1/1 2/2/2 4/3/3
f 4/3/3 2/2/2 3/4/4
f 2/5/5 5/6/6 3/7/7
f 3/7/7 5/6/6 6/8/8
f 7/9/9 1/10/10 8/11/11
f 8/11/11 1/10/10 4/12/12
f 5/13/13 7/14/14 6/15/15
f 6/15/15 7/14/14 8/16/16
f 9/17/17 10/18/18 12/19/19
f 12/19/19 10/18/18 11/20/20
f 13/21/21 9/22/22 14/23/23
f 14/23/23 9/22/22 12/24/24
f 15/25/25 13/26/26 16/27/27
f 16/27/27 13/26/26 14/28/28
f 10/29/29 15/30/30 11/31/31
f 11/31/31 15/30/30 16/32/32
f 4/33/33 3/34/34 16/35/35
f 16/35/35 3/34/34 6/36/36
f 16/35/35 6/36/36 11/37/37
f 11/37/37 6/36/36 8/38/38
f 11/37/37 8/38/38 12/39/39
f 12/39/39 8/38/38 4/33/33
f 12/39/39 4/33/33 14/40/40
f 14/40/40 4/33/33 16/35/35
f 18/41/41 64/42/42 17/43/43
f 17/43/43 64/42/42 41/44/44
f 17/45/43 41/46/44 40/47/45
f 40/47/45 41/46/44 42/48/46
f 40/47/45 42/48/46 39/49/47
f 39/49/47 42/48/46 43/50/48
f 39/49/47 43/50/48 38/51/49
f 38/51/49 43/50/48 44/52/50
f 38/51/49 44/52/50 37/53/51
f 37/53/51 44/52/50 45/54/52
f 37/53/51 45/54/52 36/55/53
f 36/55/53 45/54/52 46/56/54
f 36/55/53 46/56/54 35/57/55
f 35/57/55 46/56/54 47/58/56
f 35/57/55 47/58/56 34/59/57
f 34/59/57 47/58/56 48/60/58
f 34/59/57 48/60/58 33/61/59
f 33/61/59 48/60/58 49/62/60
f 33/61/59 49/62/60 32/63/61
f 32/63/61 49/62/60 50/64/62
f 32/63/61 50/64/62 31/65/63
f 31/65/63 50/64/62 51/66/64
f 31/65/63 51/66/64 30/67/65
f 30/67/65 51/66/64 52/68/66
f 30/67/65 52/68/66 29/69/67
f 29/69/67 52/68/66 53/70/68
f 29/69/67 53/70/68 28/71/69
f 28/71/69 53/70/68 54/72/70
f 28/71/69 54/72/70 27/73/71
f 27/73/71 54/72/70 55/74/72
f 27/73/71 55/74/72 26/75/73
f 26/75/73 55/74/72 56/76/74
f 26/75/73 56/76/74 25/77/75
f 25/77/75 56/76/74 57/78/76
f 25/77/75 57/78/76 24/79/77
f 24/79/77 57/78/76 58/80/78
f 24/79/77 58/80/78 23/81/79
f 23/81/79 58/80/78 59/82/80
f 23/81/79 59/82/80 22/83/81
f 22/83/81 59/82/80 60/84/82
f 22/83/81 60/84/82 21/85/83
f 21/85/83 60/84/82 61/86/84
f 21/85/83 61/86/84 20/87/85
f 20/87/85 61/86/84 62/88/86
f 20/87/85 62/88/86 19/89/87
f 19/89/87 62/88/86 63/90/88
f 19/89/87 63/90/88 18/41/41
f 18/41/41 63/90/88 64/42/42
f 66/91/89 112/92/90 65/93/91
f 65/93/91 112/92/90 89/94/92
f 65/95/91 89/96/92 88/97/93
f 88/97/93 89/96/92 90/98/94
f 88/97/93 90/98/94 87/99/95
f 87/99/95 90/98/94 91/100/96
f 87/99/95 91/100/96 86/101/97
f 86/101/97 91/100/96 92/102/98
f 86/101/97 92/102/98 85/103/99
f 85/103/99 92/102/98 93/104/100
f 85/103/99 93/104/100 84/105/101
f 84/105/101 93/104/100 94/106/102
f 84/105/101 94/106/102 83/107/103
f 83/107/103 94/106/102 95/108/104
f 83/107/103 95/108/104 82/109/105
f 82/109/105 95/108/104 96/110/106
f 82/109/105 96/110/106 81/111/107
f 81/111/107 96/110/106 97/112/108
f 81/111/107 97/112/108 80/113/109
f 80/113/109 97/112/108 98/114/110
f 80/113/109 98/114/110 79/115/111
f 79/115/111 98/114/110 99/116/112
f 79/115/111 99/116/112 78/117/113
f 78/117/113 99/116/112 100/118/114
f 78/117/113 100/118/114 77/119/115
f 77/119/115 100/118/114 101/120/116
f 77/119/115 101/120/116 76/121/117
f 76/121/117 101/120/116 102/122/118
f 76/121/117 102/122/118 75/123/119
f 75/123/119 102/122/118 103/124/120
f 75/123/119 103/124/120 74/125/121
f 74/125/121 103/124/120 104/126/122
f 74/125/121 104/126/122 73/127/123
f 73/127/123 104/126/122 105/128/124
f 73/127/123 105/128/124 72/129/125
f 72/129/125 105/128/124 106/130/126
f 72/129/125 106/130/126 71/131/127
f 71/131/127 106/130/126 107/132/128
f 71/131/127 107/132/128 70/133/129
f 70/133/129 107/132/128 108/134/130
f 70/133/129 108/134/130 69/135/131
f 69/135/131 108/134/130 109/136/132
f 69/135/131 109/136/132 68/137/133
f 68/137/133 109/136/132 110/138/134
f 68/137/133 110/138/134 67/139/135
f 67/139/135 110/138/134 111/140/136
f 67/139/135 111/140/136 66/91/89
f 66/91/89 111/140/136 112/92/90
f 114/141/137 160/142/138 113/143/139
f 113/143/139 160/142/138 137/144/140
f 113/145/139 137/146/140 136/147/141
f 136/147/141 137/146/140 138/148/142
f 136/147/141 138/148/142 135/149/143
f 135/149/143 138/148/142 139/150/144
f 135/149/143 139/150/144 134/151/145
f 134/151/145 139/150/144 140/152/146
f 134/151/145 140/152/146 133/153/147
f 133/153/147 140/152/146 141/154/148
f 133/153/147 141/154/148 132/155/149
f 132/155/149 141/154/148 142/156/150
f 132/155/149 142/156/150 131/157/151
f 131/157/151 142/156/150 143/158/152
f 131/157/151 143/158/152 130/159/153
f 130/159/153 143/158/152 144/160/154
f 130/159/153 144/160/154 129/161/155
f 129/161/155 144/160/154 145/162/156
f 129/161/155 145/162/156 128/163/157
f 128/163/157 145/162/156 146/164/158
f 128/163/157 146/164/158 127/165/159
f 127/165/159 146/164/158 147/166/160
f 127/165/159 147/166/160 126/167/161
f 126/167/161 147/166/160 148/168/162
f 126/167/161 148/168/162 125/169/163
f 125/169/163 148/168/162 149/170/164
f 125/169/163 149/170/164 124/171/165
f 124/171/165 149/170/164 150/172/166
f 124/171/165 150/172/166 123/173/167
f 123/173/167 150/172/166 151/174/168
f 123/173/167 151/174/168 122/175/169
f 122/175/169 151/174/168 152/176/170
f 122/175/169 152/176/170 121/177/171
f 121/177/171 152/176/170 153/178/172
f 121/177/171 153/178/172 120/179/173
f 120/179/173 153/178/172 154/180/174
f 120/179/173 154/180/174 119/181/175
f 119/181/175 154/180/174 155/182/176
f 119/181/175 155/182/176 118/183/177
f 118/183/177 155/182/176 156/184/178
f 118/183/177 156/184/178 117/185/179
f 117/185/179 156/184/178 157/186/180
f 117/185/179 157/186/180 116/187/181
f 116/187/181 157/186/180 158/188/182
f 116/187/181 158/188/182 115/189/183
f 115/189/183 158/188/182 159/190/184
f 115/189/183 159/190/184 114/141/137
f 114/141/137 159/190/184 160/142/138
f 162/191/185 208/192/186 161/193/187
f 161/193/187 208/192/186 185/194/188
f 161/195/187 185/196/188 184/197/189
f 184/197/189 185/196/188 186/198/190
f 184/197/189 186/198/190 183/199/191
f 183/199/191 186/198/190 187/200/192
f 183/199/191 187/200/192 182/201/193
f 182/201/193 187/200/192 188/202/194
f 182/201/193 188/202/194 181/203/195
f 181/203/195 188/202/194 189/204/196
f 181/203/195 189/204/196 180/205/197
f 180/205/197 189/204/196 190/206/198
f 180/205/197 190/206/198 179/207/199
f 179/207/199 190/206/198 191/208/200
f 179/207/199 191/208/200 178/209/201
f 178/209/201 191/208/200 192/210/202
f 178/209/201 192/210/202 177/211/203
f 177/211/203 192/210/202 193/212/204
f 177/211/203 193/212/204 176/213/205
f 176/213/205 193/212/204 194/214/206
f 176/213/205 194/214/206 175/215/207
f 175/215/207 194/214/206 195/216/208
f 175/215/207 195/216/208 174/217/209
f 174/217/209 195/216/208 196/218/210
f 174/217/209 196/218/210 173/219/211
f 173/219/211 196/218/210 197/220/212
f 173/219/211 197/220/212 172/221/213
f 172/221/213 197/220/212 198/222/214
f 172/221/213 198/222/214 171/223/215
f 171/223/215 198/222/214 199/224/216
f 171/223/215 199/224/216 170/225/217
f 170/225/217 199/224/216 200/226/218
f 170/225/217 200/226/218 169/227/219
f 169/227/219 200/226/218 201/228/220
f 169/227/219 201/228/220 168/229/221
f 168/229/221 201/228/220 202/230/222
f 168/229/221 202/230/222 167/231/223
f 167/231/223 202/230/222 203/232/224
f 167/231/223 203/232/224 166/233/225
f 166/233/225 203/232/224 204/234/226
f 166/233/225 204/234/226 165/235/227
f 165/235/227 204/234/226 205/236/228
f 165/235/227 205/236/228 164/237/229
f 164/237/229 205/236/228 206/238/230
f 164/237/229 206/238/230 163/239/231
f 163/239/231 206/238/230 207/240/232
f 163/239/231 207/240/232 162/191/185
f 162/191/185 207/240/232 208/192/186
f 210/241/233 256/242/234 209/243/235
f 209/243/235 256/242/234 233/244/236
f 209/245/235 233/246/236 232/247/237
f 232/247/237 233/246/236 234/248/238
f 232/247/237 234/248/238 231/249/239
f 231/249/239 234/248/238 235/250/240
f 231/249/239 235/250/240 230/251/241
f 230/251/241 235/250/240 236/252/242
f 230/251/241 236/252/242 229/253/243
f 229/253/243 236/252/242 237/254/244
f 229/253/243 237/254/244 228/255/245
f 228/255/245 237/254/244 238/256/246
f 228/255/245 238/256/246 227/257/247
f 227/257/247 238/256/246 239/258/248
f 227/257/247 239/258/248 226/259/249
f 226/259/249 239/258/248 240/260/250
f 226/259/249 240/260/250 225/261/251
f 225/261/251 240/260/250 241/262/252
f 225/261/251 241/262/252 224/263/253
f 224/263/253 241/262/252 242/264/254
f 224/263/253 242/264/254 223/265/255
f 223/265/255 242/264/254 243/266/256
f 223/265/255 243/266/256 222/267/257
f 222/267/257 243/266/256 244/268/258
f 222/267/257 244/268/258 221/269/259
f 221/269/259 244/268/258 245/270/260
f 221/269/259 245/270/260 220/271/261
f 220/271/261 245/270/260 246/272/262
f 220/271/261 246/272/262 219/273/263
f 219/273/263 246/272/262 247/274/264
f 219/273/263 247/274/264 218/275/265
f 218/275/265 247/274/264 248/276/266
f 218/275/265 248/276/266 217/277/267
f 217/277/267 248/276/266 249/278/268
f 217/277/267 249/278/268 216/279/269
f 216/279/269 249/278/268 250/280/270
f 216/279/269 250/280/270 215/281/271
f 215/281/271 250/280/270 251/282/272
f 215/281/271 251/282/272 214/283/273
f 214/283/273 251/282/272 252/284/274
f 214/283/273 252/284/274 213/285/275
f 213/285/275 252/284/274 253/286/276
f 213/285/275 253/286/276 212/287/277
f 212/287/277 253/286/276 254/288/278
f 212/287/277 254/288/278 211/289/279
f 211/289/279 254/288/278 255/290/280
f 211/289/279 255/290/280 210/241/233
f 210/241/233 255/290/280 256/242/234
f 258/291/281 304/292/282 257/293/283
f 257/293/283 304/292/282 281/294/284
f 257/295/283 281/296/284 280/297/285
f 280/297/285 281/296/284 282/298/286
f 280/297/285 282/298/286 279/299/287
f 279/299/287 282/298/286 283/300/288
f 279/299/287 283/300/288 278/301/289
f 278/301/289 283/300/288 284/302/290
f 278/301/289 284/302/290 277/303/291
f 277/303/291 284/302/290 285/304/292
f 277/303/291 285/304/292 276/305/293
f 276/305/293 285/304/292 286/306/294
f 276/305/293 286/306/294 275/307/295
f 275/307/295 286/306/294 287/308/296
f 275/307/295 287/308/296 274/309/297
f 274/309/297 287/308/296 288/310/298
f 274/309/297 288/310/298 273/311/299
f 273/311/299 288/310/298 289/312/300
f 273/311/299 289/312/300 272/313/301
f 272/313/301 289/312/300 290/314/302
f 272/313/301 290/314/302 271/315/303
f 271/315/303 290/314/302 291/316/304
f 271/315/303 291/316/304 270/317/305
f 270/317/305 291/316/304 292/318/306
f 270/317/305 292/318/306 269/319/307
f 269/319/307 292/318/306 293/320/308
f 269/319/307 293/320/308 268/321/309
f 268/321/309 293/320/308 294/322/310
f 268/321/309 294/322/310 267/323/311
f 267/323/311 294/322/310 295/324/312
f 267/323/311 295/324/312 266/325/313
f 266/325/313 295/324/312 296/326/314
f 266/325/313 296/326/314 265/327/315
f 265/327/315 296/326/314 297/328/316
f 265/327/315 297/328/316 264/329/317
f 264/329/317 297/328/316 298/330/318
f 264/329/317 298/330/318 263/331/319
f 263/331/319 298/330/318 299/332/320
f 263/331/319 299/332/320 262/333/321
f 262/333/321 299/332/320 300/334/322
f 262/333/321 300/334/322 261/335/323
f 261/335/323 300/334/322 301/336/324
f 261/335/323 301/336/324 260/337/325
f 260/337/325 301/336/324 302/338/326
f 260/337/325 302/338/326 259/339/327
f 259/339/327 302/338/326 303/340/328
f 259/339/327 303/340/328 258/291/281
f 258/291/281 303/340/328 304/292/282
f 306/341/329 352/342/330 305/343/331
f 305/343/331 352/342/330 329/344/332
f 305/345/331 329/346/332 328/347/333
f 328/347/333 329/346/332 330/348/334
f 328/347/333 330/348/334 327/349/335
f 327/349/335 330/348/334 331/350/336
f 327/349/335 331/350/336 326/351/337
f 326/351/337 331/350/336 332/352/338
f 326/351/337 332/352/338 325/353/339
f 325/353/339 332/352/338 333/354/340
f 325/353/339 333/354/340 324/355/341
f 324/355/341 333/354/340 334/356/342
f 324/355/341 334/356/342 323/357/343
f 323/357/343 334/356/342 335/358/344
f 323/357/343 335/358/344 322/359/345
f 322/359/345 335/358/344 336/360/346
f 322/359/345 336/360/346 321/361/347
f 321/361/347 336/360/346 337/362/348
f 321/361/347 337/362/348 320/363/349
f 320/363/349 337/362/348 338/364/350
f 320/363/349 338/364/350 319/365/351
f 319/365/351 338/364/350 339/366/352
f 319/365/351 339/366/352 318/367/353
f 318/367/353 339/366/352 340/368/354
f 318/367/353 340/368/354 317/369/355
f 317/369/355 340/368/354 341/370/356
f 317/369/355 341/370/356 316/371/357
f 316/371/357 341/370/356 342/372/358
f 316/371/357 342/372/358 315/373/359
f 315/373/359 342/372/358 343/374/360
f 315/373/359 343/374/360 314/375/361
f 314/375/361 343/374/360 344/376/362
f 314/375/361 344/376/362 313/377/363
f 313/377/363 344/376/362 345/378/364
f 313/377/363 345/378/364 312/379/365
f 312/379/365 345/378/364 346/380/366
f 312/379/365 346/380/366 311/381/367
f 311/381/367 346/380/366 347/382/368
f 311/381/367 347/382/368 310/383/369
f 310/383/369 347/382/368 348/384/370
f 310/383/369 348/384/370 309/385/371
f 309/385/371 348/384/370 349/386/372
f 309/385/371 349/386/372 308/387/373
f 308/387/373 349/386/372 350/388/374
f 308/387/373 350/388/374 307/389/375
f 307/389/375 350/388/374 351/390/376
f 307/389/375 351/390/376 306/341/329
f 306/341/329 351/390/376 352/342/330
f 354/391/377 400/392/378 353/393/379
f 353/393/379 400/392/378 377/394/380
f 353/395/379 377/396/380 376/397/381
f 376/397/381 377/396/380 378/398/382
f 376/397/381 378/398/382 375/399/383
f 375/399/383 378/398/382 379/400/384
f 375/399/383 379/400/384 374/401/385
f 374/401/385 379/400/384 380/402/386
f 374/401/385 380/402/386 373/403/387
f 373/403/387 380/402/386 381/404/388
f 373/403/387 381/404/388 372/405/389
f 372/405/389 381/404/388 382/406/390
f 372/405/389 382/406/390 371/407/391
f 371/407/391 382/406/390 383/408/392
f 371/407/391 383/408/392 370/409/393
f 370/409/393 383/408/392 384/410/394
f 370/409/393 384/410/394 369/411/395
f 369/411/395 384/410/394 385/412/396
f 369/411/395 385/412/396 368/413/397
f 368/413/397 385/412/396 386/414/398
f 368/413/397 386/414/398 367/415/399
f 367/415/399 386/414/398 387/416/400
f 367/415/399 387/416/400 366/417/401
f 366/417/401 387/416/400 388/418/402
f 366/417/401 388/418/402 365/419/403
f 365/419/403 388/418/402 389/420/404
f 365/419/403 389/420/404 364/421/405
f 364/421/405 389/420/404 390/422/406
f 364/421/405 390/422/406 363/423/407
f 363/423/407 390/422/406 391/424/408
f 363/423/407 391/424/408 362/425/409
f 362/425/409 391/424/408 392/426/410
f 362/425/409 392/426/410 361/427/411
f 361/427/411 392/426/410 393/428/412
f 361/427/411 393/428/412 360/429/413
f 360/429/413 393/428/412 394/430/414
f 360/429/413 394/430/414 359/431/415
f 359/431/415 394/430/414 395/432/416
f 359/431/415 395/432/416 358/433/417
f 358/433/417 395/432/416 396/434/418
f 358/433/417 396/434/418 357/435/419
f 357/435/419 396/434/418 397/436/420
f 357/435/419 397/436/420 356/437/421
f 356/437/421 397/436/420 398/438/422
f 356/437/421 398/438/422 355/439/423
f 355/439/423 398/438/422 399/440/424
f 355/439/423 399/440/424 354/391/377
f 354/391/377 399/440/424 400/392/378
f 376/441/425 270/442/426 353/443/427
f 353/443/427 270/442/426 269/444/428
f 353/443/427 269/444/428 354/445/429
f 354/445/429 269/444/428 268/446/430
f 354/445/429 268/446/430 355/447/431
f 355/447/431 268/446/430 267/448/432
f 355/447/431 267/448/432 356/449/433
f 356/449/433 267/448/432 266/450/434
f 356/449/433 266/450/434 357/451/435
f 357/451/435 266/450/434 265/452/436
f 357/451/435 265/452/436 358/453/437
f 358/453/437 265/452/436 264/454/438
f 358/453/437 264/454/438 5/455/439
f 5/455/439 264/454/438 263/456/440
f 5/455/439 263/456/440 262/457/441
f 270/442/426 376/441/425 271/458/442
f 271/458/442 376/441/425 375/459/443
f 271/458/442 375/459/443 272/460/444
f 272/460/444 375/459/443 374/461/445
f 272/460/444 374/461/445 273/462/446
f 273/462/446 374/461/445 373/463/447
f 273/462/446 373/463/447 274/464/448
f 274/464/448 373/463/447 372/465/449
f 274/464/448 372/465/449 7/466/450
f 7/466/450 372/465/449 162/467/451
f 7/466/450 162/467/451 161/468/452
f 372/465/449 371/469/453 162/467/451
f 162/467/451 371/469/453 163/470/454
f 163/470/454 371/469/453 370/471/455
f 163/470/454 370/471/455 164/472/456
f 164/472/456 370/471/455 369/473/457
f 164/472/456 369/473/457 165/474/458
f 165/474/458 369/473/457 368/475/459
f 165/474/458 368/475/459 166/476/460
f 166/476/460 368/475/459 367/477/461
f 166/476/460 367/477/461 167/478/462
f 167/478/462 367/477/461 366/479/463
f 167/478/462 366/479/463 168/480/464
f 168/480/464 366/479/463 328/481/465
f 168/480/464 328/481/465 70/482/466
f 70/482/466 328/481/465 71/483/467
f 71/483/467 328/481/465 327/484/468
f 71/483/467 327/484/468 72/485/469
f 72/485/469 327/484/468 326/486/470
f 72/485/469 326/486/470 73/487/471
f 73/487/471 326/486/470 325/488/472
f 73/487/471 325/488/472 74/489/473
f 74/489/473 325/488/472 324/490/474
f 74/489/473 324/490/474 75/491/475
f 75/491/475 324/490/474 323/492/476
f 75/491/475 323/492/476 76/493/477
f 76/493/477 323/492/476 322/494/478
f 76/493/477 322/494/478 1/495/479
f 1/495/479 322/494/478 132/496/480
f 1/495/479 132/496/480 131/497/481
f 328/481/465 366/479/463 305/498/482
f 305/498/482 366/479/463 365/499/483
f 305/498/482 365/499/483 306/500/484
f 306/500/484 365/499/483 364/501/485
f 306/500/484 364/501/485 36/502/486
f 36/502/486 364/501/485 226/503/487
f 36/502/486 226/503/487 37/504/488
f 37/504/488 226/503/487 225/505/489
f 37/504/488 225/505/489 38/506/490
f 38/506/490 225/505/489 224/507/491
f 38/506/490 224/507/491 39/508/492
f 39/508/492 224/507/491 223/509/493
f 39/508/492 223/509/493 40/510/494
f 40/510/494 223/509/493 222/511/495
f 40/510/494 222/511/495 17/512/496
f 17/512/496 222/511/495 221/513/497
f 17/512/496 221/513/497 18/514/498
f 18/514/498 221/513/497 220/515/499
f 18/514/498 220/515/499 19/516/500
f 19/516/500 220/515/499 219/517/501
f 19/516/500 219/517/501 20/518/502
f 20/518/502 219/517/501 218/519/503
f 20/518/502 218/519/503 21/520/504
f 21/520/504 218/519/503 217/521/505
f 21/520/504 217/521/505 22/522/506
f 22/522/506 217/521/505 216/523/507
f 22/522/506 216/523/507 23/524/508
f 23/524/508 216/523/507 215/525/509
f 23/524/508 215/525/509 2/526/510
f 2/526/510 215/525/509 5/455/439
f 5/455/439 215/525/509 214/527/511
f 5/455/439 214/527/511 213/528/512
f 226/503/487 364/501/485 227/529/513
f 227/529/513 364/501/485 363/530/514
f 227/529/513 363/530/514 228/531/515
f 228/531/515 363/530/514 362/532/516
f 228/531/515 362/532/516 229/533/517
f 229/533/517 362/532/516 361/534/518
f 229/533/517 361/534/518 230/535/519
f 230/535/519 361/534/518 360/536/520
f 230/535/519 360/536/520 231/537/521
f 231/537/521 360/536/520 359/538/522
f 231/537/521 359/538/522 232/539/523
f 232/539/523 359/538/522 358/453/437
f 232/539/523 358/453/437 5/455/439
f 132/496/480 322/494/478 133/540/524
f 133/540/524 322/494/478 321/541/525
f 133/540/524 321/541/525 134/542/526
f 134/542/526 321/541/525 320/543/527
f 134/542/526 320/543/527 135/544/528
f 135/544/528 320/543/527 319/545/529
f 135/544/528 319/545/529 136/546/530
f 136/546/530 319/545/529 318/547/531
f 136/546/530 318/547/531 113/548/532
f 113/548/532 318/547/531 317/549/533
f 113/548/532 317/549/533 114/550/534
f 114/550/534 317/549/533 316/551/535
f 114/550/534 316/551/535 115/552/536
f 115/552/536 316/551/535 315/553/537
f 115/552/536 315/553/537 116/554/538
f 116/554/538 315/553/537 314/555/539
f 116/554/538 314/555/539 117/556/540
f 117/556/540 314/555/539 313/557/541
f 117/556/540 313/557/541 118/558/542
f 118/558/542 313/557/541 312/559/543
f 118/558/542 312/559/543 2/526/510
f 2/526/510 312/559/543 30/560/544
f 2/526/510 30/560/544 29/561/545
f 312/559/543 311/562/546 30/560/544
f 30/560/544 311/562/546 31/563/547
f 31/563/547 311/562/546 310/564/548
f 31/563/547 310/564/548 32/565/549
f 32/565/549 310/564/548 309/566/550
f 32/565/549 309/566/550 33/567/551
f 33/567/551 309/566/550 308/568/552
f 33/567/551 308/568/552 34/569/553
f 34/569/553 308/568/552 307/570/554
f 34/569/553 307/570/554 35/571/555
f 35/571/555 307/570/554 306/500/484
f 35/571/555 306/500/484 36/502/486
f 280/572/556 7/466/450 257/573/557
f 257/573/557 7/466/450 5/455/439
f 257/573/557 5/455/439 258/574/558
f 258/574/558 5/455/439 259/575/559
f 259/575/559 5/455/439 260/576/560
f 260/576/560 5/455/439 261/577/561
f 261/577/561 5/455/439 262/457/441
f 280/572/556 279/578/562 7/466/450
f 7/466/450 279/578/562 278/579/563
f 7/466/450 278/579/563 277/580/564
f 277/580/564 276/581/565 7/466/450
f 7/466/450 276/581/565 275/582/566
f 7/466/450 275/582/566 274/464/448
f 210/583/567 209/584/568 5/455/439
f 5/455/439 209/584/568 232/539/523
f 213/528/512 212/585/569 5/455/439
f 5/455/439 212/585/569 211/586/570
f 5/455/439 211/586/570 210/583/567
f 161/468/452 184/587/571 7/466/450
f 7/466/450 184/587/571 183/588/572
f 7/466/450 183/588/572 182/589/573
f 182/589/573 181/590/574 7/466/450
f 7/466/450 181/590/574 180/591/575
f 7/466/450 180/591/575 179/592/576
f 178/593/577 84/594/578 179/592/576
f 179/592/576 84/594/578 83/595/579
f 179/592/576 83/595/579 7/466/450
f 7/466/450 83/595/579 1/495/479
f 1/495/479 83/595/579 82/596/580
f 1/495/479 82/596/580 81/597/581
f 84/594/578 178/593/577 85/598/582
f 85/598/582 178/593/577 177/599/583
f 85/598/582 177/599/583 86/600/584
f 86/600/584 177/599/583 176/601/585
f 86/600/584 176/601/585 87/602/586
f 87/602/586 176/601/585 175/603/587
f 87/602/586 175/603/587 88/604/588
f 88/604/588 175/603/587 174/605/589
f 88/604/588 174/605/589 65/606/590
f 65/606/590 174/605/589 173/607/591
f 65/606/590 173/607/591 66/608/592
f 66/608/592 173/607/591 172/609/593
f 66/608/592 172/609/593 67/610/594
f 67/610/594 172/609/593 171/611/595
f 67/610/594 171/611/595 68/612/596
f 68/612/596 171/611/595 170/613/597
f 68/612/596 170/613/597 69/614/598
f 69/614/598 170/613/597 169/615/599
f 69/614/598 169/615/599 70/482/466
f 70/482/466 169/615/599 168/480/464
f 131/497/481 130/616/600 1/495/479
f 1/495/479 130/616/600 129/617/601
f 1/495/479 129/617/601 128/618/602
f 128/618/602 127/619/603 1/495/479
f 1/495/479 127/619/603 126/620/604
f 1/495/479 126/620/604 125/621/605
f 1/495/479 125/621/605 2/526/510
f 2/526/510 125/621/605 124/622/606
f 2/526/510 124/622/606 123/623/607
f 123/623/607 122/624/608 2/526/510
f 2/526/510 122/624/608 121/625/609
f 2/526/510 121/625/609 120/626/610
f 120/626/610 119/627/611 2/526/510
f 2/526/510 119/627/611 118/558/542
f 81/597/581 80/628/612 1/495/479
f 1/495/479 80/628/612 79/629/613
f 1/495/479 79/629/613 78/630/614
f 78/630/614 77/631/615 1/495/479
f 1/495/479 77/631/615 76/493/477
f 29/561/545 28/632/616 2/526/510
f 2/526/510 28/632/616 27/633/617
f 2/526/510 27/633/617 26/634/618
f 26/634/618 25/635/619 2/526/510
f 2/526/510 25/635/619 24/636/620
f 2/526/510 24/636/620 23/524/508
f 10/637/621 59/638/622 15/639/623
f 15/639/623 59/638/622 58/640/624
f 15/639/623 58/640/624 57/641/625
f 9/642/626 281/643/627 10/637/621
f 10/637/621 281/643/627 304/644/628
f 10/637/621 304/644/628 303/645/629
f 13/646/630 191/647/631 9/642/626
f 9/642/626 191/647/631 190/648/632
f 9/642/626 190/648/632 189/649/633
f 15/639/623 149/650/634 13/646/630
f 13/646/630 149/650/634 148/651/635
f 13/646/630 148/651/635 147/652/636
f 400/653/637 294/654/638 377/655/639
f 377/655/639 294/654/638 293/656/640
f 377/655/639 293/656/640 378/657/641
f 378/657/641 293/656/640 292/658/642
f 378/657/641 292/658/642 379/659/643
f 379/659/643 292/658/642 291/660/644
f 379/659/643 291/660/644 380/661/645
f 380/661/645 291/660/644 290/662/646
f 380/661/645 290/662/646 381/663/647
f 381/663/647 290/662/646 289/664/648
f 381/663/647 289/664/648 382/665/649
f 382/665/649 289/664/648 288/666/650
f 382/665/649 288/666/650 208/667/651
f 208/667/651 288/666/650 9/642/626
f 208/667/651 9/642/626 185/668/652
f 185/668/652 9/642/626 186/669/653
f 186/669/653 9/642/626 187/670/654
f 187/670/654 9/642/626 188/671/655
f 188/671/655 9/642/626 189/649/633
f 294/654/638 400/653/637 295/672/656
f 295/672/656 400/653/637 399/673/657
f 295/672/656 399/673/657 296/674/658
f 296/674/658 399/673/657 398/675/659
f 296/674/658 398/675/659 297/676/660
f 297/676/660 398/675/659 397/677/661
f 297/676/660 397/677/661 298/678/662
f 298/678/662 397/677/661 396/679/663
f 298/678/662 396/679/663 234/680/664
f 234/680/664 396/679/663 395/681/665
f 234/680/664 395/681/665 235/682/666
f 235/682/666 395/681/665 394/683/667
f 235/682/666 394/683/667 236/684/668
f 236/684/668 394/683/667 393/685/669
f 236/684/668 393/685/669 237/686/670
f 237/686/670 393/685/669 392/687/671
f 237/686/670 392/687/671 238/688/672
f 238/688/672 392/687/671 391/689/673
f 238/688/672 391/689/673 239/690/674
f 239/690/674 391/689/673 390/691/675
f 239/690/674 390/691/675 240/692/676
f 240/692/676 390/691/675 352/693/677
f 240/692/676 352/693/677 46/694/678
f 46/694/678 352/693/677 47/695/679
f 47/695/679 352/693/677 351/696/680
f 47/695/679 351/696/680 48/697/681
f 48/697/681 351/696/680 350/698/682
f 48/697/681 350/698/682 49/699/683
f 49/699/683 350/698/682 349/700/684
f 49/699/683 349/700/684 50/701/685
f 50/701/685 349/700/684 348/702/686
f 50/701/685 348/702/686 51/703/687
f 51/703/687 348/702/686 347/704/688
f 51/703/687 347/704/688 52/705/689
f 52/705/689 347/704/688 346/706/690
f 52/705/689 346/706/690 156/707/691
f 156/707/691 346/706/690 157/708/692
f 157/708/692 346/706/690 345/709/693
f 157/708/692 345/709/693 158/710/694
f 158/710/694 345/709/693 344/711/695
f 158/710/694 344/711/695 159/712/696
f 159/712/696 344/711/695 343/713/697
f 159/712/696 343/713/697 160/714/698
f 160/714/698 343/713/697 342/715/699
f 160/714/698 342/715/699 137/716/700
f 137/716/700 342/715/699 341/717/701
f 137/716/700 341/717/701 138/718/702
f 138/718/702 341/717/701 340/719/703
f 138/718/702 340/719/703 139/720/704
f 139/720/704 340/719/703 339/721/705
f 139/720/704 339/721/705 140/722/706
f 140/722/706 339/721/705 338/723/707
f 140/722/706 338/723/707 141/724/708
f 141/724/708 338/723/707 337/725/709
f 141/724/708 337/725/709 142/726/710
f 142/726/710 337/725/709 336/727/711
f 142/726/710 336/727/711 102/728/712
f 102/728/712 336/727/711 335/729/713
f 102/728/712 335/729/713 103/730/714
f 103/730/714 335/729/713 334/731/715
f 103/730/714 334/731/715 104/732/716
f 104/732/716 334/731/715 333/733/717
f 104/732/716 333/733/717 105/734/718
f 105/734/718 333/733/717 332/735/719
f 105/734/718 332/735/719 106/736/720
f 106/736/720 332/735/719 331/737/721
f 106/736/720 331/737/721 107/738/722
f 107/738/722 331/737/721 330/739/723
f 107/738/722 330/739/723 108/740/724
f 108/740/724 330/739/723 388/741/725
f 108/740/724 388/741/725 202/742/726
f 202/742/726 388/741/725 203/743/727
f 203/743/727 388/741/725 387/744/728
f 203/743/727 387/744/728 204/745/729
f 204/745/729 387/744/728 386/746/730
f 204/745/729 386/746/730 205/747/731
f 205/747/731 386/746/730 385/748/732
f 205/747/731 385/748/732 206/749/733
f 206/749/733 385/748/732 384/750/734
f 206/749/733 384/750/734 207/751/735
f 207/751/735 384/750/734 383/752/736
f 207/751/735 383/752/736 208/667/651
f 208/667/651 383/752/736 382/665/649
f 352/693/677 390/691/675 329/753/737
f 329/753/737 390/691/675 389/754/738
f 329/753/737 389/754/738 330/739/723
f 330/739/723 389/754/738 388/741/725
f 303/645/629 302/755/739 10/637/621
f 10/637/621 302/755/739 301/756/740
f 10/637/621 301/756/740 300/757/741
f 300/757/741 299/758/742 10/637/621
f 10/637/621 299/758/742 298/678/662
f 10/637/621 298/678/662 234/680/664
f 288/666/650 287/759/743 9/642/626
f 9/642/626 287/759/743 286/760/744
f 9/642/626 286/760/744 285/761/745
f 285/761/745 284/762/746 9/642/626
f 9/642/626 284/762/746 283/763/747
f 9/642/626 283/763/747 282/764/748
f 282/764/748 281/643/627 9/642/626
f 234/680/664 233/765/749 10/637/621
f 10/637/621 233/765/749 256/766/750
f 10/637/621 256/766/750 255/767/751
f 255/767/751 254/768/752 10/637/621
f 10/637/621 254/768/752 253/769/753
f 10/637/621 253/769/753 252/770/754
f 252/770/754 251/771/755 10/637/621
f 10/637/621 251/771/755 59/638/622
f 59/638/622 251/771/755 60/772/756
f 60/772/756 251/771/755 250/773/757
f 60/772/756 250/773/757 61/774/758
f 61/774/758 250/773/757 249/775/759
f 61/774/758 249/775/759 62/776/760
f 62/776/760 249/775/759 248/777/761
f 62/776/760 248/777/761 63/778/762
f 63/778/762 248/777/761 247/779/763
f 63/778/762 247/779/763 64/780/764
f 64/780/764 247/779/763 246/781/765
f 64/780/764 246/781/765 41/782/766
f 41/782/766 246/781/765 245/783/767
f 41/782/766 245/783/767 42/784/768
f 42/784/768 245/783/767 244/785/769
f 42/784/768 244/785/769 43/786/770
f 43/786/770 244/785/769 243/787/771
f 43/786/770 243/787/771 44/788/772
f 44/788/772 243/787/771 242/789/773
f 44/788/772 242/789/773 45/790/774
f 45/790/774 242/789/773 241/791/775
f 45/790/774 241/791/775 46/694/678
f 46/694/678 241/791/775 240/692/676
f 108/740/724 202/742/726 109/792/776
f 109/792/776 202/742/726 201/793/777
f 109/792/776 201/793/777 110/794/778
f 110/794/778 201/793/777 200/795/779
f 110/794/778 200/795/779 111/796/780
f 111/796/780 200/795/779 199/797/781
f 111/796/780 199/797/781 112/798/782
f 112/798/782 199/797/781 198/799/783
f 112/798/782 198/799/783 89/800/784
f 89/800/784 198/799/783 197/801/785
f 89/800/784 197/801/785 90/802/786
f 90/802/786 197/801/785 196/803/787
f 90/802/786 196/803/787 91/804/788
f 91/804/788 196/803/787 195/805/789
f 91/804/788 195/805/789 92/806/790
f 92/806/790 195/805/789 194/807/791
f 92/806/790 194/807/791 93/808/792
f 93/808/792 194/807/791 193/809/793
f 93/808/792 193/809/793 94/810/794
f 94/810/794 193/809/793 192/811/795
f 94/810/794 192/811/795 95/812/796
f 95/812/796 192/811/795 191/647/631
f 95/812/796 191/647/631 13/646/630
f 52/705/689 156/707/691 15/639/623
f 15/639/623 156/707/691 155/813/797
f 15/639/623 155/813/797 154/814/798
f 154/814/798 153/815/799 15/639/623
f 15/639/623 153/815/799 152/816/800
f 15/639/623 152/816/800 151/817/801
f 151/817/801 150/818/802 15/639/623
f 15/639/623 150/818/802 149/650/634
f 147/652/636 146/819/803 13/646/630
f 13/646/630 146/819/803 145/820/804
f 13/646/630 145/820/804 144/821/805
f 144/821/805 143/822/806 13/646/630
f 13/646/630 143/822/806 142/726/710
f 13/646/630 142/726/710 102/728/712
f 102/728/712 101/823/807 13/646/630
f 13/646/630 101/823/807 100/824/808
f 13/646/630 100/824/808 99/825/809
f 99/825/809 98/826/810 13/646/630
f 13/646/630 98/826/810 97/827/811
f 13/646/630 97/827/811 96/828/812
f 96/828/812 95/812/796 13/646/630
f 57/641/625 56/829/813 15/639/623
f 15/639/623 56/829/813 55/830/814
f 15/639/623 55/830/814 54/831/815
f 54/831/815 53/832/816 15/639/623
f 15/639/623 53/832/816 52/705/689
g Body2

v 4.450000 1.950000 0.300000
v 4.450000 1.050000 0.300000
v 4.450000 1.050000 1.200000
v 4.450000 1.950000 1.200000
v 3.550000 1.050000 0.300000
v 3.550000 1.050000 1.200000
v 3.550000 1.950000 0.300000
v 3.550000 1.950000 1.200000
v 3.400000 2.100000 0.000000
v 3.400000 0.900000 0.000000
v 3.400000 0.900000 1.200000
v 3.400000 2.100000 1.200000
v 4.600000 2.100000 -0.000000
v 4.600000 2.100000 1.200000
v 4.600000 0.900000 0.000000
v 4.600000 0.900000 1.200000
v 4.305000 1.500000 0.300000
v 4.303296 1.512941 0.300000
v 4.298301 1.525000 0.300000
v 4.290355 1.535355 0.300000
v 4.280000 1.543301 0.300000
v 4.267941 1.548296 0.300000
v 4.255000 1.550000 0.300000
v 4.242059 1.548296 0.300000
v 4.230000 1.543301 0.300000
v 4.219645 1.535355 0.300000
v 4.211699 1.525000 0.300000
v 4.206704 1.512941 0.300000
v 4.205000 1.500000 0.300000
v 4.206704 1.487059 0.300000
v 4.211699 1.475000 0.300000
v 4.219645 1.464645 0.300000
v 4.230000 1.456699 0.300000
v 4.242059 1.451704 0.300000
v 4.255000 1.450000 0.300000
v 4.267941 1.451704 0.300000
v 4.280000 1.456699 0.300000
v 4.290355 1.464645 0.300000
v 4.298301 1.475000 0.300000
v 4.303296 1.487059 0.300000
v 4.305000 1.500000 0.000000
v 4.303296 1.487059 0.000000
v 4.298301 1.475000 0.000000
v 4.290355 1.464645 0.000000
v 4.280000 1.456699 0.000000
v 4.267941 1.451704 0.000000
v 4.255000 1.450000 0.000000
v 4.242059 1.451704 0.000000
v 4.230000 1.456699 0.000000
v 4.219645 1.464645 0.000000
v 4.211699 1.475000 0.000000
v 4.206704 1.487059 0.000000
v 4.205000 1.500000 0.000000
v 4.206704 1.512941 0.000000
v 4.211699 1.525000 0.000000
v 4.219645 1.535355 0.000000
v 4.230000 1.543301 0.000000
v 4.242059 1.548296 0.000000
v 4.255000 1.550000 0.000000
v 4.267941 1.548296 0.000000
v 4.280000 1.543301 0.000000
v 4.290355 1.535355 0.000000
v 4.298301 1.525000 0.000000
v 4.303296 1.512941 0.000000
v 3.795000 1.500000 0.300000
v 3.793296 1.512941 0.300000
v 3.788301 1.525000 0.300000
v 3.780355 1.535355 0.300000
v 3.770000 1.543301 0.300000
v 3.757941 1.548296 0.300000
v 3.745000 1.550000 0.300000
v 3.732059 1.548296 0.300000
v 3.720000 1.543301 0.300000
v 3.709645 1.535355 0.300000
v 3.701699 1.525000 0.300000
v 3.696704 1.512941 0.300000
v 3.695000 1.500000 0.300000
v 3.696704 1.487059 0.300000
v 3.701699 1.475000 0.300000
v 3.709645 1.464645 0.300000
v 3.720000 1.456699 0.300000
v 3.732059 1.451704 0.300000
v 3.745000 1.450000 0.300000
v 3.757941 1.451704 0.300000
v 3.770000 1.456699 0.300000
v 3.780355 1.464645 0.300000
v 3.788301 1.475000 0.300000
v 3.793296 1.487059 0.300000
v 3.795000 1.500000 0.000000
v 3.793296 1.487059 0.000000
v 3.788301 1.475000 0.000000
v 3.780355 1.464645 0.000000
v 3.770000 1.456699 0.000000
v 3.757941 1.451704 0.000000
v 3.745000 1.450000 0.000000
v 3.732059 1.451704 0.000000
v 3.720000 1.456699 0.000000
v 3.709645 1.464645 0.000000
v 3.701699 1.475000 0.000000
v 3.696704 1.487059 0.000000
v 3.695000 1.500000 0.000000
v 3.696704 1.512941 0.000000
v 3.701699 1.525000 0.000000
v 3.709645 1.535355 0.000000
v 3.720000 1.543301 0.000000
v 3.732059 1.548296 0.000000
v 3.745000 1.550000 0.000000
v 3.757941 1.548296 0.000000
v 3.770000 1.543301 0.000000
v 3.780355 1.535355 0.000000
v 3.788301 1.525000 0.000000
v 3.793296 1.512941 0.000000
vt -0.000000 0.300000 0.000000
vt 0.900000 0.300000 0.000000
vt 0.000000 1.200000 0.000000
vt 0.900000 1.200000 0.000000
vt -0.000000 0.300000 0.000000
vt 0.900000 0.300000 0.000000
vt -0.000000 1.200000 0.000000
vt 0.900000 1.200000 0.000000
vt -0.000000 0.300000 0.000000
vt 0.900000 0.300000 0.000000
vt -0.000000 1.200000 0.000000
vt 0.900000 1.200000 0.000000
vt 0.000000 0.300000 0.000000
vt 0.900000 0.300000 0.000000
vt 0.000000 1.200000 0.000000
vt 0.900000 1.200000 0.000000
vt -0.000000 0.000000 0.000000
vt 1.200000 0.000000 0.000000
vt -0.000000 1.200000 0.000000
vt 1.200000 1.200000 0.000000
vt 0.000000 0.000000 0.000000
vt 1.200000 0.000000 0.000000
vt 0.000000 1.200000 0.000000
vt 1.200000 1.200000 0.000000
vt 0.000000 0.000000 0.000000
vt 1.200000 0.000000 0.000000
vt -0.000000 1.200000 0.000000
vt 1.200000 1.200000 0.000000
vt 0.000000 0.000000 0.000000
vt 1.200000 0.000000 0.000000
vt 0.000000 1.200000 0.000000
vt 1.200000 1.200000 0.000000
vt 0.450000 0.450000 0.000000
vt 0.450000 -0.450000 0.000000
vt 0.600000 -0.600000 0.000000
vt -0.450000 -0.450000 0.000000
vt -0.600000 -0.600000 0.000000
vt -0.450000 0.450000 0.000000
vt -0.600000 0.600000 0.000000
vt 0.600000 0.600000 0.000000
vt 0.300000 -0.143990 0.000000
vt 0.000000 -0.143990 0.000000
vt 0.300000 -0.157080 0.000000
vt 0.000000 -0.157080 0.000000
vt 0.300000 0.157080 0.000000
vt 0.000000 0.157080 0.000000
vt 0.300000 0.143990 0.000000
vt -0.000000 0.143990 0.000000
vt 0.300000 0.130900 0.000000
vt -0.000000 0.130900 0.000000
vt 0.300000 0.117810 0.000000
vt -0.000000 0.117810 0.000000
vt 0.300000 0.104720 0.000000
vt -0.000000 0.104720 0.000000
vt 0.300000 0.091630 0.000000
vt -0.000000 0.091630 0.000000
vt 0.300000 0.078540 0.000000
vt -0.000000 0.078540 0.000000
vt 0.300000 0.065450 0.000000
vt -0.000000 0.065450 0.000000
vt 0.300000 0.052360 0.000000
vt -0.000000 0.052360 0.000000
vt 0.300000 0.039270 0.000000
vt -0.000000 0.039270 0.000000
vt 0.300000 0.026180 0.000000
vt -0.000000 0.026180 0.000000
vt 0.300000 0.013090 0.000000
vt -0.000000 0.013090 0.000000
vt 0.300000 0.000000 0.000000
vt 0.000000 0.000000 0.000000
vt 0.300000 -0.013090 0.000000
vt 0.000000 -0.013090 0.000000
vt 0.300000 -0.026180 0.000000
vt 0.000000 -0.026180 0.000000
vt 0.300000 -0.039270 0.000000
vt 0.000000 -0.039270 0.000000
vt 0.300000 -0.052360 0.000000
vt 0.000000 -0.052360 0.000000
vt 0.300000 -0.065450 0.000000
vt 0.000000 -0.065450 0.000000
vt 0.300000 -0.078540 0.000000
vt 0.000000 -0.078540 0.000000
vt 0.300000 -0.091630 0.000000
vt 0.000000 -0.091630 0.000000
vt 0.300000 -0.104720 0.000000
vt 0.000000 -0.104720 0.000000
vt 0.300000 -0.117810 0.000000
vt 0.000000 -0.117810 0.000000
vt 0.300000 -0.130900 0.000000
vt 0.000000 -0.130900 0.000000
vt 0.300000 -0.143990 0.000000
vt 0.000000 -0.143990 0.000000
vt 0.300000 -0.157080 0.000000
vt 0.000000 -0.157080 0.000000
vt 0.300000 0.157080 0.000000
vt 0.000000 0.157080 0.000000
vt 0.300000 0.143990 0.000000
vt -0.000000 0.143990 0.000000
vt 0.300000 0.130900 0.000000
vt -0.000000 0.130900 0.000000
vt 0.300000 0.117810 0.000000
vt -0.000000 0.117810 0.000000
vt 0.300000 0.104720 0.000000
vt -0.000000 0.104720 0.000000
vt 0.300000 0.091630 0.000000
vt -0.000000 0.091630 0.000000
vt 0.300000 0.078540 0.000000
vt -0.000000 0.078540 0.000000
vt 0.300000 0.065450 0.000000
vt -0.000000 0.065450 0.000000
vt 0.300000 0.052360 0.000000
vt -0.000000 0.052360 0.000000
vt 0.300000 0.039270 0.000000
vt -0.000000 0.039270 0.000000
vt 0.300000 0.026180 0.000000
vt -0.000000 0.026180 0.000000
vt 0.300000 0.013090 0.000000
vt -0.000000 0.013090 0.000000
vt 0.300000 0.000000 0.000000
vt 0.000000 0.000000 0.000000
vt 0.300000 -0.013090 0.000000
vt 0.000000 -0.013090 0.000000
vt 0.300000 -0.026180 0.000000
vt 0.000000 -0.026180 0.000000
vt 0.300000 -0.039270 0.000000
vt 0.000000 -0.039270 0.000000
vt 0.300000 -0.052360 0.000000
vt 0.000000 -0.052360 0.000000
vt 0.300000 -0.065450 0.000000
vt 0.000000 -0.065450 0.000000
vt 0.300000 -0.078540 0.000000
vt 0.000000 -0.078540 0.000000
vt 0.300000 -0.091630 0.000000
vt 0.000000 -0.091630 0.000000
vt 0.300000 -0.104720 0.000000
vt 0.000000 -0.104720 0.000000
vt 0.300000 -0.117810 0.000000
vt 0.000000 -0.117810 0.000000
vt 0.300000 -0.130900 0.000000
vt 0.000000 -0.130900 0.000000
vt 0.206704 0.012941 0.000000
vt -0.206704 0.012941 0.000000
vt 0.205000 0.000000 0.000000
vt -0.205000 0.000000 0.000000
vt 0.206704 -0.012941 0.000000
vt -0.206704 -0.012941 0.000000
vt 0.211699 -0.025000 0.000000
vt -0.211699 -0.025000 0.000000
vt 0.219645 -0.035355 0.000000
vt -0.219645 -0.035355 0.000000
vt 0.230000 -0.043301 0.000000
vt -0.230000 -0.043301 0.000000
vt -0.450000 -0.450000 0.000000
vt -0.242059 -0.048296 0.000000
vt -0.255000 -0.050000 0.000000
vt -0.211699 0.025000 0.000000
vt 0.211699 0.025000 0.000000
vt -0.219645 0.035355 0.000000
vt 0.219645 0.035355 0.000000
vt -0.230000 0.043301 0.000000
vt 0.230000 0.043301 0.000000
vt -0.450000 0.450000 0.000000
vt 0.450000 0.450000 0.000000
vt 0.242059 0.048296 0.000000
vt 0.255000 0.050000 0.000000
vt 0.267941 0.048296 0.000000
vt 0.280000 0.043301 0.000000
vt 0.290355 0.035355 0.000000
vt 0.298301 0.025000 0.000000
vt 0.303296 0.012941 0.000000
vt 0.305000 0.000000 0.000000
vt 0.450000 -0.450000 0.000000
vt 0.303296 -0.012941 0.000000
vt 0.298301 -0.025000 0.000000
vt 0.290355 -0.035355 0.000000
vt 0.280000 -0.043301 0.000000
vt 0.267941 -0.048296 0.000000
vt 0.255000 -0.050000 0.000000
vt 0.242059 -0.048296 0.000000
vt -0.303296 0.012941 0.000000
vt -0.305000 0.000000 0.000000
vt -0.303296 -0.012941 0.000000
vt -0.298301 -0.025000 0.000000
vt -0.290355 -0.035355 0.000000
vt -0.280000 -0.043301 0.000000
vt -0.267941 -0.048296 0.000000
vt -0.298301 0.025000 0.000000
vt -0.290355 0.035355 0.000000
vt -0.280000 0.043301 0.000000
vt -0.267941 0.048296 0.000000
vt -0.255000 0.050000 0.000000
vt -0.242059 0.048296 0.000000
vt -0.600000 0.600000 0.000000
vt -0.230000 0.043301 0.000000
vt 0.600000 0.600000 0.000000
vt 0.230000 0.043301 0.000000
vt 0.242059 0.048296 0.000000
vt -0.600000 -0.600000 0.000000
vt -0.305000 0.000000 0.000000
vt -0.303296 0.012941 0.000000
vt -0.298301 0.025000 0.000000
vt 0.600000 -0.600000 0.000000
vt -0.230000 -0.043301 0.000000
vt -0.242059 -0.048296 0.000000
vt -0.255000 -0.050000 0.000000
vt 0.305000 0.000000 0.000000
vt 0.303296 -0.012941 0.000000
vt 0.298301 -0.025000 0.000000
vt -0.206704 -0.012941 0.000000
vt 0.206704 -0.012941 0.000000
vt -0.205000 0.000000 0.000000
vt 0.205000 0.000000 0.000000
vt -0.206704 0.012941 0.000000
vt 0.206704 0.012941 0.000000
vt -0.211699 0.025000 0.000000
vt 0.211699 0.025000 0.000000
vt -0.219645 0.035355 0.000000
vt 0.219645 0.035355 0.000000
vt 0.211699 -0.025000 0.000000
vt -0.211699 -0.025000 0.000000
vt 0.219645 -0.035355 0.000000
vt -0.219645 -0.035355 0.000000
vt 0.230000 -0.043301 0.000000
vt -0.267941 -0.048296 0.000000
vt -0.280000 -0.043301 0.000000
vt -0.290355 -0.035355 0.000000
vt -0.298301 -0.025000 0.000000
vt -0.303296 -0.012941 0.000000
vt -0.290355 0.035355 0.000000
vt -0.280000 0.043301 0.000000
vt -0.267941 0.048296 0.000000
vt -0.255000 0.050000 0.000000
vt -0.242059 0.048296 0.000000
vt 0.290355 -0.035355 0.000000
vt 0.280000 -0.043301 0.000000
vt 0.267941 -0.048296 0.000000
vt 0.255000 -0.050000 0.000000
vt 0.242059 -0.048296 0.000000
vt 0.255000 0.050000 0.000000
vt 0.267941 0.048296 0.000000
vt 0.280000 0.043301 0.000000
vt 0.290355 0.035355 0.000000
vt 0.298301 0.025000 0.000000
vt 0.303296 0.012941 0.000000
vn -1.000000 0.000000 0.000000
vn -1.000000 0.000000 0.000000
vn -1.000000 0.000000 0.000000
vn -1.000000 0.000000 0.000000
vn 0.000000 1.000000 -0.000000
vn 0.000000 1.000000 -0.000000
vn 0.000000 1.000000 -0.000000
vn 0.000000 1.000000 -0.000000
vn 0.000000 -1.000000 0.000000
vn 0.000000 -1.000000 0.000000
vn 0.000000 -1.000000 0.000000
vn 0.000000 -1.000000 0.000000
vn 1.000000 0.000000 -0.000000
vn 1.000000 0.000000 -0.000000
vn 1.000000 0.000000 -0.000000
vn 1.000000 0.000000 -0.000000
vn -1.000000 0.000000 0.000000
vn -1.000000 0.000000 0.000000
vn -1.000000 0.000000 0.000000
vn -1.000000 0.000000 0.000000
vn -0.000000 1.000000 -0.000000
vn -0.000000 1.000000 -0.000000
vn -0.000000 1.000000 -0.000000
vn -0.000000 1.000000 -0.000000
vn 1.000000 0.000000 -0.000000
vn 1.000000 0.000000 -0.000000
vn 1.000000 0.000000 -0.000000
vn 1.000000 0.000000 -0.000000
vn -0.000000 -1.000000 0.000000
vn -0.000000 -1.000000 0.000000
vn -0.000000 -1.000000 0.000000
vn -0.000000 -1.000000 0.000000
vn 0.000000 0.000000 1.000000
vn 0.000000 0.000000 1.000000
vn 0.000000 0.000000 1.000000
vn 0.000000 0.000000 1.000000
vn 0.000000 0.000000 1.000000
vn 0.000000 0.000000 1.000000
vn 0.000000 0.000000 1.000000
vn 0.000000 0.000000 1.000000
vn -0.965926 -0.258819 0.000000
vn -0.965926 -0.258819 0.000000
vn -1.000000 -0.000000 0.000000
vn -1.000000 -0.000000 0.000000
vn -0.965926 0.258819 -0.000000
vn -0.965926 0.258819 -0.000000
vn -0.866025 0.500000 -0.000000
vn -0.866025 0.500000 -0.000000
vn -0.707107 0.707107 -0.000000
vn -0.707107 0.707107 -0.000000
vn -0.500000 0.866025 -0.000000
vn -0.500000 0.866025 -0.000000
vn -0.258819 0.965926 -0.000000
vn -0.258819 0.965926 -0.000000
vn 0.000000 1.000000 -0.000000
vn 0.000000 1.000000 -0.000000
vn 0.258819 0.965926 -0.000000
vn 0.258819 0.965926 -0.000000
vn 0.500000 0.866025 -0.000000
vn 0.500000 0.866025 -0.000000
vn 0.707107 0.707107 -0.000000
vn 0.707107 0.707107 -0.000000
vn 0.866025 0.500000 -0.000000
vn 0.866025 0.500000 -0.000000
vn 0.965926 0.258819 -0.000000
vn 0.965926 0.258819 -0.000000
vn 1.000000 0.000000 -0.000000
vn 1.000000 0.000000 -0.000000
vn 0.965926 -0.258819 0.000000
vn 0.965926 -0.258819 0.000000
vn 0.866025 -0.500000 0.000000
vn 0.866025 -0.500000 0.000000
vn 0.707107 -0.707107 0.000000
vn 0.707107 -0.707107 0.000000
vn 0.500000 -0.866025 0.000000
vn 0.500000 -0.866025 0.000000
vn 0.258819 -0.965926 0.000000
vn 0.258819 -0.965926 0.000000
vn 0.000000 -1.000000 0.000000
vn 0.000000 -1.000000 0.000000
vn -0.258819 -0.965926 0.000000
vn -0.258819 -0.965926 0.000000
vn -0.500000 -0.866025 0.000000
vn -0.500000 -0.866025 0.000000
vn -0.707107 -0.707107 0.000000
vn -0.707107 -0.707107 0.000000
vn -0.866025 -0.500000 0.000000
vn -0.866025 -0.500000 0.000000
vn -0.965926 -0.258819 0.000000
vn -0.965926 -0.258819 0.000000
vn -1.000000 -0.000000 0.000000
vn -1.000000 -0.000000 0.000000
vn -0.965926 0.258819 -0.000000
vn -0.965926 0.258819 -0.000000
vn -0.866025 0.500000 -0.000000
vn -0.866025 0.500000 -0.000000
vn -0.707107 0.707107 -0.000000
vn -0.707107 0.707107 -0.000000
vn -0.500000 0.866025 -0.000000
vn -0.500000 0.866025 -0.000000
vn -0.258819 0.965926 -0.000000
vn -0.258819 0.965926 -0.000000
vn 0.000000 1.000000 -0.000000
vn 0.000000 1.000000 -0.000000
vn 0.258819 0.965926 -0.000000
vn 0.258819 0.965926 -0.000000
vn 0.500000 0.866025 -0.000000
vn 0.500000 0.866025 -0.000000
vn 0.707107 0.707107 -0.000000
vn 0.707107 0.707107 -0.000000
vn 0.866025 0.500000 -0.000000
vn 0.866025 0.500000 -0.000000
vn 0.965926 0.258819 -0.000000
vn 0.965926 0.258819 -0.000000
vn 1.000000 0.000000 -0.000000
vn 1.000000 0.000000 -0.000000
vn 0.965926 -0.258819 0.000000
vn 0.965926 -0.258819 0.000000
vn 0.866025 -0.500000 0.000000
vn 0.866025 -0.500000 0.000000
vn 0.707107 -0.707107 0.000000
vn 0.707107 -0.707107 0.000000
vn 0.500000 -0.866025 0.000000
vn 0.500000 -0.866025 0.000000
vn 0.258819 -0.965926 0.000000
vn 0.258819 -0.965926 0.000000
vn 0.000000 -1.000000 0.000000
vn 0.000000 -1.000000 0.000000
vn -0.258819 -0.965926 0.000000
vn -0.258819 -0.965926 0.000000
vn -0.500000 -0.866025 0.000000
vn -0.500000 -0.866025 0.000000
vn -0.707107 -0.707107 0.000000
vn -0.707107 -0.707107 0.000000
vn -0.866025 -0.500000 0.000000
vn -0.866025 -0.500000 0.000000
vn 0.000000 0.000000 1.000000
vn 0.000000 0.000000 1.000000
vn 0.000000 0.000000 1.000000
vn 0.000000 0.000000 1.000000
vn 0.000000 0.000000 1.000000
vn 0.000000 0.000000 1.000000
vn 0.000000 0.000000 1.000000
vn 0.000000 0.000000 1.000000
vn 0.000000 0.000000 1.000000
vn 0.000000 0.000000 1.000000
vn 0.000000 0.000000 1.000000
vn 0.000000 0.000000 1.000000
vn 0.000000 0.000000 1.000000
vn 0.000000 0.000000 1.000000
vn 0.000000 0.000000 1.000000
vn 0.000000 0.000000 1.000000
vn 0.000000 0.000000 1.000000
vn 0.000000 0.000000 1.000000
vn 0.000000 0.000000 1.000000
vn 0.000000 0.000000 1.000000
vn 0.000000 0.000000 1.000000
vn 0.000000 0.000000 1.000000
vn 0.000000 0.000000 1.000000
vn 0.000000 0.000000 1.000000
vn 0.000000 0.000000 1.000000
vn 0.000000 0.000000 1.000000
vn 0.000000 0.000000 1.000000
vn 0.000000 0.000000 1.000000
vn 0.000000 0.000000 1.000000
vn 0.000000 0.000000 1.000000
vn 0.000000 0.000000 1.000000
vn 0.000000 0.000000 1.000000
vn 0.000000 0.000000 1.000000
vn 0.000000 0.000000 1.000000
vn 0.000000 0.000000 1.000000
vn 0.000000 0.000000 1.000000
vn 0.000000 0.000000 1.000000
vn 0.000000 0.000000 1.000000
vn 0.000000 0.000000 1.000000
vn 0.000000 0.000000 1.000000
vn 0.000000 0.000000 1.000000
vn 0.000000 0.000000 1.000000
vn 0.000000 0.000000 1.000000
vn 0.000000 0.000000 1.000000
vn 0.000000 0.000000 1.000000
vn 0.000000 0.000000 1.000000
vn 0.000000 0.000000 1.000000
vn 0.000000 0.000000 1.000000
vn 0.000000 0.000000 1.000000
vn 0.000000 0.000000 1.000000
vn 0.000000 0.000000 1.000000
vn 0.000000 0.000000 1.000000
vn -0.000000 -0.000000 -1.000000
vn -0.000000 -0.000000 -1.000000
vn -0.000000 -0.000000 -1.000000
vn -0.000000 -0.000000 -1.000000
vn -0.000000 -0.000000 -1.000000
vn -0.000000 -0.000000 -1.000000
vn -0.000000 -0.000000 -1.000000
vn -0.000000 -0.000000 -1.000000
vn -0.000000 -0.000000 -1.000000
vn -0.000000 -0.000000 -1.000000
vn -0.000000 -0.000000 -1.000000
vn -0.000000 -0.000000 -1.000000
vn -0.000000 -0.000000 -1.000000
vn -0.000000 -0.000000 -1.000000
vn -0.000000 -0.000000 -1.000000
vn -0.000000 -0.000000 -1.000000
vn -0.000000 -0.000000 -1.000000
vn -0.000000 -0.000000 -1.000000
vn -0.000000 -0.000000 -1.000000
vn -0.000000 -0.000000 -1.000000
vn -0.000000 -0.000000 -1.000000
vn -0.000000 -0.000000 -1.000000
vn -0.000000 -0.000000 -1.000000
vn -0.000000 -0.000000 -1.000000
vn -0.000000 -0.000000 -1.000000
vn -0.000000 -0.000000 -1.000000
vn -0.000000 -0.000000 -1.000000
vn -0.000000 -0.000000 -1.000000
vn -0.000000 -0.000000 -1.000000
vn -0.000000 -0.000000 -1.000000
vn -0.000000 -0.000000 -1.000000
vn -0.000000 -0.000000 -1.000000
vn -0.000000 -0.000000 -1.000000
vn -0.000000 -0.000000 -1.000000
vn -0.000000 -0.000000 -1.000000
vn -0.000000 -0.000000 -1.000000
vn -0.000000 -0.000000 -1.000000
vn -0.000000 -0.000000 -1.000000
vn -0.000000 -0.000000 -1.000000
vn -0.000000 -0.000000 -1.000000
vn -0.000000 -0.000000 -1.000000
vn -0.000000 -0.000000 -1.000000
vn -0.000000 -0.000000 -1.000000
vn -0.000000 -0.000000 -1.000000
vn -0.000000 -0.000000 -1.000000
vn -0.000000 -0.000000 -1.000000
vn -0.000000 -0.000000 -1.000000
vn -0.000000 -0.000000 -1.000000
vn -0.000000 -0.000000 -1.000000
vn -0.000000 -0.000000 -1.000000
vn -0.000000 -0.000000 -1.000000
vn -0.000000 -0.000000 -1.000000
f 401/833/817 402/834/818 404/835/819
f 404/835/819 402/834/818 403/836/820
f 402/837/821 405/838/822 403/839/823
f 403/839/823 405/838/822 406/840/824
f 407/841/825 401/842/826 408/843/827
f 408/843/827 401/842/826 404/844/828
f 405/845/829 407/846/830 406/847/831
f 406/847/831 407/846/830 408/848/832
f 409/849/833 410/850/834 412/851/835
f 412/851/835 410/850/834 411/852/836
f 413/853/837 409/854/838 414/855/839
f 414/855/839 409/854/838 412/856/840
f 415/857/841 413/858/842 416/859/843
f 416/859/843 413/858/842 414/860/844
f 410/861/845 415/862/846 411/863/847
f 411/863/847 415/862/846 416/864/848
f 404/865/849 403/866/850 416/867/851
f 416/867/851 403/866/850 406/868/852
f 416/867/851 406/868/852 411/869/853
f 411/869/853 406/868/852 408/870/854
f 411/869/853 408/870/854 412/871/855
f 412/871/855 408/870/854 404/865/849
f 412/871/855 404/865/849 414/872/856
f 414/872/856 404/865/849 416/867/851
f 418/873/857 464/874/858 417/875/859
f 417/875/859 464/874/858 441/876/860
f 417/877/859 441/878/860 440/879/861
f 440/879/861 441/878/860 442/880/862
f 440/879/861 442/880/862 439/881/863
f 439/881/863 442/880/862 443/882/864
f 439/881/863 443/882/864 438/883/865
f 438/883/865 443/882/864 444/884/866
f 438/883/865 444/884/866 437/885/867
f 437/885/867 444/884/866 445/886/868
f 437/885/867 445/886/868 436/887/869
f 436/887/869 445/886/868 446/888/870
f 436/887/869 446/888/870 435/889/871
f 435/889/871 446/888/870 447/890/872
f 435/889/871 447/890/872 434/891/873
f 434/891/873 447/890/872 448/892/874
f 434/891/873 448/892/874 433/893/875
f 433/893/875 448/892/874 449/894/876
f 433/893/875 449/894/876 432/895/877
f 432/895/877 449/894/876 450/896/878
f 432/895/877 450/896/878 431/897/879
f 431/897/879 450/896/878 451/898/880
f 431/897/879 451/898/880 430/899/881
f 430/899/881 451/898/880 452/900/882
f 430/899/881 452/900/882 429/901/883
f 429/901/883 452/900/882 453/902/884
f 429/901/883 453/902/884 428/903/885
f 428/903/885 453/902/884 454/904/886
f 428/903/885 454/904/886 427/905/887
f 427/905/887 454/904/886 455/906/888
f 427/905/887 455/906/888 426/907/889
f 426/907/889 455/906/888 456/908/890
f 426/907/889 456/908/890 425/909/891
f 425/909/891 456/908/890 457/910/892
f 425/909/891 457/910/892 424/911/893
f 424/911/893 457/910/892 458/912/894
f 424/911/893 458/912/894 423/913/895
f 423/913/895 458/912/894 459/914/896
f 423/913/895 459/914/896 422/915/897
f 422/915/897 459/914/896 460/916/898
f 422/915/897 460/916/898 421/917/899
f 421/917/899 460/916/898 461/918/900
f 421/917/899 461/918/900 420/919/901
f 420/919/901 461/918/900 462/920/902
f 420/919/901 462/920/902 419/921/903
f 419/921/903 462/920/902 463/922/904
f 419/921/903 463/922/904 418/873/857
f 418/873/857 463/922/904 464/874/858
f 466/923/905 512/924/906 465/925/907
f 465/925/907 512/924/906 489/926/908
f 465/927/907 489/928/908 488/929/909
f 488/929/909 489/928/908 490/930/910
f 488/929/909 490/930/910 487/931/911
f 487/931/911 490/930/910 491/932/912
f 487/931/911 491/932/912 486/933/913
f 486/933/913 491/932/912 492/934/914
f 486/933/913 492/934/914 485/935/915
f 485/935/915 492/934/914 493/936/916
f 485/935/915 493/936/916 484/937/917
f 484/937/917 493/936/916 494/938/918
f 484/937/917 494/938/918 483/939/919
f 483/939/919 494/938/918 495/940/920
f 483/939/919 495/940/920 482/941/921
f 482/941/921 495/940/920 496/942/922
f 482/941/921 496/942/922 481/943/923
f 481/943/923 496/942/922 497/944/924
f 481/943/923 497/944/924 480/945/925
f 480/945/925 497/944/924 498/946/926
f 480/945/925 498/946/926 479/947/927
f 479/947/927 498/946/926 499/948/928
f 479/947/927 499/948/928 478/949/929
f 478/949/929 499/948/928 500/950/930
f 478/949/929 500/950/930 477/951/931
f 477/951/931 500/950/930 501/952/932
f 477/951/931 501/952/932 476/953/933
f 476/953/933 501/952/932 502/954/934
f 476/953/933 502/954/934 475/955/935
f 475/955/935 502/954/934 503/956/936
f 475/955/935 503/956/936 474/957/937
f 474/957/937 503/956/936 504/958/938
f 474/957/937 504/958/938 473/959/939
f 473/959/939 504/958/938 505/960/940
f 473/959/939 505/960/940 472/961/941
f 472/961/941 505/960/940 506/962/942
f 472/961/941 506/962/942 471/963/943
f 471/963/943 506/962/942 507/964/944
f 471/963/943 507/964/944 470/965/945
f 470/965/945 507/964/944 508/966/946
f 470/965/945 508/966/946 469/967/947
f 469/967/947 508/966/946 509/968/948
f 469/967/947 509/968/948 468/969/949
f 468/969/949 509/968/948 510/970/950
f 468/969/949 510/970/950 467/971/951
f 467/971/951 510/970/950 511/972/952
f 467/971/951 511/972/952 466/923/905
f 466/923/905 511/972/952 512/924/906
f 488/973/953 430/974/954 465/975/955
f 465/975/955 430/974/954 429/976/956
f 465/975/955 429/976/956 466/977/957
f 466/977/957 429/976/956 428/978/958
f 466/977/957 428/978/958 467/979/959
f 467/979/959 428/978/958 427/980/960
f 467/979/959 427/980/960 468/981/961
f 468/981/961 427/980/960 426/982/962
f 468/981/961 426/982/962 469/983/963
f 469/983/963 426/982/962 425/984/964
f 469/983/963 425/984/964 401/985/965
f 401/985/965 425/984/964 424/986/966
f 401/985/965 424/986/966 423/987/967
f 430/974/954 488/973/953 431/988/968
f 431/988/968 488/973/953 487/989/969
f 431/988/968 487/989/969 432/990/970
f 432/990/970 487/989/969 486/991/971
f 432/990/970 486/991/971 433/992/972
f 433/992/972 486/991/971 485/993/973
f 433/992/972 485/993/973 402/994/974
f 402/994/974 485/993/973 405/995/975
f 405/995/975 485/993/973 484/996/976
f 405/995/975 484/996/976 483/997/977
f 483/997/977 482/998/978 405/995/975
f 405/995/975 482/998/978 481/999/979
f 405/995/975 481/999/979 480/1000/980
f 480/1000/980 479/1001/981 405/995/975
f 405/995/975 479/1001/981 478/1002/982
f 405/995/975 478/1002/982 477/1003/983
f 405/995/975 477/1003/983 407/1004/984
f 407/1004/984 477/1003/983 476/1005/985
f 407/1004/984 476/1005/985 475/1006/986
f 475/1006/986 474/1007/987 407/1004/984
f 407/1004/984 474/1007/987 473/1008/988
f 407/1004/984 473/1008/988 472/1009/989
f 472/1009/989 471/1010/990 407/1004/984
f 407/1004/984 471/1010/990 470/1011/991
f 407/1004/984 470/1011/991 469/983/963
f 440/1012/992 402/994/974 417/1013/993
f 417/1013/993 402/994/974 401/985/965
f 417/1013/993 401/985/965 418/1014/994
f 418/1014/994 401/985/965 419/1015/995
f 419/1015/995 401/985/965 420/1016/996
f 420/1016/996 401/985/965 421/1017/997
f 421/1017/997 401/985/965 422/1018/998
f 422/1018/998 401/985/965 423/987/967
f 440/1012/992 439/1019/999 402/994/974
f 402/994/974 439/1019/999 438/1020/1000
f 402/994/974 438/1020/1000 437/1021/1001
f 437/1021/1001 436/1022/1002 402/994/974
f 402/994/974 436/1022/1002 435/1023/1003
f 402/994/974 435/1023/1003 434/1024/1004
f 434/1024/1004 433/992/972 402/994/974
f 401/985/965 407/1004/984 469/983/963
f 410/1025/1005 493/1026/1006 415/1027/1007
f 415/1027/1007 493/1026/1006 449/1028/1008
f 415/1027/1007 449/1028/1008 448/1029/1009
f 409/1030/1010 501/1031/1011 410/1025/1005
f 410/1025/1005 501/1031/1011 500/1032/1012
f 410/1025/1005 500/1032/1012 499/1033/1013
f 413/1034/1014 509/1035/1015 409/1030/1010
f 409/1030/1010 509/1035/1015 508/1036/1016
f 409/1030/1010 508/1036/1016 507/1037/1017
f 415/1027/1007 441/1038/1018 413/1034/1014
f 413/1034/1014 441/1038/1018 464/1039/1019
f 413/1034/1014 464/1039/1019 463/1040/1020
f 512/1041/1021 454/1042/1022 489/1043/1023
f 489/1043/1023 454/1042/1022 453/1044/1024
f 489/1043/1023 453/1044/1024 490/1045/1025
f 490/1045/1025 453/1044/1024 452/1046/1026
f 490/1045/1025 452/1046/1026 491/1047/1027
f 491/1047/1027 452/1046/1026 451/1048/1028
f 491/1047/1027 451/1048/1028 492/1049/1029
f 492/1049/1029 451/1048/1028 450/1050/1030
f 492/1049/1029 450/1050/1030 493/1026/1006
f 493/1026/1006 450/1050/1030 449/1028/1008
f 454/1042/1022 512/1041/1021 455/1051/1031
f 455/1051/1031 512/1041/1021 511/1052/1032
f 455/1051/1031 511/1052/1032 456/1053/1033
f 456/1053/1033 511/1052/1032 510/1054/1034
f 456/1053/1033 510/1054/1034 457/1055/1035
f 457/1055/1035 510/1054/1034 509/1035/1015
f 457/1055/1035 509/1035/1015 413/1034/1014
f 507/1037/1017 506/1056/1036 409/1030/1010
f 409/1030/1010 506/1056/1036 505/1057/1037
f 409/1030/1010 505/1057/1037 504/1058/1038
f 504/1058/1038 503/1059/1039 409/1030/1010
f 409/1030/1010 503/1059/1039 502/1060/1040
f 409/1030/1010 502/1060/1040 501/1031/1011
f 499/1033/1013 498/1061/1041 410/1025/1005
f 410/1025/1005 498/1061/1041 497/1062/1042
f 410/1025/1005 497/1062/1042 496/1063/1043
f 496/1063/1043 495/1064/1044 410/1025/1005
f 410/1025/1005 495/1064/1044 494/1065/1045
f 410/1025/1005 494/1065/1045 493/1026/1006
f 463/1040/1020 462/1066/1046 413/1034/1014
f 413/1034/1014 462/1066/1046 461/1067/1047
f 413/1034/1014 461/1067/1047 460/1068/1048
f 460/1068/1048 459/1069/1049 413/1034/1014
f 413/1034/1014 459/1069/1049 458/1070/1050
f 413/1034/1014 458/1070/1050 457/1055/1035
f 448/1029/1009 447/1071/1051 415/1027/1007
f 415/1027/1007 447/1071/1051 446/1072/1052
f 415/1027/1007 446/1072/1052 445/1073/1053
f 445/1073/1053 444/1074/1054 415/1027/1007
f 415/1027/1007 444/1074/1054 443/1075/1055
f 415/1027/1007 443/1075/1055 442/1076/1056
f 442/1076/1056 441/1038/1018 415/1027/1007
g Body4

v -5.878700 -9.705143 -0.200000
v -5.749291 -9.688106 -0.200000
v -5.628700 -9.638156 -0.200000
v -5.525147 -9.558696 -0.200000
v -5.445688 -9.455143 -0.200000
v -5.395737 -9.334553 -0.200000
v -5.378700 -9.205143 -0.200000
v -5.395737 -9.205143 -0.070590
v -5.445688 -9.205143 0.050000
v -5.525147 -9.205143 0.153553
v -5.628700 -9.205143 0.233013
v -5.749291 -9.205143 0.282963
v -5.878700 -9.205143 0.300000
v -5.878700 -9.334553 0.282963
v -5.878700 -9.455143 0.233013
v -5.878700 -9.558696 0.153553
v -5.878700 -9.638156 0.050000
v -5.878700 -9.688106 -0.070590
v -5.581232 -9.332386 0.181211
v -5.619260 -9.452843 0.148332
v -5.674968 -9.556420 0.091715
v -5.744560 -9.636058 0.015218
v -5.823294 -9.686330 -0.075946
v -5.754646 -9.686330 -0.144594
v -5.663482 -9.636058 -0.065860
v -5.586985 -9.556420 0.003732
v -5.530368 -9.452843 0.059440
v -5.497489 -9.332386 0.097468
v -5.601570 -9.619477 -0.160935
v -5.519800 -9.538427 -0.099439
v -5.462489 -9.434664 -0.044797
v -5.433541 -9.315260 -0.000732
v -5.419949 -9.399465 -0.157735
v -5.393466 -9.282099 -0.107128
v -5.679432 -9.315260 0.245159
v -5.723498 -9.434664 0.216212
v -5.778140 -9.538427 0.158900
v -5.839635 -9.619477 0.077130
v -5.785828 -9.282099 0.285234
v -5.836435 -9.399465 0.258751
v -5.878700 -9.705143 -0.500000
v -5.749291 -9.688106 -0.500000
v -5.628700 -9.638156 -0.500000
v -5.525147 -9.558696 -0.500000
v -5.445688 -9.455143 -0.500000
v -5.395737 -9.334553 -0.500000
v -5.378700 -9.205143 -0.500000
v -5.378700 -3.205143 -0.200000
v -5.378700 2.794857 -0.200000
v -5.395737 2.794857 -0.070590
v -5.445688 2.794857 0.050000
v -5.525147 2.794857 0.153553
v -5.628700 2.794857 0.233013
v -5.749291 2.794857 0.282963
v -5.878700 2.794857 0.300000
v -5.878700 -3.205143 0.300000
v -5.749291 -6.805143 0.282963
v -5.749291 -4.405143 0.282963
v -5.749291 -2.005143 0.282963
v -5.749291 0.394857 0.282963
v -5.628700 -6.805143 0.233013
v -5.628700 -4.405143 0.233013
v -5.628700 -2.005143 0.233013
v -5.628700 0.394857 0.233013
v -5.525147 -6.805143 0.153553
v -5.525147 -4.405143 0.153553
v -5.525147 -2.005143 0.153553
v -5.525147 0.394857 0.153553
v -5.445688 -6.805143 0.050000
v -5.445688 -4.405143 0.050000
v -5.445688 -2.005143 0.050000
v -5.445688 0.394857 0.050000
v -5.395737 -6.805143 -0.070590
v -5.395737 -4.405143 -0.070590
v -5.395737 -2.005143 -0.070590
v -5.395737 0.394857 -0.070590
v -5.378700 -3.205143 -0.500000
v -5.378700 2.794857 -0.500000
v -14.878700 -9.705143 -0.500000
v -23.878700 -9.705143 -0.500000
v -32.878700 -9.705143 -0.500000
v -33.008110 -9.688106 -0.500000
v -33.128700 -9.638156 -0.500000
v -33.232254 -9.558696 -0.500000
v -33.311713 -9.455143 -0.500000
v -33.361663 -9.334553 -0.500000
v -33.378700 -9.205143 -0.500000
v -33.378700 -3.205143 -0.500000
v -33.378700 2.794857 -0.500000
v -33.361663 2.924266 -0.500000
v -33.311713 3.044857 -0.500000
v -33.232254 3.148410 -0.500000
v -33.128700 3.227870 -0.500000
v -33.008110 3.277820 -0.500000
v -32.878700 3.294857 -0.500000
v -32.878700 2.994857 -0.500000
v -29.878700 2.994857 -0.500000
v -29.878700 2.794857 -0.500000
v -32.878700 2.794857 -0.500000
v -32.878700 -3.205143 -0.500000
v -32.878700 -9.205143 -0.500000
v -23.878700 -9.205143 -0.500000
v -14.878700 -9.205143 -0.500000
v -5.878700 -9.205143 -0.500000
v -5.878700 -3.205143 -0.500000
v -5.878700 2.794857 -0.500000
v -16.153700 2.794857 -0.500000
v -26.428700 2.794857 -0.500000
v -26.428700 3.294857 -0.500000
v -16.153700 3.294857 -0.500000
v -5.878700 3.294857 -0.500000
v -5.749291 3.277820 -0.500000
v -5.628700 3.227870 -0.500000
v -5.525147 3.148410 -0.500000
v -5.445688 3.044857 -0.500000
v -5.395737 2.924266 -0.500000
v -5.395737 2.924266 -0.200000
v -5.445688 3.044857 -0.200000
v -5.525147 3.148410 -0.200000
v -5.628700 3.227870 -0.200000
v -5.749291 3.277820 -0.200000
v -5.878700 3.294857 -0.200000
v -5.878700 3.277820 -0.070590
v -5.878700 3.227870 0.050000
v -5.878700 3.148410 0.153553
v -5.878700 3.044857 0.233013
v -5.878700 2.924266 0.282963
v -5.785828 2.871813 0.285234
v -5.419949 2.989179 -0.157735
v -5.393466 2.871813 -0.107128
v -5.601570 3.209191 -0.160935
v -5.519800 3.128141 -0.099439
v -5.462489 3.024378 -0.044797
v -5.433541 2.904974 -0.000732
v -5.754646 3.276044 -0.144594
v -5.663482 3.225772 -0.065860
v -5.586985 3.146134 0.003732
v -5.530368 3.042557 0.059440
v -5.497489 2.922100 0.097468
v -5.823294 3.276044 -0.075946
v -5.744560 3.225772 0.015218
v -5.674968 3.146134 0.091715
v -5.619260 3.042557 0.148332
v -5.581232 2.922100 0.181211
v -5.839635 3.209191 0.077130
v -5.778140 3.128141 0.158900
v -5.723498 3.024378 0.216212
v -5.679432 2.904974 0.245159
v -5.836435 2.989179 0.258751
v -13.545367 3.294857 -0.200000
v -21.212034 3.294857 -0.200000
v -28.878700 3.294857 -0.200000
v -28.878700 3.290160 -0.131629
v -28.878700 3.276158 -0.064542
v -28.878700 3.253115 0.000000
v -32.878700 3.253115 0.000000
v -32.878700 3.194895 0.099949
v -32.878700 3.115268 0.183845
v -32.878700 3.018492 0.247199
v -32.878700 2.909749 0.286621
v -32.878700 2.794857 0.300000
v -23.878700 2.794857 0.300000
v -14.878700 2.794857 0.300000
v -8.578700 2.924266 0.282963
v -11.278700 2.924266 0.282963
v -13.978700 2.924266 0.282963
v -16.678700 2.924266 0.282963
v -19.378700 2.924266 0.282963
v -22.078700 2.924266 0.282963
v -24.778700 2.924266 0.282963
v -27.478700 2.924266 0.282963
v -30.178700 2.924266 0.282963
v -8.578700 3.044857 0.233013
v -11.278700 3.044857 0.233013
v -13.978700 3.044857 0.233013
v -16.678700 3.044857 0.233013
v -19.378700 3.044857 0.233013
v -22.078700 3.044857 0.233013
v -24.778700 3.044857 0.233013
v -27.478700 3.044857 0.233013
v -30.178700 3.044857 0.233013
v -8.578700 3.148410 0.153553
v -11.278700 3.148410 0.153553
v -13.978700 3.148410 0.153553
v -16.678700 3.148410 0.153553
v -19.378700 3.148410 0.153553
v -22.078700 3.148410 0.153553
v -24.778700 3.148410 0.153553
v -27.478700 3.148410 0.153553
v -30.178700 3.148410 0.153553
v -8.578700 3.227870 0.050000
v -11.278700 3.227870 0.050000
v -13.978700 3.227870 0.050000
v -16.678700 3.227870 0.050000
v -19.378700 3.227870 0.050000
v -22.078700 3.227870 0.050000
v -24.778700 3.227870 0.050000
v -27.478700 3.227870 0.050000
v -30.178700 3.227870 0.050000
v -8.578700 3.277820 -0.070590
v -11.278700 3.277820 -0.070590
v -13.978700 3.277820 -0.070590
v -16.678700 3.277820 -0.070590
v -19.378700 3.277820 -0.070590
v -22.078700 3.277820 -0.070590
v -24.778700 3.277820 -0.070590
v -27.478700 3.277820 -0.070590
v -26.428700 3.294857 -0.350000
v -28.378700 3.294857 -0.350000
v -28.378700 3.294857 -0.500000
v -28.878700 3.294857 -0.500000
v -33.378700 -9.205143 -0.200000
v -33.361663 -9.334553 -0.200000
v -33.311713 -9.455143 -0.200000
v -33.232254 -9.558696 -0.200000
v -33.128700 -9.638156 -0.200000
v -33.008110 -9.688106 -0.200000
v -32.878700 -9.705143 -0.200000
v -32.878700 -9.688106 -0.070590
v -32.878700 -9.638156 0.050000
v -32.878700 -9.558696 0.153553
v -32.878700 -9.455143 0.233013
v -32.878700 -9.334553 0.282963
v -32.878700 -9.205143 0.300000
v -33.008110 -9.205143 0.282963
v -33.128700 -9.205143 0.233013
v -33.232254 -9.205143 0.153553
v -33.311713 -9.205143 0.050000
v -33.361663 -9.205143 -0.070590
v -33.337452 -9.399465 -0.157735
v -33.363935 -9.282099 -0.107128
v -33.155831 -9.619477 -0.160935
v -33.237601 -9.538427 -0.099439
v -33.294912 -9.434664 -0.044797
v -33.323859 -9.315260 -0.000732
v -33.002754 -9.686330 -0.144594
v -33.093918 -9.636058 -0.065860
v -33.170415 -9.556420 0.003732
v -33.227033 -9.452843 0.059440
v -33.259912 -9.332386 0.097468
v -32.934107 -9.686330 -0.075946
v -33.012840 -9.636058 0.015218
v -33.082433 -9.556420 0.091715
v -33.138141 -9.452843 0.148332
v -33.176168 -9.332386 0.181211
v -32.917766 -9.619477 0.077130
v -32.979261 -9.538427 0.158900
v -33.033903 -9.434664 0.216212
v -33.077969 -9.315260 0.245159
v -32.920965 -9.399465 0.258751
v -32.971572 -9.282099 0.285234
v -14.878700 -9.205143 0.300000
v -23.878700 -9.205143 0.300000
v -23.878700 -9.705143 -0.200000
v -14.878700 -9.705143 -0.200000
v -8.578700 -9.688106 -0.070590
v -11.278700 -9.688106 -0.070590
v -13.978700 -9.688106 -0.070590
v -16.678700 -9.688106 -0.070590
v -19.378700 -9.688106 -0.070590
v -22.078700 -9.688106 -0.070590
v -24.778700 -9.688106 -0.070590
v -27.478700 -9.688106 -0.070590
v -30.178700 -9.688106 -0.070590
v -8.578700 -9.638156 0.050000
v -11.278700 -9.638156 0.050000
v -13.978700 -9.638156 0.050000
v -16.678700 -9.638156 0.050000
v -19.378700 -9.638156 0.050000
v -22.078700 -9.638156 0.050000
v -24.778700 -9.638156 0.050000
v -27.478700 -9.638156 0.050000
v -30.178700 -9.638156 0.050000
v -8.578700 -9.558696 0.153553
v -11.278700 -9.558696 0.153553
v -13.978700 -9.558696 0.153553
v -16.678700 -9.558696 0.153553
v -19.378700 -9.558696 0.153553
v -22.078700 -9.558696 0.153553
v -24.778700 -9.558696 0.153553
v -27.478700 -9.558696 0.153553
v -30.178700 -9.558696 0.153553
v -8.578700 -9.455143 0.233013
v -11.278700 -9.455143 0.233013
v -13.978700 -9.455143 0.233013
v -16.678700 -9.455143 0.233013
v -19.378700 -9.455143 0.233013
v -22.078700 -9.455143 0.233013
v -24.778700 -9.455143 0.233013
v -27.478700 -9.455143 0.233013
v -30.178700 -9.455143 0.233013
v -8.578700 -9.334553 0.282963
v -11.278700 -9.334553 0.282963
v -13.978700 -9.334553 0.282963
v -16.678700 -9.334553 0.282963
v -19.378700 -9.334553 0.282963
v -22.078700 -9.334553 0.282963
v -24.778700 -9.334553 0.282963
v -27.478700 -9.334553 0.282963
v -30.178700 -9.334553 0.282963
v -32.878700 3.294857 -0.200000
v -33.008110 3.277820 -0.200000
v -33.128700 3.227870 -0.200000
v -33.232254 3.148410 -0.200000
v -33.311713 3.044857 -0.200000
v -33.361663 2.924266 -0.200000
v -33.378700 2.794857 -0.200000
v -33.361663 2.794857 -0.070590
v -33.311713 2.794857 0.050000
v -33.232254 2.794857 0.153553
v -33.128700 2.794857 0.233013
v -33.008110 2.794857 0.282963
v -32.878700 3.276158 -0.064542
v -32.878700 3.290160 -0.131629
v -33.361586 2.892642 -0.114795
v -33.001064 3.092886 0.182368
v -33.215533 3.163341 -0.172371
v -33.110790 3.233422 -0.138400
v -32.990232 3.273617 -0.108626
v -33.359307 2.930654 -0.175998
v -33.308655 3.037388 -0.120514
v -33.228702 3.127595 -0.070448
v -33.124899 3.195128 -0.029209
v -33.004318 3.235384 0.000391
v -33.311614 2.988010 -0.041011
v -33.232141 3.070216 0.021939
v -33.128583 3.133657 0.069765
v -33.007997 3.174011 0.099207
v -33.121640 3.052404 0.153058
v -33.225660 2.994370 0.099689
v -33.306037 2.922741 0.025897
v -33.357292 2.842397 -0.063289
v -33.292230 2.845185 0.076515
v -33.209616 2.904247 0.158509
v -33.104452 2.955854 0.216072
v -32.983904 2.996490 0.245282
v -33.184896 2.804820 0.195152
v -33.077969 2.849338 0.255328
v -32.957463 2.890143 0.284476
v -32.878700 -3.205143 0.300000
v -33.378700 -3.205143 -0.200000
v -33.361663 -6.805143 -0.070590
v -33.361663 -4.405143 -0.070590
v -33.361663 -2.005143 -0.070590
v -33.361663 0.394857 -0.070590
v -33.311713 -6.805143 0.050000
v -33.311713 -4.405143 0.050000
v -33.311713 -2.005143 0.050000
v -33.311713 0.394857 0.050000
v -33.232254 -6.805143 0.153553
v -33.232254 -4.405143 0.153553
v -33.232254 -2.005143 0.153553
v -33.232254 0.394857 0.153553
v -33.128700 -6.805143 0.233013
v -33.128700 -4.405143 0.233013
v -33.128700 -2.005143 0.233013
v -33.128700 0.394857 0.233013
v -33.008110 -6.805143 0.282963
v -33.008110 -4.405143 0.282963
v -33.008110 -2.005143 0.282963
v -33.008110 0.394857 0.282963
v -32.878700 2.994857 0.000000
v -28.878700 2.794857 0.000000
v -21.212034 2.794857 0.000000
v -13.545367 2.794857 0.000000
v -5.878700 2.794857 0.000000
v -5.878700 -3.205143 0.000000
v -5.878700 -9.205143 0.000000
v -14.878700 -9.205143 0.000000
v -23.878700 -9.205143 0.000000
v -32.878700 -9.205143 0.000000
v -32.878700 -3.205143 0.000000
v -32.878700 2.794857 0.000000
v -29.878700 2.794857 0.000000
v -29.878700 2.994857 0.000000
v -25.378700 -5.705143 0.000000
v -19.378700 -5.705143 0.000000
v -13.378700 -5.705143 0.000000
v -13.378700 1.794857 0.000000
v -19.378700 1.794857 0.000000
v -25.378700 1.794857 0.000000
v -29.128700 -2.705143 0.000000
v -29.111663 -2.834553 0.000000
v -29.061713 -2.955143 0.000000
v -28.982254 -3.058696 0.000000
v -28.878700 -3.138156 0.000000
v -28.758110 -3.188106 0.000000
v -28.628700 -3.205143 0.000000
v -28.499291 -3.188106 0.000000
v -28.378700 -3.138156 0.000000
v -28.275147 -3.058696 0.000000
v -28.195688 -2.955143 0.000000
v -28.145737 -2.834553 0.000000
v -28.128700 -2.705143 0.000000
v -28.145737 -2.575734 0.000000
v -28.195688 -2.455143 0.000000
v -28.275147 -2.351590 0.000000
v -28.378700 -2.272130 0.000000
v -28.499291 -2.222180 0.000000
v -28.628700 -2.205143 0.000000
v -28.758110 -2.222180 0.000000
v -28.878700 -2.272130 0.000000
v -28.982254 -2.351590 0.000000
v -29.061713 -2.455143 0.000000
v -29.111663 -2.575734 0.000000
v -14.878700 -7.205143 0.000000
v -14.861663 -7.334553 0.000000
v -14.811713 -7.455143 0.000000
v -14.732254 -7.558696 0.000000
v -14.628700 -7.638156 0.000000
v -14.508110 -7.688106 0.000000
v -14.378700 -7.705143 0.000000
v -14.249291 -7.688106 0.000000
v -14.128700 -7.638156 0.000000
v -14.025147 -7.558696 0.000000
v -13.945688 -7.455143 0.000000
v -13.895737 -7.334553 0.000000
v -13.878700 -7.205143 0.000000
v -13.895737 -7.075734 0.000000
v -13.945688 -6.955143 0.000000
v -14.025147 -6.851590 0.000000
v -14.128700 -6.772130 0.000000
v -14.249291 -6.722180 0.000000
v -14.378700 -6.705143 0.000000
v -14.508110 -6.722180 0.000000
v -14.628700 -6.772130 0.000000
v -14.732254 -6.851590 0.000000
v -14.811713 -6.955143 0.000000
v -14.861663 -7.075734 0.000000
v -9.378700 -1.455143 0.000000
v -9.361663 -1.584553 0.000000
v -9.311713 -1.705143 0.000000
v -9.232254 -1.808696 0.000000
v -9.128700 -1.888156 0.000000
v -9.008110 -1.938106 0.000000
v -8.878700 -1.955143 0.000000
v -8.749291 -1.938106 0.000000
v -8.628700 -1.888156 0.000000
v -8.525147 -1.808696 0.000000
v -8.445688 -1.705143 0.000000
v -8.395737 -1.584553 0.000000
v -8.378700 -1.455143 0.000000
v -8.395737 -1.325734 0.000000
v -8.445688 -1.205143 0.000000
v -8.525147 -1.101590 0.000000
v -8.628700 -1.022130 0.000000
v -8.749291 -0.972180 0.000000
v -8.878700 -0.955143 0.000000
v -9.008110 -0.972180 0.000000
v -9.128700 -1.022130 0.000000
v -9.232254 -1.101590 0.000000
v -9.311713 -1.205143 0.000000
v -9.361663 -1.325734 0.000000
v -30.378700 -3.955143 0.000000
v -30.361663 -4.084553 0.000000
v -30.311713 -4.205143 0.000000
v -30.232254 -4.308696 0.000000
v -30.128700 -4.388156 0.000000
v -30.008110 -4.438106 0.000000
v -29.878700 -4.455143 0.000000
v -29.749291 -4.438106 0.000000
v -29.628700 -4.388156 0.000000
v -29.525147 -4.308696 0.000000
v -29.445688 -4.205143 0.000000
v -29.395737 -4.084553 0.000000
v -29.378700 -3.955143 0.000000
v -29.395737 -3.825734 0.000000
v -29.445688 -3.705143 0.000000
v -29.525147 -3.601590 0.000000
v -29.628700 -3.522130 0.000000
v -29.749291 -3.472180 0.000000
v -29.878700 -3.455143 0.000000
v -30.008110 -3.472180 0.000000
v -30.128700 -3.522130 0.000000
v -30.232254 -3.601590 0.000000
v -30.311713 -3.705143 0.000000
v -30.361663 -3.825734 0.000000
v -31.628700 -2.705143 0.000000
v -31.611663 -2.834553 0.000000
v -31.561713 -2.955143 0.000000
v -31.482254 -3.058696 0.000000
v -31.378700 -3.138156 0.000000
v -31.258110 -3.188106 0.000000
v -31.128700 -3.205143 0.000000
v -30.999291 -3.188106 0.000000
v -30.878700 -3.138156 0.000000
v -30.775147 -3.058696 0.000000
v -30.695688 -2.955143 0.000000
v -30.645737 -2.834553 0.000000
v -30.628700 -2.705143 0.000000
v -30.645737 -2.575734 0.000000
v -30.695688 -2.455143 0.000000
v -30.775147 -2.351590 0.000000
v -30.878700 -2.272130 0.000000
v -30.999291 -2.222180 0.000000
v -31.128700 -2.205143 0.000000
v -31.258110 -2.222180 0.000000
v -31.378700 -2.272130 0.000000
v -31.482254 -2.351590 0.000000
v -31.561713 -2.455143 0.000000
v -31.611663 -2.575734 0.000000
v -30.378700 -1.455143 0.000000
v -30.361663 -1.584553 0.000000
v -30.311713 -1.705143 0.000000
v -30.232254 -1.808696 0.000000
v -30.128700 -1.888156 0.000000
v -30.008110 -1.938106 0.000000
v -29.878700 -1.955143 0.000000
v -29.749291 -1.938106 0.000000
v -29.628700 -1.888156 0.000000
v -29.525147 -1.808696 0.000000
v -29.445688 -1.705143 0.000000
v -29.395737 -1.584553 0.000000
v -29.378700 -1.455143 0.000000
v -29.395737 -1.325734 0.000000
v -29.445688 -1.205143 0.000000
v -29.525147 -1.101590 0.000000
v -29.628700 -1.022130 0.000000
v -29.749291 -0.972180 0.000000
v -29.878700 -0.955143 0.000000
v -30.008110 -0.972180 0.000000
v -30.128700 -1.022130 0.000000
v -30.232254 -1.101590 0.000000
v -30.311713 -1.205143 0.000000
v -30.361663 -1.325734 0.000000
v -10.628700 -2.705143 0.000000
v -10.611663 -2.834553 0.000000
v -10.561713 -2.955143 0.000000
v -10.482254 -3.058696 0.000000
v -10.378700 -3.138156 0.000000
v -10.258110 -3.188106 0.000000
v -10.128700 -3.205143 0.000000
v -9.999291 -3.188106 0.000000
v -9.878700 -3.138156 0.000000
v -9.775147 -3.058696 0.000000
v -9.695688 -2.955143 0.000000
v -9.645737 -2.834553 0.000000
v -9.628700 -2.705143 0.000000
v -9.645737 -2.575734 0.000000
v -9.695688 -2.455143 0.000000
v -9.775147 -2.351590 0.000000
v -9.878700 -2.272130 0.000000
v -9.999291 -2.222180 0.000000
v -10.128700 -2.205143 0.000000
v -10.258110 -2.222180 0.000000
v -10.378700 -2.272130 0.000000
v -10.482254 -2.351590 0.000000
v -10.561713 -2.455143 0.000000
v -10.611663 -2.575734 0.000000
v -9.378700 -3.955143 0.000000
v -9.361663 -4.084553 0.000000
v -9.311713 -4.205143 0.000000
v -9.232254 -4.308696 0.000000
v -9.128700 -4.388156 0.000000
v -9.008110 -4.438106 0.000000
v -8.878700 -4.455143 0.000000
v -8.749291 -4.438106 0.000000
v -8.628700 -4.388156 0.000000
v -8.525147 -4.308696 0.000000
v -8.445688 -4.205143 0.000000
v -8.395737 -4.084553 0.000000
v -8.378700 -3.955143 0.000000
v -8.395737 -3.825734 0.000000
v -8.445688 -3.705143 0.000000
v -8.525147 -3.601590 0.000000
v -8.628700 -3.522130 0.000000
v -8.749291 -3.472180 0.000000
v -8.878700 -3.455143 0.000000
v -9.008110 -3.472180 0.000000
v -9.128700 -3.522130 0.000000
v -9.232254 -3.601590 0.000000
v -9.311713 -3.705143 0.000000
v -9.361663 -3.825734 0.000000
v -8.128700 -2.705143 0.000000
v -8.111663 -2.834553 0.000000
v -8.061713 -2.955143 0.000000
v -7.982254 -3.058696 0.000000
v -7.878700 -3.138156 0.000000
v -7.758110 -3.188106 0.000000
v -7.628700 -3.205143 0.000000
v -7.499291 -3.188106 0.000000
v -7.378700 -3.138156 0.000000
v -7.275147 -3.058696 0.000000
v -7.195688 -2.955143 0.000000
v -7.145737 -2.834553 0.000000
v -7.128700 -2.705143 0.000000
v -7.145737 -2.575734 0.000000
v -7.195688 -2.455143 0.000000
v -7.275147 -2.351590 0.000000
v -7.378700 -2.272130 0.000000
v -7.499291 -2.222180 0.000000
v -7.628700 -2.205143 0.000000
v -7.758110 -2.222180 0.000000
v -7.878700 -2.272130 0.000000
v -7.982254 -2.351590 0.000000
v -8.061713 -2.455143 0.000000
v -8.111663 -2.575734 0.000000
v -24.878700 -7.205143 0.000000
v -24.861663 -7.334553 0.000000
v -24.811713 -7.455143 0.000000
v -24.732254 -7.558696 0.000000
v -24.628700 -7.638156 0.000000
v -24.508110 -7.688106 0.000000
v -24.378700 -7.705143 0.000000
v -24.249291 -7.688106 0.000000
v -24.128700 -7.638156 0.000000
v -24.025147 -7.558696 0.000000
v -23.945688 -7.455143 0.000000
v -23.895737 -7.334553 0.000000
v -23.878700 -7.205143 0.000000
v -23.895737 -7.075734 0.000000
v -23.945688 -6.955143 0.000000
v -24.025147 -6.851590 0.000000
v -24.128700 -6.772130 0.000000
v -24.249291 -6.722180 0.000000
v -24.378700 -6.705143 0.000000
v -24.508110 -6.722180 0.000000
v -24.628700 -6.772130 0.000000
v -24.732254 -6.851590 0.000000
v -24.811713 -6.955143 0.000000
v -24.861663 -7.075734 0.000000
v -14.878700 -7.705143 0.000000
v -23.878700 -7.705143 0.000000
v -28.878700 2.794857 -0.500000
v -24.878700 -7.205143 0.300000
v -24.861663 -7.075734 0.300000
v -24.811713 -6.955143 0.300000
v -24.732254 -6.851590 0.300000
v -24.628700 -6.772130 0.300000
v -24.508110 -6.722180 0.300000
v -24.378700 -6.705143 0.300000
v -24.249291 -6.722180 0.300000
v -24.128700 -6.772130 0.300000
v -24.025147 -6.851590 0.300000
v -23.945688 -6.955143 0.300000
v -23.895737 -7.075734 0.300000
v -23.878700 -7.205143 0.300000
v -23.895737 -7.334553 0.300000
v -23.945688 -7.455143 0.300000
v -24.025147 -7.558696 0.300000
v -24.128700 -7.638156 0.300000
v -24.249291 -7.688106 0.300000
v -24.378700 -7.705143 0.300000
v -24.508110 -7.688106 0.300000
v -24.628700 -7.638156 0.300000
v -24.732254 -7.558696 0.300000
v -24.811713 -7.455143 0.300000
v -24.861663 -7.334553 0.300000
v -8.128700 -2.705143 0.300000
v -8.111663 -2.575734 0.300000
v -8.061713 -2.455143 0.300000
v -7.982254 -2.351590 0.300000
v -7.878700 -2.272130 0.300000
v -7.758110 -2.222180 0.300000
v -7.628700 -2.205143 0.300000
v -7.499291 -2.222180 0.300000
v -7.378700 -2.272130 0.300000
v -7.275147 -2.351590 0.300000
v -7.195688 -2.455143 0.300000
v -7.145737 -2.575734 0.300000
v -7.128700 -2.705143 0.300000
v -7.145737 -2.834553 0.300000
v -7.195688 -2.955143 0.300000
v -7.275147 -3.058696 0.300000
v -7.378700 -3.138156 0.300000
v -7.499291 -3.188106 0.300000
v -7.628700 -3.205143 0.300000
v -7.758110 -3.188106 0.300000
v -7.878700 -3.138156 0.300000
v -7.982254 -3.058696 0.300000
v -8.061713 -2.955143 0.300000
v -8.111663 -2.834553 0.300000
v -9.378700 -3.955143 0.300000
v -9.361663 -3.825734 0.300000
v -9.311713 -3.705143 0.300000
v -9.232254 -3.601590 0.300000
v -9.128700 -3.522130 0.300000
v -9.008110 -3.472180 0.300000
v -8.878700 -3.455143 0.300000
v -8.749291 -3.472180 0.300000
v -8.628700 -3.522130 0.300000
v -8.525147 -3.601590 0.300000
v -8.445688 -3.705143 0.300000
v -8.395737 -3.825734 0.300000
v -8.378700 -3.955143 0.300000
v -8.395737 -4.084553 0.300000
v -8.445688 -4.205143 0.300000
v -8.525147 -4.308696 0.300000
v -8.628700 -4.388156 0.300000
v -8.749291 -4.438106 0.300000
v -8.878700 -4.455143 0.300000
v -9.008110 -4.438106 0.300000
v -9.128700 -4.388156 0.300000
v -9.232254 -4.308696 0.300000
v -9.311713 -4.205143 0.300000
v -9.361663 -4.084553 0.300000
v -10.628700 -2.705143 0.300000
v -10.611663 -2.575734 0.300000
v -10.561713 -2.455143 0.300000
v -10.482254 -2.351590 0.300000
v -10.378700 -2.272130 0.300000
v -10.258110 -2.222180 0.300000
v -10.128700 -2.205143 0.300000
v -9.999291 -2.222180 0.300000
v -9.878700 -2.272130 0.300000
v -9.775147 -2.351590 0.300000
v -9.695688 -2.455143 0.300000
v -9.645737 -2.575734 0.300000
v -9.628700 -2.705143 0.300000
v -9.645737 -2.834553 0.300000
v -9.695688 -2.955143 0.300000
v -9.775147 -3.058696 0.300000
v -9.878700 -3.138156 0.300000
v -9.999291 -3.188106 0.300000
v -10.128700 -3.205143 0.300000
v -10.258110 -3.188106 0.300000
v -10.378700 -3.138156 0.300000
v -10.482254 -3.058696 0.300000
v -10.561713 -2.955143 0.300000
v -10.611663 -2.834553 0.300000
v -30.378700 -1.455143 0.300000
v -30.361663 -1.325734 0.300000
v -30.311713 -1.205143 0.300000
v -30.232254 -1.101590 0.300000
v -30.128700 -1.022130 0.300000
v -30.008110 -0.972180 0.300000
v -29.878700 -0.955143 0.300000
v -29.749291 -0.972180 0.300000
v -29.628700 -1.022130 0.300000
v -29.525147 -1.101590 0.300000
v -29.445688 -1.205143 0.300000
v -29.395737 -1.325734 0.300000
v -29.378700 -1.455143 0.300000
v -29.395737 -1.584553 0.300000
v -29.445688 -1.705143 0.300000
v -29.525147 -1.808696 0.300000
v -29.628700 -1.888156 0.300000
v -29.749291 -1.938106 0.300000
v -29.878700 -1.955143 0.300000
v -30.008110 -1.938106 0.300000
v -30.128700 -1.888156 0.300000
v -30.232254 -1.808696 0.300000
v -30.311713 -1.705143 0.300000
v -30.361663 -1.584553 0.300000
v -31.628700 -2.705143 0.300000
v -31.611663 -2.575734 0.300000
v -31.561713 -2.455143 0.300000
v -31.482254 -2.351590 0.300000
v -31.378700 -2.272130 0.300000
v -31.258110 -2.222180 0.300000
v -31.128700 -2.205143 0.300000
v -30.999291 -2.222180 0.300000
v -30.878700 -2.272130 0.300000
v -30.775147 -2.351590 0.300000
v -30.695688 -2.455143 0.300000
v -30.645737 -2.575734 0.300000
v -30.628700 -2.705143 0.300000
v -30.645737 -2.834553 0.300000
v -30.695688 -2.955143 0.300000
v -30.775147 -3.058696 0.300000
v -30.878700 -3.138156 0.300000
v -30.999291 -3.188106 0.300000
v -31.128700 -3.205143 0.300000
v -31.258110 -3.188106 0.300000
v -31.378700 -3.138156 0.300000
v -31.482254 -3.058696 0.300000
v -31.561713 -2.955143 0.300000
v -31.611663 -2.834553 0.300000
v -30.378700 -3.955143 0.300000
v -30.361663 -3.825734 0.300000
v -30.311713 -3.705143 0.300000
v -30.232254 -3.601590 0.300000
v -30.128700 -3.522130 0.300000
v -30.008110 -3.472180 0.300000
v -29.878700 -3.455143 0.300000
v -29.749291 -3.472180 0.300000
v -29.628700 -3.522130 0.300000
v -29.525147 -3.601590 0.300000
v -29.445688 -3.705143 0.300000
v -29.395737 -3.825734 0.300000
v -29.378700 -3.955143 0.300000
v -29.395737 -4.084553 0.300000
v -29.445688 -4.205143 0.300000
v -29.525147 -4.308696 0.300000
v -29.628700 -4.388156 0.300000
v -29.749291 -4.438106 0.300000
v -29.878700 -4.455143 0.300000
v -30.008110 -4.438106 0.300000
v -30.128700 -4.388156 0.300000
v -30.232254 -4.308696 0.300000
v -30.311713 -4.205143 0.300000
v -30.361663 -4.084553 0.300000
v -9.378700 -1.455143 0.300000
v -9.361663 -1.325734 0.300000
v -9.311713 -1.205143 0.300000
v -9.232254 -1.101590 0.300000
v -9.128700 -1.022130 0.300000
v -9.008110 -0.972180 0.300000
v -8.878700 -0.955143 0.300000
v -8.749291 -0.972180 0.300000
v -8.628700 -1.022130 0.300000
v -8.525147 -1.101590 0.300000
v -8.445688 -1.205143 0.300000
v -8.395737 -1.325734 0.300000
v -8.378700 -1.455143 0.300000
v -8.395737 -1.584553 0.300000
v -8.445688 -1.705143 0.300000
v -8.525147 -1.808696 0.300000
v -8.628700 -1.888156 0.300000
v -8.749291 -1.938106 0.300000
v -8.878700 -1.955143 0.300000
v -9.008110 -1.938106 0.300000
v -9.128700 -1.888156 0.300000
v -9.232254 -1.808696 0.300000
v -9.311713 -1.705143 0.300000
v -9.361663 -1.584553 0.300000
v -14.878700 -7.205143 0.300000
v -14.861663 -7.075734 0.300000
v -14.811713 -6.955143 0.300000
v -14.732254 -6.851590 0.300000
v -14.628700 -6.772130 0.300000
v -14.508110 -6.722180 0.300000
v -14.378700 -6.705143 0.300000
v -14.249291 -6.722180 0.300000
v -14.128700 -6.772130 0.300000
v -14.025147 -6.851590 0.300000
v -13.945688 -6.955143 0.300000
v -13.895737 -7.075734 0.300000
v -13.878700 -7.205143 0.300000
v -13.895737 -7.334553 0.300000
v -13.945688 -7.455143 0.300000
v -14.025147 -7.558696 0.300000
v -14.128700 -7.638156 0.300000
v -14.249291 -7.688106 0.300000
v -14.378700 -7.705143 0.300000
v -14.508110 -7.688106 0.300000
v -14.628700 -7.638156 0.300000
v -14.732254 -7.558696 0.300000
v -14.811713 -7.455143 0.300000
v -14.861663 -7.334553 0.300000
v -29.128700 -2.705143 0.300000
v -29.111663 -2.575734 0.300000
v -29.061713 -2.455143 0.300000
v -28.982254 -2.351590 0.300000
v -28.878700 -2.272130 0.300000
v -28.758110 -2.222180 0.300000
v -28.628700 -2.205143 0.300000
v -28.499291 -2.222180 0.300000
v -28.378700 -2.272130 0.300000
v -28.275147 -2.351590 0.300000
v -28.195688 -2.455143 0.300000
v -28.145737 -2.575734 0.300000
v -28.128700 -2.705143 0.300000
v -28.145737 -2.834553 0.300000
v -28.195688 -2.955143 0.300000
v -28.275147 -3.058696 0.300000
v -28.378700 -3.138156 0.300000
v -28.499291 -3.188106 0.300000
v -28.628700 -3.205143 0.300000
v -28.758110 -3.188106 0.300000
v -28.878700 -3.138156 0.300000
v -28.982254 -3.058696 0.300000
v -29.061713 -2.955143 0.300000
v -29.111663 -2.834553 0.300000
v -13.378700 -5.705143 0.300000
v -19.378700 -5.705143 0.300000
v -25.378700 -5.705143 0.300000
v -25.378700 1.794857 0.300000
v -19.378700 1.794857 0.300000
v -13.378700 1.794857 0.300000
v -23.878700 -7.705143 0.300000
v -14.878700 -7.705143 0.300000
v -26.428700 2.794857 -0.350000
v -28.378700 2.794857 -0.500000
v -28.378700 2.794857 -0.350000
vt -0.375940 -0.124807 0.000000
vt -0.346759 -0.062380 0.000000
vt -0.477658 0.000000 0.000000
vt -0.346759 0.062380 0.000000
vt -0.375940 0.124807 0.000000
vt -0.263523 0.207680 0.000000
vt -0.215859 0.062380 0.000000
vt -0.215859 0.187139 0.000000
vt -0.084959 0.062380 0.000000
vt -0.084959 0.187139 0.000000
vt 0.045940 0.062380 0.000000
vt 0.045940 0.187139 0.000000
vt 0.176840 0.062380 0.000000
vt 0.176840 0.187139 0.000000
vt 0.295793 0.156265 0.000000
vt 0.261799 0.303308 0.000000
vt -0.263523 -0.207680 0.000000
vt -0.215859 -0.062380 0.000000
vt -0.215859 -0.187139 0.000000
vt -0.146421 -0.270777 0.000000
vt -0.084959 -0.187139 0.000000
vt -0.027361 -0.325356 0.000000
vt 0.045940 -0.187139 0.000000
vt 0.045940 -0.311899 0.000000
vt 0.176840 -0.311899 0.000000
vt 0.092025 -0.378503 0.000000
vt 0.210267 -0.436658 0.000000
vt 0.261799 -0.303308 0.000000
vt 0.176840 -0.187139 0.000000
vt 0.045940 -0.062380 0.000000
vt -0.084959 -0.062380 0.000000
vt 0.295793 -0.156265 0.000000
vt 0.176840 -0.062380 0.000000
vt 0.307740 -0.000000 0.000000
vt 0.176840 0.311899 0.000000
vt 0.210267 0.436658 0.000000
vt 0.092025 0.378503 0.000000
vt 0.045940 0.311899 0.000000
vt -0.027361 0.325356 0.000000
vt -0.146421 0.270777 0.000000
vt 0.200000 -0.392699 0.000000
vt 0.500000 -0.392699 0.000000
vt 0.200000 -0.261799 0.000000
vt 0.500000 -0.261799 0.000000
vt 0.200000 -0.130900 0.000000
vt 0.500000 -0.130900 0.000000
vt 0.200000 0.000000 0.000000
vt 0.500000 0.000000 0.000000
vt 0.200000 0.130900 0.000000
vt 0.500000 0.130900 0.000000
vt 0.200000 0.261799 0.000000
vt 0.500000 0.261799 0.000000
vt 0.200000 0.392699 0.000000
vt 0.500000 0.392699 0.000000
vt 3.250000 -0.392699 0.000000
vt 9.250000 -0.392699 0.000000
vt 6.850000 -0.261799 0.000000
vt 9.250000 -0.261799 0.000000
vt 6.850000 -0.130900 0.000000
vt 9.250000 -0.130900 0.000000
vt 6.850000 0.000000 0.000000
vt 9.250000 0.000000 0.000000
vt 6.850000 0.130900 0.000000
vt 9.250000 0.130900 0.000000
vt 6.850000 0.261799 0.000000
vt 9.250000 0.261799 0.000000
vt 9.250000 0.392699 0.000000
vt 3.250000 0.392699 0.000000
vt 4.450000 0.261799 0.000000
vt 4.450000 0.130900 0.000000
vt 4.450000 0.000000 0.000000
vt 4.450000 -0.130900 0.000000
vt 4.450000 -0.261799 0.000000
vt 2.050000 -0.261799 0.000000
vt -0.350000 -0.261799 0.000000
vt -0.350000 -0.130900 0.000000
vt -2.750000 -0.130900 0.000000
vt -2.750000 0.000000 0.000000
vt -0.350000 0.000000 0.000000
vt -2.750000 0.130900 0.000000
vt -0.350000 0.130900 0.000000
vt -2.750000 0.261799 0.000000
vt -0.350000 0.261799 0.000000
vt -2.750000 0.392699 0.000000
vt 2.050000 0.261799 0.000000
vt -2.750000 -0.261799 0.000000
vt -2.750000 -0.392699 0.000000
vt 2.050000 -0.130900 0.000000
vt 2.050000 0.000000 0.000000
vt 2.050000 0.130900 0.000000
vt 12.500000 0.500000 0.000000
vt 6.500000 0.500000 0.000000
vt 12.500000 0.200000 0.000000
vt 6.500000 0.200000 0.000000
vt 0.500000 0.500000 0.000000
vt 0.500000 0.200000 0.000000
vt -14.000000 0.000000 0.000000
vt -14.000000 -6.000000 0.000000
vt -13.500000 -6.000000 0.000000
vt -13.982963 -6.129410 0.000000
vt -13.933013 -6.250000 0.000000
vt -13.853553 -6.353553 0.000000
vt -13.750000 -6.433013 0.000000
vt -13.629410 -6.482963 0.000000
vt -13.500000 -6.500000 0.000000
vt -4.500000 -6.500000 0.000000
vt -4.500000 -6.000000 0.000000
vt 4.500000 -6.500000 0.000000
vt 4.500000 -6.000000 0.000000
vt 13.500000 -6.500000 0.000000
vt 13.500000 -6.000000 0.000000
vt 13.629410 -6.482963 0.000000
vt 13.750000 -6.433013 0.000000
vt 13.853553 -6.353553 0.000000
vt 13.933013 -6.250000 0.000000
vt 13.982963 -6.129410 0.000000
vt 14.000000 -6.000000 0.000000
vt 13.500000 0.000000 0.000000
vt 14.000000 0.000000 0.000000
vt 13.500000 6.000000 0.000000
vt 14.000000 6.000000 0.000000
vt 13.982963 6.129410 0.000000
vt 13.500000 6.200000 0.000000
vt 13.933013 6.250000 0.000000
vt 13.853553 6.353553 0.000000
vt 13.750000 6.433013 0.000000
vt 13.629410 6.482963 0.000000
vt 13.500000 6.500000 0.000000
vt 10.500000 6.200000 0.000000
vt 10.500000 6.000000 0.000000
vt -13.500000 0.000000 0.000000
vt -14.000000 6.000000 0.000000
vt -13.500000 6.000000 0.000000
vt -13.982963 6.129410 0.000000
vt -13.933013 6.250000 0.000000
vt -13.853553 6.353553 0.000000
vt -13.750000 6.433013 0.000000
vt -13.629410 6.482963 0.000000
vt -13.500000 6.500000 0.000000
vt -3.225000 6.000000 0.000000
vt -3.225000 6.500000 0.000000
vt 7.050000 6.000000 0.000000
vt 7.050000 6.500000 0.000000
vt -0.261799 -0.303308 0.000000
vt -0.210267 -0.436658 0.000000
vt -0.176840 -0.311899 0.000000
vt -0.092025 -0.378503 0.000000
vt -0.045940 -0.311899 0.000000
vt 0.027361 -0.325356 0.000000
vt -0.045940 -0.187139 0.000000
vt 0.084959 -0.187139 0.000000
vt -0.045940 -0.062380 0.000000
vt 0.084959 -0.062380 0.000000
vt -0.045940 0.062380 0.000000
vt 0.084959 0.062380 0.000000
vt -0.045940 0.187139 0.000000
vt 0.084959 0.187139 0.000000
vt 0.027361 0.325356 0.000000
vt 0.146421 0.270777 0.000000
vt 0.215859 0.187139 0.000000
vt 0.263523 0.207680 0.000000
vt 0.215859 0.062380 0.000000
vt 0.346759 0.062380 0.000000
vt 0.346759 -0.062380 0.000000
vt 0.477658 -0.000000 0.000000
vt 0.375940 -0.124807 0.000000
vt 0.263523 -0.207680 0.000000
vt 0.215859 -0.062380 0.000000
vt 0.215859 -0.187139 0.000000
vt 0.146421 -0.270777 0.000000
vt 0.375940 0.124807 0.000000
vt -0.045940 0.311899 0.000000
vt -0.092025 0.378503 0.000000
vt -0.176840 0.311899 0.000000
vt -0.210267 0.436658 0.000000
vt -0.261799 0.303308 0.000000
vt -0.176840 0.187139 0.000000
vt -0.295793 0.156265 0.000000
vt -0.176840 0.062380 0.000000
vt -0.307740 -0.000000 0.000000
vt -0.176840 -0.062380 0.000000
vt -0.295793 -0.156265 0.000000
vt -0.176840 -0.187139 0.000000
vt 0.200000 -0.392699 0.000000
vt 0.500000 -0.392699 0.000000
vt 0.200000 -0.261799 0.000000
vt 0.500000 -0.261799 0.000000
vt 0.200000 -0.130900 0.000000
vt 0.500000 -0.130900 0.000000
vt 0.200000 -0.000000 0.000000
vt 0.500000 -0.000000 0.000000
vt 0.200000 0.130900 0.000000
vt 0.500000 0.130900 0.000000
vt 0.200000 0.261799 0.000000
vt 0.500000 0.261799 0.000000
vt 0.200000 0.392699 0.000000
vt 0.500000 0.392699 0.000000
vt 20.500000 -0.261799 0.000000
vt 17.800000 -0.261799 0.000000
vt 20.500000 -0.392699 0.000000
vt 15.100000 -0.261799 0.000000
vt 11.500000 -0.392699 0.000000
vt 12.400000 -0.261799 0.000000
vt 9.700000 -0.261799 0.000000
vt 9.700000 -0.130900 0.000000
vt 7.000000 -0.130900 0.000000
vt 7.000000 0.000000 0.000000
vt 4.300000 0.000000 0.000000
vt 4.300000 0.130900 0.000000
vt 1.600000 0.130900 0.000000
vt 1.600000 0.261799 0.000000
vt -1.100000 0.261799 0.000000
vt -2.500000 0.392699 0.000000
vt -2.500000 0.324113 0.000000
vt 17.800000 -0.130900 0.000000
vt 20.500000 -0.130900 0.000000
vt 17.800000 0.000000 0.000000
vt 20.500000 0.000000 0.000000
vt 17.800000 0.130900 0.000000
vt 20.500000 0.130900 0.000000
vt 17.800000 0.261799 0.000000
vt 20.500000 0.261799 0.000000
vt 20.500000 0.392699 0.000000
vt 12.833333 0.392699 0.000000
vt 15.100000 0.261799 0.000000
vt 15.100000 0.130900 0.000000
vt 15.100000 0.000000 0.000000
vt 15.100000 -0.130900 0.000000
vt 5.166667 0.392699 0.000000
vt 9.700000 0.261799 0.000000
vt 12.400000 0.261799 0.000000
vt 4.300000 0.261799 0.000000
vt 7.000000 0.261799 0.000000
vt 7.000000 0.130900 0.000000
vt 9.700000 0.130900 0.000000
vt 9.700000 0.000000 0.000000
vt 12.400000 0.000000 0.000000
vt 12.400000 -0.130900 0.000000
vt -2.500000 0.255527 0.000000
vt -2.500000 0.186941 0.000000
vt -1.100000 0.130900 0.000000
vt -3.800000 0.130900 0.000000
vt -1.100000 0.000000 0.000000
vt -3.800000 0.000000 0.000000
vt -1.100000 -0.130900 0.000000
vt -3.800000 -0.130900 0.000000
vt -1.100000 -0.261799 0.000000
vt -3.800000 -0.261799 0.000000
vt 2.500000 -0.392699 0.000000
vt -6.500000 -0.276771 0.000000
vt -6.500000 -0.392699 0.000000
vt -6.500000 0.186941 0.000000
vt -6.500000 0.071013 0.000000
vt -6.500000 -0.044915 0.000000
vt -6.500000 -0.160843 0.000000
vt 7.000000 -0.261799 0.000000
vt 4.300000 -0.261799 0.000000
vt 1.600000 -0.261799 0.000000
vt 1.600000 -0.130900 0.000000
vt 4.300000 -0.130900 0.000000
vt 1.600000 0.000000 0.000000
vt 12.400000 0.130900 0.000000
vt 27.500000 0.200000 0.000000
vt 27.500000 0.500000 0.000000
vt 19.833333 0.200000 0.000000
vt 17.225000 0.500000 0.000000
vt 12.166667 0.200000 0.000000
vt 6.950000 0.500000 0.000000
vt 6.950000 0.350000 0.000000
vt 4.500000 0.200000 0.000000
vt 5.000000 0.350000 0.000000
vt 4.500000 0.500000 0.000000
vt 5.000000 0.500000 0.000000
vt 0.261799 0.303308 0.000000
vt 0.210267 0.436658 0.000000
vt 0.176840 0.311899 0.000000
vt 0.092025 0.378503 0.000000
vt 0.045940 0.311899 0.000000
vt -0.027361 0.325356 0.000000
vt 0.045940 0.187139 0.000000
vt -0.084959 0.187139 0.000000
vt 0.045940 0.062380 0.000000
vt -0.084959 0.062380 0.000000
vt 0.045940 -0.062380 0.000000
vt -0.084959 -0.062380 0.000000
vt 0.045940 -0.187139 0.000000
vt -0.084959 -0.187139 0.000000
vt -0.027361 -0.325356 0.000000
vt -0.146421 -0.270777 0.000000
vt -0.215859 -0.187139 0.000000
vt -0.263523 -0.207680 0.000000
vt -0.215859 -0.062380 0.000000
vt -0.346759 -0.062380 0.000000
vt -0.346759 0.062380 0.000000
vt -0.477658 0.000000 0.000000
vt -0.375940 0.124807 0.000000
vt -0.263523 0.207680 0.000000
vt -0.215859 0.062380 0.000000
vt -0.215859 0.187139 0.000000
vt -0.146421 0.270777 0.000000
vt -0.375940 -0.124807 0.000000
vt 0.045940 -0.311899 0.000000
vt 0.092025 -0.378503 0.000000
vt 0.176840 -0.311899 0.000000
vt 0.210267 -0.436658 0.000000
vt 0.261799 -0.303308 0.000000
vt 0.176840 -0.187139 0.000000
vt 0.295793 -0.156265 0.000000
vt 0.176840 -0.062380 0.000000
vt 0.307740 0.000000 0.000000
vt 0.176840 0.062380 0.000000
vt 0.295793 0.156265 0.000000
vt 0.176840 0.187139 0.000000
vt -0.200000 0.392699 0.000000
vt -0.500000 0.392699 0.000000
vt -0.200000 0.261799 0.000000
vt -0.500000 0.261799 0.000000
vt -0.200000 0.130900 0.000000
vt -0.500000 0.130900 0.000000
vt -0.200000 0.000000 0.000000
vt -0.500000 0.000000 0.000000
vt -0.200000 -0.130900 0.000000
vt -0.500000 -0.130900 0.000000
vt -0.200000 -0.261799 0.000000
vt -0.500000 -0.261799 0.000000
vt -0.200000 -0.392699 0.000000
vt -0.500000 -0.392699 0.000000
vt -6.500000 0.261799 0.000000
vt -3.800000 0.261799 0.000000
vt -6.500000 0.392699 0.000000
vt -1.100000 0.261799 0.000000
vt 2.500000 0.392699 0.000000
vt 1.600000 0.261799 0.000000
vt 4.300000 0.261799 0.000000
vt 4.300000 0.130900 0.000000
vt 7.000000 0.130900 0.000000
vt 7.000000 -0.000000 0.000000
vt 9.700000 -0.000000 0.000000
vt 9.700000 -0.130900 0.000000
vt 12.400000 -0.130900 0.000000
vt 12.400000 -0.261799 0.000000
vt 15.100000 -0.261799 0.000000
vt 11.500000 -0.392699 0.000000
vt 20.500000 -0.392699 0.000000
vt -3.800000 0.130900 0.000000
vt -6.500000 0.130900 0.000000
vt -3.800000 -0.000000 0.000000
vt -6.500000 -0.000000 0.000000
vt -3.800000 -0.130900 0.000000
vt -6.500000 -0.130900 0.000000
vt -3.800000 -0.261799 0.000000
vt -6.500000 -0.261799 0.000000
vt -6.500000 -0.392699 0.000000
vt -1.100000 -0.261799 0.000000
vt 2.500000 -0.392699 0.000000
vt 1.600000 -0.261799 0.000000
vt 4.300000 -0.261799 0.000000
vt 1.600000 -0.130900 0.000000
vt 4.300000 -0.130900 0.000000
vt 1.600000 -0.000000 0.000000
vt 4.300000 -0.000000 0.000000
vt 1.600000 0.130900 0.000000
vt 7.000000 -0.261799 0.000000
vt 9.700000 -0.261799 0.000000
vt 17.800000 -0.261799 0.000000
vt 20.500000 -0.261799 0.000000
vt 17.800000 -0.130900 0.000000
vt 20.500000 -0.130900 0.000000
vt 17.800000 -0.000000 0.000000
vt 20.500000 -0.000000 0.000000
vt 17.800000 0.130900 0.000000
vt 20.500000 0.130900 0.000000
vt 17.800000 0.261799 0.000000
vt 20.500000 0.261799 0.000000
vt 20.500000 0.392699 0.000000
vt 15.100000 0.261799 0.000000
vt 11.500000 0.392699 0.000000
vt 12.400000 0.261799 0.000000
vt 9.700000 0.261799 0.000000
vt 12.400000 0.130900 0.000000
vt 9.700000 0.130900 0.000000
vt 12.400000 -0.000000 0.000000
vt 7.000000 0.261799 0.000000
vt -1.100000 0.130900 0.000000
vt -1.100000 -0.000000 0.000000
vt -1.100000 -0.130900 0.000000
vt 15.100000 0.130900 0.000000
vt 15.100000 -0.000000 0.000000
vt 15.100000 -0.130900 0.000000
vt 7.000000 -0.130900 0.000000
vt 0.500000 0.200000 0.000000
vt 9.500000 0.200000 0.000000
vt 0.500000 0.500000 0.000000
vt 9.500000 0.500000 0.000000
vt 18.500000 0.200000 0.000000
vt 18.500000 0.500000 0.000000
vt 27.500000 0.200000 0.000000
vt 27.500000 0.500000 0.000000
vt 0.159456 0.310392 0.000000
vt 0.032191 0.281404 0.000000
vt 0.174473 0.244777 0.000000
vt 0.068468 0.201330 0.000000
vt 0.186203 0.177877 0.000000
vt 0.068468 0.092269 0.000000
vt 0.194343 0.109933 0.000000
vt 0.199365 -0.006268 0.000000
vt 0.068468 -0.016793 0.000000
vt 0.193141 -0.122353 0.000000
vt 0.068468 -0.125854 0.000000
vt 0.176164 -0.236290 0.000000
vt 0.068468 -0.234916 0.000000
vt 0.149702 -0.346676 0.000000
vt 0.068468 -0.343977 0.000000
vt 0.115543 -0.453039 0.000000
vt -0.008642 -0.414383 0.000000
vt -0.062429 -0.343977 0.000000
vt -0.132765 -0.375387 0.000000
vt -0.193326 -0.343977 0.000000
vt -0.255859 -0.330652 0.000000
vt -0.193326 -0.234916 0.000000
vt -0.324223 -0.234916 0.000000
vt -0.324223 -0.125854 0.000000
vt -0.455119 -0.125854 0.000000
vt -0.455119 -0.016793 0.000000
vt -0.490328 -0.178294 0.000000
vt -0.586016 0.000000 0.000000
vt -0.455119 0.092269 0.000000
vt -0.471218 0.121669 0.000000
vt -0.348103 0.182710 0.000000
vt -0.324223 0.092269 0.000000
vt -0.193326 0.201330 0.000000
vt -0.193326 0.092269 0.000000
vt -0.062429 0.092269 0.000000
vt -0.062429 -0.016793 0.000000
vt -0.062429 0.201330 0.000000
vt -0.095195 0.253373 0.000000
vt -0.222205 0.222385 0.000000
vt -0.376315 -0.271441 0.000000
vt -0.324223 -0.016793 0.000000
vt -0.193326 -0.016793 0.000000
vt -0.193326 -0.125854 0.000000
vt -0.062429 -0.125854 0.000000
vt -0.062429 -0.234916 0.000000
vt 0.200000 -0.392699 0.000000
vt 0.500000 -0.392699 0.000000
vt 0.200000 -0.261799 0.000000
vt 0.500000 -0.261799 0.000000
vt 0.200000 -0.130900 0.000000
vt 0.500000 -0.130900 0.000000
vt 0.200000 0.000000 0.000000
vt 0.500000 0.000000 0.000000
vt 0.200000 0.130900 0.000000
vt 0.500000 0.130900 0.000000
vt 0.200000 0.261799 0.000000
vt 0.500000 0.261799 0.000000
vt 0.200000 0.392699 0.000000
vt 0.500000 0.392699 0.000000
vt 3.250000 0.392699 0.000000
vt -2.750000 0.392699 0.000000
vt -0.350000 0.261799 0.000000
vt -2.750000 0.261799 0.000000
vt -0.350000 0.130900 0.000000
vt -2.750000 0.130900 0.000000
vt -0.350000 0.000000 0.000000
vt -2.750000 0.000000 0.000000
vt -0.350000 -0.130900 0.000000
vt -2.750000 -0.130900 0.000000
vt -0.350000 -0.261799 0.000000
vt -2.750000 -0.261799 0.000000
vt -2.750000 -0.392699 0.000000
vt 3.250000 -0.392699 0.000000
vt 2.050000 -0.261799 0.000000
vt 2.050000 -0.130900 0.000000
vt 2.050000 0.000000 0.000000
vt 2.050000 0.130900 0.000000
vt 2.050000 0.261799 0.000000
vt 4.450000 0.261799 0.000000
vt 6.850000 0.261799 0.000000
vt 6.850000 0.130900 0.000000
vt 9.250000 0.130900 0.000000
vt 9.250000 0.000000 0.000000
vt 6.850000 0.000000 0.000000
vt 9.250000 -0.130900 0.000000
vt 6.850000 -0.130900 0.000000
vt 9.250000 -0.261799 0.000000
vt 6.850000 -0.261799 0.000000
vt 9.250000 -0.392699 0.000000
vt 4.450000 -0.261799 0.000000
vt 9.250000 0.261799 0.000000
vt 9.250000 0.392699 0.000000
vt 4.450000 0.130900 0.000000
vt 4.450000 0.000000 0.000000
vt 4.450000 -0.130900 0.000000
vt -0.004697 0.368371 0.000000
vt -0.300000 0.500000 0.000000
vt -0.000000 0.300000 0.000000
vt -0.300000 0.000000 0.000000
vt -0.000000 0.000000 0.000000
vt -0.018699 0.435458 0.000000
vt -0.041742 0.500000 0.000000
vt 13.500000 6.200000 0.000000
vt 13.500000 6.458258 0.000000
vt 10.500000 6.200000 0.000000
vt 9.500000 6.458258 0.000000
vt 9.500000 6.000000 0.000000
vt 1.833333 6.000000 0.000000
vt 6.000000 5.000000 0.000000
vt 10.250000 2.183013 0.000000
vt 10.370590 2.232963 0.000000
vt -0.000000 5.000000 0.000000
vt -5.833333 6.000000 0.000000
vt -6.000000 5.000000 0.000000
vt -13.500000 6.000000 0.000000
vt -10.500000 2.250000 0.000000
vt -10.629410 2.232963 0.000000
vt -10.750000 2.183013 0.000000
vt -10.853553 2.103553 0.000000
vt -10.933013 2.000000 0.000000
vt -12.000000 0.933013 0.000000
vt -10.982963 1.879410 0.000000
vt -11.879410 0.982963 0.000000
vt -11.000000 1.750000 0.000000
vt -11.750000 1.000000 0.000000
vt -10.982963 1.620590 0.000000
vt -10.933013 1.500000 0.000000
vt -11.620590 0.982963 0.000000
vt -10.853553 1.396447 0.000000
vt -11.500000 0.933013 0.000000
vt -10.750000 1.316987 0.000000
vt -11.396447 0.853553 0.000000
vt -10.629410 1.267037 0.000000
vt -11.316987 0.750000 0.000000
vt -10.500000 1.250000 0.000000
vt -11.267037 0.629410 0.000000
vt -9.732963 0.629410 0.000000
vt -9.750000 0.500000 0.000000
vt -11.250000 0.500000 0.000000
vt -9.732963 0.370590 0.000000
vt -11.267037 0.370590 0.000000
vt -9.683013 0.250000 0.000000
vt -11.316987 0.250000 0.000000
vt -10.500000 -0.250000 0.000000
vt -10.629410 -0.267037 0.000000
vt -11.396447 0.146447 0.000000
vt -10.750000 -0.316987 0.000000
vt -11.500000 0.066987 0.000000
vt -10.853553 -0.396447 0.000000
vt -11.620590 0.017037 0.000000
vt -10.933013 -0.500000 0.000000
vt -11.750000 0.000000 0.000000
vt -10.982963 -0.620590 0.000000
vt -11.000000 -0.750000 0.000000
vt -11.879410 0.017037 0.000000
vt -10.982963 -0.879410 0.000000
vt -13.500000 0.000000 0.000000
vt -10.933013 -1.000000 0.000000
vt -10.853553 -1.103553 0.000000
vt -13.500000 -6.000000 0.000000
vt -10.750000 -1.183013 0.000000
vt -10.629410 -1.232963 0.000000
vt -10.500000 -1.250000 0.000000
vt -5.500000 -4.000000 0.000000
vt -10.370590 -1.232963 0.000000
vt -6.000000 -2.500000 0.000000
vt -10.250000 -1.183013 0.000000
vt -10.146447 -1.103553 0.000000
vt -10.066987 -1.000000 0.000000
vt -10.017037 -0.879410 0.000000
vt -9.000000 0.066987 0.000000
vt -9.120590 0.017037 0.000000
vt -12.103553 0.853553 0.000000
vt -12.183013 0.750000 0.000000
vt -12.232963 0.629410 0.000000
vt -12.250000 0.500000 0.000000
vt -12.232963 0.370590 0.000000
vt -12.183013 0.250000 0.000000
vt -12.103553 0.146447 0.000000
vt -12.000000 0.066987 0.000000
vt -4.500000 -6.000000 0.000000
vt -5.353553 -4.353553 0.000000
vt -5.433013 -4.250000 0.000000
vt -5.482963 -4.129410 0.000000
vt 4.500000 -6.000000 0.000000
vt -0.000000 -2.500000 0.000000
vt -4.500000 -4.500000 0.000000
vt -5.000000 -4.500000 0.000000
vt -4.870590 -4.482963 0.000000
vt -4.750000 -4.433013 0.000000
vt -4.646447 -4.353553 0.000000
vt -4.566987 -4.250000 0.000000
vt -4.517037 -4.129410 0.000000
vt -4.500000 -4.000000 0.000000
vt -4.517037 -3.870590 0.000000
vt -4.566987 -3.750000 0.000000
vt -4.646447 -3.646447 0.000000
vt -4.750000 -3.566987 0.000000
vt -4.870590 -3.517037 0.000000
vt -5.000000 -3.500000 0.000000
vt -5.129410 -3.517037 0.000000
vt -5.250000 -3.566987 0.000000
vt -5.353553 -3.646447 0.000000
vt -5.433013 -3.750000 0.000000
vt -5.482963 -3.870590 0.000000
vt 13.500000 -6.000000 0.000000
vt 5.353553 -4.353553 0.000000
vt 5.250000 -4.433013 0.000000
vt 5.129410 -4.482963 0.000000
vt 13.500000 0.000000 0.000000
vt 10.853553 -1.103553 0.000000
vt 10.750000 -1.183013 0.000000
vt 10.629410 -1.232963 0.000000
vt 13.500000 6.000000 0.000000
vt 12.103553 0.853553 0.000000
vt 12.183013 0.750000 0.000000
vt 12.232963 0.629410 0.000000
vt 10.500000 6.000000 0.000000
vt 10.629410 2.232963 0.000000
vt 10.750000 2.183013 0.000000
vt 10.853553 2.103553 0.000000
vt 10.500000 2.250000 0.000000
vt 4.750000 -3.566987 0.000000
vt 6.000000 -2.500000 0.000000
vt 4.870590 -3.517037 0.000000
vt 5.000000 -3.500000 0.000000
vt -8.767037 0.629410 0.000000
vt -8.750000 0.500000 0.000000
vt -8.767037 0.370590 0.000000
vt 8.767037 0.629410 0.000000
vt 8.816987 0.750000 0.000000
vt 8.896447 0.853553 0.000000
vt 9.732963 0.370590 0.000000
vt 11.267037 0.370590 0.000000
vt 9.750000 0.500000 0.000000
vt 11.250000 0.500000 0.000000
vt 9.732963 0.629410 0.000000
vt 11.267037 0.629410 0.000000
vt 10.500000 1.250000 0.000000
vt 11.316987 0.750000 0.000000
vt 10.629410 1.267037 0.000000
vt 11.396447 0.853553 0.000000
vt 10.750000 1.316987 0.000000
vt 11.500000 0.933013 0.000000
vt 10.853553 1.396447 0.000000
vt 11.620590 0.982963 0.000000
vt 10.933013 1.500000 0.000000
vt 11.750000 1.000000 0.000000
vt 10.982963 1.620590 0.000000
vt 11.000000 1.750000 0.000000
vt 11.879410 0.982963 0.000000
vt 10.982963 1.879410 0.000000
vt 12.000000 0.933013 0.000000
vt 10.933013 2.000000 0.000000
vt 11.316987 0.250000 0.000000
vt 9.683013 0.250000 0.000000
vt 10.500000 -0.250000 0.000000
vt 10.370590 -0.267037 0.000000
vt 9.603553 0.146447 0.000000
vt 10.250000 -0.316987 0.000000
vt 9.500000 0.066987 0.000000
vt 10.146447 -0.396447 0.000000
vt 9.379410 0.017037 0.000000
vt 10.066987 -0.500000 0.000000
vt 9.250000 0.000000 0.000000
vt 10.017037 -0.620590 0.000000
vt 10.000000 -0.750000 0.000000
vt 9.120590 0.017037 0.000000
vt 10.017037 -0.879410 0.000000
vt 9.000000 0.066987 0.000000
vt 8.896447 0.146447 0.000000
vt 8.816987 0.250000 0.000000
vt 8.767037 0.370590 0.000000
vt 8.750000 0.500000 0.000000
vt 9.000000 0.933013 0.000000
vt 10.066987 2.000000 0.000000
vt 10.146447 2.103553 0.000000
vt 10.017037 1.879410 0.000000
vt 9.120590 0.982963 0.000000
vt 10.000000 1.750000 0.000000
vt 9.250000 1.000000 0.000000
vt 10.017037 1.620590 0.000000
vt 10.066987 1.500000 0.000000
vt 9.379410 0.982963 0.000000
vt 10.146447 1.396447 0.000000
vt 9.500000 0.933013 0.000000
vt 10.250000 1.316987 0.000000
vt 9.603553 0.853553 0.000000
vt 10.370590 1.267037 0.000000
vt 9.683013 0.750000 0.000000
vt -5.129410 -4.482963 0.000000
vt -5.250000 -4.433013 0.000000
vt -10.017037 1.620590 0.000000
vt -9.250000 1.000000 0.000000
vt -10.000000 1.750000 0.000000
vt -9.120590 0.982963 0.000000
vt -10.017037 1.879410 0.000000
vt -9.000000 0.933013 0.000000
vt -10.066987 2.000000 0.000000
vt -10.146447 2.103553 0.000000
vt -10.250000 2.183013 0.000000
vt -10.370590 2.232963 0.000000
vt -10.066987 1.500000 0.000000
vt -9.379410 0.982963 0.000000
vt -10.146447 1.396447 0.000000
vt -9.500000 0.933013 0.000000
vt -10.250000 1.316987 0.000000
vt -9.603553 0.853553 0.000000
vt -10.370590 1.267037 0.000000
vt -9.683013 0.750000 0.000000
vt 10.982963 -0.879410 0.000000
vt 11.879410 0.017037 0.000000
vt 11.000000 -0.750000 0.000000
vt 11.750000 0.000000 0.000000
vt 10.982963 -0.620590 0.000000
vt 10.933013 -0.500000 0.000000
vt 11.620590 0.017037 0.000000
vt 10.853553 -0.396447 0.000000
vt 11.500000 0.066987 0.000000
vt 10.750000 -0.316987 0.000000
vt 11.396447 0.146447 0.000000
vt 10.629410 -0.267037 0.000000
vt 10.933013 -1.000000 0.000000
vt 10.500000 -1.250000 0.000000
vt 5.500000 -4.000000 0.000000
vt 5.482963 -4.129410 0.000000
vt 10.370590 -1.232963 0.000000
vt 5.482963 -3.870590 0.000000
vt 5.433013 -3.750000 0.000000
vt 5.353553 -3.646447 0.000000
vt 5.250000 -3.566987 0.000000
vt 5.129410 -3.517037 0.000000
vt 10.250000 -1.183013 0.000000
vt 10.146447 -1.103553 0.000000
vt 10.066987 -1.000000 0.000000
vt 12.250000 0.500000 0.000000
vt 12.232963 0.370590 0.000000
vt 12.183013 0.250000 0.000000
vt 12.103553 0.146447 0.000000
vt 12.000000 0.066987 0.000000
vt -8.816987 0.250000 0.000000
vt -8.896447 0.146447 0.000000
vt -10.000000 -0.750000 0.000000
vt -9.250000 0.000000 0.000000
vt -10.017037 -0.620590 0.000000
vt -10.066987 -0.500000 0.000000
vt -9.379410 0.017037 0.000000
vt -10.146447 -0.396447 0.000000
vt -9.500000 0.066987 0.000000
vt -10.250000 -0.316987 0.000000
vt -9.603553 0.146447 0.000000
vt -10.370590 -0.267037 0.000000
vt -8.896447 0.853553 0.000000
vt -8.816987 0.750000 0.000000
vt 5.433013 -4.250000 0.000000
vt 5.000000 -4.500000 0.000000
vt 4.500000 -4.500000 0.000000
vt 4.517037 -4.129410 0.000000
vt 4.500000 -4.000000 0.000000
vt 4.870590 -4.482963 0.000000
vt 4.750000 -4.433013 0.000000
vt 4.646447 -4.353553 0.000000
vt 4.566987 -4.250000 0.000000
vt 4.517037 -3.870590 0.000000
vt 4.566987 -3.750000 0.000000
vt 4.646447 -3.646447 0.000000
vt -0.458258 0.500000 0.000000
vt -0.481301 0.435458 0.000000
vt -0.000000 0.500000 0.000000
vt -0.495303 0.368371 0.000000
vt -0.500000 0.300000 0.000000
vt -0.500000 0.000000 0.000000
vt -0.000000 0.000000 0.000000
vt -5.482963 -4.129410 0.000000
vt -5.500000 -4.000000 0.000000
vt -6.000000 -2.500000 0.000000
vt -5.482963 -3.870590 0.000000
vt -5.433013 -3.750000 0.000000
vt -5.353553 -3.646447 0.000000
vt -5.250000 -3.566987 0.000000
vt -5.129410 -3.517037 0.000000
vt -5.000000 -3.500000 0.000000
vt -4.870590 -3.517037 0.000000
vt -4.750000 -3.566987 0.000000
vt 0.000000 -2.500000 0.000000
vt -4.646447 -3.646447 0.000000
vt -4.566987 -3.750000 0.000000
vt -4.517037 -3.870590 0.000000
vt -4.500000 -4.000000 0.000000
vt -4.500000 -4.500000 0.000000
vt -4.517037 -4.129410 0.000000
vt -4.566987 -4.250000 0.000000
vt -4.646447 -4.353553 0.000000
vt -4.750000 -4.433013 0.000000
vt -4.870590 -4.482963 0.000000
vt -4.500000 -6.000000 0.000000
vt -5.000000 -4.500000 0.000000
vt -5.129410 -4.482963 0.000000
vt -5.250000 -4.433013 0.000000
vt -5.353553 -4.353553 0.000000
vt -5.433013 -4.250000 0.000000
vt -13.500000 -6.000000 0.000000
vt -10.370590 -1.232963 0.000000
vt -10.250000 -1.183013 0.000000
vt -10.146447 -1.103553 0.000000
vt -10.066987 -1.000000 0.000000
vt -9.000000 0.066987 0.000000
vt -9.120590 0.017037 0.000000
vt 11.267037 0.629410 0.000000
vt 10.629410 1.267037 0.000000
vt 11.250000 0.500000 0.000000
vt 10.629410 -0.267037 0.000000
vt 11.267037 0.370590 0.000000
vt 10.750000 -0.316987 0.000000
vt 11.316987 0.250000 0.000000
vt 10.853553 -0.396447 0.000000
vt 11.396447 0.146447 0.000000
vt 10.933013 -0.500000 0.000000
vt 11.500000 0.066987 0.000000
vt 10.982963 -0.620590 0.000000
vt 11.620590 0.017037 0.000000
vt 11.000000 -0.750000 0.000000
vt 11.750000 0.000000 0.000000
vt 10.982963 -0.879410 0.000000
vt 11.879410 0.017037 0.000000
vt 10.933013 -1.000000 0.000000
vt 12.000000 0.066987 0.000000
vt 13.500000 -6.000000 0.000000
vt 13.500000 0.000000 0.000000
vt 10.750000 1.316987 0.000000
vt 11.316987 0.750000 0.000000
vt 10.853553 1.396447 0.000000
vt 11.396447 0.853553 0.000000
vt 10.933013 1.500000 0.000000
vt 11.500000 0.933013 0.000000
vt 10.982963 1.620590 0.000000
vt 11.620590 0.982963 0.000000
vt 11.000000 1.750000 0.000000
vt 11.750000 1.000000 0.000000
vt 10.982963 1.879410 0.000000
vt 11.879410 0.982963 0.000000
vt 10.933013 2.000000 0.000000
vt 12.000000 0.933013 0.000000
vt 13.500000 6.000000 0.000000
vt 12.103553 0.853553 0.000000
vt 12.183013 0.750000 0.000000
vt 12.232963 0.629410 0.000000
vt 12.250000 0.500000 0.000000
vt 12.232963 0.370590 0.000000
vt 12.183013 0.250000 0.000000
vt 12.103553 0.146447 0.000000
vt 10.017037 -0.620590 0.000000
vt 9.379410 0.017037 0.000000
vt 10.000000 -0.750000 0.000000
vt 9.250000 0.000000 0.000000
vt 10.017037 -0.879410 0.000000
vt 9.120590 0.017037 0.000000
vt 10.066987 -1.000000 0.000000
vt 9.000000 0.066987 0.000000
vt 6.000000 -2.500000 0.000000
vt 8.896447 0.146447 0.000000
vt 8.816987 0.250000 0.000000
vt 9.500000 0.066987 0.000000
vt 10.066987 -0.500000 0.000000
vt 9.603553 0.146447 0.000000
vt 10.146447 -0.396447 0.000000
vt 9.683013 0.250000 0.000000
vt 10.250000 -0.316987 0.000000
vt 9.732963 0.370590 0.000000
vt 10.370590 -0.267037 0.000000
vt 9.750000 0.500000 0.000000
vt 10.370590 1.267037 0.000000
vt 9.732963 0.629410 0.000000
vt 10.250000 1.316987 0.000000
vt 9.683013 0.750000 0.000000
vt 10.146447 1.396447 0.000000
vt 9.603553 0.853553 0.000000
vt 10.066987 1.500000 0.000000
vt 9.500000 0.933013 0.000000
vt 10.017037 1.620590 0.000000
vt 9.379410 0.982963 0.000000
vt 10.000000 1.750000 0.000000
vt 9.250000 1.000000 0.000000
vt 10.017037 1.879410 0.000000
vt 9.120590 0.982963 0.000000
vt 10.066987 2.000000 0.000000
vt 9.000000 0.933013 0.000000
vt 6.000000 5.000000 0.000000
vt 8.896447 0.853553 0.000000
vt 8.816987 0.750000 0.000000
vt 8.767037 0.629410 0.000000
vt 8.750000 0.500000 0.000000
vt 8.767037 0.370590 0.000000
vt 10.500000 -0.250000 0.000000
vt 10.500000 1.250000 0.000000
vt 10.853553 -1.103553 0.000000
vt 10.750000 -1.183013 0.000000
vt 10.629410 -1.232963 0.000000
vt 10.500000 -1.250000 0.000000
vt 10.370590 -1.232963 0.000000
vt 5.482963 -4.129410 0.000000
vt 10.250000 -1.183013 0.000000
vt 10.146447 -1.103553 0.000000
vt -10.982963 1.879410 0.000000
vt -11.750000 1.000000 0.000000
vt -11.000000 1.750000 0.000000
vt -11.620590 0.982963 0.000000
vt -10.982963 1.620590 0.000000
vt -11.500000 0.933013 0.000000
vt -10.933013 1.500000 0.000000
vt -11.396447 0.853553 0.000000
vt -10.853553 1.396447 0.000000
vt -11.316987 0.750000 0.000000
vt -10.750000 1.316987 0.000000
vt -11.267037 0.629410 0.000000
vt -10.629410 1.267037 0.000000
vt -11.250000 0.500000 0.000000
vt -10.629410 -0.267037 0.000000
vt -11.267037 0.370590 0.000000
vt -10.750000 -0.316987 0.000000
vt -11.316987 0.250000 0.000000
vt -10.853553 -0.396447 0.000000
vt -11.396447 0.146447 0.000000
vt -10.933013 -0.500000 0.000000
vt -11.500000 0.066987 0.000000
vt -10.982963 -0.620590 0.000000
vt -11.620590 0.017037 0.000000
vt -11.000000 -0.750000 0.000000
vt -11.750000 0.000000 0.000000
vt -10.982963 -0.879410 0.000000
vt -11.879410 0.017037 0.000000
vt -10.933013 -1.000000 0.000000
vt -12.000000 0.066987 0.000000
vt -13.500000 0.000000 0.000000
vt -12.103553 0.146447 0.000000
vt -12.183013 0.250000 0.000000
vt -11.879410 0.982963 0.000000
vt -10.933013 2.000000 0.000000
vt -12.000000 0.933013 0.000000
vt -13.500000 6.000000 0.000000
vt -12.103553 0.853553 0.000000
vt -12.183013 0.750000 0.000000
vt -12.232963 0.629410 0.000000
vt -12.250000 0.500000 0.000000
vt -12.232963 0.370590 0.000000
vt -10.853553 2.103553 0.000000
vt -10.750000 2.183013 0.000000
vt -10.629410 2.232963 0.000000
vt -10.500000 2.250000 0.000000
vt -10.370590 2.232963 0.000000
vt -6.000000 5.000000 0.000000
vt -10.250000 2.183013 0.000000
vt -10.146447 2.103553 0.000000
vt -10.066987 2.000000 0.000000
vt -9.000000 0.933013 0.000000
vt -8.896447 0.853553 0.000000
vt -9.120590 0.982963 0.000000
vt -10.017037 1.879410 0.000000
vt -9.250000 1.000000 0.000000
vt -10.000000 1.750000 0.000000
vt -9.379410 0.982963 0.000000
vt -10.017037 1.620590 0.000000
vt -9.500000 0.933013 0.000000
vt -10.066987 1.500000 0.000000
vt -9.603553 0.853553 0.000000
vt -10.146447 1.396447 0.000000
vt -9.683013 0.750000 0.000000
vt -10.250000 1.316987 0.000000
vt -9.732963 0.629410 0.000000
vt -10.370590 1.267037 0.000000
vt -9.750000 0.500000 0.000000
vt -10.370590 -0.267037 0.000000
vt -9.732963 0.370590 0.000000
vt -10.250000 -0.316987 0.000000
vt -9.683013 0.250000 0.000000
vt -10.146447 -0.396447 0.000000
vt -9.603553 0.146447 0.000000
vt -10.066987 -0.500000 0.000000
vt -9.500000 0.066987 0.000000
vt -10.017037 -0.620590 0.000000
vt -9.379410 0.017037 0.000000
vt -10.000000 -0.750000 0.000000
vt -9.250000 0.000000 0.000000
vt -10.017037 -0.879410 0.000000
vt -10.500000 -0.250000 0.000000
vt -10.500000 1.250000 0.000000
vt -10.500000 -1.250000 0.000000
vt -10.629410 -1.232963 0.000000
vt -10.750000 -1.183013 0.000000
vt -10.853553 -1.103553 0.000000
vt 10.146447 2.103553 0.000000
vt 10.250000 2.183013 0.000000
vt 10.370590 2.232963 0.000000
vt 10.500000 2.250000 0.000000
vt 10.629410 2.232963 0.000000
vt 10.750000 2.183013 0.000000
vt 10.853553 2.103553 0.000000
vt 4.517037 -3.870590 0.000000
vt 4.500000 -4.000000 0.000000
vt 4.500000 -4.500000 0.000000
vt 4.517037 -4.129410 0.000000
vt 4.566987 -4.250000 0.000000
vt 4.646447 -4.353553 0.000000
vt 4.750000 -4.433013 0.000000
vt 4.870590 -4.482963 0.000000
vt 4.500000 -6.000000 0.000000
vt 5.000000 -4.500000 0.000000
vt 5.129410 -4.482963 0.000000
vt 5.250000 -4.433013 0.000000
vt 5.353553 -4.353553 0.000000
vt 5.433013 -4.250000 0.000000
vt 4.566987 -3.750000 0.000000
vt 4.646447 -3.646447 0.000000
vt 4.750000 -3.566987 0.000000
vt 4.870590 -3.517037 0.000000
vt 5.000000 -3.500000 0.000000
vt 5.129410 -3.517037 0.000000
vt 5.250000 -3.566987 0.000000
vt 5.353553 -3.646447 0.000000
vt 5.433013 -3.750000 0.000000
vt 5.482963 -3.870590 0.000000
vt 5.500000 -4.000000 0.000000
vt -8.816987 0.750000 0.000000
vt -8.767037 0.629410 0.000000
vt -8.750000 0.500000 0.000000
vt -8.767037 0.370590 0.000000
vt -8.816987 0.250000 0.000000
vt -8.896447 0.146447 0.000000
vt -4.500000 6.000000 0.000000
vt 0.000000 5.000000 0.000000
vt 4.500000 6.000000 0.000000
vt -0.500000 0.000000 0.000000
vt -0.000000 0.000000 0.000000
vt -0.500000 0.150000 0.000000
vt -0.000000 0.150000 0.000000
vt -0.500000 0.000000 0.000000
vt -0.000000 0.000000 0.000000
vt -0.500000 0.150000 0.000000
vt -0.000000 0.150000 0.000000
vt 0.975000 0.250000 0.000000
vt -0.975000 0.250000 0.000000
vt 0.975000 -0.250000 0.000000
vt -0.975000 -0.250000 0.000000
vt 22.500000 0.500000 0.000000
vt 22.500000 0.350000 0.000000
vt 23.000000 0.500000 0.000000
vt 23.000000 0.000000 0.000000
vt 20.550000 0.350000 0.000000
vt 15.333333 0.000000 0.000000
vt 10.275000 0.500000 0.000000
vt 7.666667 0.000000 0.000000
vt 0.000000 0.500000 0.000000
vt -0.000000 0.000000 0.000000
vt 20.550000 0.500000 0.000000
vt -3.000000 0.000000 0.000000
vt -0.000000 0.000000 0.000000
vt -3.000000 0.500000 0.000000
vt -0.000000 0.500000 0.000000
vt -0.200000 0.000000 0.000000
vt 0.000000 0.000000 0.000000
vt -0.200000 0.500000 0.000000
vt 0.000000 0.500000 0.000000
vt 9.000000 6.000000 0.000000
vt 9.500000 6.000000 0.000000
vt 9.000000 6.500000 0.000000
vt 9.500000 6.500000 0.000000
vt 24.000000 0.000000 0.000000
vt 27.000000 0.000000 0.000000
vt 24.000000 0.500000 0.000000
vt 27.000000 0.500000 0.000000
vt 0.000000 0.000000 0.000000
vt 7.500000 0.000000 0.000000
vt -0.000000 0.300000 0.000000
vt 7.500000 0.300000 0.000000
vt 0.000000 0.000000 0.000000
vt 6.000000 0.000000 0.000000
vt 0.000000 0.300000 0.000000
vt 6.000000 0.300000 0.000000
vt 12.000000 0.000000 0.000000
vt 12.000000 0.300000 0.000000
vt 0.000000 0.000000 0.000000
vt 7.500000 0.000000 0.000000
vt 0.000000 0.300000 0.000000
vt 7.500000 0.300000 0.000000
vt 0.000000 0.000000 0.000000
vt 6.000000 0.000000 0.000000
vt 0.000000 0.300000 0.000000
vt 6.000000 0.300000 0.000000
vt 12.000000 0.000000 0.000000
vt 12.000000 0.300000 0.000000
vt 0.300000 -1.439897 0.000000
vt 0.000000 -1.439897 0.000000
vt 0.300000 -1.570796 0.000000
vt 0.000000 -1.570796 0.000000
vt 0.300000 1.570796 0.000000
vt 0.000000 1.570796 0.000000
vt 0.300000 1.439897 0.000000
vt 0.000000 1.439897 0.000000
vt 0.300000 1.308997 0.000000
vt -0.000000 1.308997 0.000000
vt 0.300000 1.178097 0.000000
vt 0.000000 1.178097 0.000000
vt 0.300000 1.047198 0.000000
vt 0.000000 1.047198 0.000000
vt 0.300000 0.916298 0.000000
vt 0.000000 0.916298 0.000000
vt 0.300000 0.785398 0.000000
vt 0.000000 0.785398 0.000000
vt 0.300000 0.654498 0.000000
vt 0.000000 0.654498 0.000000
vt 0.300000 0.523599 0.000000
vt 0.000000 0.523599 0.000000
vt 0.300000 0.392699 0.000000
vt 0.000000 0.392699 0.000000
vt 0.300000 0.261799 0.000000
vt -0.000000 0.261799 0.000000
vt 0.300000 0.130900 0.000000
vt 0.000000 0.130900 0.000000
vt 0.300000 0.000000 0.000000
vt 0.000000 0.000000 0.000000
vt 0.300000 -0.130900 0.000000
vt 0.000000 -0.130900 0.000000
vt 0.300000 -0.261799 0.000000
vt -0.000000 -0.261799 0.000000
vt 0.300000 -0.392699 0.000000
vt 0.000000 -0.392699 0.000000
vt 0.300000 -0.523599 0.000000
vt 0.000000 -0.523599 0.000000
vt 0.300000 -0.654498 0.000000
vt 0.000000 -0.654498 0.000000
vt 0.300000 -0.785398 0.000000
vt 0.000000 -0.785398 0.000000
vt 0.300000 -0.916298 0.000000
vt 0.000000 -0.916298 0.000000
vt 0.300000 -1.047198 0.000000
vt -0.000000 -1.047198 0.000000
vt 0.300000 -1.178097 0.000000
vt 0.000000 -1.178097 0.000000
vt 0.300000 -1.308997 0.000000
vt -0.000000 -1.308997 0.000000
vt 0.300000 -1.439897 0.000000
vt -0.000000 -1.439897 0.000000
vt 0.300000 -1.570796 0.000000
vt 0.000000 -1.570796 0.000000
vt 0.300000 1.570796 0.000000
vt 0.000000 1.570796 0.000000
vt 0.300000 1.439897 0.000000
vt -0.000000 1.439897 0.000000
vt 0.300000 1.308997 0.000000
vt 0.000000 1.308997 0.000000
vt 0.300000 1.178097 0.000000
vt 0.000000 1.178097 0.000000
vt 0.300000 1.047198 0.000000
vt -0.000000 1.047198 0.000000
vt 0.300000 0.916298 0.000000
vt 0.000000 0.916298 0.000000
vt 0.300000 0.785398 0.000000
vt 0.000000 0.785398 0.000000
vt 0.300000 0.654498 0.000000
vt 0.000000 0.654498 0.000000
vt 0.300000 0.523599 0.000000
vt -0.000000 0.523599 0.000000
vt 0.300000 0.392699 0.000000
vt 0.000000 0.392699 0.000000
vt 0.300000 0.261799 0.000000
vt 0.000000 0.261799 0.000000
vt 0.300000 0.130900 0.000000
vt -0.000000 0.130900 0.000000
vt 0.300000 0.000000 0.000000
vt 0.000000 0.000000 0.000000
vt 0.300000 -0.130900 0.000000
vt -0.000000 -0.130900 0.000000
vt 0.300000 -0.261799 0.000000
vt 0.000000 -0.261799 0.000000
vt 0.300000 -0.392699 0.000000
vt 0.000000 -0.392699 0.000000
vt 0.300000 -0.523599 0.000000
vt -0.000000 -0.523599 0.000000
vt 0.300000 -0.654498 0.000000
vt 0.000000 -0.654498 0.000000
vt 0.300000 -0.785398 0.000000
vt 0.000000 -0.785398 0.000000
vt 0.300000 -0.916298 0.000000
vt 0.000000 -0.916298 0.000000
vt 0.300000 -1.047198 0.000000
vt -0.000000 -1.047198 0.000000
vt 0.300000 -1.178097 0.000000
vt 0.000000 -1.178097 0.000000
vt 0.300000 -1.308997 0.000000
vt 0.000000 -1.308997 0.000000
vt 0.300000 -1.439897 0.000000
vt -0.000000 -1.439897 0.000000
vt 0.300000 -1.570796 0.000000
vt 0.000000 -1.570796 0.000000
vt 0.300000 1.570796 0.000000
vt 0.000000 1.570796 0.000000
vt 0.300000 1.439897 0.000000
vt -0.000000 1.439897 0.000000
vt 0.300000 1.308997 0.000000
vt 0.000000 1.308997 0.000000
vt 0.300000 1.178097 0.000000
vt 0.000000 1.178097 0.000000
vt 0.300000 1.047198 0.000000
vt 0.000000 1.047198 0.000000
vt 0.300000 0.916298 0.000000
vt 0.000000 0.916298 0.000000
vt 0.300000 0.785398 0.000000
vt 0.000000 0.785398 0.000000
vt 0.300000 0.654498 0.000000
vt 0.000000 0.654498 0.000000
vt 0.300000 0.523599 0.000000
vt -0.000000 0.523599 0.000000
vt 0.300000 0.392699 0.000000
vt 0.000000 0.392699 0.000000
vt 0.300000 0.261799 0.000000
vt 0.000000 0.261799 0.000000
vt 0.300000 0.130900 0.000000
vt -0.000000 0.130900 0.000000
vt 0.300000 0.000000 0.000000
vt 0.000000 0.000000 0.000000
vt 0.300000 -0.130900 0.000000
vt -0.000000 -0.130900 0.000000
vt 0.300000 -0.261799 0.000000
vt 0.000000 -0.261799 0.000000
vt 0.300000 -0.392699 0.000000
vt 0.000000 -0.392699 0.000000
vt 0.300000 -0.523599 0.000000
vt 0.000000 -0.523599 0.000000
vt 0.300000 -0.654498 0.000000
vt 0.000000 -0.654498 0.000000
vt 0.300000 -0.785398 0.000000
vt 0.000000 -0.785398 0.000000
vt 0.300000 -0.916298 0.000000
vt 0.000000 -0.916298 0.000000
vt 0.300000 -1.047198 0.000000
vt -0.000000 -1.047198 0.000000
vt 0.300000 -1.178097 0.000000
vt 0.000000 -1.178097 0.000000
vt 0.300000 -1.308997 0.000000
vt 0.000000 -1.308997 0.000000
vt 0.300000 -1.439897 0.000000
vt 0.000000 -1.439897 0.000000
vt 0.300000 -1.570796 0.000000
vt 0.000000 -1.570796 0.000000
vt 0.300000 1.570796 0.000000
vt 0.000000 1.570796 0.000000
vt 0.300000 1.439897 0.000000
vt 0.000000 1.439897 0.000000
vt 0.300000 1.308997 0.000000
vt -0.000000 1.308997 0.000000
vt 0.300000 1.178097 0.000000
vt 0.000000 1.178097 0.000000
vt 0.300000 1.047198 0.000000
vt 0.000000 1.047198 0.000000
vt 0.300000 0.916298 0.000000
vt 0.000000 0.916298 0.000000
vt 0.300000 0.785398 0.000000
vt 0.000000 0.785398 0.000000
vt 0.300000 0.654498 0.000000
vt 0.000000 0.654498 0.000000
vt 0.300000 0.523599 0.000000
vt 0.000000 0.523599 0.000000
vt 0.300000 0.392699 0.000000
vt 0.000000 0.392699 0.000000
vt 0.300000 0.261799 0.000000
vt -0.000000 0.261799 0.000000
vt 0.300000 0.130900 0.000000
vt 0.000000 0.130900 0.000000
vt 0.300000 0.000000 0.000000
vt 0.000000 0.000000 0.000000
vt 0.300000 -0.130900 0.000000
vt 0.000000 -0.130900 0.000000
vt 0.300000 -0.261799 0.000000
vt -0.000000 -0.261799 0.000000
vt 0.300000 -0.392699 0.000000
vt 0.000000 -0.392699 0.000000
vt 0.300000 -0.523599 0.000000
vt -0.000000 -0.523599 0.000000
vt 0.300000 -0.654498 0.000000
vt 0.000000 -0.654498 0.000000
vt 0.300000 -0.785398 0.000000
vt 0.000000 -0.785398 0.000000
vt 0.300000 -0.916298 0.000000
vt 0.000000 -0.916298 0.000000
vt 0.300000 -1.047198 0.000000
vt -0.000000 -1.047198 0.000000
vt 0.300000 -1.178097 0.000000
vt 0.000000 -1.178097 0.000000
vt 0.300000 -1.308997 0.000000
vt -0.000000 -1.308997 0.000000
vt 0.300000 -1.439897 0.000000
vt 0.000000 -1.439897 0.000000
vt 0.300000 -1.570796 0.000000
vt 0.000000 -1.570796 0.000000
vt 0.300000 1.570796 0.000000
vt 0.000000 1.570796 0.000000
vt 0.300000 1.439897 0.000000
vt 0.000000 1.439897 0.000000
vt 0.300000 1.308997 0.000000
vt -0.000000 1.308997 0.000000
vt 0.300000 1.178097 0.000000
vt 0.000000 1.178097 0.000000
vt 0.300000 1.047198 0.000000
vt 0.000000 1.047198 0.000000
vt 0.300000 0.916298 0.000000
vt 0.000000 0.916298 0.000000
vt 0.300000 0.785398 0.000000
vt 0.000000 0.785398 0.000000
vt 0.300000 0.654498 0.000000
vt 0.000000 0.654498 0.000000
vt 0.300000 0.523599 0.000000
vt 0.000000 0.523599 0.000000
vt 0.300000 0.392699 0.000000
vt 0.000000 0.392699 0.000000
vt 0.300000 0.261799 0.000000
vt -0.000000 0.261799 0.000000
vt 0.300000 0.130900 0.000000
vt 0.000000 0.130900 0.000000
vt 0.300000 0.000000 0.000000
vt 0.000000 0.000000 0.000000
vt 0.300000 -0.130900 0.000000
vt 0.000000 -0.130900 0.000000
vt 0.300000 -0.261799 0.000000
vt -0.000000 -0.261799 0.000000
vt 0.300000 -0.392699 0.000000
vt 0.000000 -0.392699 0.000000
vt 0.300000 -0.523599 0.000000
vt 0.000000 -0.523599 0.000000
vt 0.300000 -0.654498 0.000000
vt 0.000000 -0.654498 0.000000
vt 0.300000 -0.785398 0.000000
vt 0.000000 -0.785398 0.000000
vt 0.300000 -0.916298 0.000000
vt 0.000000 -0.916298 0.000000
vt 0.300000 -1.047198 0.000000
vt -0.000000 -1.047198 0.000000
vt 0.300000 -1.178097 0.000000
vt 0.000000 -1.178097 0.000000
vt 0.300000 -1.308997 0.000000
vt -0.000000 -1.308997 0.000000
vt 0.300000 -1.439897 0.000000
vt 0.000000 -1.439897 0.000000
vt 0.300000 -1.570796 0.000000
vt 0.000000 -1.570796 0.000000
vt 0.300000 1.570796 0.000000
vt 0.000000 1.570796 0.000000
vt 0.300000 1.439897 0.000000
vt 0.000000 1.439897 0.000000
vt 0.300000 1.308997 0.000000
vt -0.000000 1.308997 0.000000
vt 0.300000 1.178097 0.000000
vt 0.000000 1.178097 0.000000
vt 0.300000 1.047198 0.000000
vt 0.000000 1.047198 0.000000
vt 0.300000 0.916298 0.000000
vt 0.000000 0.916298 0.000000
vt 0.300000 0.785398 0.000000
vt 0.000000 0.785398 0.000000
vt 0.300000 0.654498 0.000000
vt 0.000000 0.654498 0.000000
vt 0.300000 0.523599 0.000000
vt -0.000000 0.523599 0.000000
vt 0.300000 0.392699 0.000000
vt 0.000000 0.392699 0.000000
vt 0.300000 0.261799 0.000000
vt -0.000000 0.261799 0.000000
vt 0.300000 0.130900 0.000000
vt 0.000000 0.130900 0.000000
vt 0.300000 0.000000 0.000000
vt 0.000000 0.000000 0.000000
vt 0.300000 -0.130900 0.000000
vt 0.000000 -0.130900 0.000000
vt 0.300000 -0.261799 0.000000
vt -0.000000 -0.261799 0.000000
vt 0.300000 -0.392699 0.000000
vt 0.000000 -0.392699 0.000000
vt 0.300000 -0.523599 0.000000
vt 0.000000 -0.523599 0.000000
vt 0.300000 -0.654498 0.000000
vt 0.000000 -0.654498 0.000000
vt 0.300000 -0.785398 0.000000
vt 0.000000 -0.785398 0.000000
vt 0.300000 -0.916298 0.000000
vt 0.000000 -0.916298 0.000000
vt 0.300000 -1.047198 0.000000
vt -0.000000 -1.047198 0.000000
vt 0.300000 -1.178097 0.000000
vt 0.000000 -1.178097 0.000000
vt 0.300000 -1.308997 0.000000
vt -0.000000 -1.308997 0.000000
vt 0.300000 -1.439897 0.000000
vt -0.000000 -1.439897 0.000000
vt 0.300000 -1.570796 0.000000
vt 0.000000 -1.570796 0.000000
vt 0.300000 1.570796 0.000000
vt 0.000000 1.570796 0.000000
vt 0.300000 1.439897 0.000000
vt -0.000000 1.439897 0.000000
vt 0.300000 1.308997 0.000000
vt 0.000000 1.308997 0.000000
vt 0.300000 1.178097 0.000000
vt 0.000000 1.178097 0.000000
vt 0.300000 1.047198 0.000000
vt 0.000000 1.047198 0.000000
vt 0.300000 0.916298 0.000000
vt 0.000000 0.916298 0.000000
vt 0.300000 0.785398 0.000000
vt 0.000000 0.785398 0.000000
vt 0.300000 0.654498 0.000000
vt 0.000000 0.654498 0.000000
vt 0.300000 0.523599 0.000000
vt 0.000000 0.523599 0.000000
vt 0.300000 0.392699 0.000000
vt 0.000000 0.392699 0.000000
vt 0.300000 0.261799 0.000000
vt 0.000000 0.261799 0.000000
vt 0.300000 0.130900 0.000000
vt -0.000000 0.130900 0.000000
vt 0.300000 0.000000 0.000000
vt 0.000000 0.000000 0.000000
vt 0.300000 -0.130900 0.000000
vt -0.000000 -0.130900 0.000000
vt 0.300000 -0.261799 0.000000
vt 0.000000 -0.261799 0.000000
vt 0.300000 -0.392699 0.000000
vt 0.000000 -0.392699 0.000000
vt 0.300000 -0.523599 0.000000
vt 0.000000 -0.523599 0.000000
vt 0.300000 -0.654498 0.000000
vt 0.000000 -0.654498 0.000000
vt 0.300000 -0.785398 0.000000
vt 0.000000 -0.785398 0.000000
vt 0.300000 -0.916298 0.000000
vt 0.000000 -0.916298 0.000000
vt 0.300000 -1.047198 0.000000
vt -0.000000 -1.047198 0.000000
vt 0.300000 -1.178097 0.000000
vt 0.000000 -1.178097 0.000000
vt 0.300000 -1.308997 0.000000
vt 0.000000 -1.308997 0.000000
vt 0.300000 -1.439897 0.000000
vt -0.000000 -1.439897 0.000000
vt 0.300000 -1.570796 0.000000
vt 0.000000 -1.570796 0.000000
vt 0.300000 1.570796 0.000000
vt 0.000000 1.570796 0.000000
vt 0.300000 1.439897 0.000000
vt -0.000000 1.439897 0.000000
vt 0.300000 1.308997 0.000000
vt 0.000000 1.308997 0.000000
vt 0.300000 1.178097 0.000000
vt 0.000000 1.178097 0.000000
vt 0.300000 1.047198 0.000000
vt 0.000000 1.047198 0.000000
vt 0.300000 0.916298 0.000000
vt 0.000000 0.916298 0.000000
vt 0.300000 0.785398 0.000000
vt 0.000000 0.785398 0.000000
vt 0.300000 0.654498 0.000000
vt 0.000000 0.654498 0.000000
vt 0.300000 0.523599 0.000000
vt 0.000000 0.523599 0.000000
vt 0.300000 0.392699 0.000000
vt 0.000000 0.392699 0.000000
vt 0.300000 0.261799 0.000000
vt 0.000000 0.261799 0.000000
vt 0.300000 0.130900 0.000000
vt -0.000000 0.130900 0.000000
vt 0.300000 0.000000 0.000000
vt 0.000000 0.000000 0.000000
vt 0.300000 -0.130900 0.000000
vt -0.000000 -0.130900 0.000000
vt 0.300000 -0.261799 0.000000
vt 0.000000 -0.261799 0.000000
vt 0.300000 -0.392699 0.000000
vt 0.000000 -0.392699 0.000000
vt 0.300000 -0.523599 0.000000
vt -0.000000 -0.523599 0.000000
vt 0.300000 -0.654498 0.000000
vt 0.000000 -0.654498 0.000000
vt 0.300000 -0.785398 0.000000
vt 0.000000 -0.785398 0.000000
vt 0.300000 -0.916298 0.000000
vt 0.000000 -0.916298 0.000000
vt 0.300000 -1.047198 0.000000
vt -0.000000 -1.047198 0.000000
vt 0.300000 -1.178097 0.000000
vt 0.000000 -1.178097 0.000000
vt 0.300000 -1.308997 0.000000
vt 0.000000 -1.308997 0.000000
vt 0.300000 -1.439897 0.000000
vt -0.000000 -1.439897 0.000000
vt 0.300000 -1.570796 0.000000
vt 0.000000 -1.570796 0.000000
vt 0.300000 1.570796 0.000000
vt 0.000000 1.570796 0.000000
vt 0.300000 1.439897 0.000000
vt -0.000000 1.439897 0.000000
vt 0.300000 1.308997 0.000000
vt 0.000000 1.308997 0.000000
vt 0.300000 1.178097 0.000000
vt -0.000000 1.178097 0.000000
vt 0.300000 1.047198 0.000000
vt 0.000000 1.047198 0.000000
vt 0.300000 0.916298 0.000000
vt -0.000000 0.916298 0.000000
vt 0.300000 0.785398 0.000000
vt 0.000000 0.785398 0.000000
vt 0.300000 0.654498 0.000000
vt 0.000000 0.654498 0.000000
vt 0.300000 0.523599 0.000000
vt 0.000000 0.523599 0.000000
vt 0.300000 0.392699 0.000000
vt -0.000000 0.392699 0.000000
vt 0.300000 0.261799 0.000000
vt -0.000000 0.261799 0.000000
vt 0.300000 0.130900 0.000000
vt 0.000000 0.130900 0.000000
vt 0.300000 0.000000 0.000000
vt 0.000000 0.000000 0.000000
vt 0.300000 -0.130900 0.000000
vt 0.000000 -0.130900 0.000000
vt 0.300000 -0.261799 0.000000
vt -0.000000 -0.261799 0.000000
vt 0.300000 -0.392699 0.000000
vt 0.000000 -0.392699 0.000000
vt 0.300000 -0.523599 0.000000
vt 0.000000 -0.523599 0.000000
vt 0.300000 -0.654498 0.000000
vt 0.000000 -0.654498 0.000000
vt 0.300000 -0.785398 0.000000
vt 0.000000 -0.785398 0.000000
vt 0.300000 -0.916298 0.000000
vt 0.000000 -0.916298 0.000000
vt 0.300000 -1.047198 0.000000
vt -0.000000 -1.047198 0.000000
vt 0.300000 -1.178097 0.000000
vt -0.000000 -1.178097 0.000000
vt 0.300000 -1.308997 0.000000
vt 0.000000 -1.308997 0.000000
vt 0.300000 -1.439897 0.000000
vt 0.000000 -1.439897 0.000000
vt 0.300000 -1.570796 0.000000
vt 0.000000 -1.570796 0.000000
vt 0.300000 1.570796 0.000000
vt 0.000000 1.570796 0.000000
vt 0.300000 1.439897 0.000000
vt 0.000000 1.439897 0.000000
vt 0.300000 1.308997 0.000000
vt -0.000000 1.308997 0.000000
vt 0.300000 1.178097 0.000000
vt 0.000000 1.178097 0.000000
vt 0.300000 1.047198 0.000000
vt -0.000000 1.047198 0.000000
vt 0.300000 0.916298 0.000000
vt 0.000000 0.916298 0.000000
vt 0.300000 0.785398 0.000000
vt 0.000000 0.785398 0.000000
vt 0.300000 0.654498 0.000000
vt 0.000000 0.654498 0.000000
vt 0.300000 0.523599 0.000000
vt -0.000000 0.523599 0.000000
vt 0.300000 0.392699 0.000000
vt 0.000000 0.392699 0.000000
vt 0.300000 0.261799 0.000000
vt -0.000000 0.261799 0.000000
vt 0.300000 0.130900 0.000000
vt 0.000000 0.130900 0.000000
vt 0.300000 0.000000 0.000000
vt 0.000000 0.000000 0.000000
vt 0.300000 -0.130900 0.000000
vt 0.000000 -0.130900 0.000000
vt 0.300000 -0.261799 0.000000
vt -0.000000 -0.261799 0.000000
vt 0.300000 -0.392699 0.000000
vt 0.000000 -0.392699 0.000000
vt 0.300000 -0.523599 0.000000
vt -0.000000 -0.523599 0.000000
vt 0.300000 -0.654498 0.000000
vt 0.000000 -0.654498 0.000000
vt 0.300000 -0.785398 0.000000
vt 0.000000 -0.785398 0.000000
vt 0.300000 -0.916298 0.000000
vt 0.000000 -0.916298 0.000000
vt 0.300000 -1.047198 0.000000
vt -0.000000 -1.047198 0.000000
vt 0.300000 -1.178097 0.000000
vt 0.000000 -1.178097 0.000000
vt 0.300000 -1.308997 0.000000
vt -0.000000 -1.308997 0.000000
vt 0.000000 0.000000 0.000000
vt 6.000000 0.000000 0.000000
vt 0.000000 0.500000 0.000000
vt 6.000000 0.500000 0.000000
vt 12.000000 0.000000 0.000000
vt 12.000000 0.500000 0.000000
vt -0.000000 0.000000 0.000000
vt 6.000000 0.000000 0.000000
vt 0.000000 0.500000 0.000000
vt 6.000000 0.500000 0.000000
vt 12.000000 0.000000 0.000000
vt 12.000000 0.500000 0.000000
vt 0.000000 0.000000 0.000000
vt 9.000000 0.000000 0.000000
vt 0.000000 0.500000 0.000000
vt 9.000000 0.500000 0.000000
vt 18.000000 0.000000 0.000000
vt 18.000000 0.500000 0.000000
vt 27.000000 0.000000 0.000000
vt 27.000000 0.500000 0.000000
vt 0.500000 0.200000 0.000000
vt 6.500000 0.200000 0.000000
vt 0.500000 0.500000 0.000000
vt 6.500000 0.500000 0.000000
vt 12.500000 0.200000 0.000000
vt 12.500000 0.500000 0.000000
vn 0.258819 -0.965926 -0.000000
vn 0.248108 -0.962374 0.110813
vn 0.000000 -1.000000 -0.000000
vn 0.110813 -0.962374 0.248108
vn 0.000000 -0.965926 0.258819
vn 0.000000 -0.866025 0.500000
vn 0.268280 -0.861830 0.430436
vn 0.078131 -0.828668 0.554261
vn 0.407464 -0.702554 0.583430
vn 0.201121 -0.666568 0.717801
vn 0.518881 -0.495400 0.696665
vn 0.310406 -0.459042 0.832423
vn 0.594936 -0.254486 0.762422
vn 0.398536 -0.220233 0.890318
vn 0.500000 0.000000 0.866025
vn 0.258819 0.000000 0.965926
vn 0.500000 -0.866025 -0.000000
vn 0.430436 -0.861830 0.268280
vn 0.554261 -0.828668 0.078131
vn 0.707107 -0.707107 -0.000000
vn 0.717801 -0.666568 0.201121
vn 0.866025 -0.500000 -0.000000
vn 0.832423 -0.459042 0.310406
vn 0.917502 -0.388644 0.084530
vn 0.970469 -0.153913 0.185744
vn 0.965926 -0.258819 -0.000000
vn 1.000000 0.000000 0.000000
vn 0.965926 0.000000 0.258819
vn 0.890318 -0.220233 0.398536
vn 0.696665 -0.495400 0.518881
vn 0.583430 -0.702554 0.407464
vn 0.866025 0.000000 0.500000
vn 0.762422 -0.254486 0.594936
vn 0.707107 0.000000 0.707107
vn 0.185744 -0.153913 0.970469
vn 0.000000 0.000000 1.000000
vn 0.000000 -0.258819 0.965926
vn 0.084530 -0.388644 0.917502
vn 0.000000 -0.500000 0.866025
vn 0.000000 -0.707107 0.707107
vn -0.000000 -1.000000 -0.000000
vn 0.258819 -0.965926 -0.000000
vn 0.500000 -0.866025 -0.000000
vn 0.707107 -0.707107 -0.000000
vn 0.866025 -0.500000 -0.000000
vn 0.965926 -0.258819 -0.000000
vn 1.000000 -0.000000 -0.000000
vn -0.000000 -0.000000 1.000000
vn 0.258819 -0.000000 0.965926
vn 0.500000 -0.000000 0.866025
vn 0.707107 -0.000000 0.707107
vn 0.866025 -0.000000 0.500000
vn 0.965926 -0.000000 0.258819
vn 1.000000 -0.000000 -0.000000
vn 0.965926 -0.000000 0.258819
vn 0.866025 -0.000000 0.500000
vn 0.707107 -0.000000 0.707107
vn 0.500000 -0.000000 0.866025
vn 0.258819 -0.000000 0.965926
vn 0.258819 -0.000000 0.965926
vn 0.258819 -0.000000 0.965926
vn 0.500000 -0.000000 0.866025
vn 0.500000 -0.000000 0.866025
vn 0.707107 -0.000000 0.707107
vn 0.707107 -0.000000 0.707107
vn 0.866025 -0.000000 0.500000
vn 0.866025 -0.000000 0.500000
vn 0.965926 -0.000000 0.258819
vn 0.965926 -0.000000 0.258819
vn 1.000000 -0.000000 -0.000000
vn 0.965926 -0.000000 0.258819
vn 0.258819 -0.000000 0.965926
vn -0.000000 -0.000000 1.000000
vn 0.500000 -0.000000 0.866025
vn 0.707107 -0.000000 0.707107
vn 0.866025 -0.000000 0.500000
vn 1.000000 0.000000 0.000000
vn 1.000000 0.000000 0.000000
vn 0.000000 0.000000 -1.000000
vn 0.000000 0.000000 -1.000000
vn 0.000000 0.000000 -1.000000
vn 0.000000 0.000000 -1.000000
vn 0.000000 0.000000 -1.000000
vn 0.000000 0.000000 -1.000000
vn 0.000000 0.000000 -1.000000
vn 0.000000 0.000000 -1.000000
vn 0.000000 0.000000 -1.000000
vn 0.000000 0.000000 -1.000000
vn 0.000000 0.000000 -1.000000
vn 0.000000 0.000000 -1.000000
vn 0.000000 0.000000 -1.000000
vn 0.000000 0.000000 -1.000000
vn 0.000000 0.000000 -1.000000
vn 0.000000 0.000000 -1.000000
vn 0.000000 0.000000 -1.000000
vn 0.000000 0.000000 -1.000000
vn 0.000000 0.000000 -1.000000
vn 0.000000 0.000000 -1.000000
vn 0.000000 0.000000 -1.000000
vn 0.000000 0.000000 -1.000000
vn 0.000000 0.000000 -1.000000
vn 0.000000 0.000000 -1.000000
vn 0.000000 0.000000 -1.000000
vn 0.000000 0.000000 -1.000000
vn 0.000000 0.000000 -1.000000
vn 0.000000 0.000000 -1.000000
vn 0.000000 0.000000 -1.000000
vn 0.000000 0.000000 -1.000000
vn 0.000000 0.000000 -1.000000
vn 0.000000 0.000000 -1.000000
vn 0.000000 0.000000 -1.000000
vn 0.000000 0.000000 -1.000000
vn 0.000000 0.000000 -1.000000
vn 0.000000 0.000000 -1.000000
vn 0.000000 0.000000 -1.000000
vn 0.000000 0.000000 -1.000000
vn 0.000000 0.000000 -1.000000
vn 0.000000 0.000000 -1.000000
vn 0.000000 0.000000 -1.000000
vn 0.000000 0.000000 -1.000000
vn 0.000000 0.000000 -1.000000
vn 0.000000 0.000000 -1.000000
vn 0.000000 0.000000 -1.000000
vn 0.000000 0.000000 -1.000000
vn 0.000000 0.000000 -1.000000
vn 0.970469 0.153913 0.185744
vn 0.965926 0.258819 0.000000
vn 0.917502 0.388644 0.084530
vn 0.866025 0.500000 -0.000000
vn 0.832423 0.459042 0.310406
vn 0.717801 0.666568 0.201121
vn 0.696665 0.495400 0.518881
vn 0.583430 0.702554 0.407464
vn 0.518881 0.495400 0.696665
vn 0.407464 0.702554 0.583430
vn 0.310406 0.459042 0.832423
vn 0.201121 0.666568 0.717801
vn 0.000000 0.500000 0.866025
vn 0.000000 0.707107 0.707107
vn 0.078131 0.828668 0.554261
vn 0.000000 0.866025 0.500000
vn 0.268280 0.861830 0.430436
vn 0.110813 0.962374 0.248108
vn 0.248108 0.962374 0.110813
vn 0.000000 1.000000 0.000000
vn 0.258819 0.965926 -0.000000
vn 0.500000 0.866025 0.000000
vn 0.430436 0.861830 0.268280
vn 0.554261 0.828668 0.078131
vn 0.707107 0.707107 0.000000
vn 0.000000 0.965926 0.258819
vn 0.084530 0.388644 0.917502
vn 0.000000 0.258819 0.965926
vn 0.185744 0.153913 0.970469
vn 0.398536 0.220233 0.890318
vn 0.594936 0.254486 0.762422
vn 0.762422 0.254486 0.594936
vn 0.890318 0.220233 0.398536
vn 0.965926 0.258819 -0.000000
vn 0.866025 0.500000 -0.000000
vn 0.707107 0.707107 -0.000000
vn 0.500000 0.866025 -0.000000
vn 0.258819 0.965926 -0.000000
vn -0.000000 1.000000 -0.000000
vn 0.000000 0.258819 0.965926
vn 0.000000 0.258819 0.965926
vn -0.000000 -0.000000 1.000000
vn 0.000000 0.258819 0.965926
vn 0.000000 0.258819 0.965926
vn 0.000000 0.500000 0.866025
vn 0.000000 0.500000 0.866025
vn 0.000000 0.707107 0.707107
vn 0.000000 0.707107 0.707107
vn 0.000000 0.866025 0.500000
vn 0.000000 0.866025 0.500000
vn 0.000000 0.965926 0.258819
vn 0.000000 0.965926 0.258819
vn 0.000000 1.000000 -0.000000
vn 0.000000 0.990607 0.136743
vn 0.000000 0.500000 0.866025
vn 0.000000 0.707107 0.707107
vn 0.000000 0.866025 0.500000
vn 0.000000 0.965926 0.258819
vn 0.000000 1.000000 -0.000000
vn 0.000000 0.965926 0.258819
vn 0.000000 0.866025 0.500000
vn 0.000000 0.707107 0.707107
vn 0.000000 0.500000 0.866025
vn 0.000000 1.000000 -0.000000
vn 0.000000 0.965926 0.258819
vn 0.000000 0.965926 0.258819
vn 0.000000 0.965926 0.258819
vn 0.000000 0.965926 0.258819
vn 0.000000 0.866025 0.500000
vn 0.000000 0.866025 0.500000
vn 0.000000 0.707107 0.707107
vn 0.000000 0.707107 0.707107
vn 0.000000 0.500000 0.866025
vn 0.000000 0.962603 0.270916
vn 0.000000 0.916515 0.400000
vn 0.000000 0.866025 0.500000
vn 0.000000 0.866025 0.500000
vn 0.000000 0.707107 0.707107
vn 0.000000 0.707107 0.707107
vn 0.000000 0.500000 0.866025
vn 0.000000 0.500000 0.866025
vn 0.000000 0.258819 0.965926
vn 0.000000 0.258819 0.965926
vn -0.000000 -0.000000 1.000000
vn 0.000000 0.229784 0.973242
vn -0.000000 -0.000000 1.000000
vn 0.000000 0.916515 0.400000
vn 0.000000 0.800077 0.599897
vn 0.000000 0.640821 0.767690
vn 0.000000 0.447271 0.894398
vn 0.000000 0.258819 0.965926
vn 0.000000 0.258819 0.965926
vn 0.000000 0.258819 0.965926
vn 0.000000 0.500000 0.866025
vn 0.000000 0.500000 0.866025
vn 0.000000 0.707107 0.707107
vn 0.000000 0.866025 0.500000
vn -0.000000 1.000000 0.000000
vn -0.000000 1.000000 0.000000
vn -0.000000 1.000000 0.000000
vn -0.000000 1.000000 0.000000
vn -0.000000 1.000000 0.000000
vn -0.000000 1.000000 0.000000
vn -0.965926 0.000000 0.258819
vn -1.000000 0.000000 0.000000
vn -0.970469 -0.153913 0.185744
vn -0.965926 -0.258819 -0.000000
vn -0.917502 -0.388644 0.084530
vn -0.866025 -0.500000 -0.000000
vn -0.832423 -0.459042 0.310406
vn -0.717801 -0.666568 0.201121
vn -0.696665 -0.495400 0.518881
vn -0.583430 -0.702554 0.407464
vn -0.518881 -0.495400 0.696665
vn -0.407464 -0.702554 0.583430
vn -0.310406 -0.459042 0.832423
vn -0.201121 -0.666568 0.717801
vn 0.000000 -0.500000 0.866025
vn 0.000000 -0.707107 0.707107
vn -0.078131 -0.828668 0.554261
vn 0.000000 -0.866025 0.500000
vn -0.268280 -0.861830 0.430436
vn -0.110813 -0.962374 0.248108
vn -0.248108 -0.962374 0.110813
vn 0.000000 -1.000000 -0.000000
vn -0.258819 -0.965926 -0.000000
vn -0.500000 -0.866025 -0.000000
vn -0.430436 -0.861830 0.268280
vn -0.554261 -0.828668 0.078131
vn -0.707107 -0.707107 -0.000000
vn 0.000000 -0.965926 0.258819
vn -0.084530 -0.388644 0.917502
vn 0.000000 -0.258819 0.965926
vn -0.185744 -0.153913 0.970469
vn 0.000000 0.000000 1.000000
vn -0.258819 0.000000 0.965926
vn -0.398536 -0.220233 0.890318
vn -0.500000 0.000000 0.866025
vn -0.594936 -0.254486 0.762422
vn -0.707107 0.000000 0.707107
vn -0.762422 -0.254486 0.594936
vn -0.866025 0.000000 0.500000
vn -0.890318 -0.220233 0.398536
vn -1.000000 0.000000 -0.000000
vn -0.965926 -0.258819 -0.000000
vn -0.866025 -0.500000 -0.000000
vn -0.707107 -0.707107 -0.000000
vn -0.500000 -0.866025 -0.000000
vn -0.258819 -0.965926 -0.000000
vn -0.000000 -1.000000 -0.000000
vn -0.000000 -0.965926 0.258819
vn -0.000000 -0.965926 0.258819
vn 0.000000 -1.000000 -0.000000
vn -0.000000 -0.965926 0.258819
vn -0.000000 -0.965926 0.258819
vn -0.000000 -0.866025 0.500000
vn -0.000000 -0.866025 0.500000
vn -0.000000 -0.707107 0.707107
vn -0.000000 -0.707107 0.707107
vn -0.000000 -0.500000 0.866025
vn -0.000000 -0.500000 0.866025
vn -0.000000 -0.258819 0.965926
vn -0.000000 -0.258819 0.965926
vn -0.000000 -0.000000 1.000000
vn -0.000000 -0.866025 0.500000
vn -0.000000 -0.707107 0.707107
vn -0.000000 -0.500000 0.866025
vn -0.000000 -0.258819 0.965926
vn -0.000000 -0.258819 0.965926
vn -0.000000 -0.000000 1.000000
vn -0.000000 -0.258819 0.965926
vn -0.000000 -0.258819 0.965926
vn -0.000000 -0.500000 0.866025
vn -0.000000 -0.500000 0.866025
vn -0.000000 -0.707107 0.707107
vn -0.000000 -0.707107 0.707107
vn -0.000000 -0.866025 0.500000
vn -0.000000 -0.258819 0.965926
vn -0.000000 -0.258819 0.965926
vn -0.000000 -0.258819 0.965926
vn -0.000000 -0.500000 0.866025
vn -0.000000 -0.707107 0.707107
vn -0.000000 -0.866025 0.500000
vn -0.000000 -0.965926 0.258819
vn -0.000000 -0.965926 0.258819
vn 0.000000 -1.000000 -0.000000
vn -0.000000 -0.965926 0.258819
vn -0.000000 -0.965926 0.258819
vn -0.000000 -0.866025 0.500000
vn -0.000000 -0.866025 0.500000
vn -0.000000 -0.707107 0.707107
vn -0.000000 -0.965926 0.258819
vn -0.000000 -0.866025 0.500000
vn -0.000000 -0.707107 0.707107
vn -0.000000 -0.500000 0.866025
vn -0.000000 -0.866025 0.500000
vn -0.000000 -0.707107 0.707107
vn -0.000000 -0.500000 0.866025
vn -0.000000 -0.500000 0.866025
vn -0.000000 -1.000000 -0.000000
vn -0.000000 -1.000000 -0.000000
vn 0.000000 1.000000 0.000000
vn -0.258819 0.965926 0.000000
vn 0.000000 0.990607 0.136743
vn -0.223063 0.957521 0.182747
vn 0.000000 0.962603 0.270916
vn -0.251236 0.881053 0.400781
vn -0.258593 0.758307 0.598415
vn -0.244728 0.596059 0.764737
vn -0.210407 0.403266 0.890565
vn -0.157524 0.190572 0.968952
vn -0.258819 0.000000 0.965926
vn -0.398537 0.108961 0.910657
vn -0.500000 0.000000 0.866025
vn -0.612390 0.019926 0.790304
vn -0.707107 0.000000 0.707107
vn -0.661832 0.218779 0.717018
vn -0.827059 0.100656 0.553029
vn -0.854672 0.255769 0.451794
vn -0.957183 0.095081 0.273422
vn -0.965771 0.195570 0.170410
vn -0.965926 0.000000 0.258819
vn -1.000000 0.000000 0.000000
vn -0.961214 0.271594 0.048004
vn -0.965926 0.258819 0.000000
vn -0.866025 0.500000 0.000000
vn -0.859908 0.485063 0.158971
vn -0.673664 0.736969 0.055258
vn -0.700004 0.665477 0.259105
vn -0.492397 0.800542 0.341581
vn -0.499766 0.677600 0.539530
vn -0.464180 0.877131 0.123200
vn -0.500000 0.866025 0.000000
vn -0.707107 0.707107 0.000000
vn -0.866025 0.000000 0.500000
vn -0.865827 0.386307 0.317978
vn -0.706882 0.550718 0.443878
vn -0.693919 0.399027 0.599377
vn -0.485879 0.515094 0.706116
vn -0.451503 0.321994 0.832145
vn -0.000000 1.000000 -0.000000
vn -0.258819 0.965926 -0.000000
vn -0.500000 0.866025 -0.000000
vn -0.707107 0.707107 -0.000000
vn -0.866025 0.500000 -0.000000
vn -0.965926 0.258819 -0.000000
vn -1.000000 -0.000000 0.000000
vn -1.000000 -0.000000 -0.000000
vn -0.965926 -0.000000 0.258819
vn -0.866025 -0.000000 0.500000
vn -0.707107 -0.000000 0.707107
vn -0.500000 -0.000000 0.866025
vn -0.258819 -0.000000 0.965926
vn 0.000000 0.000000 1.000000
vn -0.258819 -0.000000 0.965926
vn -0.500000 -0.000000 0.866025
vn -0.707107 -0.000000 0.707107
vn -0.866025 -0.000000 0.500000
vn -0.965926 -0.000000 0.258819
vn -0.965926 -0.000000 0.258819
vn -0.965926 -0.000000 0.258819
vn -0.866025 -0.000000 0.500000
vn -0.707107 -0.000000 0.707107
vn -0.500000 -0.000000 0.866025
vn -0.258819 -0.000000 0.965926
vn -0.258819 -0.000000 0.965926
vn -0.866025 -0.000000 0.500000
vn -0.707107 -0.000000 0.707107
vn -0.500000 -0.000000 0.866025
vn 1.000000 -0.000000 -0.000000
vn 1.000000 -0.000000 -0.000000
vn 1.000000 -0.000000 -0.000000
vn 1.000000 -0.000000 -0.000000
vn 1.000000 -0.000000 -0.000000
vn 1.000000 -0.000000 -0.000000
vn 1.000000 -0.000000 -0.000000
vn -0.000000 0.000000 -1.000000
vn -0.000000 0.000000 -1.000000
vn -0.000000 0.000000 -1.000000
vn -0.000000 0.000000 -1.000000
vn -0.000000 0.000000 -1.000000
vn -0.000000 0.000000 -1.000000
vn -0.000000 0.000000 -1.000000
vn -0.000000 0.000000 -1.000000
vn -0.000000 0.000000 -1.000000
vn -0.000000 0.000000 -1.000000
vn -0.000000 0.000000 -1.000000
vn -0.000000 0.000000 -1.000000
vn -0.000000 0.000000 -1.000000
vn -0.000000 0.000000 -1.000000
vn -0.000000 0.000000 -1.000000
vn -0.000000 0.000000 -1.000000
vn -0.000000 0.000000 -1.000000
vn -0.000000 0.000000 -1.000000
vn -0.000000 0.000000 -1.000000
vn -0.000000 0.000000 -1.000000
vn -0.000000 0.000000 -1.000000
vn -0.000000 0.000000 -1.000000
vn -0.000000 0.000000 -1.000000
vn -0.000000 0.000000 -1.000000
vn -0.000000 0.000000 -1.000000
vn -0.000000 0.000000 -1.000000
vn -0.000000 0.000000 -1.000000
vn -0.000000 0.000000 -1.000000
vn -0.000000 0.000000 -1.000000
vn -0.000000 0.000000 -1.000000
vn -0.000000 0.000000 -1.000000
vn -0.000000 0.000000 -1.000000
vn -0.000000 0.000000 -1.000000
vn -0.000000 0.000000 -1.000000
vn -0.000000 0.000000 -1.000000
vn -0.000000 0.000000 -1.000000
vn -0.000000 0.000000 -1.000000
vn -0.000000 0.000000 -1.000000
vn -0.000000 0.000000 -1.000000
vn -0.000000 0.000000 -1.000000
vn -0.000000 0.000000 -1.000000
vn -0.000000 0.000000 -1.000000
vn -0.000000 0.000000 -1.000000
vn -0.000000 0.000000 -1.000000
vn -0.000000 0.000000 -1.000000
vn -0.000000 0.000000 -1.000000
vn -0.000000 0.000000 -1.000000
vn -0.000000 0.000000 -1.000000
vn -0.000000 0.000000 -1.000000
vn -0.000000 0.000000 -1.000000
vn -0.000000 0.000000 -1.000000
vn -0.000000 0.000000 -1.000000
vn -0.000000 0.000000 -1.000000
vn -0.000000 0.000000 -1.000000
vn -0.000000 0.000000 -1.000000
vn -0.000000 0.000000 -1.000000
vn -0.000000 0.000000 -1.000000
vn -0.000000 0.000000 -1.000000
vn -0.000000 0.000000 -1.000000
vn -0.000000 0.000000 -1.000000
vn -0.000000 0.000000 -1.000000
vn -0.000000 0.000000 -1.000000
vn -0.000000 0.000000 -1.000000
vn -0.000000 0.000000 -1.000000
vn -0.000000 0.000000 -1.000000
vn -0.000000 0.000000 -1.000000
vn -0.000000 0.000000 -1.000000
vn -0.000000 0.000000 -1.000000
vn -0.000000 0.000000 -1.000000
vn -0.000000 0.000000 -1.000000
vn -0.000000 0.000000 -1.000000
vn -0.000000 0.000000 -1.000000
vn -0.000000 0.000000 -1.000000
vn -0.000000 0.000000 -1.000000
vn -0.000000 0.000000 -1.000000
vn -0.000000 0.000000 -1.000000
vn -0.000000 0.000000 -1.000000
vn -0.000000 0.000000 -1.000000
vn -0.000000 0.000000 -1.000000
vn -0.000000 0.000000 -1.000000
vn -0.000000 0.000000 -1.000000
vn -0.000000 0.000000 -1.000000
vn -0.000000 0.000000 -1.000000
vn -0.000000 0.000000 -1.000000
vn -0.000000 0.000000 -1.000000
vn -0.000000 0.000000 -1.000000
vn -0.000000 0.000000 -1.000000
vn -0.000000 0.000000 -1.000000
vn -0.000000 0.000000 -1.000000
vn -0.000000 0.000000 -1.000000
vn -0.000000 0.000000 -1.000000
vn -0.000000 0.000000 -1.000000
vn -0.000000 0.000000 -1.000000
vn -0.000000 0.000000 -1.000000
vn -0.000000 0.000000 -1.000000
vn -0.000000 0.000000 -1.000000
vn -0.000000 0.000000 -1.000000
vn -0.000000 0.000000 -1.000000
vn -0.000000 0.000000 -1.000000
vn -0.000000 0.000000 -1.000000
vn -0.000000 0.000000 -1.000000
vn -0.000000 0.000000 -1.000000
vn -0.000000 0.000000 -1.000000
vn -0.000000 0.000000 -1.000000
vn -0.000000 0.000000 -1.000000
vn -0.000000 0.000000 -1.000000
vn -0.000000 0.000000 -1.000000
vn -0.000000 0.000000 -1.000000
vn -0.000000 0.000000 -1.000000
vn -0.000000 0.000000 -1.000000
vn -0.000000 0.000000 -1.000000
vn -0.000000 0.000000 -1.000000
vn -0.000000 0.000000 -1.000000
vn -0.000000 0.000000 -1.000000
vn -0.000000 0.000000 -1.000000
vn -0.000000 0.000000 -1.000000
vn -0.000000 0.000000 -1.000000
vn -0.000000 0.000000 -1.000000
vn -0.000000 0.000000 -1.000000
vn -0.000000 0.000000 -1.000000
vn -0.000000 0.000000 -1.000000
vn -0.000000 0.000000 -1.000000
vn -0.000000 0.000000 -1.000000
vn -0.000000 0.000000 -1.000000
vn -0.000000 0.000000 -1.000000
vn -0.000000 0.000000 -1.000000
vn -0.000000 0.000000 -1.000000
vn -0.000000 0.000000 -1.000000
vn -0.000000 0.000000 -1.000000
vn -0.000000 0.000000 -1.000000
vn -0.000000 0.000000 -1.000000
vn -0.000000 0.000000 -1.000000
vn -0.000000 0.000000 -1.000000
vn -0.000000 0.000000 -1.000000
vn -0.000000 0.000000 -1.000000
vn -0.000000 0.000000 -1.000000
vn -0.000000 0.000000 -1.000000
vn -0.000000 0.000000 -1.000000
vn -0.000000 0.000000 -1.000000
vn -0.000000 0.000000 -1.000000
vn -0.000000 0.000000 -1.000000
vn -0.000000 0.000000 -1.000000
vn -0.000000 0.000000 -1.000000
vn -0.000000 0.000000 -1.000000
vn -0.000000 0.000000 -1.000000
vn -0.000000 0.000000 -1.000000
vn -0.000000 0.000000 -1.000000
vn -0.000000 0.000000 -1.000000
vn -0.000000 0.000000 -1.000000
vn -0.000000 0.000000 -1.000000
vn -0.000000 0.000000 -1.000000
vn -0.000000 0.000000 -1.000000
vn -0.000000 0.000000 -1.000000
vn -0.000000 0.000000 -1.000000
vn -0.000000 0.000000 -1.000000
vn -0.000000 0.000000 -1.000000
vn -0.000000 0.000000 -1.000000
vn -0.000000 0.000000 -1.000000
vn -0.000000 0.000000 -1.000000
vn -0.000000 0.000000 -1.000000
vn -0.000000 0.000000 -1.000000
vn -0.000000 0.000000 -1.000000
vn -0.000000 0.000000 -1.000000
vn -0.000000 0.000000 -1.000000
vn -0.000000 0.000000 -1.000000
vn -0.000000 0.000000 -1.000000
vn -0.000000 0.000000 -1.000000
vn -0.000000 0.000000 -1.000000
vn -0.000000 0.000000 -1.000000
vn -0.000000 0.000000 -1.000000
vn -0.000000 0.000000 -1.000000
vn -0.000000 0.000000 -1.000000
vn -0.000000 0.000000 -1.000000
vn -0.000000 0.000000 -1.000000
vn -0.000000 0.000000 -1.000000
vn -0.000000 0.000000 -1.000000
vn -0.000000 0.000000 -1.000000
vn -0.000000 0.000000 -1.000000
vn -0.000000 0.000000 -1.000000
vn -0.000000 0.000000 -1.000000
vn -0.000000 0.000000 -1.000000
vn -0.000000 0.000000 -1.000000
vn -0.000000 0.000000 -1.000000
vn -0.000000 0.000000 -1.000000
vn -0.000000 0.000000 -1.000000
vn -0.000000 0.000000 -1.000000
vn -0.000000 0.000000 -1.000000
vn -0.000000 0.000000 -1.000000
vn -0.000000 0.000000 -1.000000
vn -0.000000 0.000000 -1.000000
vn -0.000000 0.000000 -1.000000
vn -0.000000 0.000000 -1.000000
vn -0.000000 0.000000 -1.000000
vn -0.000000 0.000000 -1.000000
vn -0.000000 0.000000 -1.000000
vn -0.000000 0.000000 -1.000000
vn -0.000000 0.000000 -1.000000
vn -0.000000 0.000000 -1.000000
vn -0.000000 0.000000 -1.000000
vn -0.000000 0.000000 -1.000000
vn -0.000000 0.000000 -1.000000
vn -0.000000 0.000000 -1.000000
vn -0.000000 0.000000 -1.000000
vn -0.000000 0.000000 -1.000000
vn -0.000000 0.000000 -1.000000
vn -0.000000 0.000000 -1.000000
vn -0.000000 0.000000 -1.000000
vn -0.000000 0.000000 -1.000000
vn -0.000000 0.000000 -1.000000
vn -0.000000 0.000000 -1.000000
vn -0.000000 0.000000 -1.000000
vn -0.000000 0.000000 -1.000000
vn -0.000000 0.000000 -1.000000
vn -0.000000 0.000000 -1.000000
vn -0.000000 0.000000 -1.000000
vn -0.000000 0.000000 -1.000000
vn -0.000000 0.000000 -1.000000
vn -0.000000 0.000000 -1.000000
vn -0.000000 0.000000 -1.000000
vn -0.000000 0.000000 -1.000000
vn -0.000000 0.000000 -1.000000
vn -0.000000 0.000000 -1.000000
vn -0.000000 0.000000 -1.000000
vn -0.000000 0.000000 -1.000000
vn -0.000000 0.000000 -1.000000
vn -0.000000 0.000000 -1.000000
vn -0.000000 0.000000 -1.000000
vn -0.000000 0.000000 -1.000000
vn -0.000000 0.000000 -1.000000
vn -0.000000 0.000000 -1.000000
vn -0.000000 0.000000 -1.000000
vn -0.000000 0.000000 -1.000000
vn -0.000000 0.000000 -1.000000
vn -0.000000 0.000000 -1.000000
vn -0.000000 0.000000 -1.000000
vn -0.000000 0.000000 -1.000000
vn -0.000000 0.000000 -1.000000
vn -0.000000 0.000000 -1.000000
vn -0.000000 0.000000 -1.000000
vn -0.000000 0.000000 -1.000000
vn -0.000000 0.000000 -1.000000
vn -0.000000 0.000000 -1.000000
vn -0.000000 0.000000 -1.000000
vn -0.000000 0.000000 -1.000000
vn -0.000000 0.000000 -1.000000
vn -0.000000 0.000000 -1.000000
vn -0.000000 0.000000 -1.000000
vn -0.000000 0.000000 -1.000000
vn -0.000000 0.000000 -1.000000
vn -0.000000 0.000000 -1.000000
vn -0.000000 0.000000 -1.000000
vn -0.000000 0.000000 -1.000000
vn -0.000000 0.000000 -1.000000
vn -0.000000 0.000000 -1.000000
vn -0.000000 0.000000 -1.000000
vn -0.000000 0.000000 -1.000000
vn -0.000000 0.000000 -1.000000
vn -0.000000 0.000000 -1.000000
vn -0.000000 0.000000 -1.000000
vn -0.000000 0.000000 -1.000000
vn -0.000000 0.000000 -1.000000
vn -0.000000 0.000000 -1.000000
vn -0.000000 0.000000 -1.000000
vn -0.000000 0.000000 -1.000000
vn -1.000000 -0.000000 -0.000000
vn -1.000000 -0.000000 -0.000000
vn -1.000000 -0.000000 -0.000000
vn -1.000000 -0.000000 -0.000000
vn -1.000000 -0.000000 -0.000000
vn -1.000000 -0.000000 -0.000000
vn -1.000000 -0.000000 -0.000000
vn 0.000000 0.000000 1.000000
vn 0.000000 0.000000 1.000000
vn 0.000000 0.000000 1.000000
vn 0.000000 0.000000 1.000000
vn 0.000000 0.000000 1.000000
vn 0.000000 0.000000 1.000000
vn 0.000000 0.000000 1.000000
vn 0.000000 0.000000 1.000000
vn 0.000000 0.000000 1.000000
vn 0.000000 0.000000 1.000000
vn 0.000000 0.000000 1.000000
vn 0.000000 0.000000 1.000000
vn 0.000000 0.000000 1.000000
vn 0.000000 0.000000 1.000000
vn 0.000000 0.000000 1.000000
vn 0.000000 0.000000 1.000000
vn 0.000000 0.000000 1.000000
vn 0.000000 0.000000 1.000000
vn 0.000000 0.000000 1.000000
vn 0.000000 0.000000 1.000000
vn 0.000000 0.000000 1.000000
vn 0.000000 0.000000 1.000000
vn 0.000000 0.000000 1.000000
vn 0.000000 0.000000 1.000000
vn 0.000000 0.000000 1.000000
vn 0.000000 0.000000 1.000000
vn 0.000000 0.000000 1.000000
vn 0.000000 0.000000 1.000000
vn 0.000000 0.000000 1.000000
vn 0.000000 0.000000 1.000000
vn 0.000000 0.000000 1.000000
vn 0.000000 0.000000 1.000000
vn 0.000000 0.000000 1.000000
vn 0.000000 0.000000 1.000000
vn 0.000000 0.000000 1.000000
vn 0.000000 0.000000 1.000000
vn 0.000000 0.000000 1.000000
vn 0.000000 0.000000 1.000000
vn 0.000000 0.000000 1.000000
vn 0.000000 0.000000 1.000000
vn 0.000000 0.000000 1.000000
vn 0.000000 0.000000 1.000000
vn 0.000000 0.000000 1.000000
vn 0.000000 0.000000 1.000000
vn 0.000000 0.000000 1.000000
vn 0.000000 0.000000 1.000000
vn 0.000000 0.000000 1.000000
vn 0.000000 0.000000 1.000000
vn 0.000000 0.000000 1.000000
vn 0.000000 0.000000 1.000000
vn 0.000000 0.000000 1.000000
vn 0.000000 0.000000 1.000000
vn 0.000000 0.000000 1.000000
vn 0.000000 0.000000 1.000000
vn 0.000000 0.000000 1.000000
vn 0.000000 0.000000 1.000000
vn 0.000000 0.000000 1.000000
vn 0.000000 0.000000 1.000000
vn 0.000000 0.000000 1.000000
vn 0.000000 0.000000 1.000000
vn 0.000000 0.000000 1.000000
vn 0.000000 0.000000 1.000000
vn 0.000000 0.000000 1.000000
vn 0.000000 0.000000 1.000000
vn 0.000000 0.000000 1.000000
vn 0.000000 0.000000 1.000000
vn 0.000000 0.000000 1.000000
vn 0.000000 0.000000 1.000000
vn 0.000000 0.000000 1.000000
vn 0.000000 0.000000 1.000000
vn 0.000000 0.000000 1.000000
vn 0.000000 0.000000 1.000000
vn 0.000000 0.000000 1.000000
vn 0.000000 0.000000 1.000000
vn 0.000000 0.000000 1.000000
vn 0.000000 0.000000 1.000000
vn 0.000000 0.000000 1.000000
vn 0.000000 0.000000 1.000000
vn 0.000000 0.000000 1.000000
vn 0.000000 0.000000 1.000000
vn 0.000000 0.000000 1.000000
vn 0.000000 0.000000 1.000000
vn 0.000000 0.000000 1.000000
vn 0.000000 0.000000 1.000000
vn 0.000000 0.000000 1.000000
vn 0.000000 0.000000 1.000000
vn 0.000000 0.000000 1.000000
vn 0.000000 0.000000 1.000000
vn 0.000000 0.000000 1.000000
vn 0.000000 0.000000 1.000000
vn 0.000000 0.000000 1.000000
vn 0.000000 0.000000 1.000000
vn 0.000000 0.000000 1.000000
vn 0.000000 0.000000 1.000000
vn 0.000000 0.000000 1.000000
vn 0.000000 0.000000 1.000000
vn 0.000000 0.000000 1.000000
vn 0.000000 0.000000 1.000000
vn 0.000000 0.000000 1.000000
vn 0.000000 0.000000 1.000000
vn 0.000000 0.000000 1.000000
vn 0.000000 0.000000 1.000000
vn 0.000000 0.000000 1.000000
vn 0.000000 0.000000 1.000000
vn 0.000000 0.000000 1.000000
vn 0.000000 0.000000 1.000000
vn 0.000000 0.000000 1.000000
vn 0.000000 0.000000 1.000000
vn 0.000000 0.000000 1.000000
vn 0.000000 0.000000 1.000000
vn 0.000000 0.000000 1.000000
vn 0.000000 0.000000 1.000000
vn 0.000000 0.000000 1.000000
vn 0.000000 0.000000 1.000000
vn 0.000000 0.000000 1.000000
vn 0.000000 0.000000 1.000000
vn 0.000000 0.000000 1.000000
vn 0.000000 0.000000 1.000000
vn 0.000000 0.000000 1.000000
vn 0.000000 0.000000 1.000000
vn 0.000000 0.000000 1.000000
vn 0.000000 0.000000 1.000000
vn 0.000000 0.000000 1.000000
vn 0.000000 0.000000 1.000000
vn 0.000000 0.000000 1.000000
vn 0.000000 0.000000 1.000000
vn 0.000000 0.000000 1.000000
vn 0.000000 0.000000 1.000000
vn 0.000000 0.000000 1.000000
vn 0.000000 0.000000 1.000000
vn 0.000000 0.000000 1.000000
vn 0.000000 0.000000 1.000000
vn 0.000000 0.000000 1.000000
vn 0.000000 0.000000 1.000000
vn 0.000000 0.000000 1.000000
vn 0.000000 0.000000 1.000000
vn 0.000000 0.000000 1.000000
vn 0.000000 0.000000 1.000000
vn 0.000000 0.000000 1.000000
vn 0.000000 0.000000 1.000000
vn 0.000000 0.000000 1.000000
vn 0.000000 0.000000 1.000000
vn 0.000000 0.000000 1.000000
vn 0.000000 0.000000 1.000000
vn 0.000000 0.000000 1.000000
vn 0.000000 0.000000 1.000000
vn 0.000000 0.000000 1.000000
vn 0.000000 0.000000 1.000000
vn 0.000000 0.000000 1.000000
vn 0.000000 0.000000 1.000000
vn 0.000000 0.000000 1.000000
vn 0.000000 0.000000 1.000000
vn 0.000000 0.000000 1.000000
vn 0.000000 0.000000 1.000000
vn 0.000000 0.000000 1.000000
vn 0.000000 0.000000 1.000000
vn 0.000000 0.000000 1.000000
vn 0.000000 0.000000 1.000000
vn 0.000000 0.000000 1.000000
vn 0.000000 0.000000 1.000000
vn 0.000000 0.000000 1.000000
vn 0.000000 0.000000 1.000000
vn 0.000000 0.000000 1.000000
vn 0.000000 0.000000 1.000000
vn 0.000000 0.000000 1.000000
vn 0.000000 0.000000 1.000000
vn 0.000000 0.000000 1.000000
vn 0.000000 0.000000 1.000000
vn 0.000000 0.000000 1.000000
vn 0.000000 0.000000 1.000000
vn 0.000000 0.000000 1.000000
vn 0.000000 0.000000 1.000000
vn 0.000000 0.000000 1.000000
vn 0.000000 0.000000 1.000000
vn 0.000000 0.000000 1.000000
vn 0.000000 0.000000 1.000000
vn 0.000000 0.000000 1.000000
vn 0.000000 0.000000 1.000000
vn 0.000000 0.000000 1.000000
vn 0.000000 0.000000 1.000000
vn 0.000000 0.000000 1.000000
vn 0.000000 0.000000 1.000000
vn 0.000000 0.000000 1.000000
vn 0.000000 0.000000 1.000000
vn 0.000000 0.000000 1.000000
vn 0.000000 0.000000 1.000000
vn 0.000000 0.000000 1.000000
vn 0.000000 0.000000 1.000000
vn 0.000000 0.000000 1.000000
vn 0.000000 0.000000 1.000000
vn 0.000000 0.000000 1.000000
vn 0.000000 0.000000 1.000000
vn 0.000000 0.000000 1.000000
vn 0.000000 0.000000 1.000000
vn 0.000000 0.000000 1.000000
vn 0.000000 0.000000 1.000000
vn 0.000000 0.000000 1.000000
vn 0.000000 0.000000 1.000000
vn 0.000000 0.000000 1.000000
vn 0.000000 0.000000 1.000000
vn 0.000000 0.000000 1.000000
vn 0.000000 0.000000 1.000000
vn 0.000000 0.000000 1.000000
vn 0.000000 0.000000 1.000000
vn 0.000000 0.000000 1.000000
vn 0.000000 0.000000 1.000000
vn 0.000000 0.000000 1.000000
vn 0.000000 0.000000 1.000000
vn 0.000000 0.000000 1.000000
vn 0.000000 0.000000 1.000000
vn 0.000000 0.000000 1.000000
vn 0.000000 0.000000 1.000000
vn 0.000000 0.000000 1.000000
vn 0.000000 0.000000 1.000000
vn 0.000000 0.000000 1.000000
vn 0.000000 0.000000 1.000000
vn 0.000000 0.000000 1.000000
vn 0.000000 0.000000 1.000000
vn 0.000000 0.000000 1.000000
vn 0.000000 0.000000 1.000000
vn 0.000000 0.000000 1.000000
vn 0.000000 0.000000 1.000000
vn 0.000000 0.000000 1.000000
vn 0.000000 0.000000 1.000000
vn 0.000000 0.000000 1.000000
vn 0.000000 0.000000 1.000000
vn 0.000000 0.000000 1.000000
vn 0.000000 0.000000 1.000000
vn 0.000000 0.000000 1.000000
vn 0.000000 0.000000 1.000000
vn 0.000000 0.000000 1.000000
vn 0.000000 0.000000 1.000000
vn 0.000000 0.000000 1.000000
vn 0.000000 0.000000 1.000000
vn 0.000000 0.000000 1.000000
vn 0.000000 0.000000 1.000000
vn 0.000000 0.000000 1.000000
vn 0.000000 0.000000 1.000000
vn 0.000000 0.000000 1.000000
vn 0.000000 0.000000 1.000000
vn 0.000000 0.000000 1.000000
vn 0.000000 0.000000 1.000000
vn 0.000000 0.000000 1.000000
vn 0.000000 0.000000 1.000000
vn 0.000000 0.000000 1.000000
vn 0.000000 0.000000 1.000000
vn 0.000000 0.000000 1.000000
vn 0.000000 0.000000 1.000000
vn -1.000000 -0.000000 -0.000000
vn -1.000000 -0.000000 -0.000000
vn -1.000000 -0.000000 -0.000000
vn -1.000000 -0.000000 -0.000000
vn 1.000000 -0.000000 -0.000000
vn 1.000000 -0.000000 -0.000000
vn 1.000000 -0.000000 -0.000000
vn 1.000000 -0.000000 -0.000000
vn -0.000000 -0.000000 -1.000000
vn -0.000000 -0.000000 -1.000000
vn -0.000000 -0.000000 -1.000000
vn -0.000000 -0.000000 -1.000000
vn 0.000000 -1.000000 0.000000
vn 0.000000 -1.000000 0.000000
vn 0.000000 -1.000000 0.000000
vn 0.000000 -1.000000 0.000000
vn 0.000000 -1.000000 0.000000
vn 0.000000 -1.000000 0.000000
vn 0.000000 -1.000000 0.000000
vn 0.000000 -1.000000 0.000000
vn 0.000000 -1.000000 0.000000
vn 0.000000 -1.000000 0.000000
vn 0.000000 -1.000000 0.000000
vn -0.000000 1.000000 -0.000000
vn -0.000000 1.000000 -0.000000
vn -0.000000 1.000000 -0.000000
vn -0.000000 1.000000 -0.000000
vn 1.000000 -0.000000 -0.000000
vn 1.000000 -0.000000 -0.000000
vn 1.000000 -0.000000 -0.000000
vn 1.000000 -0.000000 -0.000000
vn 0.000000 0.000000 -1.000000
vn 0.000000 0.000000 -1.000000
vn 0.000000 0.000000 -1.000000
vn 0.000000 0.000000 -1.000000
vn 0.000000 -1.000000 0.000000
vn 0.000000 -1.000000 0.000000
vn 0.000000 -1.000000 0.000000
vn 0.000000 -1.000000 0.000000
vn -1.000000 0.000000 0.000000
vn -1.000000 0.000000 0.000000
vn -1.000000 0.000000 0.000000
vn -1.000000 0.000000 0.000000
vn 0.000000 -1.000000 0.000000
vn 0.000000 -1.000000 0.000000
vn 0.000000 -1.000000 0.000000
vn 0.000000 -1.000000 0.000000
vn 0.000000 -1.000000 0.000000
vn 0.000000 -1.000000 0.000000
vn 1.000000 0.000000 0.000000
vn 1.000000 0.000000 0.000000
vn 1.000000 0.000000 0.000000
vn 1.000000 0.000000 0.000000
vn -0.000000 1.000000 0.000000
vn -0.000000 1.000000 0.000000
vn -0.000000 1.000000 0.000000
vn -0.000000 1.000000 0.000000
vn -0.000000 1.000000 0.000000
vn -0.000000 1.000000 0.000000
vn 0.965926 0.258819 -0.000000
vn 0.965926 0.258819 -0.000000
vn 1.000000 0.000000 -0.000000
vn 1.000000 0.000000 -0.000000
vn 0.965926 -0.258819 0.000000
vn 0.965926 -0.258819 0.000000
vn 0.866025 -0.500000 0.000000
vn 0.866025 -0.500000 0.000000
vn 0.707107 -0.707107 0.000000
vn 0.707107 -0.707107 0.000000
vn 0.500000 -0.866025 0.000000
vn 0.500000 -0.866025 0.000000
vn 0.258819 -0.965926 0.000000
vn 0.258819 -0.965926 0.000000
vn -0.000000 -1.000000 0.000000
vn -0.000000 -1.000000 0.000000
vn -0.258819 -0.965926 0.000000
vn -0.258819 -0.965926 0.000000
vn -0.500000 -0.866025 0.000000
vn -0.500000 -0.866025 0.000000
vn -0.707107 -0.707107 0.000000
vn -0.707107 -0.707107 0.000000
vn -0.866025 -0.500000 0.000000
vn -0.866025 -0.500000 0.000000
vn -0.965926 -0.258819 0.000000
vn -0.965926 -0.258819 0.000000
vn -1.000000 0.000000 0.000000
vn -1.000000 0.000000 0.000000
vn -0.965926 0.258819 0.000000
vn -0.965926 0.258819 0.000000
vn -0.866025 0.500000 0.000000
vn -0.866025 0.500000 0.000000
vn -0.707107 0.707107 0.000000
vn -0.707107 0.707107 0.000000
vn -0.500000 0.866025 0.000000
vn -0.500000 0.866025 0.000000
vn -0.258819 0.965926 0.000000
vn -0.258819 0.965926 0.000000
vn -0.000000 1.000000 0.000000
vn -0.000000 1.000000 0.000000
vn 0.258819 0.965926 -0.000000
vn 0.258819 0.965926 -0.000000
vn 0.500000 0.866025 -0.000000
vn 0.500000 0.866025 -0.000000
vn 0.707107 0.707107 -0.000000
vn 0.707107 0.707107 -0.000000
vn 0.866025 0.500000 -0.000000
vn 0.866025 0.500000 -0.000000
vn 0.965926 0.258819 -0.000000
vn 0.965926 0.258819 -0.000000
vn 1.000000 0.000000 -0.000000
vn 1.000000 0.000000 -0.000000
vn 0.965926 -0.258819 0.000000
vn 0.965926 -0.258819 0.000000
vn 0.866025 -0.500000 0.000000
vn 0.866025 -0.500000 0.000000
vn 0.707107 -0.707107 0.000000
vn 0.707107 -0.707107 0.000000
vn 0.500000 -0.866025 0.000000
vn 0.500000 -0.866025 0.000000
vn 0.258819 -0.965926 0.000000
vn 0.258819 -0.965926 0.000000
vn -0.000000 -1.000000 0.000000
vn -0.000000 -1.000000 0.000000
vn -0.258819 -0.965926 0.000000
vn -0.258819 -0.965926 0.000000
vn -0.500000 -0.866025 0.000000
vn -0.500000 -0.866025 0.000000
vn -0.707107 -0.707107 0.000000
vn -0.707107 -0.707107 0.000000
vn -0.866025 -0.500000 0.000000
vn -0.866025 -0.500000 0.000000
vn -0.965926 -0.258819 0.000000
vn -0.965926 -0.258819 0.000000
vn -1.000000 0.000000 0.000000
vn -1.000000 0.000000 0.000000
vn -0.965926 0.258819 0.000000
vn -0.965926 0.258819 0.000000
vn -0.866025 0.500000 0.000000
vn -0.866025 0.500000 0.000000
vn -0.707107 0.707107 0.000000
vn -0.707107 0.707107 0.000000
vn -0.500000 0.866025 0.000000
vn -0.500000 0.866025 0.000000
vn -0.258819 0.965926 0.000000
vn -0.258819 0.965926 0.000000
vn -0.000000 1.000000 0.000000
vn -0.000000 1.000000 0.000000
vn 0.258819 0.965926 -0.000000
vn 0.258819 0.965926 -0.000000
vn 0.500000 0.866025 -0.000000
vn 0.500000 0.866025 -0.000000
vn 0.707107 0.707107 -0.000000
vn 0.707107 0.707107 -0.000000
vn 0.866025 0.500000 -0.000000
vn 0.866025 0.500000 -0.000000
vn 0.965926 0.258819 -0.000000
vn 0.965926 0.258819 -0.000000
vn 1.000000 0.000000 -0.000000
vn 1.000000 0.000000 -0.000000
vn 0.965926 -0.258819 0.000000
vn 0.965926 -0.258819 0.000000
vn 0.866025 -0.500000 0.000000
vn 0.866025 -0.500000 0.000000
vn 0.707107 -0.707107 0.000000
vn 0.707107 -0.707107 0.000000
vn 0.500000 -0.866025 0.000000
vn 0.500000 -0.866025 0.000000
vn 0.258819 -0.965926 0.000000
vn 0.258819 -0.965926 0.000000
vn -0.000000 -1.000000 0.000000
vn -0.000000 -1.000000 0.000000
vn -0.258819 -0.965926 0.000000
vn -0.258819 -0.965926 0.000000
vn -0.500000 -0.866025 0.000000
vn -0.500000 -0.866025 0.000000
vn -0.707107 -0.707107 0.000000
vn -0.707107 -0.707107 0.000000
vn -0.866025 -0.500000 0.000000
vn -0.866025 -0.500000 0.000000
vn -0.965926 -0.258819 0.000000
vn -0.965926 -0.258819 0.000000
vn -1.000000 0.000000 0.000000
vn -1.000000 0.000000 0.000000
vn -0.965926 0.258819 0.000000
vn -0.965926 0.258819 0.000000
vn -0.866025 0.500000 0.000000
vn -0.866025 0.500000 0.000000
vn -0.707107 0.707107 0.000000
vn -0.707107 0.707107 0.000000
vn -0.500000 0.866025 0.000000
vn -0.500000 0.866025 0.000000
vn -0.258819 0.965926 0.000000
vn -0.258819 0.965926 0.000000
vn -0.000000 1.000000 0.000000
vn -0.000000 1.000000 0.000000
vn 0.258819 0.965926 -0.000000
vn 0.258819 0.965926 -0.000000
vn 0.500000 0.866025 -0.000000
vn 0.500000 0.866025 -0.000000
vn 0.707107 0.707107 -0.000000
vn 0.707107 0.707107 -0.000000
vn 0.866025 0.500000 -0.000000
vn 0.866025 0.500000 -0.000000
vn 0.965926 0.258819 -0.000000
vn 0.965926 0.258819 -0.000000
vn 1.000000 0.000000 -0.000000
vn 1.000000 0.000000 -0.000000
vn 0.965926 -0.258819 0.000000
vn 0.965926 -0.258819 0.000000
vn 0.866025 -0.500000 0.000000
vn 0.866025 -0.500000 0.000000
vn 0.707107 -0.707107 0.000000
vn 0.707107 -0.707107 0.000000
vn 0.500000 -0.866025 0.000000
vn 0.500000 -0.866025 0.000000
vn 0.258819 -0.965926 0.000000
vn 0.258819 -0.965926 0.000000
vn -0.000000 -1.000000 0.000000
vn -0.000000 -1.000000 0.000000
vn -0.258819 -0.965926 0.000000
vn -0.258819 -0.965926 0.000000
vn -0.500000 -0.866025 0.000000
vn -0.500000 -0.866025 0.000000
vn -0.707107 -0.707107 0.000000
vn -0.707107 -0.707107 0.000000
vn -0.866025 -0.500000 0.000000
vn -0.866025 -0.500000 0.000000
vn -0.965926 -0.258819 0.000000
vn -0.965926 -0.258819 0.000000
vn -1.000000 0.000000 0.000000
vn -1.000000 0.000000 0.000000
vn -0.965926 0.258819 0.000000
vn -0.965926 0.258819 0.000000
vn -0.866025 0.500000 0.000000
vn -0.866025 0.500000 0.000000
vn -0.707107 0.707107 0.000000
vn -0.707107 0.707107 0.000000
vn -0.500000 0.866025 0.000000
vn -0.500000 0.866025 0.000000
vn -0.258819 0.965926 0.000000
vn -0.258819 0.965926 0.000000
vn -0.000000 1.000000 0.000000
vn -0.000000 1.000000 0.000000
vn 0.258819 0.965926 -0.000000
vn 0.258819 0.965926 -0.000000
vn 0.500000 0.866025 -0.000000
vn 0.500000 0.866025 -0.000000
vn 0.707107 0.707107 -0.000000
vn 0.707107 0.707107 -0.000000
vn 0.866025 0.500000 -0.000000
vn 0.866025 0.500000 -0.000000
vn 0.965926 0.258819 -0.000000
vn 0.965926 0.258819 -0.000000
vn 1.000000 0.000000 -0.000000
vn 1.000000 0.000000 -0.000000
vn 0.965926 -0.258819 0.000000
vn 0.965926 -0.258819 0.000000
vn 0.866025 -0.500000 0.000000
vn 0.866025 -0.500000 0.000000
vn 0.707107 -0.707107 0.000000
vn 0.707107 -0.707107 0.000000
vn 0.500000 -0.866025 0.000000
vn 0.500000 -0.866025 0.000000
vn 0.258819 -0.965926 0.000000
vn 0.258819 -0.965926 0.000000
vn -0.000000 -1.000000 0.000000
vn -0.000000 -1.000000 0.000000
vn -0.258819 -0.965926 0.000000
vn -0.258819 -0.965926 0.000000
vn -0.500000 -0.866025 0.000000
vn -0.500000 -0.866025 0.000000
vn -0.707107 -0.707107 0.000000
vn -0.707107 -0.707107 0.000000
vn -0.866025 -0.500000 0.000000
vn -0.866025 -0.500000 0.000000
vn -0.965926 -0.258819 0.000000
vn -0.965926 -0.258819 0.000000
vn -1.000000 0.000000 0.000000
vn -1.000000 0.000000 0.000000
vn -0.965926 0.258819 0.000000
vn -0.965926 0.258819 0.000000
vn -0.866025 0.500000 0.000000
vn -0.866025 0.500000 0.000000
vn -0.707107 0.707107 0.000000
vn -0.707107 0.707107 0.000000
vn -0.500000 0.866025 0.000000
vn -0.500000 0.866025 0.000000
vn -0.258819 0.965926 0.000000
vn -0.258819 0.965926 0.000000
vn -0.000000 1.000000 0.000000
vn -0.000000 1.000000 0.000000
vn 0.258819 0.965926 -0.000000
vn 0.258819 0.965926 -0.000000
vn 0.500000 0.866025 -0.000000
vn 0.500000 0.866025 -0.000000
vn 0.707107 0.707107 -0.000000
vn 0.707107 0.707107 -0.000000
vn 0.866025 0.500000 -0.000000
vn 0.866025 0.500000 -0.000000
vn 0.965926 0.258819 -0.000000
vn 0.965926 0.258819 -0.000000
vn 1.000000 0.000000 -0.000000
vn 1.000000 0.000000 -0.000000
vn 0.965926 -0.258819 0.000000
vn 0.965926 -0.258819 0.000000
vn 0.866025 -0.500000 0.000000
vn 0.866025 -0.500000 0.000000
vn 0.707107 -0.707107 0.000000
vn 0.707107 -0.707107 0.000000
vn 0.500000 -0.866025 0.000000
vn 0.500000 -0.866025 0.000000
vn 0.258819 -0.965926 0.000000
vn 0.258819 -0.965926 0.000000
vn -0.000000 -1.000000 0.000000
vn -0.000000 -1.000000 0.000000
vn -0.258819 -0.965926 0.000000
vn -0.258819 -0.965926 0.000000
vn -0.500000 -0.866025 0.000000
vn -0.500000 -0.866025 0.000000
vn -0.707107 -0.707107 0.000000
vn -0.707107 -0.707107 0.000000
vn -0.866025 -0.500000 0.000000
vn -0.866025 -0.500000 0.000000
vn -0.965926 -0.258819 0.000000
vn -0.965926 -0.258819 0.000000
vn -1.000000 0.000000 0.000000
vn -1.000000 0.000000 0.000000
vn -0.965926 0.258819 0.000000
vn -0.965926 0.258819 0.000000
vn -0.866025 0.500000 0.000000
vn -0.866025 0.500000 0.000000
vn -0.707107 0.707107 0.000000
vn -0.707107 0.707107 0.000000
vn -0.500000 0.866025 0.000000
vn -0.500000 0.866025 0.000000
vn -0.258819 0.965926 0.000000
vn -0.258819 0.965926 0.000000
vn -0.000000 1.000000 0.000000
vn -0.000000 1.000000 0.000000
vn 0.258819 0.965926 -0.000000
vn 0.258819 0.965926 -0.000000
vn 0.500000 0.866025 -0.000000
vn 0.500000 0.866025 -0.000000
vn 0.707107 0.707107 -0.000000
vn 0.707107 0.707107 -0.000000
vn 0.866025 0.500000 -0.000000
vn 0.866025 0.500000 -0.000000
vn 0.965926 0.258819 -0.000000
vn 0.965926 0.258819 -0.000000
vn 1.000000 0.000000 -0.000000
vn 1.000000 0.000000 -0.000000
vn 0.965926 -0.258819 0.000000
vn 0.965926 -0.258819 0.000000
vn 0.866025 -0.500000 0.000000
vn 0.866025 -0.500000 0.000000
vn 0.707107 -0.707107 0.000000
vn 0.707107 -0.707107 0.000000
vn 0.500000 -0.866025 0.000000
vn 0.500000 -0.866025 0.000000
vn 0.258819 -0.965926 0.000000
vn 0.258819 -0.965926 0.000000
vn -0.000000 -1.000000 0.000000
vn -0.000000 -1.000000 0.000000
vn -0.258819 -0.965926 0.000000
vn -0.258819 -0.965926 0.000000
vn -0.500000 -0.866025 0.000000
vn -0.500000 -0.866025 0.000000
vn -0.707107 -0.707107 0.000000
vn -0.707107 -0.707107 0.000000
vn -0.866025 -0.500000 0.000000
vn -0.866025 -0.500000 0.000000
vn -0.965926 -0.258819 0.000000
vn -0.965926 -0.258819 0.000000
vn -1.000000 0.000000 0.000000
vn -1.000000 0.000000 0.000000
vn -0.965926 0.258819 0.000000
vn -0.965926 0.258819 0.000000
vn -0.866025 0.500000 0.000000
vn -0.866025 0.500000 0.000000
vn -0.707107 0.707107 0.000000
vn -0.707107 0.707107 0.000000
vn -0.500000 0.866025 0.000000
vn -0.500000 0.866025 0.000000
vn -0.258819 0.965926 0.000000
vn -0.258819 0.965926 0.000000
vn -0.000000 1.000000 0.000000
vn -0.000000 1.000000 0.000000
vn 0.258819 0.965926 -0.000000
vn 0.258819 0.965926 -0.000000
vn 0.500000 0.866025 -0.000000
vn 0.500000 0.866025 -0.000000
vn 0.707107 0.707107 -0.000000
vn 0.707107 0.707107 -0.000000
vn 0.866025 0.500000 -0.000000
vn 0.866025 0.500000 -0.000000
vn 0.965926 0.258819 -0.000000
vn 0.965926 0.258819 -0.000000
vn 1.000000 0.000000 -0.000000
vn 1.000000 0.000000 -0.000000
vn 0.965926 -0.258819 0.000000
vn 0.965926 -0.258819 0.000000
vn 0.866025 -0.500000 0.000000
vn 0.866025 -0.500000 0.000000
vn 0.707107 -0.707107 0.000000
vn 0.707107 -0.707107 0.000000
vn 0.500000 -0.866025 0.000000
vn 0.500000 -0.866025 0.000000
vn 0.258819 -0.965926 0.000000
vn 0.258819 -0.965926 0.000000
vn -0.000000 -1.000000 0.000000
vn -0.000000 -1.000000 0.000000
vn -0.258819 -0.965926 0.000000
vn -0.258819 -0.965926 0.000000
vn -0.500000 -0.866025 0.000000
vn -0.500000 -0.866025 0.000000
vn -0.707107 -0.707107 0.000000
vn -0.707107 -0.707107 0.000000
vn -0.866025 -0.500000 0.000000
vn -0.866025 -0.500000 0.000000
vn -0.965926 -0.258819 0.000000
vn -0.965926 -0.258819 0.000000
vn -1.000000 0.000000 0.000000
vn -1.000000 0.000000 0.000000
vn -0.965926 0.258819 0.000000
vn -0.965926 0.258819 0.000000
vn -0.866025 0.500000 0.000000
vn -0.866025 0.500000 0.000000
vn -0.707107 0.707107 0.000000
vn -0.707107 0.707107 0.000000
vn -0.500000 0.866025 0.000000
vn -0.500000 0.866025 0.000000
vn -0.258819 0.965926 0.000000
vn -0.258819 0.965926 0.000000
vn -0.000000 1.000000 0.000000
vn -0.000000 1.000000 0.000000
vn 0.258819 0.965926 -0.000000
vn 0.258819 0.965926 -0.000000
vn 0.500000 0.866025 -0.000000
vn 0.500000 0.866025 -0.000000
vn 0.707107 0.707107 -0.000000
vn 0.707107 0.707107 -0.000000
vn 0.866025 0.500000 -0.000000
vn 0.866025 0.500000 -0.000000
vn 0.965926 0.258819 -0.000000
vn 0.965926 0.258819 -0.000000
vn 1.000000 0.000000 -0.000000
vn 1.000000 0.000000 -0.000000
vn 0.965926 -0.258819 0.000000
vn 0.965926 -0.258819 0.000000
vn 0.866025 -0.500000 0.000000
vn 0.866025 -0.500000 0.000000
vn 0.707107 -0.707107 0.000000
vn 0.707107 -0.707107 0.000000
vn 0.500000 -0.866025 0.000000
vn 0.500000 -0.866025 0.000000
vn 0.258819 -0.965926 0.000000
vn 0.258819 -0.965926 0.000000
vn -0.000000 -1.000000 0.000000
vn -0.000000 -1.000000 0.000000
vn -0.258819 -0.965926 0.000000
vn -0.258819 -0.965926 0.000000
vn -0.500000 -0.866025 0.000000
vn -0.500000 -0.866025 0.000000
vn -0.707107 -0.707107 0.000000
vn -0.707107 -0.707107 0.000000
vn -0.866025 -0.500000 0.000000
vn -0.866025 -0.500000 0.000000
vn -0.965926 -0.258819 0.000000
vn -0.965926 -0.258819 0.000000
vn -1.000000 0.000000 0.000000
vn -1.000000 0.000000 0.000000
vn -0.965926 0.258819 0.000000
vn -0.965926 0.258819 0.000000
vn -0.866025 0.500000 0.000000
vn -0.866025 0.500000 0.000000
vn -0.707107 0.707107 0.000000
vn -0.707107 0.707107 0.000000
vn -0.500000 0.866025 0.000000
vn -0.500000 0.866025 0.000000
vn -0.258819 0.965926 0.000000
vn -0.258819 0.965926 0.000000
vn -0.000000 1.000000 0.000000
vn -0.000000 1.000000 0.000000
vn 0.258819 0.965926 -0.000000
vn 0.258819 0.965926 -0.000000
vn 0.500000 0.866025 -0.000000
vn 0.500000 0.866025 -0.000000
vn 0.707107 0.707107 -0.000000
vn 0.707107 0.707107 -0.000000
vn 0.866025 0.500000 -0.000000
vn 0.866025 0.500000 -0.000000
vn 0.965926 0.258819 -0.000000
vn 0.965926 0.258819 -0.000000
vn 1.000000 0.000000 -0.000000
vn 1.000000 0.000000 -0.000000
vn 0.965926 -0.258819 0.000000
vn 0.965926 -0.258819 0.000000
vn 0.866025 -0.500000 0.000000
vn 0.866025 -0.500000 0.000000
vn 0.707107 -0.707107 0.000000
vn 0.707107 -0.707107 0.000000
vn 0.500000 -0.866025 0.000000
vn 0.500000 -0.866025 0.000000
vn 0.258819 -0.965926 0.000000
vn 0.258819 -0.965926 0.000000
vn -0.000000 -1.000000 0.000000
vn -0.000000 -1.000000 0.000000
vn -0.258819 -0.965926 0.000000
vn -0.258819 -0.965926 0.000000
vn -0.500000 -0.866025 0.000000
vn -0.500000 -0.866025 0.000000
vn -0.707107 -0.707107 0.000000
vn -0.707107 -0.707107 0.000000
vn -0.866025 -0.500000 0.000000
vn -0.866025 -0.500000 0.000000
vn -0.965926 -0.258819 0.000000
vn -0.965926 -0.258819 0.000000
vn -1.000000 0.000000 0.000000
vn -1.000000 0.000000 0.000000
vn -0.965926 0.258819 0.000000
vn -0.965926 0.258819 0.000000
vn -0.866025 0.500000 0.000000
vn -0.866025 0.500000 0.000000
vn -0.707107 0.707107 0.000000
vn -0.707107 0.707107 0.000000
vn -0.500000 0.866025 0.000000
vn -0.500000 0.866025 0.000000
vn -0.258819 0.965926 0.000000
vn -0.258819 0.965926 0.000000
vn -0.000000 1.000000 0.000000
vn -0.000000 1.000000 0.000000
vn 0.258819 0.965926 -0.000000
vn 0.258819 0.965926 -0.000000
vn 0.500000 0.866025 -0.000000
vn 0.500000 0.866025 -0.000000
vn 0.707107 0.707107 -0.000000
vn 0.707107 0.707107 -0.000000
vn 0.866025 0.500000 -0.000000
vn 0.866025 0.500000 -0.000000
vn -1.000000 -0.000000 -0.000000
vn -1.000000 -0.000000 -0.000000
vn -1.000000 -0.000000 -0.000000
vn -1.000000 -0.000000 -0.000000
vn -1.000000 -0.000000 -0.000000
vn -1.000000 -0.000000 -0.000000
vn 1.000000 -0.000000 0.000000
vn 1.000000 -0.000000 0.000000
vn 1.000000 -0.000000 0.000000
vn 1.000000 -0.000000 0.000000
vn 1.000000 -0.000000 0.000000
vn 1.000000 -0.000000 0.000000
vn 0.000000 1.000000 0.000000
vn 0.000000 1.000000 0.000000
vn 0.000000 1.000000 0.000000
vn 0.000000 1.000000 0.000000
vn 0.000000 1.000000 0.000000
vn 0.000000 1.000000 0.000000
vn 0.000000 1.000000 0.000000
vn 0.000000 1.000000 0.000000
vn -1.000000 0.000000 0.000000
f 514/1077/1057 536/1078/1058 513/1079/1059
f 513/1079/1059 536/1078/1058 535/1080/1060
f 513/1079/1059 535/1080/1060 530/1081/1061
f 530/1081/1061 535/1080/1060 529/1082/1062
f 529/1082/1062 535/1080/1060 534/1083/1063
f 529/1082/1062 534/1083/1063 550/1084/1064
f 550/1084/1064 534/1083/1063 533/1085/1065
f 550/1084/1064 533/1085/1065 549/1086/1066
f 549/1086/1066 533/1085/1065 532/1087/1067
f 549/1086/1066 532/1087/1067 548/1088/1068
f 548/1088/1068 532/1087/1067 531/1089/1069
f 548/1088/1068 531/1089/1069 547/1090/1070
f 547/1090/1070 531/1089/1069 523/1091/1071
f 547/1090/1070 523/1091/1071 524/1092/1072
f 514/1077/1057 515/1093/1073 536/1078/1058
f 536/1078/1058 515/1093/1073 537/1094/1074
f 536/1078/1058 537/1094/1074 535/1080/1060
f 535/1080/1060 537/1094/1074 534/1083/1063
f 537/1094/1074 515/1093/1073 541/1095/1075
f 541/1095/1075 515/1093/1073 516/1096/1076
f 541/1095/1075 516/1096/1076 542/1097/1077
f 542/1097/1077 516/1096/1076 517/1098/1078
f 542/1097/1077 517/1098/1078 543/1099/1079
f 543/1099/1079 517/1098/1078 545/1100/1080
f 543/1099/1079 545/1100/1080 546/1101/1081
f 546/1101/1081 545/1100/1080 518/1102/1082
f 546/1101/1081 518/1102/1082 519/1103/1083
f 517/1098/1078 518/1102/1082 545/1100/1080
f 519/1103/1083 520/1104/1084 546/1101/1081
f 546/1101/1081 520/1104/1084 544/1105/1085
f 546/1101/1081 544/1105/1085 543/1099/1079
f 543/1099/1079 544/1105/1085 539/1106/1086
f 543/1099/1079 539/1106/1086 538/1107/1087
f 538/1107/1087 539/1106/1086 533/1085/1065
f 538/1107/1087 533/1085/1065 534/1083/1063
f 520/1104/1084 521/1108/1088 544/1105/1085
f 544/1105/1085 521/1108/1088 540/1109/1089
f 544/1105/1085 540/1109/1089 539/1106/1086
f 539/1106/1086 540/1109/1089 532/1087/1067
f 539/1106/1086 532/1087/1067 533/1085/1065
f 521/1108/1088 522/1110/1090 540/1109/1089
f 540/1109/1089 522/1110/1090 531/1089/1069
f 540/1109/1089 531/1089/1069 532/1087/1067
f 522/1110/1090 523/1091/1071 531/1089/1069
f 547/1090/1070 524/1092/1072 551/1111/1091
f 551/1111/1091 524/1092/1072 525/1112/1092
f 551/1111/1091 525/1112/1092 526/1113/1093
f 551/1111/1091 526/1113/1093 552/1114/1094
f 552/1114/1094 526/1113/1093 527/1115/1095
f 552/1114/1094 527/1115/1095 548/1088/1068
f 548/1088/1068 527/1115/1095 549/1086/1066
f 527/1115/1095 528/1116/1096 549/1086/1066
f 549/1086/1066 528/1116/1096 550/1084/1064
f 528/1116/1096 529/1082/1062 550/1084/1064
f 538/1107/1087 534/1083/1063 537/1094/1074
f 541/1095/1075 542/1097/1077 537/1094/1074
f 537/1094/1074 542/1097/1077 538/1107/1087
f 542/1097/1077 543/1099/1079 538/1107/1087
f 552/1114/1094 548/1088/1068 547/1090/1070
f 551/1111/1091 552/1114/1094 547/1090/1070
f 513/1117/1059 553/1118/1097 514/1119/1057
f 514/1119/1057 553/1118/1097 554/1120/1098
f 514/1119/1057 554/1120/1098 515/1121/1073
f 515/1121/1073 554/1120/1098 555/1122/1099
f 515/1121/1073 555/1122/1099 516/1123/1076
f 516/1123/1076 555/1122/1099 556/1124/1100
f 516/1123/1076 556/1124/1100 517/1125/1078
f 517/1125/1078 556/1124/1100 557/1126/1101
f 517/1125/1078 557/1126/1101 518/1127/1082
f 518/1127/1082 557/1126/1101 558/1128/1102
f 518/1127/1082 558/1128/1102 519/1129/1083
f 519/1129/1083 558/1128/1102 559/1130/1103
f 568/1131/1104 525/1132/1092 569/1133/1105
f 569/1133/1105 525/1132/1092 524/1134/1072
f 569/1133/1105 524/1134/1072 573/1135/1106
f 573/1135/1106 524/1134/1072 523/1136/1071
f 573/1135/1106 523/1136/1071 577/1137/1107
f 577/1137/1107 523/1136/1071 522/1138/1090
f 577/1137/1107 522/1138/1090 581/1139/1108
f 581/1139/1108 522/1138/1090 521/1140/1088
f 581/1139/1108 521/1140/1088 585/1141/1109
f 585/1141/1109 521/1140/1088 520/1142/1084
f 585/1141/1109 520/1142/1084 519/1143/1083
f 519/1143/1083 560/1144/1110 585/1141/1109
f 585/1141/1109 560/1144/1110 586/1145/1111
f 585/1141/1109 586/1145/1111 581/1139/1108
f 581/1139/1108 586/1145/1111 582/1146/1112
f 581/1139/1108 582/1146/1112 577/1137/1107
f 577/1137/1107 582/1146/1112 578/1147/1113
f 577/1137/1107 578/1147/1113 573/1135/1106
f 573/1135/1106 578/1147/1113 574/1148/1114
f 573/1135/1106 574/1148/1114 569/1133/1105
f 569/1133/1105 574/1148/1114 570/1149/1115
f 569/1133/1105 570/1149/1115 568/1131/1104
f 568/1131/1104 570/1149/1115 571/1150/1116
f 568/1131/1104 571/1150/1116 572/1151/1117
f 572/1151/1117 571/1150/1116 576/1152/1118
f 572/1151/1117 576/1152/1118 565/1153/1119
f 565/1153/1119 576/1152/1118 564/1154/1120
f 564/1154/1120 576/1152/1118 580/1155/1121
f 564/1154/1120 580/1155/1121 563/1156/1122
f 563/1156/1122 580/1155/1121 584/1157/1123
f 563/1156/1122 584/1157/1123 562/1158/1124
f 562/1158/1124 584/1157/1123 588/1159/1125
f 562/1158/1124 588/1159/1125 561/1160/1126
f 561/1160/1126 588/1159/1125 560/1144/1110
f 560/1144/1110 588/1159/1125 587/1161/1127
f 560/1144/1110 587/1161/1127 586/1145/1111
f 586/1145/1111 587/1161/1127 582/1146/1112
f 565/1153/1119 566/1162/1128 572/1151/1117
f 572/1151/1117 566/1162/1128 567/1163/1129
f 572/1151/1117 567/1163/1129 568/1131/1104
f 571/1150/1116 570/1149/1115 575/1164/1130
f 575/1164/1130 570/1149/1115 574/1148/1114
f 575/1164/1130 574/1148/1114 579/1165/1131
f 579/1165/1131 574/1148/1114 578/1147/1113
f 579/1165/1131 578/1147/1113 583/1166/1132
f 583/1166/1132 578/1147/1113 582/1146/1112
f 583/1166/1132 582/1146/1112 587/1161/1127
f 580/1155/1121 576/1152/1118 575/1164/1130
f 575/1164/1130 576/1152/1118 571/1150/1116
f 580/1155/1121 575/1164/1130 579/1165/1131
f 584/1157/1123 580/1155/1121 579/1165/1131
f 584/1157/1123 579/1165/1131 583/1166/1132
f 588/1159/1125 584/1157/1123 583/1166/1132
f 588/1159/1125 583/1166/1132 587/1161/1127
f 559/1167/1103 589/1168/1133 519/1169/1083
f 519/1169/1083 589/1168/1133 560/1170/1110
f 560/1170/1110 589/1168/1133 590/1171/1134
f 560/1170/1110 590/1171/1134 561/1172/1126
f 589/1173/1135 559/1174/1136 616/1175/1137
f 616/1175/1137 559/1174/1136 558/1176/1138
f 616/1175/1137 558/1176/1138 557/1177/1139
f 557/1177/1139 556/1178/1140 616/1175/1137
f 616/1175/1137 556/1178/1140 555/1179/1141
f 616/1175/1137 555/1179/1141 554/1180/1142
f 554/1180/1142 553/1181/1143 616/1175/1137
f 616/1175/1137 553/1181/1143 591/1182/1144
f 616/1175/1137 591/1182/1144 615/1183/1145
f 615/1183/1145 591/1182/1144 592/1184/1146
f 615/1183/1145 592/1184/1146 614/1185/1147
f 614/1185/1147 592/1184/1146 593/1186/1148
f 614/1185/1147 593/1186/1148 613/1187/1149
f 613/1187/1149 593/1186/1148 594/1188/1150
f 613/1187/1149 594/1188/1150 595/1189/1151
f 595/1189/1151 596/1190/1152 613/1187/1149
f 613/1187/1149 596/1190/1152 597/1191/1153
f 613/1187/1149 597/1191/1153 598/1192/1154
f 598/1192/1154 599/1193/1155 613/1187/1149
f 613/1187/1149 599/1193/1155 612/1194/1156
f 612/1194/1156 599/1193/1155 600/1195/1157
f 612/1194/1156 600/1195/1157 611/1196/1158
f 611/1196/1158 600/1195/1157 601/1197/1159
f 611/1196/1158 601/1197/1159 602/1198/1160
f 611/1196/1158 602/1198/1160 608/1199/1161
f 608/1199/1161 602/1198/1160 603/1200/1162
f 608/1199/1161 603/1200/1162 604/1201/1163
f 604/1201/1163 605/1202/1164 608/1199/1161
f 608/1199/1161 605/1202/1164 606/1203/1165
f 608/1199/1161 606/1203/1165 607/1204/1166
f 609/1205/1167 610/1206/1168 608/1199/1161
f 608/1199/1161 610/1206/1168 611/1196/1158
f 616/1175/1137 617/1207/1169 589/1173/1135
f 589/1173/1135 617/1207/1169 590/1208/1170
f 590/1208/1170 617/1207/1169 618/1209/1171
f 590/1208/1170 618/1209/1171 628/1210/1172
f 628/1210/1172 618/1209/1171 627/1211/1173
f 627/1211/1173 618/1209/1171 626/1212/1174
f 626/1212/1174 618/1209/1171 625/1213/1175
f 625/1213/1175 618/1209/1171 624/1214/1176
f 624/1214/1176 618/1209/1171 623/1215/1177
f 623/1215/1177 618/1209/1171 619/1216/1178
f 623/1215/1177 619/1216/1178 622/1217/1179
f 622/1217/1179 619/1216/1178 620/1218/1180
f 622/1217/1179 620/1218/1180 621/1219/1181
f 562/1220/1124 561/1221/1126 642/1222/1182
f 642/1222/1182 561/1221/1126 629/1223/1183
f 642/1222/1182 629/1223/1183 641/1224/1184
f 641/1224/1184 629/1223/1183 630/1225/1185
f 641/1224/1184 630/1225/1185 645/1226/1186
f 645/1226/1186 630/1225/1185 644/1227/1187
f 645/1226/1186 644/1227/1187 650/1228/1188
f 650/1228/1188 644/1227/1187 649/1229/1189
f 650/1228/1188 649/1229/1189 655/1230/1190
f 655/1230/1190 649/1229/1189 654/1231/1191
f 655/1230/1190 654/1231/1191 659/1232/1192
f 659/1232/1192 654/1231/1191 658/1233/1193
f 659/1232/1192 658/1233/1193 638/1234/1194
f 638/1234/1194 658/1233/1193 637/1235/1195
f 637/1235/1195 658/1233/1193 657/1236/1196
f 637/1235/1195 657/1236/1196 636/1237/1197
f 636/1237/1197 657/1236/1196 653/1238/1198
f 636/1237/1197 653/1238/1198 652/1239/1199
f 652/1239/1199 653/1238/1198 647/1240/1200
f 652/1239/1199 647/1240/1200 634/1241/1201
f 634/1241/1201 647/1240/1200 633/1242/1202
f 633/1242/1202 647/1240/1200 632/1243/1203
f 632/1243/1203 647/1240/1200 648/1244/1204
f 632/1243/1203 648/1244/1204 643/1245/1205
f 643/1245/1205 648/1244/1204 649/1229/1189
f 643/1245/1205 649/1229/1189 644/1227/1187
f 630/1225/1185 631/1246/1206 644/1227/1187
f 644/1227/1187 631/1246/1206 643/1245/1205
f 631/1246/1206 632/1243/1203 643/1245/1205
f 634/1241/1201 635/1247/1207 652/1239/1199
f 652/1239/1199 635/1247/1207 636/1237/1197
f 659/1232/1192 638/1234/1194 661/1248/1208
f 661/1248/1208 638/1234/1194 639/1249/1209
f 661/1248/1208 639/1249/1209 640/1250/1210
f 640/1250/1210 639/1249/1209 567/1251/1129
f 640/1250/1210 567/1251/1129 566/1252/1128
f 640/1250/1210 566/1252/1128 660/1253/1211
f 660/1253/1211 566/1252/1128 565/1254/1119
f 660/1253/1211 565/1254/1119 656/1255/1212
f 656/1255/1212 565/1254/1119 564/1256/1120
f 656/1255/1212 564/1256/1120 651/1257/1213
f 651/1257/1213 564/1256/1120 563/1258/1122
f 651/1257/1213 563/1258/1122 646/1259/1214
f 646/1259/1214 563/1258/1122 562/1220/1124
f 646/1259/1214 562/1220/1124 642/1222/1182
f 646/1259/1214 642/1222/1182 641/1224/1184
f 651/1257/1213 646/1259/1214 645/1226/1186
f 645/1226/1186 646/1259/1214 641/1224/1184
f 651/1257/1213 645/1226/1186 650/1228/1188
f 654/1231/1191 649/1229/1189 648/1244/1204
f 654/1231/1191 648/1244/1204 653/1238/1198
f 653/1238/1198 648/1244/1204 647/1240/1200
f 656/1255/1212 651/1257/1213 650/1228/1188
f 656/1255/1212 650/1228/1188 655/1230/1190
f 658/1233/1193 654/1231/1191 653/1238/1198
f 657/1236/1196 658/1233/1193 653/1238/1198
f 660/1253/1211 656/1255/1212 655/1230/1190
f 660/1253/1211 655/1230/1190 659/1232/1192
f 640/1250/1210 660/1253/1211 659/1232/1192
f 661/1248/1208 640/1250/1210 659/1232/1192
f 561/1260/1126 590/1261/1134 629/1262/1183
f 629/1262/1183 590/1261/1134 628/1263/1215
f 629/1262/1183 628/1263/1215 630/1264/1185
f 630/1264/1185 628/1263/1215 627/1265/1216
f 630/1264/1185 627/1265/1216 631/1266/1206
f 631/1266/1206 627/1265/1216 626/1267/1217
f 631/1266/1206 626/1267/1217 632/1268/1203
f 632/1268/1203 626/1267/1217 625/1269/1218
f 632/1268/1203 625/1269/1218 633/1270/1202
f 633/1270/1202 625/1269/1218 624/1271/1219
f 633/1270/1202 624/1271/1219 634/1272/1201
f 634/1272/1201 624/1271/1219 623/1273/1220
f 639/1274/1209 676/1275/1221 567/1276/1129
f 567/1276/1129 676/1275/1221 677/1277/1222
f 567/1276/1129 677/1277/1222 675/1278/1223
f 675/1278/1223 677/1277/1222 678/1279/1224
f 675/1278/1223 678/1279/1224 679/1280/1225
f 679/1280/1225 678/1279/1224 688/1281/1226
f 679/1280/1225 688/1281/1226 689/1282/1227
f 689/1282/1227 688/1281/1226 698/1283/1228
f 689/1282/1227 698/1283/1228 699/1284/1229
f 699/1284/1229 698/1283/1228 708/1285/1230
f 699/1284/1229 708/1285/1230 709/1286/1231
f 709/1286/1231 708/1285/1230 718/1287/1232
f 709/1286/1231 718/1287/1232 719/1288/1233
f 719/1288/1233 718/1287/1232 664/1289/1234
f 719/1288/1233 664/1289/1234 665/1290/1235
f 676/1275/1221 639/1274/1209 685/1291/1236
f 685/1291/1236 639/1274/1209 638/1292/1194
f 685/1291/1236 638/1292/1194 694/1293/1237
f 694/1293/1237 638/1292/1194 637/1294/1195
f 694/1293/1237 637/1294/1195 703/1295/1238
f 703/1295/1238 637/1294/1195 636/1296/1197
f 703/1295/1238 636/1296/1197 712/1297/1239
f 712/1297/1239 636/1296/1197 635/1298/1207
f 712/1297/1239 635/1298/1207 634/1299/1201
f 634/1299/1201 662/1300/1240 712/1297/1239
f 712/1297/1239 662/1300/1240 713/1301/1241
f 712/1297/1239 713/1301/1241 703/1295/1238
f 703/1295/1238 713/1301/1241 704/1302/1242
f 703/1295/1238 704/1302/1242 694/1293/1237
f 694/1293/1237 704/1302/1242 695/1303/1243
f 694/1293/1237 695/1303/1243 685/1291/1236
f 685/1291/1236 695/1303/1243 686/1304/1244
f 685/1291/1236 686/1304/1244 676/1275/1221
f 676/1275/1221 686/1304/1244 677/1277/1222
f 663/1305/1245 715/1306/1246 662/1300/1240
f 662/1300/1240 715/1306/1246 714/1307/1247
f 662/1300/1240 714/1307/1247 713/1301/1241
f 713/1301/1241 714/1307/1247 704/1302/1242
f 664/1289/1234 718/1287/1232 663/1305/1245
f 663/1305/1245 718/1287/1232 717/1308/1248
f 663/1305/1245 717/1308/1248 716/1309/1249
f 716/1309/1249 717/1308/1248 707/1310/1250
f 716/1309/1249 707/1310/1250 706/1311/1251
f 706/1311/1251 707/1310/1250 697/1312/1252
f 706/1311/1251 697/1312/1252 696/1313/1253
f 696/1313/1253 697/1312/1252 687/1314/1254
f 696/1313/1253 687/1314/1254 686/1304/1244
f 686/1304/1244 687/1314/1254 677/1277/1222
f 665/1290/1235 666/1315/1255 719/1288/1233
f 719/1288/1233 666/1315/1255 667/1316/1256
f 719/1288/1233 667/1316/1256 710/1317/1257
f 710/1317/1257 667/1316/1256 711/1318/1258
f 710/1317/1257 711/1318/1258 701/1319/1259
f 701/1319/1259 711/1318/1258 702/1320/1260
f 701/1319/1259 702/1320/1260 692/1321/1261
f 692/1321/1261 702/1320/1260 693/1322/1262
f 692/1321/1261 693/1322/1262 683/1323/1263
f 683/1323/1263 693/1322/1262 684/1324/1264
f 683/1323/1263 684/1324/1264 674/1325/1265
f 674/1325/1265 684/1324/1264 672/1326/1266
f 674/1325/1265 672/1326/1266 673/1327/1267
f 667/1316/1256 668/1328/1268 711/1318/1258
f 711/1318/1258 668/1328/1268 669/1329/1269
f 711/1318/1258 669/1329/1269 702/1320/1260
f 702/1320/1260 669/1329/1269 670/1330/1270
f 702/1320/1260 670/1330/1270 693/1322/1262
f 693/1322/1262 670/1330/1270 671/1331/1271
f 693/1322/1262 671/1331/1271 684/1324/1264
f 684/1324/1264 671/1331/1271 672/1326/1266
f 675/1278/1223 680/1332/1272 674/1325/1265
f 674/1325/1265 680/1332/1272 681/1333/1273
f 674/1325/1265 681/1333/1273 682/1334/1274
f 682/1334/1274 681/1333/1273 691/1335/1275
f 682/1334/1274 691/1335/1275 692/1321/1261
f 692/1321/1261 691/1335/1275 701/1319/1259
f 680/1332/1272 675/1278/1223 679/1280/1225
f 688/1281/1226 678/1279/1224 687/1314/1254
f 687/1314/1254 678/1279/1224 677/1277/1222
f 679/1280/1225 689/1282/1227 680/1332/1272
f 680/1332/1272 689/1282/1227 690/1336/1276
f 680/1332/1272 690/1336/1276 681/1333/1273
f 681/1333/1273 690/1336/1276 691/1335/1275
f 683/1323/1263 674/1325/1265 682/1334/1274
f 692/1321/1261 683/1323/1263 682/1334/1274
f 696/1313/1253 686/1304/1244 695/1303/1243
f 698/1283/1228 688/1281/1226 697/1312/1252
f 697/1312/1252 688/1281/1226 687/1314/1254
f 689/1282/1227 699/1284/1229 690/1336/1276
f 690/1336/1276 699/1284/1229 700/1337/1277
f 690/1336/1276 700/1337/1277 691/1335/1275
f 691/1335/1275 700/1337/1277 701/1319/1259
f 696/1313/1253 695/1303/1243 705/1338/1278
f 705/1338/1278 695/1303/1243 704/1302/1242
f 705/1338/1278 704/1302/1242 714/1307/1247
f 708/1285/1230 698/1283/1228 707/1310/1250
f 707/1310/1250 698/1283/1228 697/1312/1252
f 710/1317/1257 701/1319/1259 700/1337/1277
f 710/1317/1257 700/1337/1277 709/1286/1231
f 709/1286/1231 700/1337/1277 699/1284/1229
f 696/1313/1253 705/1338/1278 706/1311/1251
f 706/1311/1251 705/1338/1278 715/1306/1246
f 706/1311/1251 715/1306/1246 716/1309/1249
f 716/1309/1249 715/1306/1246 663/1305/1245
f 715/1306/1246 705/1338/1278 714/1307/1247
f 718/1287/1232 708/1285/1230 717/1308/1248
f 717/1308/1248 708/1285/1230 707/1310/1250
f 719/1288/1233 710/1317/1257 709/1286/1231
f 634/1339/1201 623/1340/1220 662/1341/1240
f 662/1341/1240 623/1340/1220 622/1342/1279
f 662/1341/1240 622/1342/1279 663/1343/1245
f 663/1343/1245 622/1342/1279 621/1344/1280
f 663/1343/1245 621/1344/1280 720/1345/1281
f 663/1343/1245 720/1345/1281 664/1346/1234
f 664/1346/1234 720/1345/1281 721/1347/1282
f 664/1346/1234 721/1347/1282 723/1348/1283
f 723/1348/1283 721/1347/1282 722/1349/1284
f 741/1350/1285 724/1351/1286 743/1352/1287
f 743/1352/1287 724/1351/1286 725/1353/1288
f 743/1352/1287 725/1353/1288 742/1354/1289
f 742/1354/1289 725/1353/1288 726/1355/1290
f 742/1354/1289 726/1355/1290 746/1356/1291
f 746/1356/1291 726/1355/1290 745/1357/1292
f 746/1356/1291 745/1357/1292 751/1358/1293
f 751/1358/1293 745/1357/1292 750/1359/1294
f 751/1358/1293 750/1359/1294 756/1360/1295
f 756/1360/1295 750/1359/1294 755/1361/1296
f 756/1360/1295 755/1361/1296 760/1362/1297
f 760/1362/1297 755/1361/1296 759/1363/1298
f 760/1362/1297 759/1363/1298 734/1364/1299
f 734/1364/1299 759/1363/1298 733/1365/1300
f 733/1365/1300 759/1363/1298 758/1366/1301
f 733/1365/1300 758/1366/1301 732/1367/1302
f 732/1367/1302 758/1366/1301 754/1368/1303
f 732/1367/1302 754/1368/1303 753/1369/1304
f 753/1369/1304 754/1368/1303 748/1370/1305
f 753/1369/1304 748/1370/1305 730/1371/1306
f 730/1371/1306 748/1370/1305 729/1372/1307
f 729/1372/1307 748/1370/1305 728/1373/1308
f 728/1373/1308 748/1370/1305 749/1374/1309
f 728/1373/1308 749/1374/1309 744/1375/1310
f 744/1375/1310 749/1374/1309 750/1359/1294
f 744/1375/1310 750/1359/1294 745/1357/1292
f 726/1355/1290 727/1376/1311 745/1357/1292
f 745/1357/1292 727/1376/1311 744/1375/1310
f 727/1376/1311 728/1373/1308 744/1375/1310
f 730/1371/1306 731/1377/1312 753/1369/1304
f 753/1369/1304 731/1377/1312 732/1367/1302
f 760/1362/1297 734/1364/1299 762/1378/1313
f 762/1378/1313 734/1364/1299 735/1379/1314
f 762/1378/1313 735/1379/1314 763/1380/1315
f 763/1380/1315 735/1379/1314 736/1381/1316
f 763/1380/1315 736/1381/1316 737/1382/1317
f 763/1380/1315 737/1382/1317 761/1383/1318
f 761/1383/1318 737/1382/1317 738/1384/1319
f 761/1383/1318 738/1384/1319 757/1385/1320
f 757/1385/1320 738/1384/1319 739/1386/1321
f 757/1385/1320 739/1386/1321 752/1387/1322
f 752/1387/1322 739/1386/1321 740/1388/1323
f 752/1387/1322 740/1388/1323 747/1389/1324
f 747/1389/1324 740/1388/1323 741/1350/1285
f 747/1389/1324 741/1350/1285 743/1352/1287
f 747/1389/1324 743/1352/1287 742/1354/1289
f 752/1387/1322 747/1389/1324 746/1356/1291
f 746/1356/1291 747/1389/1324 742/1354/1289
f 752/1387/1322 746/1356/1291 751/1358/1293
f 755/1361/1296 750/1359/1294 749/1374/1309
f 755/1361/1296 749/1374/1309 754/1368/1303
f 754/1368/1303 749/1374/1309 748/1370/1305
f 757/1385/1320 752/1387/1322 751/1358/1293
f 757/1385/1320 751/1358/1293 756/1360/1295
f 759/1363/1298 755/1361/1296 754/1368/1303
f 758/1366/1301 759/1363/1298 754/1368/1303
f 761/1383/1318 757/1385/1320 756/1360/1295
f 761/1383/1318 756/1360/1295 760/1362/1297
f 763/1380/1315 761/1383/1318 760/1362/1297
f 762/1378/1313 763/1380/1315 760/1362/1297
f 724/1390/1286 599/1391/1325 725/1392/1288
f 725/1392/1288 599/1391/1325 598/1393/1326
f 725/1392/1288 598/1393/1326 726/1394/1290
f 726/1394/1290 598/1393/1326 597/1395/1327
f 726/1394/1290 597/1395/1327 727/1396/1311
f 727/1396/1311 597/1395/1327 596/1397/1328
f 727/1396/1311 596/1397/1328 728/1398/1308
f 728/1398/1308 596/1397/1328 595/1399/1329
f 728/1398/1308 595/1399/1329 729/1400/1307
f 729/1400/1307 595/1399/1329 594/1401/1330
f 729/1400/1307 594/1401/1330 730/1402/1306
f 730/1402/1306 594/1401/1330 593/1403/1331
f 530/1404/1061 768/1405/1332 513/1406/1059
f 513/1406/1059 768/1405/1332 769/1407/1333
f 513/1406/1059 769/1407/1333 767/1408/1334
f 767/1408/1334 769/1407/1333 770/1409/1335
f 767/1408/1334 770/1409/1335 771/1410/1336
f 771/1410/1336 770/1409/1335 780/1411/1337
f 771/1410/1336 780/1411/1337 781/1412/1338
f 781/1412/1338 780/1411/1337 790/1413/1339
f 781/1412/1338 790/1413/1339 791/1414/1340
f 791/1414/1340 790/1413/1339 800/1415/1341
f 791/1414/1340 800/1415/1341 801/1416/1342
f 801/1416/1342 800/1415/1341 810/1417/1343
f 801/1416/1342 810/1417/1343 811/1418/1344
f 811/1418/1344 810/1417/1343 765/1419/1345
f 811/1418/1344 765/1419/1345 736/1420/1316
f 768/1405/1332 530/1404/1061 777/1421/1346
f 777/1421/1346 530/1404/1061 529/1422/1062
f 777/1421/1346 529/1422/1062 786/1423/1347
f 786/1423/1347 529/1422/1062 528/1424/1096
f 786/1423/1347 528/1424/1096 795/1425/1348
f 795/1425/1348 528/1424/1096 527/1426/1095
f 795/1425/1348 527/1426/1095 804/1427/1349
f 804/1427/1349 527/1426/1095 526/1428/1093
f 804/1427/1349 526/1428/1093 525/1429/1092
f 804/1427/1349 525/1429/1092 805/1430/1350
f 805/1430/1350 525/1429/1092 764/1431/1351
f 805/1430/1350 764/1431/1351 806/1432/1352
f 806/1432/1352 764/1431/1351 807/1433/1353
f 806/1432/1352 807/1433/1353 797/1434/1354
f 797/1434/1354 807/1433/1353 798/1435/1355
f 797/1434/1354 798/1435/1355 788/1436/1356
f 788/1436/1356 798/1435/1355 789/1437/1357
f 788/1436/1356 789/1437/1357 779/1438/1358
f 779/1438/1358 789/1437/1357 780/1411/1337
f 779/1438/1358 780/1411/1337 770/1409/1335
f 807/1433/1353 764/1431/1351 808/1439/1359
f 808/1439/1359 764/1431/1351 765/1419/1345
f 808/1439/1359 765/1419/1345 809/1440/1360
f 809/1440/1360 765/1419/1345 810/1417/1343
f 809/1440/1360 810/1417/1343 800/1415/1341
f 811/1418/1344 736/1420/1316 812/1441/1361
f 812/1441/1361 736/1420/1316 735/1442/1314
f 812/1441/1361 735/1442/1314 803/1443/1362
f 803/1443/1362 735/1442/1314 734/1444/1299
f 803/1443/1362 734/1444/1299 794/1445/1363
f 794/1445/1363 734/1444/1299 733/1446/1300
f 794/1445/1363 733/1446/1300 785/1447/1364
f 785/1447/1364 733/1446/1300 732/1448/1302
f 785/1447/1364 732/1448/1302 776/1449/1365
f 776/1449/1365 732/1448/1302 731/1450/1312
f 776/1449/1365 731/1450/1312 730/1451/1306
f 776/1449/1365 730/1451/1306 775/1452/1366
f 775/1452/1366 730/1451/1306 766/1453/1367
f 775/1452/1366 766/1453/1367 774/1454/1368
f 774/1454/1368 766/1453/1367 773/1455/1369
f 774/1454/1368 773/1455/1369 783/1456/1370
f 783/1456/1370 773/1455/1369 782/1457/1371
f 783/1456/1370 782/1457/1371 792/1458/1372
f 792/1458/1372 782/1457/1371 791/1414/1340
f 792/1458/1372 791/1414/1340 801/1416/1342
f 773/1455/1369 766/1453/1367 772/1459/1373
f 772/1459/1373 766/1453/1367 767/1408/1334
f 772/1459/1373 767/1408/1334 771/1410/1336
f 779/1438/1358 770/1409/1335 769/1407/1333
f 769/1407/1333 768/1405/1332 778/1460/1374
f 778/1460/1374 768/1405/1332 777/1421/1346
f 778/1460/1374 777/1421/1346 787/1461/1375
f 787/1461/1375 777/1421/1346 786/1423/1347
f 787/1461/1375 786/1423/1347 796/1462/1376
f 796/1462/1376 786/1423/1347 795/1425/1348
f 796/1462/1376 795/1425/1348 805/1430/1350
f 805/1430/1350 795/1425/1348 804/1427/1349
f 782/1457/1371 773/1455/1369 772/1459/1373
f 782/1457/1371 772/1459/1373 781/1412/1338
f 781/1412/1338 772/1459/1373 771/1410/1336
f 785/1447/1364 776/1449/1365 775/1452/1366
f 775/1452/1366 774/1454/1368 784/1463/1377
f 784/1463/1377 774/1454/1368 783/1456/1370
f 784/1463/1377 783/1456/1370 793/1464/1378
f 793/1464/1378 783/1456/1370 792/1458/1372
f 793/1464/1378 792/1458/1372 802/1465/1379
f 802/1465/1379 792/1458/1372 801/1416/1342
f 802/1465/1379 801/1416/1342 811/1418/1344
f 788/1436/1356 779/1438/1358 778/1460/1374
f 778/1460/1374 779/1438/1358 769/1407/1333
f 788/1436/1356 778/1460/1374 787/1461/1375
f 790/1413/1339 780/1411/1337 789/1437/1357
f 791/1414/1340 782/1457/1371 781/1412/1338
f 794/1445/1363 785/1447/1364 784/1463/1377
f 784/1463/1377 785/1447/1364 775/1452/1366
f 794/1445/1363 784/1463/1377 793/1464/1378
f 797/1434/1354 788/1436/1356 787/1461/1375
f 797/1434/1354 787/1461/1375 796/1462/1376
f 790/1413/1339 789/1437/1357 799/1466/1380
f 799/1466/1380 789/1437/1357 798/1435/1355
f 799/1466/1380 798/1435/1355 808/1439/1359
f 808/1439/1359 798/1435/1355 807/1433/1353
f 803/1443/1362 794/1445/1363 793/1464/1378
f 803/1443/1362 793/1464/1378 802/1465/1379
f 806/1432/1352 797/1434/1354 796/1462/1376
f 806/1432/1352 796/1462/1376 805/1430/1350
f 809/1440/1360 800/1415/1341 799/1466/1380
f 799/1466/1380 800/1415/1341 790/1413/1339
f 809/1440/1360 799/1466/1380 808/1439/1359
f 812/1441/1361 803/1443/1362 802/1465/1379
f 812/1441/1361 802/1465/1379 811/1418/1344
f 513/1467/1059 767/1468/1334 553/1469/1097
f 553/1469/1097 767/1468/1334 591/1470/1381
f 591/1470/1381 767/1468/1334 766/1471/1367
f 591/1470/1381 766/1471/1367 592/1472/1382
f 592/1472/1382 766/1471/1367 730/1473/1306
f 592/1472/1382 730/1473/1306 593/1474/1331
f 813/1475/1383 814/1476/1384 826/1477/1385
f 826/1477/1385 814/1476/1384 831/1478/1386
f 826/1477/1385 831/1478/1386 825/1479/1387
f 825/1479/1387 831/1478/1386 836/1480/1388
f 825/1479/1387 836/1480/1388 668/1481/1268
f 668/1481/1268 836/1480/1388 669/1482/1269
f 669/1482/1269 836/1480/1388 840/1483/1389
f 669/1482/1269 840/1483/1389 670/1484/1270
f 670/1484/1270 840/1483/1389 828/1485/1390
f 670/1484/1270 828/1485/1390 671/1486/1271
f 671/1486/1271 828/1485/1390 848/1487/1391
f 671/1486/1271 848/1487/1391 672/1488/1266
f 672/1488/1266 848/1487/1391 851/1489/1392
f 672/1488/1266 851/1489/1392 673/1490/1267
f 673/1490/1267 851/1489/1392 824/1491/1393
f 824/1491/1393 851/1489/1392 850/1492/1394
f 824/1491/1393 850/1492/1394 823/1493/1395
f 823/1493/1395 850/1492/1394 849/1494/1396
f 823/1493/1395 849/1494/1396 822/1495/1397
f 822/1495/1397 849/1494/1396 846/1496/1398
f 822/1495/1397 846/1496/1398 845/1497/1399
f 845/1497/1399 846/1496/1398 843/1498/1400
f 845/1497/1399 843/1498/1400 844/1499/1401
f 844/1499/1401 843/1498/1400 827/1500/1402
f 844/1499/1401 827/1500/1402 820/1501/1403
f 820/1501/1403 827/1500/1402 819/1502/1404
f 819/1502/1404 827/1500/1402 832/1503/1405
f 819/1502/1404 832/1503/1405 818/1504/1406
f 818/1504/1406 832/1503/1405 817/1505/1407
f 817/1505/1407 832/1503/1405 833/1506/1408
f 817/1505/1407 833/1506/1408 829/1507/1409
f 829/1507/1409 833/1506/1408 834/1508/1410
f 829/1507/1409 834/1508/1410 835/1509/1411
f 835/1509/1411 834/1508/1410 839/1510/1412
f 835/1509/1411 839/1510/1412 840/1483/1389
f 840/1483/1389 839/1510/1412 828/1485/1390
f 831/1478/1386 814/1476/1384 830/1511/1413
f 830/1511/1413 814/1476/1384 815/1512/1414
f 830/1511/1413 815/1512/1414 829/1507/1409
f 829/1507/1409 815/1512/1414 816/1513/1415
f 829/1507/1409 816/1513/1415 817/1505/1407
f 820/1501/1403 821/1514/1416 844/1499/1401
f 844/1499/1401 821/1514/1416 845/1497/1399
f 821/1514/1416 822/1495/1397 845/1497/1399
f 836/1480/1388 831/1478/1386 830/1511/1413
f 836/1480/1388 830/1511/1413 835/1509/1411
f 835/1509/1411 830/1511/1413 829/1507/1409
f 833/1506/1408 832/1503/1405 837/1515/1417
f 837/1515/1417 832/1503/1405 827/1500/1402
f 837/1515/1417 827/1500/1402 843/1498/1400
f 834/1508/1410 833/1506/1408 838/1516/1418
f 838/1516/1418 833/1506/1408 837/1515/1417
f 838/1516/1418 837/1515/1417 842/1517/1419
f 842/1517/1419 837/1515/1417 843/1498/1400
f 842/1517/1419 843/1498/1400 846/1496/1398
f 840/1483/1389 836/1480/1388 835/1509/1411
f 834/1508/1410 838/1516/1418 839/1510/1412
f 839/1510/1412 838/1516/1418 841/1518/1420
f 839/1510/1412 841/1518/1420 828/1485/1390
f 828/1485/1390 841/1518/1420 848/1487/1391
f 841/1518/1420 838/1516/1418 842/1517/1419
f 841/1518/1420 842/1517/1419 847/1519/1421
f 847/1519/1421 842/1517/1419 846/1496/1398
f 847/1519/1421 846/1496/1398 850/1492/1394
f 850/1492/1394 846/1496/1398 849/1494/1396
f 851/1489/1392 848/1487/1391 847/1519/1421
f 847/1519/1421 848/1487/1391 841/1518/1420
f 851/1489/1392 847/1519/1421 850/1492/1394
f 813/1520/1383 607/1521/1422 814/1522/1384
f 814/1522/1384 607/1521/1422 606/1523/1423
f 814/1522/1384 606/1523/1423 815/1524/1414
f 815/1524/1414 606/1523/1423 605/1525/1424
f 815/1524/1414 605/1525/1424 816/1526/1415
f 816/1526/1415 605/1525/1424 604/1527/1425
f 816/1526/1415 604/1527/1425 817/1528/1407
f 817/1528/1407 604/1527/1425 603/1529/1426
f 817/1528/1407 603/1529/1426 818/1530/1406
f 818/1530/1406 603/1529/1426 602/1531/1427
f 818/1530/1406 602/1531/1427 819/1532/1404
f 819/1532/1404 602/1531/1427 601/1533/1428
f 853/1534/1429 724/1535/1286 854/1536/1430
f 854/1536/1430 724/1535/1286 741/1537/1285
f 854/1536/1430 741/1537/1285 858/1538/1431
f 858/1538/1431 741/1537/1285 740/1539/1323
f 858/1538/1431 740/1539/1323 862/1540/1432
f 862/1540/1432 740/1539/1323 739/1541/1321
f 862/1540/1432 739/1541/1321 866/1542/1433
f 866/1542/1433 739/1541/1321 738/1543/1319
f 866/1542/1433 738/1543/1319 870/1544/1434
f 870/1544/1434 738/1543/1319 737/1545/1317
f 870/1544/1434 737/1545/1317 736/1546/1316
f 736/1546/1316 852/1547/1435 870/1544/1434
f 870/1544/1434 852/1547/1435 871/1548/1436
f 870/1544/1434 871/1548/1436 866/1542/1433
f 866/1542/1433 871/1548/1436 867/1549/1437
f 866/1542/1433 867/1549/1437 862/1540/1432
f 862/1540/1432 867/1549/1437 863/1550/1438
f 862/1540/1432 863/1550/1438 858/1538/1431
f 858/1538/1431 863/1550/1438 859/1551/1439
f 858/1538/1431 859/1551/1439 854/1536/1430
f 854/1536/1430 859/1551/1439 855/1552/1440
f 854/1536/1430 855/1552/1440 853/1534/1429
f 853/1534/1429 855/1552/1440 856/1553/1441
f 853/1534/1429 856/1553/1441 857/1554/1442
f 857/1554/1442 856/1553/1441 861/1555/1443
f 857/1554/1442 861/1555/1443 821/1556/1416
f 821/1556/1416 861/1555/1443 822/1557/1397
f 822/1557/1397 861/1555/1443 865/1558/1444
f 822/1557/1397 865/1558/1444 823/1559/1395
f 823/1559/1395 865/1558/1444 869/1560/1445
f 823/1559/1395 869/1560/1445 824/1561/1393
f 824/1561/1393 869/1560/1445 873/1562/1446
f 824/1561/1393 873/1562/1446 673/1563/1267
f 673/1563/1267 873/1562/1446 852/1547/1435
f 852/1547/1435 873/1562/1446 872/1564/1447
f 852/1547/1435 872/1564/1447 871/1548/1436
f 871/1548/1436 872/1564/1447 867/1549/1437
f 821/1556/1416 820/1565/1403 857/1554/1442
f 857/1554/1442 820/1565/1403 819/1566/1404
f 857/1554/1442 819/1566/1404 853/1534/1429
f 856/1553/1441 855/1552/1440 860/1567/1448
f 860/1567/1448 855/1552/1440 859/1551/1439
f 860/1567/1448 859/1551/1439 864/1568/1449
f 864/1568/1449 859/1551/1439 863/1550/1438
f 864/1568/1449 863/1550/1438 868/1569/1450
f 868/1569/1450 863/1550/1438 867/1549/1437
f 868/1569/1450 867/1549/1437 872/1564/1447
f 865/1558/1444 861/1555/1443 860/1567/1448
f 860/1567/1448 861/1555/1443 856/1553/1441
f 865/1558/1444 860/1567/1448 864/1568/1449
f 869/1560/1445 865/1558/1444 864/1568/1449
f 869/1560/1445 864/1568/1449 868/1569/1450
f 873/1562/1446 869/1560/1445 868/1569/1450
f 873/1562/1446 868/1569/1450 872/1564/1447
f 826/1570/1451 874/1571/1452 813/1572/1453
f 813/1572/1453 874/1571/1452 608/1573/1454
f 813/1572/1453 608/1573/1454 607/1574/1455
f 826/1570/1451 825/1575/1456 874/1571/1452
f 874/1571/1452 825/1575/1456 668/1576/1457
f 874/1577/1458 668/1578/1459 887/1579/1460
f 887/1579/1460 668/1578/1459 667/1580/1461
f 887/1579/1460 667/1580/1461 875/1581/1462
f 876/1582/1463 893/1583/1464 875/1581/1462
f 875/1581/1462 893/1583/1464 1030/1584/1465
f 875/1581/1462 1030/1584/1465 1031/1585/1466
f 893/1583/1464 876/1582/1463 892/1586/1467
f 892/1586/1467 876/1582/1463 877/1587/1468
f 892/1586/1467 877/1587/1468 891/1588/1469
f 891/1588/1469 877/1587/1468 878/1589/1470
f 891/1588/1469 878/1589/1470 960/1590/1471
f 960/1590/1471 878/1589/1470 959/1591/1472
f 959/1591/1472 878/1589/1470 958/1592/1473
f 958/1592/1473 878/1589/1470 957/1593/1474
f 957/1593/1474 878/1589/1470 956/1594/1475
f 956/1594/1475 878/1589/1470 1102/1595/1476
f 956/1594/1475 1102/1595/1476 955/1596/1477
f 955/1596/1477 1102/1595/1476 1103/1597/1478
f 955/1596/1477 1103/1597/1478 954/1598/1479
f 954/1598/1479 1103/1597/1478 1104/1599/1480
f 954/1598/1479 1104/1599/1480 953/1600/1481
f 953/1600/1481 1104/1599/1480 952/1601/1482
f 952/1601/1482 1104/1599/1480 1105/1602/1483
f 952/1601/1482 1105/1602/1483 951/1603/1484
f 951/1603/1484 1105/1602/1483 1106/1604/1485
f 951/1603/1484 1106/1604/1485 950/1605/1486
f 950/1605/1486 1106/1604/1485 1107/1606/1487
f 950/1605/1486 1107/1606/1487 949/1607/1488
f 949/1607/1488 1107/1606/1487 1108/1608/1489
f 949/1607/1488 1108/1608/1489 948/1609/1490
f 948/1609/1490 1108/1608/1489 1109/1610/1491
f 948/1609/1490 1109/1610/1491 1051/1611/1492
f 1051/1611/1492 1109/1610/1491 1050/1612/1493
f 1050/1612/1493 1109/1610/1491 1086/1613/1494
f 1050/1612/1493 1086/1613/1494 1049/1614/1495
f 1049/1614/1495 1086/1613/1494 1087/1615/1496
f 1049/1614/1495 1087/1615/1496 1048/1616/1497
f 1048/1616/1497 1087/1615/1496 1088/1617/1498
f 1048/1616/1497 1088/1617/1498 1080/1618/1499
f 1080/1618/1499 1088/1617/1498 1079/1619/1500
f 1079/1619/1500 1088/1617/1498 1089/1620/1501
f 1079/1619/1500 1089/1620/1501 1078/1621/1502
f 1078/1621/1502 1089/1620/1501 1090/1622/1503
f 1078/1621/1502 1090/1622/1503 1077/1623/1504
f 1077/1623/1504 1090/1622/1503 1091/1624/1505
f 1077/1623/1504 1091/1624/1505 1076/1625/1506
f 1076/1625/1506 1091/1624/1505 1092/1626/1507
f 1076/1625/1506 1092/1626/1507 1075/1627/1508
f 1075/1627/1508 1092/1626/1507 1074/1628/1509
f 1074/1628/1509 1092/1626/1507 1093/1629/1510
f 1074/1628/1509 1093/1629/1510 1073/1630/1511
f 1073/1630/1511 1093/1629/1510 879/1631/1512
f 1073/1630/1511 879/1631/1512 1072/1632/1513
f 1072/1632/1513 879/1631/1512 1071/1633/1514
f 1071/1633/1514 879/1631/1512 880/1634/1515
f 1071/1633/1514 880/1634/1515 1070/1635/1516
f 1070/1635/1516 880/1634/1515 1069/1636/1517
f 1069/1636/1517 880/1634/1515 1068/1637/1518
f 1068/1637/1518 880/1634/1515 930/1638/1519
f 1068/1637/1518 930/1638/1519 1067/1639/1520
f 1067/1639/1520 930/1638/1519 890/1640/1521
f 1067/1639/1520 890/1640/1521 1066/1641/1522
f 1066/1641/1522 890/1640/1521 1065/1642/1523
f 1065/1642/1523 890/1640/1521 1064/1643/1524
f 1064/1643/1524 890/1640/1521 1063/1644/1525
f 1063/1644/1525 890/1640/1521 1042/1645/1526
f 1063/1644/1525 1042/1645/1526 1043/1646/1527
f 1102/1595/1476 878/1589/1470 1101/1647/1528
f 1101/1647/1528 878/1589/1470 879/1631/1512
f 1101/1647/1528 879/1631/1512 1100/1648/1529
f 1100/1648/1529 879/1631/1512 1099/1649/1530
f 1099/1649/1530 879/1631/1512 1098/1650/1531
f 1098/1650/1531 879/1631/1512 1097/1651/1532
f 1097/1651/1532 879/1631/1512 1096/1652/1533
f 1096/1652/1533 879/1631/1512 1095/1653/1534
f 1095/1653/1534 879/1631/1512 1094/1654/1535
f 1094/1654/1535 879/1631/1512 1093/1629/1510
f 881/1655/1536 927/1656/1537 880/1634/1515
f 880/1634/1515 927/1656/1537 928/1657/1538
f 880/1634/1515 928/1657/1538 929/1658/1539
f 882/1659/1540 889/1660/1541 881/1655/1536
f 881/1655/1536 889/1660/1541 1134/1661/1542
f 881/1655/1536 1134/1661/1542 924/1662/1543
f 924/1662/1543 1134/1661/1542 923/1663/1544
f 923/1663/1544 1134/1661/1542 922/1664/1545
f 922/1664/1545 1134/1661/1542 921/1665/1546
f 921/1665/1546 1134/1661/1542 920/1666/1547
f 920/1666/1547 1134/1661/1542 919/1667/1548
f 919/1667/1548 1134/1661/1542 889/1660/1541
f 919/1667/1548 889/1660/1541 918/1668/1549
f 918/1668/1549 889/1660/1541 941/1669/1550
f 941/1669/1550 889/1660/1541 940/1670/1551
f 940/1670/1551 889/1660/1541 939/1671/1552
f 939/1671/1552 889/1660/1541 938/1672/1553
f 938/1672/1553 889/1660/1541 890/1640/1521
f 938/1672/1553 890/1640/1521 937/1673/1554
f 937/1673/1554 890/1640/1521 936/1674/1555
f 936/1674/1555 890/1640/1521 935/1675/1556
f 935/1675/1556 890/1640/1521 934/1676/1557
f 934/1676/1557 890/1640/1521 933/1677/1558
f 933/1677/1558 890/1640/1521 932/1678/1559
f 932/1678/1559 890/1640/1521 931/1679/1560
f 931/1679/1560 890/1640/1521 930/1638/1519
f 883/1680/1561 1113/1681/1562 882/1659/1540
f 882/1659/1540 1113/1681/1562 1114/1682/1563
f 882/1659/1540 1114/1682/1563 1115/1683/1564
f 884/1684/1565 969/1685/1566 883/1680/1561
f 883/1680/1561 969/1685/1566 970/1686/1567
f 883/1680/1561 970/1686/1567 971/1687/1568
f 885/1688/1569 1011/1689/1570 884/1684/1565
f 884/1684/1565 1011/1689/1570 1012/1690/1571
f 884/1684/1565 1012/1690/1571 1013/1691/1572
f 886/1692/1573 1033/1693/1574 885/1688/1569
f 885/1688/1569 1033/1693/1574 1034/1694/1575
f 885/1688/1569 1034/1694/1575 1035/1695/1576
f 887/1579/1460 875/1581/1462 886/1692/1573
f 886/1692/1573 875/1581/1462 1032/1696/1577
f 886/1692/1573 1032/1696/1577 1033/1693/1574
f 889/1660/1541 1126/1697/1578 888/1698/1579
f 888/1698/1579 1126/1697/1578 1127/1699/1580
f 888/1698/1579 1127/1699/1580 1128/1700/1581
f 891/1588/1469 1061/1701/1582 890/1640/1521
f 890/1640/1521 1061/1701/1582 1038/1702/1583
f 890/1640/1521 1038/1702/1583 1039/1703/1584
f 888/1698/1579 907/1704/1585 893/1583/1464
f 893/1583/1464 907/1704/1585 908/1705/1586
f 893/1583/1464 908/1705/1586 909/1706/1587
f 895/1707/1588 1001/1708/1589 894/1709/1590
f 894/1709/1590 1001/1708/1589 1002/1710/1591
f 894/1709/1590 1002/1710/1591 917/1711/1592
f 917/1711/1592 1002/1710/1591 1003/1712/1593
f 917/1711/1592 1003/1712/1593 1020/1713/1594
f 1020/1713/1594 1003/1712/1593 1004/1714/1595
f 1020/1713/1594 1004/1714/1595 1019/1715/1596
f 1019/1715/1596 1004/1714/1595 1005/1716/1597
f 1019/1715/1596 1005/1716/1597 1018/1717/1598
f 1018/1717/1598 1005/1716/1597 1006/1718/1599
f 1018/1717/1598 1006/1718/1599 1017/1719/1600
f 1017/1719/1600 1006/1718/1599 1007/1720/1601
f 1017/1719/1600 1007/1720/1601 1016/1721/1602
f 1016/1721/1602 1007/1720/1601 1008/1722/1603
f 1016/1721/1602 1008/1722/1603 1015/1723/1604
f 1015/1723/1604 1008/1722/1603 1014/1724/1605
f 1014/1724/1605 1008/1722/1603 1009/1725/1606
f 1014/1724/1605 1009/1725/1606 1037/1726/1607
f 1037/1726/1607 1009/1725/1606 1010/1727/1608
f 1037/1726/1607 1010/1727/1608 1036/1728/1609
f 1036/1728/1609 1010/1727/1608 885/1688/1569
f 1036/1728/1609 885/1688/1569 1035/1695/1576
f 1001/1708/1589 895/1707/1588 1000/1729/1610
f 1000/1729/1610 895/1707/1588 896/1730/1611
f 1000/1729/1610 896/1730/1611 984/1731/1612
f 984/1731/1612 896/1730/1611 983/1732/1613
f 983/1732/1613 896/1730/1611 897/1733/1614
f 983/1732/1613 897/1733/1614 982/1734/1615
f 982/1734/1615 897/1733/1614 898/1735/1616
f 982/1734/1615 898/1735/1616 981/1736/1617
f 981/1736/1617 898/1735/1616 899/1737/1618
f 981/1736/1617 899/1737/1618 980/1738/1619
f 980/1738/1619 899/1737/1618 900/1739/1620
f 980/1738/1619 900/1739/1620 979/1740/1621
f 979/1740/1621 900/1739/1620 978/1741/1622
f 978/1741/1622 900/1739/1620 901/1742/1623
f 978/1741/1622 901/1742/1623 977/1743/1624
f 977/1743/1624 901/1742/1623 902/1744/1625
f 977/1743/1624 902/1744/1625 888/1698/1579
f 888/1698/1579 902/1744/1625 903/1745/1626
f 888/1698/1579 903/1745/1626 904/1746/1627
f 904/1746/1627 905/1747/1628 888/1698/1579
f 888/1698/1579 905/1747/1628 906/1748/1629
f 888/1698/1579 906/1748/1629 907/1704/1585
f 909/1706/1587 910/1749/1630 893/1583/1464
f 893/1583/1464 910/1749/1630 1028/1750/1631
f 893/1583/1464 1028/1750/1631 1029/1751/1632
f 1028/1750/1631 910/1749/1630 1027/1752/1633
f 1027/1752/1633 910/1749/1630 911/1753/1634
f 1027/1752/1633 911/1753/1634 1026/1754/1635
f 1026/1754/1635 911/1753/1634 912/1755/1636
f 1026/1754/1635 912/1755/1636 1025/1756/1637
f 1025/1756/1637 912/1755/1636 1024/1757/1638
f 1024/1757/1638 912/1755/1636 913/1758/1639
f 1024/1757/1638 913/1758/1639 1023/1759/1640
f 1023/1759/1640 913/1758/1639 914/1760/1641
f 1023/1759/1640 914/1760/1641 1022/1761/1642
f 1022/1761/1642 914/1760/1641 915/1762/1643
f 1022/1761/1642 915/1762/1643 1021/1763/1644
f 1021/1763/1644 915/1762/1643 916/1764/1645
f 1021/1763/1644 916/1764/1645 1020/1713/1594
f 1020/1713/1594 916/1764/1645 917/1711/1592
f 924/1662/1543 925/1765/1646 881/1655/1536
f 881/1655/1536 925/1765/1646 926/1766/1647
f 881/1655/1536 926/1766/1647 927/1656/1537
f 929/1658/1539 930/1638/1519 880/1634/1515
f 943/1767/1648 1056/1768/1649 942/1769/1650
f 942/1769/1650 1056/1768/1649 1057/1770/1651
f 942/1769/1650 1057/1770/1651 965/1771/1652
f 965/1771/1652 1057/1770/1651 1058/1772/1653
f 965/1771/1652 1058/1772/1653 964/1773/1654
f 964/1773/1654 1058/1772/1653 891/1588/1469
f 964/1773/1654 891/1588/1469 963/1774/1655
f 963/1774/1655 891/1588/1469 962/1775/1656
f 962/1775/1656 891/1588/1469 961/1776/1657
f 961/1776/1657 891/1588/1469 960/1590/1471
f 943/1767/1648 944/1777/1658 1056/1768/1649
f 1056/1768/1649 944/1777/1658 1055/1778/1659
f 1055/1778/1659 944/1777/1658 945/1779/1660
f 1055/1778/1659 945/1779/1660 1054/1780/1661
f 1054/1780/1661 945/1779/1660 946/1781/1662
f 1054/1780/1661 946/1781/1662 1053/1782/1663
f 1053/1782/1663 946/1781/1662 947/1783/1664
f 1053/1782/1663 947/1783/1664 1052/1784/1665
f 1052/1784/1665 947/1783/1664 948/1609/1490
f 1052/1784/1665 948/1609/1490 1051/1611/1492
f 967/1785/1666 995/1786/1667 966/1787/1668
f 966/1787/1668 995/1786/1667 996/1788/1669
f 966/1787/1668 996/1788/1669 989/1789/1670
f 989/1789/1670 996/1788/1669 988/1790/1671
f 988/1790/1671 996/1788/1669 997/1791/1672
f 988/1790/1671 997/1791/1672 987/1792/1673
f 987/1792/1673 997/1791/1672 998/1793/1674
f 987/1792/1673 998/1793/1674 986/1794/1675
f 986/1794/1675 998/1793/1674 999/1795/1676
f 986/1794/1675 999/1795/1676 985/1796/1677
f 985/1796/1677 999/1795/1676 1000/1729/1610
f 985/1796/1677 1000/1729/1610 984/1731/1612
f 995/1786/1667 967/1785/1666 884/1684/1565
f 884/1684/1565 967/1785/1666 968/1797/1678
f 884/1684/1565 968/1797/1678 969/1685/1566
f 971/1687/1568 972/1798/1679 883/1680/1561
f 883/1680/1561 972/1798/1679 1110/1799/1680
f 883/1680/1561 1110/1799/1680 1111/1800/1681
f 972/1798/1679 973/1801/1682 1110/1799/1680
f 1110/1799/1680 973/1801/1682 888/1698/1579
f 1110/1799/1680 888/1698/1579 1133/1802/1683
f 1133/1802/1683 888/1698/1579 1132/1803/1684
f 1132/1803/1684 888/1698/1579 1131/1804/1685
f 1131/1804/1685 888/1698/1579 1130/1805/1686
f 1130/1805/1686 888/1698/1579 1129/1806/1687
f 1129/1806/1687 888/1698/1579 1128/1700/1581
f 973/1801/1682 974/1807/1688 888/1698/1579
f 888/1698/1579 974/1807/1688 975/1808/1689
f 888/1698/1579 975/1808/1689 976/1809/1690
f 976/1809/1690 977/1743/1624 888/1698/1579
f 1013/1691/1572 990/1810/1691 884/1684/1565
f 884/1684/1565 990/1810/1691 991/1811/1692
f 884/1684/1565 991/1811/1692 992/1812/1693
f 992/1812/1693 993/1813/1694 884/1684/1565
f 884/1684/1565 993/1813/1694 994/1814/1695
f 884/1684/1565 994/1814/1695 995/1786/1667
f 1010/1727/1608 1011/1689/1570 885/1688/1569
f 1029/1751/1632 1030/1584/1465 893/1583/1464
f 1031/1585/1466 1032/1696/1577 875/1581/1462
f 1039/1703/1584 1040/1815/1696 890/1640/1521
f 890/1640/1521 1040/1815/1696 1041/1816/1697
f 890/1640/1521 1041/1816/1697 1042/1645/1526
f 1063/1644/1525 1043/1646/1527 1062/1817/1698
f 1062/1817/1698 1043/1646/1527 1044/1818/1699
f 1062/1817/1698 1044/1818/1699 1085/1819/1700
f 1085/1819/1700 1044/1818/1699 1084/1820/1701
f 1084/1820/1701 1044/1818/1699 1045/1821/1702
f 1084/1820/1701 1045/1821/1702 1083/1822/1703
f 1083/1822/1703 1045/1821/1702 1046/1823/1704
f 1083/1822/1703 1046/1823/1704 1082/1824/1705
f 1082/1824/1705 1046/1823/1704 1047/1825/1706
f 1082/1824/1705 1047/1825/1706 1081/1826/1707
f 1081/1826/1707 1047/1825/1706 1048/1616/1497
f 1081/1826/1707 1048/1616/1497 1080/1618/1499
f 1058/1772/1653 1059/1827/1708 891/1588/1469
f 891/1588/1469 1059/1827/1708 1060/1828/1709
f 891/1588/1469 1060/1828/1709 1061/1701/1582
f 1111/1800/1681 1112/1829/1710 883/1680/1561
f 883/1680/1561 1112/1829/1710 1113/1681/1562
f 1115/1683/1564 1116/1830/1711 882/1659/1540
f 882/1659/1540 1116/1830/1711 1135/1831/1712
f 882/1659/1540 1135/1831/1712 889/1660/1541
f 889/1660/1541 1135/1831/1712 1121/1832/1713
f 889/1660/1541 1121/1832/1713 1122/1833/1714
f 1116/1830/1711 1117/1834/1715 1135/1831/1712
f 1135/1831/1712 1117/1834/1715 1118/1835/1716
f 1135/1831/1712 1118/1835/1716 1119/1836/1717
f 1119/1836/1717 1120/1837/1718 1135/1831/1712
f 1135/1831/1712 1120/1837/1718 1121/1832/1713
f 1122/1833/1714 1123/1838/1719 889/1660/1541
f 889/1660/1541 1123/1838/1719 1124/1839/1720
f 889/1660/1541 1124/1839/1720 1125/1840/1721
f 1125/1840/1721 1126/1697/1578 889/1660/1541
f 667/1841/1722 666/1842/1723 875/1843/1724
f 875/1843/1724 666/1842/1723 665/1844/1725
f 875/1843/1724 665/1844/1725 664/1845/1726
f 723/1846/1727 1136/1847/1728 664/1845/1726
f 664/1845/1726 1136/1847/1728 875/1843/1724
f 1160/1848/1729 1137/1849/1730 1379/1850/1731
f 1379/1850/1731 1137/1849/1730 1138/1851/1732
f 1379/1850/1731 1138/1851/1732 1139/1852/1733
f 1139/1852/1733 1140/1853/1734 1379/1850/1731
f 1379/1850/1731 1140/1853/1734 1141/1854/1735
f 1379/1850/1731 1141/1854/1735 1142/1855/1736
f 1142/1855/1736 1143/1856/1737 1379/1850/1731
f 1379/1850/1731 1143/1856/1737 1144/1857/1738
f 1379/1850/1731 1144/1857/1738 1145/1858/1739
f 1379/1850/1731 1145/1858/1739 1378/1859/1740
f 1378/1859/1740 1145/1858/1739 1146/1860/1741
f 1378/1859/1740 1146/1860/1741 1147/1861/1742
f 1147/1861/1742 1148/1862/1743 1378/1859/1740
f 1378/1859/1740 1148/1862/1743 1149/1863/1744
f 1378/1859/1740 1149/1863/1744 1383/1864/1745
f 1383/1864/1745 1149/1863/1744 1150/1865/1746
f 1383/1864/1745 1150/1865/1746 1151/1866/1747
f 1151/1866/1747 1152/1867/1748 1383/1864/1745
f 1383/1864/1745 1152/1867/1748 1153/1868/1749
f 1383/1864/1745 1153/1868/1749 1154/1869/1750
f 1383/1864/1745 1154/1869/1750 765/1870/1345
f 765/1870/1345 1154/1869/1750 1155/1871/1751
f 765/1870/1345 1155/1871/1751 1156/1872/1752
f 1156/1872/1752 1157/1873/1753 765/1870/1345
f 765/1870/1345 1157/1873/1753 1158/1874/1754
f 765/1870/1345 1158/1874/1754 1159/1875/1755
f 765/1870/1345 1159/1875/1755 736/1876/1316
f 736/1876/1316 1159/1875/1755 1160/1848/1729
f 736/1876/1316 1160/1848/1729 1298/1877/1756
f 1298/1877/1756 1160/1848/1729 1297/1878/1757
f 1297/1878/1757 1160/1848/1729 1379/1850/1731
f 1297/1878/1757 1379/1850/1731 1296/1879/1758
f 1296/1879/1758 1379/1850/1731 1295/1880/1759
f 1295/1880/1759 1379/1850/1731 1369/1881/1760
f 1295/1880/1759 1369/1881/1760 1370/1882/1761
f 1162/1883/1762 1322/1884/1763 1161/1885/1764
f 1161/1885/1764 1322/1884/1763 1192/1886/1765
f 1161/1885/1764 1192/1886/1765 1184/1887/1766
f 1184/1887/1766 1192/1886/1765 1193/1888/1767
f 1184/1887/1766 1193/1888/1767 1183/1889/1768
f 1183/1889/1768 1193/1888/1767 1194/1890/1769
f 1183/1889/1768 1194/1890/1769 1182/1891/1770
f 1182/1891/1770 1194/1890/1769 1195/1892/1771
f 1182/1891/1770 1195/1892/1771 1181/1893/1772
f 1181/1893/1772 1195/1892/1771 1196/1894/1773
f 1181/1893/1772 1196/1894/1773 1180/1895/1774
f 1180/1895/1774 1196/1894/1773 1197/1896/1775
f 1180/1895/1774 1197/1896/1775 1179/1897/1776
f 1179/1897/1776 1197/1896/1775 1198/1898/1777
f 1179/1897/1776 1198/1898/1777 1178/1899/1778
f 1178/1899/1778 1198/1898/1777 1199/1900/1779
f 1178/1899/1778 1199/1900/1779 1177/1901/1780
f 1177/1901/1780 1199/1900/1779 525/1902/1092
f 1177/1901/1780 525/1902/1092 568/1903/1104
f 1322/1884/1763 1162/1883/1762 1321/1904/1781
f 1321/1904/1781 1162/1883/1762 1163/1905/1782
f 1321/1904/1781 1163/1905/1782 1320/1906/1783
f 1320/1906/1783 1163/1905/1782 1164/1907/1784
f 1320/1906/1783 1164/1907/1784 1319/1908/1785
f 1319/1908/1785 1164/1907/1784 1165/1909/1786
f 1319/1908/1785 1165/1909/1786 1318/1910/1787
f 1318/1910/1787 1165/1909/1786 1166/1911/1788
f 1318/1910/1787 1166/1911/1788 1317/1912/1789
f 1317/1912/1789 1166/1911/1788 1167/1913/1790
f 1317/1912/1789 1167/1913/1790 1316/1914/1791
f 1316/1914/1791 1167/1913/1790 1168/1915/1792
f 1316/1914/1791 1168/1915/1792 1315/1916/1793
f 1315/1916/1793 1168/1915/1792 1169/1917/1794
f 1315/1916/1793 1169/1917/1794 567/1918/1129
f 567/1918/1129 1169/1917/1794 1170/1919/1795
f 567/1918/1129 1170/1919/1795 568/1903/1104
f 568/1903/1104 1170/1919/1795 1171/1920/1796
f 568/1903/1104 1171/1920/1796 1172/1921/1797
f 1172/1921/1797 1173/1922/1798 568/1903/1104
f 568/1903/1104 1173/1922/1798 1174/1923/1799
f 568/1903/1104 1174/1923/1799 1175/1924/1800
f 1175/1924/1800 1176/1925/1801 568/1903/1104
f 568/1903/1104 1176/1925/1801 1177/1901/1780
f 1186/1926/1802 1226/1927/1803 1185/1928/1804
f 1185/1928/1804 1226/1927/1803 1227/1929/1805
f 1185/1928/1804 1227/1929/1805 1208/1930/1806
f 1208/1930/1806 1227/1929/1805 1228/1931/1807
f 1208/1930/1806 1228/1931/1807 1207/1932/1808
f 1207/1932/1808 1228/1931/1807 1229/1933/1809
f 1207/1932/1808 1229/1933/1809 1377/1934/1810
f 1377/1934/1810 1229/1933/1809 1230/1935/1811
f 1377/1934/1810 1230/1935/1811 1231/1936/1812
f 1226/1927/1803 1186/1926/1802 1225/1937/1813
f 1225/1937/1813 1186/1926/1802 1187/1938/1814
f 1225/1937/1813 1187/1938/1814 1224/1939/1815
f 1224/1939/1815 1187/1938/1814 1188/1940/1816
f 1224/1939/1815 1188/1940/1816 1223/1941/1817
f 1223/1941/1817 1188/1940/1816 1189/1942/1818
f 1223/1941/1817 1189/1942/1818 1222/1943/1819
f 1222/1943/1819 1189/1942/1818 1190/1944/1820
f 1222/1943/1819 1190/1944/1820 1221/1945/1821
f 1221/1945/1821 1190/1944/1820 1324/1946/1822
f 1221/1945/1821 1324/1946/1822 1220/1947/1823
f 1220/1947/1823 1324/1946/1822 1325/1948/1824
f 1220/1947/1823 1325/1948/1824 1219/1949/1825
f 1219/1949/1825 1325/1948/1824 1326/1950/1826
f 1219/1949/1825 1326/1950/1826 1218/1951/1827
f 1218/1951/1827 1326/1950/1826 1327/1952/1828
f 1218/1951/1827 1327/1952/1828 1217/1953/1829
f 1217/1953/1829 1327/1952/1828 1328/1954/1830
f 1217/1953/1829 1328/1954/1830 1216/1955/1831
f 1216/1955/1831 1328/1954/1830 1305/1956/1832
f 1216/1955/1831 1305/1956/1832 1215/1957/1833
f 1215/1957/1833 1305/1956/1832 1306/1958/1834
f 1215/1957/1833 1306/1958/1834 1214/1959/1835
f 1214/1959/1835 1306/1958/1834 1307/1960/1836
f 1214/1959/1835 1307/1960/1836 1213/1961/1837
f 1213/1961/1837 1307/1960/1836 1382/1962/1838
f 1213/1961/1837 1382/1962/1838 1212/1963/1839
f 1212/1963/1839 1382/1962/1838 1211/1964/1840
f 1211/1964/1840 1382/1962/1838 1210/1965/1841
f 1210/1965/1841 1382/1962/1838 1377/1934/1810
f 1210/1965/1841 1377/1934/1810 1209/1966/1842
f 1209/1966/1842 1377/1934/1810 1232/1967/1843
f 1232/1967/1843 1377/1934/1810 1231/1936/1812
f 1190/1944/1820 1191/1968/1844 1324/1946/1822
f 1324/1946/1822 1191/1968/1844 1323/1969/1845
f 1323/1969/1845 1191/1968/1844 1322/1884/1763
f 1322/1884/1763 1191/1968/1844 1192/1886/1765
f 1199/1900/1779 1200/1970/1846 525/1902/1092
f 525/1902/1092 1200/1970/1846 1201/1971/1847
f 525/1902/1092 1201/1971/1847 1202/1972/1848
f 1202/1972/1848 1203/1973/1849 525/1902/1092
f 525/1902/1092 1203/1973/1849 1204/1974/1850
f 525/1902/1092 1204/1974/1850 1342/1975/1851
f 1342/1975/1851 1204/1974/1850 1205/1976/1852
f 1342/1975/1851 1205/1976/1852 1377/1934/1810
f 1377/1934/1810 1205/1976/1852 1206/1977/1853
f 1377/1934/1810 1206/1977/1853 1207/1932/1808
f 1234/1978/1854 1263/1979/1855 1233/1980/1856
f 1233/1980/1856 1263/1979/1855 1264/1981/1857
f 1233/1980/1856 1264/1981/1857 1256/1982/1858
f 1256/1982/1858 1264/1981/1857 1265/1983/1859
f 1256/1982/1858 1265/1983/1859 1255/1984/1860
f 1255/1984/1860 1265/1983/1859 1266/1985/1861
f 1255/1984/1860 1266/1985/1861 1254/1986/1862
f 1254/1986/1862 1266/1985/1861 1267/1987/1863
f 1254/1986/1862 1267/1987/1863 1253/1988/1864
f 1253/1988/1864 1267/1987/1863 1268/1989/1865
f 1253/1988/1864 1268/1989/1865 1252/1990/1866
f 1252/1990/1866 1268/1989/1865 1269/1991/1867
f 1252/1990/1866 1269/1991/1867 1286/1992/1868
f 1286/1992/1868 1269/1991/1867 1270/1993/1869
f 1286/1992/1868 1270/1993/1869 1285/1994/1870
f 1285/1994/1870 1270/1993/1869 1271/1995/1871
f 1285/1994/1870 1271/1995/1871 1284/1996/1872
f 1284/1996/1872 1271/1995/1871 1272/1997/1873
f 1284/1996/1872 1272/1997/1873 1283/1998/1874
f 1283/1998/1874 1272/1997/1873 1273/1999/1875
f 1283/1998/1874 1273/1999/1875 1282/2000/1876
f 1282/2000/1876 1273/1999/1875 1274/2001/1877
f 1282/2000/1876 1274/2001/1877 1281/2002/1878
f 1281/2002/1878 1274/2001/1877 1275/2003/1879
f 1281/2002/1878 1275/2003/1879 1304/2004/1880
f 1304/2004/1880 1275/2003/1879 1276/2005/1881
f 1304/2004/1880 1276/2005/1881 1303/2006/1882
f 1303/2006/1882 1276/2005/1881 1277/2007/1883
f 1303/2006/1882 1277/2007/1883 736/1876/1316
f 736/1876/1316 1277/2007/1883 852/2008/1435
f 852/2008/1435 1277/2007/1883 1278/2009/1884
f 852/2008/1435 1278/2009/1884 1279/2010/1885
f 1263/1979/1855 1234/1978/1854 1262/2011/1886
f 1262/2011/1886 1234/1978/1854 1235/2012/1887
f 1262/2011/1886 1235/2012/1887 1261/2013/1888
f 1261/2013/1888 1235/2012/1887 673/2014/1267
f 1261/2013/1888 673/2014/1267 1260/2015/1889
f 1260/2015/1889 673/2014/1267 852/2008/1435
f 1260/2015/1889 852/2008/1435 1259/2016/1890
f 1259/2016/1890 852/2008/1435 1258/2017/1891
f 1258/2017/1891 852/2008/1435 1257/2018/1892
f 1257/2018/1892 852/2008/1435 1280/2019/1893
f 1280/2019/1893 852/2008/1435 1279/2010/1885
f 1235/2012/1887 1236/2020/1894 673/2014/1267
f 673/2014/1267 1236/2020/1894 1237/2021/1895
f 673/2014/1267 1237/2021/1895 1238/2022/1896
f 1238/2022/1896 1239/2023/1897 673/2014/1267
f 673/2014/1267 1239/2023/1897 1240/2024/1898
f 673/2014/1267 1240/2024/1898 1380/2025/1899
f 1380/2025/1899 1240/2024/1898 1241/2026/1900
f 1380/2025/1899 1241/2026/1900 1242/2027/1901
f 1242/2027/1901 1243/2028/1902 1380/2025/1899
f 1380/2025/1899 1243/2028/1902 1361/2029/1903
f 1380/2025/1899 1361/2029/1903 1362/2030/1904
f 1361/2029/1903 1243/2028/1902 1360/2031/1905
f 1360/2031/1905 1243/2028/1902 1244/2032/1906
f 1360/2031/1905 1244/2032/1906 1359/2033/1907
f 1359/2033/1907 1244/2032/1906 1245/2034/1908
f 1359/2033/1907 1245/2034/1908 1358/2035/1909
f 1358/2035/1909 1245/2034/1908 1246/2036/1910
f 1358/2035/1909 1246/2036/1910 1357/2037/1911
f 1357/2037/1911 1246/2036/1910 1247/2038/1912
f 1357/2037/1911 1247/2038/1912 1356/2039/1913
f 1356/2039/1913 1247/2038/1912 1248/2040/1914
f 1356/2039/1913 1248/2040/1914 1355/2041/1915
f 1355/2041/1915 1248/2040/1914 1249/2042/1916
f 1355/2041/1915 1249/2042/1916 1354/2043/1917
f 1354/2043/1917 1249/2042/1916 1250/2044/1918
f 1354/2043/1917 1250/2044/1918 1353/2045/1919
f 1353/2045/1919 1250/2044/1918 1288/2046/1920
f 1353/2045/1919 1288/2046/1920 1376/2047/1921
f 1376/2047/1921 1288/2046/1920 1289/2048/1922
f 1376/2047/1921 1289/2048/1922 1375/2049/1923
f 1375/2049/1923 1289/2048/1922 1290/2050/1924
f 1375/2049/1923 1290/2050/1924 1374/2051/1925
f 1374/2051/1925 1290/2050/1924 1291/2052/1926
f 1374/2051/1925 1291/2052/1926 1373/2053/1927
f 1373/2053/1927 1291/2052/1926 1292/2054/1928
f 1373/2053/1927 1292/2054/1928 1372/2055/1929
f 1372/2055/1929 1292/2054/1928 1293/2056/1930
f 1372/2055/1929 1293/2056/1930 1371/2057/1931
f 1371/2057/1931 1293/2056/1930 1294/2058/1932
f 1371/2057/1931 1294/2058/1932 1370/1882/1761
f 1370/1882/1761 1294/2058/1932 1295/1880/1759
f 1288/2046/1920 1250/2044/1918 1287/2059/1933
f 1287/2059/1933 1250/2044/1918 1251/2060/1934
f 1287/2059/1933 1251/2060/1934 1252/1990/1866
f 1286/1992/1868 1287/2059/1933 1252/1990/1866
f 1298/1877/1756 1299/2061/1935 736/1876/1316
f 736/1876/1316 1299/2061/1935 1300/2062/1936
f 736/1876/1316 1300/2062/1936 1301/2063/1937
f 1301/2063/1937 1302/2064/1938 736/1876/1316
f 736/1876/1316 1302/2064/1938 1303/2006/1882
f 1307/1960/1836 1308/2065/1939 1382/1962/1838
f 1382/1962/1838 1308/2065/1939 1309/2066/1940
f 1382/1962/1838 1309/2066/1940 1310/2067/1941
f 1382/1962/1838 1310/2067/1941 567/1918/1129
f 567/1918/1129 1310/2067/1941 1311/2068/1942
f 567/1918/1129 1311/2068/1942 1312/2069/1943
f 1312/2069/1943 1313/2070/1944 567/1918/1129
f 567/1918/1129 1313/2070/1944 1314/2071/1945
f 567/1918/1129 1314/2071/1945 1315/1916/1793
f 1330/2072/1946 1378/1859/1740 1329/2073/1947
f 1329/2073/1947 1378/1859/1740 1384/2074/1948
f 1329/2073/1947 1384/2074/1948 1352/2075/1949
f 1352/2075/1949 1384/2074/1948 1351/2076/1950
f 1351/2076/1950 1384/2074/1948 1350/2077/1951
f 1350/2077/1951 1384/2074/1948 1349/2078/1952
f 1349/2078/1952 1384/2074/1948 1348/2079/1953
f 1348/2079/1953 1384/2074/1948 764/2080/1351
f 1348/2079/1953 764/2080/1351 1347/2081/1954
f 1347/2081/1954 764/2080/1351 1346/2082/1955
f 1346/2082/1955 764/2080/1351 1345/2083/1956
f 1345/2083/1956 764/2080/1351 1344/2084/1957
f 1344/2084/1957 764/2080/1351 1343/2085/1958
f 1343/2085/1958 764/2080/1351 525/1902/1092
f 1343/2085/1958 525/1902/1092 1342/1975/1851
f 1330/2072/1946 1331/2086/1959 1378/1859/1740
f 1378/1859/1740 1331/2086/1959 1332/2087/1960
f 1378/1859/1740 1332/2087/1960 1333/2088/1961
f 1378/1859/1740 1333/2088/1961 1377/1934/1810
f 1377/1934/1810 1333/2088/1961 1334/2089/1962
f 1377/1934/1810 1334/2089/1962 1335/2090/1963
f 1335/2090/1963 1336/2091/1964 1377/1934/1810
f 1377/1934/1810 1336/2091/1964 1337/2092/1965
f 1377/1934/1810 1337/2092/1965 1338/2093/1966
f 1338/2093/1966 1339/2094/1967 1377/1934/1810
f 1377/1934/1810 1339/2094/1967 1340/2095/1968
f 1377/1934/1810 1340/2095/1968 1341/2096/1969
f 1341/2096/1969 1342/1975/1851 1377/1934/1810
f 1362/2030/1904 1363/2097/1970 1380/2025/1899
f 1380/2025/1899 1363/2097/1970 1364/2098/1971
f 1380/2025/1899 1364/2098/1971 1379/1850/1731
f 1379/1850/1731 1364/2098/1971 1365/2099/1972
f 1379/1850/1731 1365/2099/1972 1366/2100/1973
f 1366/2100/1973 1367/2101/1974 1379/1850/1731
f 1379/1850/1731 1367/2101/1974 1368/2102/1975
f 1379/1850/1731 1368/2102/1975 1369/1881/1760
f 673/2014/1267 1380/2025/1899 674/2103/1265
f 674/2103/1265 1380/2025/1899 1381/2104/1976
f 674/2103/1265 1381/2104/1976 675/2105/1223
f 675/2105/1223 1381/2104/1976 1382/1962/1838
f 675/2105/1223 1382/1962/1838 567/1918/1129
f 1383/1864/1745 765/1870/1345 1378/1859/1740
f 1378/1859/1740 765/1870/1345 764/2080/1351
f 1378/1859/1740 764/2080/1351 1384/2074/1948
f 621/2106/1977 620/2107/1978 720/2108/1979
f 720/2108/1979 620/2107/1978 1385/2109/1980
f 1386/2110/1981 722/2111/1982 1387/2112/1983
f 1387/2112/1983 722/2111/1982 721/2113/1984
f 721/2114/1985 720/2115/1986 1387/2116/1987
f 1387/2116/1987 720/2115/1986 1385/2117/1988
f 1386/2118/1989 1387/2119/1990 1136/2120/1991
f 1136/2120/1991 1387/2119/1990 875/2121/1992
f 875/2121/1992 1387/2119/1990 1385/2122/1993
f 875/2121/1992 1385/2122/1993 876/2123/1994
f 876/2123/1994 1385/2122/1993 619/2124/1995
f 876/2123/1994 619/2124/1995 877/2125/1996
f 877/2125/1996 619/2124/1995 618/2126/1997
f 877/2125/1996 618/2126/1997 878/2127/1998
f 1385/2122/1993 620/2128/1999 619/2124/1995
f 609/2129/2000 608/2130/2001 887/2131/2002
f 887/2131/2002 608/2130/2001 874/2132/2003
f 610/2133/2004 609/2134/2005 886/2135/2006
f 886/2135/2006 609/2134/2005 887/2136/2007
f 1386/2137/2008 1136/2138/2009 722/2139/2010
f 722/2139/2010 1136/2138/2009 723/2140/2011
f 886/2141/2012 885/2142/2013 610/2143/2014
f 610/2143/2014 885/2142/2013 611/2144/2015
f 891/2145/2016 890/2146/2017 1382/2147/2018
f 1382/2147/2018 890/2146/2017 1377/2148/2019
f 893/2149/2020 892/2150/2021 1380/2151/2022
f 1380/2151/2022 892/2150/2021 1381/2152/2023
f 1381/2152/2023 892/2150/2021 891/2153/2024
f 1381/2152/2023 891/2153/2024 1382/2154/2025
f 888/2155/2026 893/2156/2027 1379/2157/2028
f 1379/2157/2028 893/2156/2027 1380/2158/2029
f 890/2159/2030 889/2160/2031 1377/2161/2032
f 1377/2161/2032 889/2160/2031 1378/2162/2033
f 1378/2162/2033 889/2160/2031 888/2163/2034
f 1378/2162/2033 888/2163/2034 1379/2164/2035
f 1376/2165/2036 895/2166/2037 1353/2167/2038
f 1353/2167/2038 895/2166/2037 894/2168/2039
f 1353/2169/2038 894/2170/2039 1354/2171/2040
f 1354/2171/2040 894/2170/2039 917/2172/2041
f 1354/2171/2040 917/2172/2041 1355/2173/2042
f 1355/2173/2042 917/2172/2041 916/2174/2043
f 1355/2173/2042 916/2174/2043 1356/2175/2044
f 1356/2175/2044 916/2174/2043 915/2176/2045
f 1356/2175/2044 915/2176/2045 1357/2177/2046
f 1357/2177/2046 915/2176/2045 914/2178/2047
f 1357/2177/2046 914/2178/2047 1358/2179/2048
f 1358/2179/2048 914/2178/2047 913/2180/2049
f 1358/2179/2048 913/2180/2049 1359/2181/2050
f 1359/2181/2050 913/2180/2049 912/2182/2051
f 1359/2181/2050 912/2182/2051 1360/2183/2052
f 1360/2183/2052 912/2182/2051 911/2184/2053
f 1360/2183/2052 911/2184/2053 1361/2185/2054
f 1361/2185/2054 911/2184/2053 910/2186/2055
f 1361/2185/2054 910/2186/2055 1362/2187/2056
f 1362/2187/2056 910/2186/2055 909/2188/2057
f 1362/2187/2056 909/2188/2057 1363/2189/2058
f 1363/2189/2058 909/2188/2057 908/2190/2059
f 1363/2189/2058 908/2190/2059 1364/2191/2060
f 1364/2191/2060 908/2190/2059 907/2192/2061
f 1364/2191/2060 907/2192/2061 1365/2193/2062
f 1365/2193/2062 907/2192/2061 906/2194/2063
f 1365/2193/2062 906/2194/2063 1366/2195/2064
f 1366/2195/2064 906/2194/2063 905/2196/2065
f 1366/2195/2064 905/2196/2065 1367/2197/2066
f 1367/2197/2066 905/2196/2065 904/2198/2067
f 1367/2197/2066 904/2198/2067 1368/2199/2068
f 1368/2199/2068 904/2198/2067 903/2200/2069
f 1368/2199/2068 903/2200/2069 1369/2201/2070
f 1369/2201/2070 903/2200/2069 902/2202/2071
f 1369/2201/2070 902/2202/2071 1370/2203/2072
f 1370/2203/2072 902/2202/2071 901/2204/2073
f 1370/2203/2072 901/2204/2073 1371/2205/2074
f 1371/2205/2074 901/2204/2073 900/2206/2075
f 1371/2205/2074 900/2206/2075 1372/2207/2076
f 1372/2207/2076 900/2206/2075 899/2208/2077
f 1372/2207/2076 899/2208/2077 1373/2209/2078
f 1373/2209/2078 899/2208/2077 898/2210/2079
f 1373/2209/2078 898/2210/2079 1374/2211/2080
f 1374/2211/2080 898/2210/2079 897/2212/2081
f 1374/2211/2080 897/2212/2081 1375/2213/2082
f 1375/2213/2082 897/2212/2081 896/2214/2083
f 1375/2213/2082 896/2214/2083 1376/2165/2036
f 1376/2165/2036 896/2214/2083 895/2166/2037
f 1352/2215/2084 919/2216/2085 1329/2217/2086
f 1329/2217/2086 919/2216/2085 918/2218/2087
f 1329/2219/2086 918/2220/2087 1330/2221/2088
f 1330/2221/2088 918/2220/2087 941/2222/2089
f 1330/2221/2088 941/2222/2089 1331/2223/2090
f 1331/2223/2090 941/2222/2089 940/2224/2091
f 1331/2223/2090 940/2224/2091 1332/2225/2092
f 1332/2225/2092 940/2224/2091 939/2226/2093
f 1332/2225/2092 939/2226/2093 1333/2227/2094
f 1333/2227/2094 939/2226/2093 938/2228/2095
f 1333/2227/2094 938/2228/2095 1334/2229/2096
f 1334/2229/2096 938/2228/2095 937/2230/2097
f 1334/2229/2096 937/2230/2097 1335/2231/2098
f 1335/2231/2098 937/2230/2097 936/2232/2099
f 1335/2231/2098 936/2232/2099 1336/2233/2100
f 1336/2233/2100 936/2232/2099 935/2234/2101
f 1336/2233/2100 935/2234/2101 1337/2235/2102
f 1337/2235/2102 935/2234/2101 934/2236/2103
f 1337/2235/2102 934/2236/2103 1338/2237/2104
f 1338/2237/2104 934/2236/2103 933/2238/2105
f 1338/2237/2104 933/2238/2105 1339/2239/2106
f 1339/2239/2106 933/2238/2105 932/2240/2107
f 1339/2239/2106 932/2240/2107 1340/2241/2108
f 1340/2241/2108 932/2240/2107 931/2242/2109
f 1340/2241/2108 931/2242/2109 1341/2243/2110
f 1341/2243/2110 931/2242/2109 930/2244/2111
f 1341/2243/2110 930/2244/2111 1342/2245/2112
f 1342/2245/2112 930/2244/2111 929/2246/2113
f 1342/2245/2112 929/2246/2113 1343/2247/2114
f 1343/2247/2114 929/2246/2113 928/2248/2115
f 1343/2247/2114 928/2248/2115 1344/2249/2116
f 1344/2249/2116 928/2248/2115 927/2250/2117
f 1344/2249/2116 927/2250/2117 1345/2251/2118
f 1345/2251/2118 927/2250/2117 926/2252/2119
f 1345/2251/2118 926/2252/2119 1346/2253/2120
f 1346/2253/2120 926/2252/2119 925/2254/2121
f 1346/2253/2120 925/2254/2121 1347/2255/2122
f 1347/2255/2122 925/2254/2121 924/2256/2123
f 1347/2255/2122 924/2256/2123 1348/2257/2124
f 1348/2257/2124 924/2256/2123 923/2258/2125
f 1348/2257/2124 923/2258/2125 1349/2259/2126
f 1349/2259/2126 923/2258/2125 922/2260/2127
f 1349/2259/2126 922/2260/2127 1350/2261/2128
f 1350/2261/2128 922/2260/2127 921/2262/2129
f 1350/2261/2128 921/2262/2129 1351/2263/2130
f 1351/2263/2130 921/2262/2129 920/2264/2131
f 1351/2263/2130 920/2264/2131 1352/2215/2084
f 1352/2215/2084 920/2264/2131 919/2216/2085
f 1328/2265/2132 943/2266/2133 1305/2267/2134
f 1305/2267/2134 943/2266/2133 942/2268/2135
f 1305/2269/2134 942/2270/2135 1306/2271/2136
f 1306/2271/2136 942/2270/2135 965/2272/2137
f 1306/2271/2136 965/2272/2137 1307/2273/2138
f 1307/2273/2138 965/2272/2137 964/2274/2139
f 1307/2273/2138 964/2274/2139 1308/2275/2140
f 1308/2275/2140 964/2274/2139 963/2276/2141
f 1308/2275/2140 963/2276/2141 1309/2277/2142
f 1309/2277/2142 963/2276/2141 962/2278/2143
f 1309/2277/2142 962/2278/2143 1310/2279/2144
f 1310/2279/2144 962/2278/2143 961/2280/2145
f 1310/2279/2144 961/2280/2145 1311/2281/2146
f 1311/2281/2146 961/2280/2145 960/2282/2147
f 1311/2281/2146 960/2282/2147 1312/2283/2148
f 1312/2283/2148 960/2282/2147 959/2284/2149
f 1312/2283/2148 959/2284/2149 1313/2285/2150
f 1313/2285/2150 959/2284/2149 958/2286/2151
f 1313/2285/2150 958/2286/2151 1314/2287/2152
f 1314/2287/2152 958/2286/2151 957/2288/2153
f 1314/2287/2152 957/2288/2153 1315/2289/2154
f 1315/2289/2154 957/2288/2153 956/2290/2155
f 1315/2289/2154 956/2290/2155 1316/2291/2156
f 1316/2291/2156 956/2290/2155 955/2292/2157
f 1316/2291/2156 955/2292/2157 1317/2293/2158
f 1317/2293/2158 955/2292/2157 954/2294/2159
f 1317/2293/2158 954/2294/2159 1318/2295/2160
f 1318/2295/2160 954/2294/2159 953/2296/2161
f 1318/2295/2160 953/2296/2161 1319/2297/2162
f 1319/2297/2162 953/2296/2161 952/2298/2163
f 1319/2297/2162 952/2298/2163 1320/2299/2164
f 1320/2299/2164 952/2298/2163 951/2300/2165
f 1320/2299/2164 951/2300/2165 1321/2301/2166
f 1321/2301/2166 951/2300/2165 950/2302/2167
f 1321/2301/2166 950/2302/2167 1322/2303/2168
f 1322/2303/2168 950/2302/2167 949/2304/2169
f 1322/2303/2168 949/2304/2169 1323/2305/2170
f 1323/2305/2170 949/2304/2169 948/2306/2171
f 1323/2305/2170 948/2306/2171 1324/2307/2172
f 1324/2307/2172 948/2306/2171 947/2308/2173
f 1324/2307/2172 947/2308/2173 1325/2309/2174
f 1325/2309/2174 947/2308/2173 946/2310/2175
f 1325/2309/2174 946/2310/2175 1326/2311/2176
f 1326/2311/2176 946/2310/2175 945/2312/2177
f 1326/2311/2176 945/2312/2177 1327/2313/2178
f 1327/2313/2178 945/2312/2177 944/2314/2179
f 1327/2313/2178 944/2314/2179 1328/2265/2132
f 1328/2265/2132 944/2314/2179 943/2266/2133
f 1304/2315/2180 967/2316/2181 1281/2317/2182
f 1281/2317/2182 967/2316/2181 966/2318/2183
f 1281/2319/2182 966/2320/2183 1282/2321/2184
f 1282/2321/2184 966/2320/2183 989/2322/2185
f 1282/2321/2184 989/2322/2185 1283/2323/2186
f 1283/2323/2186 989/2322/2185 988/2324/2187
f 1283/2323/2186 988/2324/2187 1284/2325/2188
f 1284/2325/2188 988/2324/2187 987/2326/2189
f 1284/2325/2188 987/2326/2189 1285/2327/2190
f 1285/2327/2190 987/2326/2189 986/2328/2191
f 1285/2327/2190 986/2328/2191 1286/2329/2192
f 1286/2329/2192 986/2328/2191 985/2330/2193
f 1286/2329/2192 985/2330/2193 1287/2331/2194
f 1287/2331/2194 985/2330/2193 984/2332/2195
f 1287/2331/2194 984/2332/2195 1288/2333/2196
f 1288/2333/2196 984/2332/2195 983/2334/2197
f 1288/2333/2196 983/2334/2197 1289/2335/2198
f 1289/2335/2198 983/2334/2197 982/2336/2199
f 1289/2335/2198 982/2336/2199 1290/2337/2200
f 1290/2337/2200 982/2336/2199 981/2338/2201
f 1290/2337/2200 981/2338/2201 1291/2339/2202
f 1291/2339/2202 981/2338/2201 980/2340/2203
f 1291/2339/2202 980/2340/2203 1292/2341/2204
f 1292/2341/2204 980/2340/2203 979/2342/2205
f 1292/2341/2204 979/2342/2205 1293/2343/2206
f 1293/2343/2206 979/2342/2205 978/2344/2207
f 1293/2343/2206 978/2344/2207 1294/2345/2208
f 1294/2345/2208 978/2344/2207 977/2346/2209
f 1294/2345/2208 977/2346/2209 1295/2347/2210
f 1295/2347/2210 977/2346/2209 976/2348/2211
f 1295/2347/2210 976/2348/2211 1296/2349/2212
f 1296/2349/2212 976/2348/2211 975/2350/2213
f 1296/2349/2212 975/2350/2213 1297/2351/2214
f 1297/2351/2214 975/2350/2213 974/2352/2215
f 1297/2351/2214 974/2352/2215 1298/2353/2216
f 1298/2353/2216 974/2352/2215 973/2354/2217
f 1298/2353/2216 973/2354/2217 1299/2355/2218
f 1299/2355/2218 973/2354/2217 972/2356/2219
f 1299/2355/2218 972/2356/2219 1300/2357/2220
f 1300/2357/2220 972/2356/2219 971/2358/2221
f 1300/2357/2220 971/2358/2221 1301/2359/2222
f 1301/2359/2222 971/2358/2221 970/2360/2223
f 1301/2359/2222 970/2360/2223 1302/2361/2224
f 1302/2361/2224 970/2360/2223 969/2362/2225
f 1302/2361/2224 969/2362/2225 1303/2363/2226
f 1303/2363/2226 969/2362/2225 968/2364/2227
f 1303/2363/2226 968/2364/2227 1304/2315/2180
f 1304/2315/2180 968/2364/2227 967/2316/2181
f 1280/2365/2228 991/2366/2229 1257/2367/2230
f 1257/2367/2230 991/2366/2229 990/2368/2231
f 1257/2369/2230 990/2370/2231 1258/2371/2232
f 1258/2371/2232 990/2370/2231 1013/2372/2233
f 1258/2371/2232 1013/2372/2233 1259/2373/2234
f 1259/2373/2234 1013/2372/2233 1012/2374/2235
f 1259/2373/2234 1012/2374/2235 1260/2375/2236
f 1260/2375/2236 1012/2374/2235 1011/2376/2237
f 1260/2375/2236 1011/2376/2237 1261/2377/2238
f 1261/2377/2238 1011/2376/2237 1010/2378/2239
f 1261/2377/2238 1010/2378/2239 1262/2379/2240
f 1262/2379/2240 1010/2378/2239 1009/2380/2241
f 1262/2379/2240 1009/2380/2241 1263/2381/2242
f 1263/2381/2242 1009/2380/2241 1008/2382/2243
f 1263/2381/2242 1008/2382/2243 1264/2383/2244
f 1264/2383/2244 1008/2382/2243 1007/2384/2245
f 1264/2383/2244 1007/2384/2245 1265/2385/2246
f 1265/2385/2246 1007/2384/2245 1006/2386/2247
f 1265/2385/2246 1006/2386/2247 1266/2387/2248
f 1266/2387/2248 1006/2386/2247 1005/2388/2249
f 1266/2387/2248 1005/2388/2249 1267/2389/2250
f 1267/2389/2250 1005/2388/2249 1004/2390/2251
f 1267/2389/2250 1004/2390/2251 1268/2391/2252
f 1268/2391/2252 1004/2390/2251 1003/2392/2253
f 1268/2391/2252 1003/2392/2253 1269/2393/2254
f 1269/2393/2254 1003/2392/2253 1002/2394/2255
f 1269/2393/2254 1002/2394/2255 1270/2395/2256
f 1270/2395/2256 1002/2394/2255 1001/2396/2257
f 1270/2395/2256 1001/2396/2257 1271/2397/2258
f 1271/2397/2258 1001/2396/2257 1000/2398/2259
f 1271/2397/2258 1000/2398/2259 1272/2399/2260
f 1272/2399/2260 1000/2398/2259 999/2400/2261
f 1272/2399/2260 999/2400/2261 1273/2401/2262
f 1273/2401/2262 999/2400/2261 998/2402/2263
f 1273/2401/2262 998/2402/2263 1274/2403/2264
f 1274/2403/2264 998/2402/2263 997/2404/2265
f 1274/2403/2264 997/2404/2265 1275/2405/2266
f 1275/2405/2266 997/2404/2265 996/2406/2267
f 1275/2405/2266 996/2406/2267 1276/2407/2268
f 1276/2407/2268 996/2406/2267 995/2408/2269
f 1276/2407/2268 995/2408/2269 1277/2409/2270
f 1277/2409/2270 995/2408/2269 994/2410/2271
f 1277/2409/2270 994/2410/2271 1278/2411/2272
f 1278/2411/2272 994/2410/2271 993/2412/2273
f 1278/2411/2272 993/2412/2273 1279/2413/2274
f 1279/2413/2274 993/2412/2273 992/2414/2275
f 1279/2413/2274 992/2414/2275 1280/2365/2228
f 1280/2365/2228 992/2414/2275 991/2366/2229
f 1256/2415/2276 1015/2416/2277 1233/2417/2278
f 1233/2417/2278 1015/2416/2277 1014/2418/2279
f 1233/2419/2278 1014/2420/2279 1234/2421/2280
f 1234/2421/2280 1014/2420/2279 1037/2422/2281
f 1234/2421/2280 1037/2422/2281 1235/2423/2282
f 1235/2423/2282 1037/2422/2281 1036/2424/2283
f 1235/2423/2282 1036/2424/2283 1236/2425/2284
f 1236/2425/2284 1036/2424/2283 1035/2426/2285
f 1236/2425/2284 1035/2426/2285 1237/2427/2286
f 1237/2427/2286 1035/2426/2285 1034/2428/2287
f 1237/2427/2286 1034/2428/2287 1238/2429/2288
f 1238/2429/2288 1034/2428/2287 1033/2430/2289
f 1238/2429/2288 1033/2430/2289 1239/2431/2290
f 1239/2431/2290 1033/2430/2289 1032/2432/2291
f 1239/2431/2290 1032/2432/2291 1240/2433/2292
f 1240/2433/2292 1032/2432/2291 1031/2434/2293
f 1240/2433/2292 1031/2434/2293 1241/2435/2294
f 1241/2435/2294 1031/2434/2293 1030/2436/2295
f 1241/2435/2294 1030/2436/2295 1242/2437/2296
f 1242/2437/2296 1030/2436/2295 1029/2438/2297
f 1242/2437/2296 1029/2438/2297 1243/2439/2298
f 1243/2439/2298 1029/2438/2297 1028/2440/2299
f 1243/2439/2298 1028/2440/2299 1244/2441/2300
f 1244/2441/2300 1028/2440/2299 1027/2442/2301
f 1244/2441/2300 1027/2442/2301 1245/2443/2302
f 1245/2443/2302 1027/2442/2301 1026/2444/2303
f 1245/2443/2302 1026/2444/2303 1246/2445/2304
f 1246/2445/2304 1026/2444/2303 1025/2446/2305
f 1246/2445/2304 1025/2446/2305 1247/2447/2306
f 1247/2447/2306 1025/2446/2305 1024/2448/2307
f 1247/2447/2306 1024/2448/2307 1248/2449/2308
f 1248/2449/2308 1024/2448/2307 1023/2450/2309
f 1248/2449/2308 1023/2450/2309 1249/2451/2310
f 1249/2451/2310 1023/2450/2309 1022/2452/2311
f 1249/2451/2310 1022/2452/2311 1250/2453/2312
f 1250/2453/2312 1022/2452/2311 1021/2454/2313
f 1250/2453/2312 1021/2454/2313 1251/2455/2314
f 1251/2455/2314 1021/2454/2313 1020/2456/2315
f 1251/2455/2314 1020/2456/2315 1252/2457/2316
f 1252/2457/2316 1020/2456/2315 1019/2458/2317
f 1252/2457/2316 1019/2458/2317 1253/2459/2318
f 1253/2459/2318 1019/2458/2317 1018/2460/2319
f 1253/2459/2318 1018/2460/2319 1254/2461/2320
f 1254/2461/2320 1018/2460/2319 1017/2462/2321
f 1254/2461/2320 1017/2462/2321 1255/2463/2322
f 1255/2463/2322 1017/2462/2321 1016/2464/2323
f 1255/2463/2322 1016/2464/2323 1256/2415/2276
f 1256/2415/2276 1016/2464/2323 1015/2416/2277
f 1232/2465/2324 1039/2466/2325 1209/2467/2326
f 1209/2467/2326 1039/2466/2325 1038/2468/2327
f 1209/2469/2326 1038/2470/2327 1210/2471/2328
f 1210/2471/2328 1038/2470/2327 1061/2472/2329
f 1210/2471/2328 1061/2472/2329 1211/2473/2330
f 1211/2473/2330 1061/2472/2329 1060/2474/2331
f 1211/2473/2330 1060/2474/2331 1212/2475/2332
f 1212/2475/2332 1060/2474/2331 1059/2476/2333
f 1212/2475/2332 1059/2476/2333 1213/2477/2334
f 1213/2477/2334 1059/2476/2333 1058/2478/2335
f 1213/2477/2334 1058/2478/2335 1214/2479/2336
f 1214/2479/2336 1058/2478/2335 1057/2480/2337
f 1214/2479/2336 1057/2480/2337 1215/2481/2338
f 1215/2481/2338 1057/2480/2337 1056/2482/2339
f 1215/2481/2338 1056/2482/2339 1216/2483/2340
f 1216/2483/2340 1056/2482/2339 1055/2484/2341
f 1216/2483/2340 1055/2484/2341 1217/2485/2342
f 1217/2485/2342 1055/2484/2341 1054/2486/2343
f 1217/2485/2342 1054/2486/2343 1218/2487/2344
f 1218/2487/2344 1054/2486/2343 1053/2488/2345
f 1218/2487/2344 1053/2488/2345 1219/2489/2346
f 1219/2489/2346 1053/2488/2345 1052/2490/2347
f 1219/2489/2346 1052/2490/2347 1220/2491/2348
f 1220/2491/2348 1052/2490/2347 1051/2492/2349
f 1220/2491/2348 1051/2492/2349 1221/2493/2350
f 1221/2493/2350 1051/2492/2349 1050/2494/2351
f 1221/2493/2350 1050/2494/2351 1222/2495/2352
f 1222/2495/2352 1050/2494/2351 1049/2496/2353
f 1222/2495/2352 1049/2496/2353 1223/2497/2354
f 1223/2497/2354 1049/2496/2353 1048/2498/2355
f 1223/2497/2354 1048/2498/2355 1224/2499/2356
f 1224/2499/2356 1048/2498/2355 1047/2500/2357
f 1224/2499/2356 1047/2500/2357 1225/2501/2358
f 1225/2501/2358 1047/2500/2357 1046/2502/2359
f 1225/2501/2358 1046/2502/2359 1226/2503/2360
f 1226/2503/2360 1046/2502/2359 1045/2504/2361
f 1226/2503/2360 1045/2504/2361 1227/2505/2362
f 1227/2505/2362 1045/2504/2361 1044/2506/2363
f 1227/2505/2362 1044/2506/2363 1228/2507/2364
f 1228/2507/2364 1044/2506/2363 1043/2508/2365
f 1228/2507/2364 1043/2508/2365 1229/2509/2366
f 1229/2509/2366 1043/2508/2365 1042/2510/2367
f 1229/2509/2366 1042/2510/2367 1230/2511/2368
f 1230/2511/2368 1042/2510/2367 1041/2512/2369
f 1230/2511/2368 1041/2512/2369 1231/2513/2370
f 1231/2513/2370 1041/2512/2369 1040/2514/2371
f 1231/2513/2370 1040/2514/2371 1232/2465/2324
f 1232/2465/2324 1040/2514/2371 1039/2466/2325
f 1208/2515/2372 1063/2516/2373 1185/2517/2374
f 1185/2517/2374 1063/2516/2373 1062/2518/2375
f 1185/2519/2374 1062/2520/2375 1186/2521/2376
f 1186/2521/2376 1062/2520/2375 1085/2522/2377
f 1186/2521/2376 1085/2522/2377 1187/2523/2378
f 1187/2523/2378 1085/2522/2377 1084/2524/2379
f 1187/2523/2378 1084/2524/2379 1188/2525/2380
f 1188/2525/2380 1084/2524/2379 1083/2526/2381
f 1188/2525/2380 1083/2526/2381 1189/2527/2382
f 1189/2527/2382 1083/2526/2381 1082/2528/2383
f 1189/2527/2382 1082/2528/2383 1190/2529/2384
f 1190/2529/2384 1082/2528/2383 1081/2530/2385
f 1190/2529/2384 1081/2530/2385 1191/2531/2386
f 1191/2531/2386 1081/2530/2385 1080/2532/2387
f 1191/2531/2386 1080/2532/2387 1192/2533/2388
f 1192/2533/2388 1080/2532/2387 1079/2534/2389
f 1192/2533/2388 1079/2534/2389 1193/2535/2390
f 1193/2535/2390 1079/2534/2389 1078/2536/2391
f 1193/2535/2390 1078/2536/2391 1194/2537/2392
f 1194/2537/2392 1078/2536/2391 1077/2538/2393
f 1194/2537/2392 1077/2538/2393 1195/2539/2394
f 1195/2539/2394 1077/2538/2393 1076/2540/2395
f 1195/2539/2394 1076/2540/2395 1196/2541/2396
f 1196/2541/2396 1076/2540/2395 1075/2542/2397
f 1196/2541/2396 1075/2542/2397 1197/2543/2398
f 1197/2543/2398 1075/2542/2397 1074/2544/2399
f 1197/2543/2398 1074/2544/2399 1198/2545/2400
f 1198/2545/2400 1074/2544/2399 1073/2546/2401
f 1198/2545/2400 1073/2546/2401 1199/2547/2402
f 1199/2547/2402 1073/2546/2401 1072/2548/2403
f 1199/2547/2402 1072/2548/2403 1200/2549/2404
f 1200/2549/2404 1072/2548/2403 1071/2550/2405
f 1200/2549/2404 1071/2550/2405 1201/2551/2406
f 1201/2551/2406 1071/2550/2405 1070/2552/2407
f 1201/2551/2406 1070/2552/2407 1202/2553/2408
f 1202/2553/2408 1070/2552/2407 1069/2554/2409
f 1202/2553/2408 1069/2554/2409 1203/2555/2410
f 1203/2555/2410 1069/2554/2409 1068/2556/2411
f 1203/2555/2410 1068/2556/2411 1204/2557/2412
f 1204/2557/2412 1068/2556/2411 1067/2558/2413
f 1204/2557/2412 1067/2558/2413 1205/2559/2414
f 1205/2559/2414 1067/2558/2413 1066/2560/2415
f 1205/2559/2414 1066/2560/2415 1206/2561/2416
f 1206/2561/2416 1066/2560/2415 1065/2562/2417
f 1206/2561/2416 1065/2562/2417 1207/2563/2418
f 1207/2563/2418 1065/2562/2417 1064/2564/2419
f 1207/2563/2418 1064/2564/2419 1208/2515/2372
f 1208/2515/2372 1064/2564/2419 1063/2516/2373
f 1184/2565/2420 1087/2566/2421 1161/2567/2422
f 1161/2567/2422 1087/2566/2421 1086/2568/2423
f 1161/2569/2422 1086/2570/2423 1162/2571/2424
f 1162/2571/2424 1086/2570/2423 1109/2572/2425
f 1162/2571/2424 1109/2572/2425 1163/2573/2426
f 1163/2573/2426 1109/2572/2425 1108/2574/2427
f 1163/2573/2426 1108/2574/2427 1164/2575/2428
f 1164/2575/2428 1108/2574/2427 1107/2576/2429
f 1164/2575/2428 1107/2576/2429 1165/2577/2430
f 1165/2577/2430 1107/2576/2429 1106/2578/2431
f 1165/2577/2430 1106/2578/2431 1166/2579/2432
f 1166/2579/2432 1106/2578/2431 1105/2580/2433
f 1166/2579/2432 1105/2580/2433 1167/2581/2434
f 1167/2581/2434 1105/2580/2433 1104/2582/2435
f 1167/2581/2434 1104/2582/2435 1168/2583/2436
f 1168/2583/2436 1104/2582/2435 1103/2584/2437
f 1168/2583/2436 1103/2584/2437 1169/2585/2438
f 1169/2585/2438 1103/2584/2437 1102/2586/2439
f 1169/2585/2438 1102/2586/2439 1170/2587/2440
f 1170/2587/2440 1102/2586/2439 1101/2588/2441
f 1170/2587/2440 1101/2588/2441 1171/2589/2442
f 1171/2589/2442 1101/2588/2441 1100/2590/2443
f 1171/2589/2442 1100/2590/2443 1172/2591/2444
f 1172/2591/2444 1100/2590/2443 1099/2592/2445
f 1172/2591/2444 1099/2592/2445 1173/2593/2446
f 1173/2593/2446 1099/2592/2445 1098/2594/2447
f 1173/2593/2446 1098/2594/2447 1174/2595/2448
f 1174/2595/2448 1098/2594/2447 1097/2596/2449
f 1174/2595/2448 1097/2596/2449 1175/2597/2450
f 1175/2597/2450 1097/2596/2449 1096/2598/2451
f 1175/2597/2450 1096/2598/2451 1176/2599/2452
f 1176/2599/2452 1096/2598/2451 1095/2600/2453
f 1176/2599/2452 1095/2600/2453 1177/2601/2454
f 1177/2601/2454 1095/2600/2453 1094/2602/2455
f 1177/2601/2454 1094/2602/2455 1178/2603/2456
f 1178/2603/2456 1094/2602/2455 1093/2604/2457
f 1178/2603/2456 1093/2604/2457 1179/2605/2458
f 1179/2605/2458 1093/2604/2457 1092/2606/2459
f 1179/2605/2458 1092/2606/2459 1180/2607/2460
f 1180/2607/2460 1092/2606/2459 1091/2608/2461
f 1180/2607/2460 1091/2608/2461 1181/2609/2462
f 1181/2609/2462 1091/2608/2461 1090/2610/2463
f 1181/2609/2462 1090/2610/2463 1182/2611/2464
f 1182/2611/2464 1090/2610/2463 1089/2612/2465
f 1182/2611/2464 1089/2612/2465 1183/2613/2466
f 1183/2613/2466 1089/2612/2465 1088/2614/2467
f 1183/2613/2466 1088/2614/2467 1184/2565/2420
f 1184/2565/2420 1088/2614/2467 1087/2566/2421
f 1160/2615/2468 1111/2616/2469 1137/2617/2470
f 1137/2617/2470 1111/2616/2469 1110/2618/2471
f 1137/2619/2470 1110/2620/2471 1138/2621/2472
f 1138/2621/2472 1110/2620/2471 1133/2622/2473
f 1138/2621/2472 1133/2622/2473 1139/2623/2474
f 1139/2623/2474 1133/2622/2473 1132/2624/2475
f 1139/2623/2474 1132/2624/2475 1140/2625/2476
f 1140/2625/2476 1132/2624/2475 1131/2626/2477
f 1140/2625/2476 1131/2626/2477 1141/2627/2478
f 1141/2627/2478 1131/2626/2477 1130/2628/2479
f 1141/2627/2478 1130/2628/2479 1142/2629/2480
f 1142/2629/2480 1130/2628/2479 1129/2630/2481
f 1142/2629/2480 1129/2630/2481 1143/2631/2482
f 1143/2631/2482 1129/2630/2481 1128/2632/2483
f 1143/2631/2482 1128/2632/2483 1144/2633/2484
f 1144/2633/2484 1128/2632/2483 1127/2634/2485
f 1144/2633/2484 1127/2634/2485 1145/2635/2486
f 1145/2635/2486 1127/2634/2485 1126/2636/2487
f 1145/2635/2486 1126/2636/2487 1146/2637/2488
f 1146/2637/2488 1126/2636/2487 1125/2638/2489
f 1146/2637/2488 1125/2638/2489 1147/2639/2490
f 1147/2639/2490 1125/2638/2489 1124/2640/2491
f 1147/2639/2490 1124/2640/2491 1148/2641/2492
f 1148/2641/2492 1124/2640/2491 1123/2642/2493
f 1148/2641/2492 1123/2642/2493 1149/2643/2494
f 1149/2643/2494 1123/2642/2493 1122/2644/2495
f 1149/2643/2494 1122/2644/2495 1150/2645/2496
f 1150/2645/2496 1122/2644/2495 1121/2646/2497
f 1150/2645/2496 1121/2646/2497 1151/2647/2498
f 1151/2647/2498 1121/2646/2497 1120/2648/2499
f 1151/2647/2498 1120/2648/2499 1152/2649/2500
f 1152/2649/2500 1120/2648/2499 1119/2650/2501
f 1152/2649/2500 1119/2650/2501 1153/2651/2502
f 1153/2651/2502 1119/2650/2501 1118/2652/2503
f 1153/2651/2502 1118/2652/2503 1154/2653/2504
f 1154/2653/2504 1118/2652/2503 1117/2654/2505
f 1154/2653/2504 1117/2654/2505 1155/2655/2506
f 1155/2655/2506 1117/2654/2505 1116/2656/2507
f 1155/2655/2506 1116/2656/2507 1156/2657/2508
f 1156/2657/2508 1116/2656/2507 1115/2658/2509
f 1156/2657/2508 1115/2658/2509 1157/2659/2510
f 1157/2659/2510 1115/2658/2509 1114/2660/2511
f 1157/2659/2510 1114/2660/2511 1158/2661/2512
f 1158/2661/2512 1114/2660/2511 1113/2662/2513
f 1158/2661/2512 1113/2662/2513 1159/2663/2514
f 1159/2663/2514 1113/2662/2513 1112/2664/2515
f 1159/2663/2514 1112/2664/2515 1160/2615/2468
f 1160/2615/2468 1112/2664/2515 1111/2616/2469
f 880/2665/2516 879/2666/2517 616/2667/2518
f 616/2667/2518 879/2666/2517 617/2668/2519
f 617/2668/2519 879/2666/2517 878/2669/2520
f 617/2668/2519 878/2669/2520 618/2670/2521
f 885/2671/2522 884/2672/2523 611/2673/2524
f 611/2673/2524 884/2672/2523 612/2674/2525
f 612/2674/2525 884/2672/2523 883/2675/2526
f 612/2674/2525 883/2675/2526 613/2676/2527
f 883/2677/2528 882/2678/2529 613/2679/2530
f 613/2679/2530 882/2678/2529 614/2680/2531
f 614/2680/2531 882/2678/2529 881/2681/2532
f 614/2680/2531 881/2681/2532 615/2682/2533
f 615/2682/2533 881/2681/2532 880/2683/2534
f 615/2682/2533 880/2683/2534 616/2684/2535
f 724/2685/1286 853/2686/1429 599/2687/1325
f 599/2687/1325 853/2686/1429 600/2688/2536
f 600/2688/2536 853/2686/1429 819/2689/1404
f 600/2688/2536 819/2689/1404 601/2690/1428
g Body1:1

v -2.000000 6.000000 0.500000
v -2.129410 6.017037 0.500000
v -2.250000 6.066987 0.500000
v -2.353553 6.146447 0.500000
v -2.433013 6.250000 0.500000
v -2.482963 6.370590 0.500000
v -2.500000 6.500000 0.500000
v -2.482963 6.500000 0.370590
v -2.433013 6.500000 0.250000
v -2.353553 6.500000 0.146447
v -2.250000 6.500000 0.066987
v -2.129410 6.500000 0.017037
v -2.000000 6.500000 0.000000
v -2.000000 6.370590 0.017037
v -2.000000 6.250000 0.066987
v -2.000000 6.146447 0.146447
v -2.000000 6.066987 0.250000
v -2.000000 6.017037 0.370590
v -2.297468 6.372757 0.118789
v -2.259440 6.252300 0.151668
v -2.203732 6.148723 0.208285
v -2.134140 6.069085 0.284782
v -2.055406 6.018813 0.375946
v -2.124054 6.018813 0.444594
v -2.215218 6.069085 0.365860
v -2.291715 6.148723 0.296268
v -2.348332 6.252300 0.240560
v -2.381211 6.372757 0.202532
v -2.277130 6.085666 0.460935
v -2.358900 6.166716 0.399439
v -2.416212 6.270479 0.344797
v -2.445159 6.389883 0.300732
v -2.458751 6.305678 0.457735
v -2.485234 6.423044 0.407128
v -2.199268 6.389883 0.054841
v -2.155203 6.270479 0.083788
v -2.100561 6.166716 0.141100
v -2.039065 6.085666 0.222870
v -2.092872 6.423044 0.014766
v -2.042265 6.305678 0.041249
v -2.000000 6.000000 1.400000
v -2.129410 6.017037 1.400000
v -2.250000 6.066987 1.400000
v -2.353553 6.146447 1.400000
v -2.433013 6.250000 1.400000
v -2.482963 6.370590 1.400000
v -2.500000 6.500000 1.400000
v 4.500000 6.000000 0.500000
v 4.500000 6.000000 -1.300000
v 11.500000 6.000000 -1.300000
v 18.500000 6.000000 -1.300000
v 18.500000 6.000000 0.500000
v 25.000000 6.000000 0.500000
v 25.000000 6.000000 1.400000
v 16.000000 6.000000 1.400000
v 7.000000 6.000000 1.400000
v 4.000000 6.500000 0.000000
v 4.002408 6.450991 0.002408
v 4.009607 6.402455 0.009607
v 4.038060 6.308658 0.038060
v 4.084265 6.222215 0.084265
v 4.146447 6.146447 0.146447
v 4.222215 6.084265 0.222215
v 4.308658 6.038060 0.308658
v 4.402455 6.009607 0.402455
v 0.166667 6.017037 0.370590
v 2.333333 6.017037 0.370590
v 0.166667 6.066987 0.250000
v 2.333333 6.066987 0.250000
v 0.166667 6.146447 0.146447
v 2.333333 6.146447 0.146447
v 0.166667 6.250000 0.066987
v 2.333333 6.250000 0.066987
v 0.166667 6.370590 0.017037
v 2.333333 6.370590 0.017037
v -2.500000 12.500000 0.500000
v -2.500000 18.500000 0.500000
v -2.482963 18.500000 0.370590
v -2.433013 18.500000 0.250000
v -2.353553 18.500000 0.146447
v -2.250000 18.500000 0.066987
v -2.129410 18.500000 0.017037
v -2.000000 18.500000 0.000000
v -2.000000 12.500000 0.000000
v -2.129410 8.900000 0.017037
v -2.129410 11.300000 0.017037
v -2.129410 13.700000 0.017037
v -2.129410 16.100000 0.017037
v -2.250000 8.900000 0.066987
v -2.250000 11.300000 0.066987
v -2.250000 13.700000 0.066987
v -2.250000 16.100000 0.066987
v -2.353553 8.900000 0.146447
v -2.353553 11.300000 0.146447
v -2.353553 13.700000 0.146447
v -2.353553 16.100000 0.146447
v -2.433013 8.900000 0.250000
v -2.433013 11.300000 0.250000
v -2.433013 13.700000 0.250000
v -2.433013 16.100000 0.250000
v -2.482963 8.900000 0.370590
v -2.482963 11.300000 0.370590
v -2.482963 13.700000 0.370590
v -2.482963 16.100000 0.370590
v -2.482963 18.629410 0.500000
v -2.433013 18.750000 0.500000
v -2.353553 18.853553 0.500000
v -2.250000 18.933013 0.500000
v -2.129410 18.982963 0.500000
v -2.000000 19.000000 0.500000
v -2.000000 18.998874 0.466466
v -2.000000 18.995502 0.433082
v -2.000000 18.989898 0.400000
v -2.000000 18.954567 0.291747
v -2.000000 18.895658 0.194297
v -2.000000 18.816228 0.112702
v -2.000000 18.720395 0.051195
v -2.000000 18.613132 0.012967
v -2.342977 18.862216 0.465851
v -2.482105 18.589061 0.401799
v -2.129039 18.878424 0.199760
v -2.249314 18.835494 0.225617
v -2.352659 18.769778 0.270104
v -2.432053 18.685732 0.330194
v -2.482236 18.627065 0.463911
v -2.432226 18.734897 0.410535
v -2.352862 18.826777 0.363234
v -2.249535 18.896465 0.325222
v -2.129262 18.939229 0.299078
v -2.238969 18.934347 0.434914
v -2.118732 18.976982 0.408398
v -2.118119 18.798498 0.116663
v -2.238355 18.755253 0.142183
v -2.342403 18.694674 0.192002
v -2.423198 18.620874 0.262738
v -2.475253 18.538866 0.349587
v -2.097060 18.703271 0.053614
v -2.217223 18.659701 0.078918
v -2.322634 18.605285 0.132819
v -2.406135 18.543719 0.211655
v -2.067035 18.598185 0.014340
v -2.187096 18.554256 0.039510
v -2.294451 18.506642 0.095952
v -2.500000 18.500000 1.400000
v -2.482963 18.629410 1.400000
v -2.433013 18.750000 1.400000
v -2.353553 18.853553 1.400000
v -2.250000 18.933013 1.400000
v -2.129410 18.982963 1.400000
v -2.000000 19.000000 1.400000
v -2.500000 16.600000 1.400000
v -2.500000 16.600000 0.800000
v -2.500000 18.000000 0.800000
v -2.500000 18.000000 1.400000
v 2.000000 18.989898 0.400000
v 2.000000 18.995502 0.433082
v 2.000000 18.998874 0.466466
v 2.000000 19.000000 0.500000
v 2.500000 19.000000 0.500000
v 2.500000 18.995303 0.431629
v 2.500000 18.981301 0.364542
v 2.500000 18.958258 0.300000
v 4.300000 18.958258 0.300000
v 4.177380 18.881990 0.177380
v 4.125601 18.831399 0.125601
v 4.081670 18.773861 0.081670
v 4.046508 18.710583 0.046508
v 4.020852 18.642890 0.020852
v 4.005241 18.572202 0.005241
v 4.000000 18.500000 0.000000
v 0.100000 18.629410 0.017037
v 2.200000 18.629410 0.017037
v 0.100000 18.750000 0.066987
v 2.200000 18.750000 0.066987
v 0.100000 18.853553 0.146447
v 2.200000 18.853553 0.146447
v 0.100000 18.933013 0.250000
v 2.200000 18.933013 0.250000
v 0.100000 18.982963 0.370590
v 2.200000 18.982963 0.370590
v 25.000000 19.000000 0.500000
v 25.129410 18.982963 0.500000
v 25.250000 18.933013 0.500000
v 25.353553 18.853553 0.500000
v 25.433013 18.750000 0.500000
v 25.482963 18.629410 0.500000
v 25.500000 18.500000 0.500000
v 25.482963 18.500000 0.370590
v 25.433013 18.500000 0.250000
v 25.353553 18.500000 0.146447
v 25.250000 18.500000 0.066987
v 25.129410 18.500000 0.017037
v 25.000000 18.500000 0.000000
v 25.000000 18.629410 0.017037
v 25.000000 18.750000 0.066987
v 25.000000 18.853553 0.146447
v 25.000000 18.933013 0.250000
v 25.000000 18.982963 0.370590
v 25.485234 18.576956 0.407128
v 25.297468 18.627243 0.118789
v 25.259440 18.747700 0.151668
v 25.203732 18.851277 0.208285
v 25.134140 18.930915 0.284782
v 25.055406 18.981187 0.375946
v 25.124054 18.981187 0.444594
v 25.215218 18.930915 0.365860
v 25.291715 18.851277 0.296268
v 25.348332 18.747700 0.240560
v 25.381211 18.627243 0.202532
v 25.277130 18.914334 0.460935
v 25.358900 18.833284 0.399439
v 25.416212 18.729521 0.344797
v 25.445159 18.610117 0.300732
v 25.458751 18.694322 0.457735
v 25.199268 18.610117 0.054841
v 25.155203 18.729521 0.083788
v 25.100561 18.833284 0.141100
v 25.039065 18.914334 0.222870
v 25.092872 18.576956 0.014766
v 25.042265 18.694322 0.041249
v 25.000000 19.000000 1.400000
v 25.129410 18.982963 1.400000
v 25.250000 18.933013 1.400000
v 25.353553 18.853553 1.400000
v 25.433013 18.750000 1.400000
v 25.482963 18.629410 1.400000
v 25.500000 18.500000 1.400000
v 18.500000 19.000000 0.500000
v 18.500000 19.000000 -1.300000
v 11.500000 19.000000 -1.300000
v 4.500000 19.000000 -1.300000
v 4.500000 19.000000 0.500000
v 4.450000 19.000000 0.500000
v 4.450000 19.000000 1.400000
v 14.725000 19.000000 1.400000
v 19.000000 18.500000 0.000000
v 18.997592 18.549009 0.002408
v 18.990393 18.597545 0.009607
v 18.961940 18.691342 0.038060
v 18.915735 18.777785 0.084265
v 18.853553 18.853553 0.146447
v 18.777785 18.915735 0.222215
v 18.691342 18.961940 0.308658
v 18.597545 18.990393 0.402455
v 22.833333 18.982963 0.370590
v 20.666667 18.982963 0.370590
v 22.833333 18.933013 0.250000
v 20.666667 18.933013 0.250000
v 22.833333 18.853553 0.146447
v 20.666667 18.853553 0.146447
v 22.833333 18.750000 0.066987
v 20.666667 18.750000 0.066987
v 22.833333 18.629410 0.017037
v 20.666667 18.629410 0.017037
v 25.500000 12.500000 0.500000
v 25.500000 6.500000 0.500000
v 25.482963 6.500000 0.370590
v 25.433013 6.500000 0.250000
v 25.353553 6.500000 0.146447
v 25.250000 6.500000 0.066987
v 25.129410 6.500000 0.017037
v 25.000000 6.500000 0.000000
v 25.000000 12.500000 0.000000
v 25.129410 16.100000 0.017037
v 25.129410 13.700000 0.017037
v 25.129410 11.300000 0.017037
v 25.129410 8.900000 0.017037
v 25.250000 16.100000 0.066987
v 25.250000 13.700000 0.066987
v 25.250000 11.300000 0.066987
v 25.250000 8.900000 0.066987
v 25.353553 16.100000 0.146447
v 25.353553 13.700000 0.146447
v 25.353553 11.300000 0.146447
v 25.353553 8.900000 0.146447
v 25.433013 16.100000 0.250000
v 25.433013 13.700000 0.250000
v 25.433013 11.300000 0.250000
v 25.433013 8.900000 0.250000
v 25.482963 16.100000 0.370590
v 25.482963 13.700000 0.370590
v 25.482963 11.300000 0.370590
v 25.482963 8.900000 0.370590
v 25.482963 6.370590 0.500000
v 25.433013 6.250000 0.500000
v 25.353553 6.146447 0.500000
v 25.250000 6.066987 0.500000
v 25.129410 6.017037 0.500000
v 25.000000 6.017037 0.370590
v 25.000000 6.066987 0.250000
v 25.000000 6.146447 0.146447
v 25.000000 6.250000 0.066987
v 25.000000 6.370590 0.017037
v 25.458751 6.305678 0.457735
v 25.485234 6.423044 0.407128
v 25.277130 6.085666 0.460935
v 25.358900 6.166716 0.399439
v 25.416212 6.270479 0.344797
v 25.445159 6.389883 0.300732
v 25.124054 6.018813 0.444594
v 25.215218 6.069085 0.365860
v 25.291715 6.148723 0.296268
v 25.348332 6.252300 0.240560
v 25.381211 6.372757 0.202532
v 25.055406 6.018813 0.375946
v 25.134140 6.069085 0.284782
v 25.203732 6.148723 0.208285
v 25.259440 6.252300 0.151668
v 25.297468 6.372757 0.118789
v 25.039065 6.085666 0.222870
v 25.100561 6.166716 0.141100
v 25.155203 6.270479 0.083788
v 25.199268 6.389883 0.054841
v 25.042265 6.305678 0.041249
v 25.092872 6.423044 0.014766
v 25.500000 6.500000 1.400000
v 25.482963 6.370590 1.400000
v 25.433013 6.250000 1.400000
v 25.353553 6.146447 1.400000
v 25.250000 6.066987 1.400000
v 25.129410 6.017037 1.400000
v 25.500000 12.500000 1.400000
v 18.597545 6.009607 0.402455
v 18.691342 6.038060 0.308658
v 18.777785 6.084265 0.222215
v 18.853553 6.146447 0.146447
v 18.915735 6.222215 0.084265
v 18.961940 6.308658 0.038060
v 18.990393 6.402455 0.009607
v 18.997592 6.450991 0.002408
v 19.000000 6.500000 0.000000
v 22.833333 6.370590 0.017037
v 20.666667 6.370590 0.017037
v 22.833333 6.250000 0.066987
v 20.666667 6.250000 0.066987
v 22.833333 6.146447 0.146447
v 20.666667 6.146447 0.146447
v 22.833333 6.066987 0.250000
v 20.666667 6.066987 0.250000
v 22.833333 6.017037 0.370590
v 20.666667 6.017037 0.370590
v 4.450000 18.997494 0.450000
v 4.450000 18.998886 0.466636
v 4.450000 18.999721 0.483309
v 4.000000 18.500000 -1.300000
v 4.017037 18.629410 -1.300000
v 4.066987 18.750000 -1.300000
v 4.146447 18.853553 -1.300000
v 4.250000 18.933013 -1.300000
v 4.370590 18.982963 -1.300000
v 4.500000 18.982963 -1.429410
v 4.500000 18.933013 -1.550000
v 4.500000 18.853553 -1.653553
v 4.500000 18.750000 -1.733013
v 4.500000 18.629410 -1.782963
v 4.500000 18.500000 -1.800000
v 4.370590 18.500000 -1.782963
v 4.250000 18.500000 -1.733013
v 4.146447 18.500000 -1.653553
v 4.066987 18.500000 -1.550000
v 4.017037 18.500000 -1.429410
v 4.407128 18.576956 -1.785234
v 4.041249 18.694322 -1.342265
v 4.014766 18.576956 -1.392872
v 4.222870 18.914334 -1.339065
v 4.141100 18.833284 -1.400561
v 4.083788 18.729521 -1.455203
v 4.054841 18.610117 -1.499268
v 4.375946 18.981187 -1.355406
v 4.284782 18.930915 -1.434140
v 4.208285 18.851277 -1.503732
v 4.151668 18.747700 -1.559440
v 4.118789 18.627243 -1.597468
v 4.444594 18.981187 -1.424054
v 4.365860 18.930915 -1.515218
v 4.296268 18.851277 -1.591715
v 4.240560 18.747700 -1.648332
v 4.202532 18.627243 -1.681211
v 4.460935 18.914334 -1.577130
v 4.399439 18.833284 -1.658900
v 4.344797 18.729521 -1.716212
v 4.300732 18.610117 -1.745159
v 4.457735 18.694322 -1.758751
v 4.450000 18.997494 0.300000
v 4.348550 18.976511 0.300000
v 4.398730 18.989637 0.300000
v 2.500000 18.500000 0.300000
v -2.000000 18.500000 0.300000
v -2.000000 12.500000 0.300000
v -2.000000 6.500000 0.300000
v 4.500000 6.500000 0.300000
v 4.500000 12.500000 0.300000
v 4.500000 18.500000 0.300000
v 4.450000 18.500000 0.300000
v 4.000000 12.500000 -1.300000
v 4.000000 6.500000 -1.300000
v 4.000000 12.500000 0.000000
v 4.500000 12.500000 -1.800000
v 4.500000 6.500000 -1.800000
v 4.370590 6.500000 -1.782963
v 4.250000 6.500000 -1.733013
v 4.146447 6.500000 -1.653553
v 4.066987 6.500000 -1.550000
v 4.017037 6.500000 -1.429410
v 4.017037 16.100000 -1.429410
v 4.017037 13.700000 -1.429410
v 4.017037 11.300000 -1.429410
v 4.017037 8.900000 -1.429410
v 4.066987 16.100000 -1.550000
v 4.066987 13.700000 -1.550000
v 4.066987 11.300000 -1.550000
v 4.066987 8.900000 -1.550000
v 4.146447 16.100000 -1.653553
v 4.146447 13.700000 -1.653553
v 4.146447 11.300000 -1.653553
v 4.146447 8.900000 -1.653553
v 4.250000 16.100000 -1.733013
v 4.250000 13.700000 -1.733013
v 4.250000 11.300000 -1.733013
v 4.250000 8.900000 -1.733013
v 4.370590 16.100000 -1.782963
v 4.370590 13.700000 -1.782963
v 4.370590 11.300000 -1.782963
v 4.370590 8.900000 -1.782963
v 18.500000 18.982963 -1.429410
v 18.500000 18.933013 -1.550000
v 18.500000 18.853553 -1.653553
v 18.500000 18.750000 -1.733013
v 18.500000 18.629410 -1.782963
v 18.500000 18.500000 -1.800000
v 11.500000 18.500000 -1.800000
v 7.300000 18.629410 -1.782963
v 10.100000 18.629410 -1.782963
v 12.900000 18.629410 -1.782963
v 15.700000 18.629410 -1.782963
v 7.300000 18.750000 -1.733013
v 10.100000 18.750000 -1.733013
v 12.900000 18.750000 -1.733013
v 15.700000 18.750000 -1.733013
v 7.300000 18.853553 -1.653553
v 10.100000 18.853553 -1.653553
v 12.900000 18.853553 -1.653553
v 15.700000 18.853553 -1.653553
v 7.300000 18.933013 -1.550000
v 10.100000 18.933013 -1.550000
v 12.900000 18.933013 -1.550000
v 15.700000 18.933013 -1.550000
v 7.300000 18.982963 -1.429410
v 10.100000 18.982963 -1.429410
v 12.900000 18.982963 -1.429410
v 15.700000 18.982963 -1.429410
v 4.017037 6.370590 -1.300000
v 4.066987 6.250000 -1.300000
v 4.146447 6.146447 -1.300000
v 4.250000 6.066987 -1.300000
v 4.370590 6.017037 -1.300000
v 4.500000 6.370590 -1.782963
v 4.500000 6.250000 -1.733013
v 4.500000 6.146447 -1.653553
v 4.500000 6.066987 -1.550000
v 4.500000 6.017037 -1.429410
v 4.202532 6.372757 -1.681211
v 4.240560 6.252300 -1.648332
v 4.296268 6.148723 -1.591715
v 4.365860 6.069085 -1.515218
v 4.444594 6.018813 -1.424054
v 4.375946 6.018813 -1.355406
v 4.284782 6.069085 -1.434140
v 4.208285 6.148723 -1.503732
v 4.151668 6.252300 -1.559440
v 4.118789 6.372757 -1.597468
v 4.222870 6.085666 -1.339065
v 4.141100 6.166716 -1.400561
v 4.083788 6.270479 -1.455203
v 4.054841 6.389883 -1.499268
v 4.041249 6.305678 -1.342265
v 4.014766 6.423044 -1.392872
v 4.300732 6.389883 -1.745159
v 4.344797 6.270479 -1.716212
v 4.399439 6.166716 -1.658900
v 4.460935 6.085666 -1.577130
v 4.407128 6.423044 -1.785234
v 4.457735 6.305678 -1.758751
v 19.000000 18.500000 -1.300000
v 18.982963 18.629410 -1.300000
v 18.933013 18.750000 -1.300000
v 18.853553 18.853553 -1.300000
v 18.750000 18.933013 -1.300000
v 18.629410 18.982963 -1.300000
v 18.982963 18.500000 -1.429410
v 18.933013 18.500000 -1.550000
v 18.853553 18.500000 -1.653553
v 18.750000 18.500000 -1.733013
v 18.629410 18.500000 -1.782963
v 18.985234 18.576956 -1.392872
v 18.797468 18.627243 -1.681211
v 18.759440 18.747700 -1.648332
v 18.703732 18.851277 -1.591715
v 18.634140 18.930915 -1.515218
v 18.555406 18.981187 -1.424054
v 18.624054 18.981187 -1.355406
v 18.715218 18.930915 -1.434140
v 18.791715 18.851277 -1.503732
v 18.848332 18.747700 -1.559440
v 18.881211 18.627243 -1.597468
v 18.777130 18.914334 -1.339065
v 18.858900 18.833284 -1.400561
v 18.916212 18.729521 -1.455203
v 18.945159 18.610117 -1.499268
v 18.958751 18.694322 -1.342265
v 18.699268 18.610117 -1.745159
v 18.655203 18.729521 -1.716212
v 18.600561 18.833284 -1.658900
v 18.539065 18.914334 -1.577130
v 18.592872 18.576956 -1.785234
v 18.542265 18.694322 -1.758751
v 19.000000 12.500000 0.000000
v 19.000000 6.500000 -1.300000
v 19.000000 12.500000 -1.300000
v 18.629410 6.017037 -1.300000
v 18.750000 6.066987 -1.300000
v 18.853553 6.146447 -1.300000
v 18.933013 6.250000 -1.300000
v 18.982963 6.370590 -1.300000
v 18.500000 6.017037 -1.429410
v 18.500000 6.066987 -1.550000
v 18.500000 6.146447 -1.653553
v 18.500000 6.250000 -1.733013
v 18.500000 6.370590 -1.782963
v 18.500000 6.500000 -1.800000
v 18.629410 6.500000 -1.782963
v 18.750000 6.500000 -1.733013
v 18.853553 6.500000 -1.653553
v 18.933013 6.500000 -1.550000
v 18.982963 6.500000 -1.429410
v 18.958751 6.305678 -1.342265
v 18.985234 6.423044 -1.392872
v 18.777130 6.085666 -1.339065
v 18.858900 6.166716 -1.400561
v 18.916212 6.270479 -1.455203
v 18.945159 6.389883 -1.499268
v 18.624054 6.018813 -1.355406
v 18.715218 6.069085 -1.434140
v 18.791715 6.148723 -1.503732
v 18.848332 6.252300 -1.559440
v 18.881211 6.372757 -1.597468
v 18.555406 6.018813 -1.424054
v 18.634140 6.069085 -1.515218
v 18.703732 6.148723 -1.591715
v 18.759440 6.252300 -1.648332
v 18.797468 6.372757 -1.681211
v 18.539065 6.085666 -1.577130
v 18.600561 6.166716 -1.658900
v 18.655203 6.270479 -1.716212
v 18.699268 6.389883 -1.745159
v 18.542265 6.305678 -1.758751
v 18.592872 6.423044 -1.785234
v 11.500000 6.500000 -1.800000
v 7.300000 6.017037 -1.429410
v 10.100000 6.017037 -1.429410
v 12.900000 6.017037 -1.429410
v 15.700000 6.017037 -1.429410
v 7.300000 6.066987 -1.550000
v 10.100000 6.066987 -1.550000
v 12.900000 6.066987 -1.550000
v 15.700000 6.066987 -1.550000
v 7.300000 6.146447 -1.653553
v 10.100000 6.146447 -1.653553
v 12.900000 6.146447 -1.653553
v 15.700000 6.146447 -1.653553
v 7.300000 6.250000 -1.733013
v 10.100000 6.250000 -1.733013
v 12.900000 6.250000 -1.733013
v 15.700000 6.250000 -1.733013
v 7.300000 6.370590 -1.782963
v 10.100000 6.370590 -1.782963
v 12.900000 6.370590 -1.782963
v 15.700000 6.370590 -1.782963
v 2.500000 19.000000 1.400000
v 2.500000 18.500000 1.400000
v 2.000000 18.500000 0.400000
v 2.000000 18.500000 1.400000
v 2.000000 19.000000 1.400000
v -2.000000 18.700000 0.400000
v 1.000000 18.700000 0.400000
v 1.000000 18.500000 0.400000
v -2.000000 18.700000 1.400000
v 18.500000 12.500000 -1.800000
v 18.629410 16.100000 -1.782963
v 18.629410 13.700000 -1.782963
v 18.629410 11.300000 -1.782963
v 18.629410 8.900000 -1.782963
v 18.750000 16.100000 -1.733013
v 18.750000 13.700000 -1.733013
v 18.750000 11.300000 -1.733013
v 18.750000 8.900000 -1.733013
v 18.853553 16.100000 -1.653553
v 18.853553 13.700000 -1.653553
v 18.853553 11.300000 -1.653553
v 18.853553 8.900000 -1.653553
v 18.933013 16.100000 -1.550000
v 18.933013 13.700000 -1.550000
v 18.933013 11.300000 -1.550000
v 18.933013 8.900000 -1.550000
v 18.982963 16.100000 -1.429410
v 18.982963 13.700000 -1.429410
v 18.982963 11.300000 -1.429410
v 18.982963 8.900000 -1.429410
v 12.838675 8.900000 -1.800000
v 13.127350 9.400000 -1.800000
v 12.838675 9.900000 -1.800000
v 12.261325 9.900000 -1.800000
v 11.972650 9.400000 -1.800000
v 12.261325 8.900000 -1.800000
v 10.738675 7.700000 -1.800000
v 11.027350 8.200000 -1.800000
v 10.738675 8.700000 -1.800000
v 10.161325 8.700000 -1.800000
v 9.872650 8.200000 -1.800000
v 10.161325 7.700000 -1.800000
v 10.738675 9.900000 -1.800000
v 10.161325 9.900000 -1.800000
v 9.872650 9.400000 -1.800000
v 10.161325 8.900000 -1.800000
v 10.738675 8.900000 -1.800000
v 11.027350 9.400000 -1.800000
v 12.261325 8.700000 -1.800000
v 11.972650 8.200000 -1.800000
v 12.261325 7.700000 -1.800000
v 12.838675 7.700000 -1.800000
v 13.127350 8.200000 -1.800000
v 12.838675 8.700000 -1.800000
v 12.077350 7.593783 -1.800000
v 11.788675 8.093783 -1.800000
v 11.211325 8.093783 -1.800000
v 10.922650 7.593783 -1.800000
v 11.211325 7.093783 -1.800000
v 11.788675 7.093783 -1.800000
v 11.788675 10.506218 -1.800000
v 11.211325 10.506218 -1.800000
v 10.922650 10.006218 -1.800000
v 11.211325 9.506218 -1.800000
v 11.788675 9.506218 -1.800000
v 12.077350 10.006218 -1.800000
v 11.211325 8.306218 -1.800000
v 11.788675 8.306218 -1.800000
v 12.077350 8.806218 -1.800000
v 11.788675 9.306218 -1.800000
v 11.211325 9.306218 -1.800000
v 10.922650 8.806218 -1.800000
v 11.211325 8.306218 -1.500000
v 11.788675 8.306218 -1.500000
v 10.922650 8.806218 -1.500000
v 11.211325 9.306218 -1.500000
v 11.788675 9.306218 -1.500000
v 12.077350 8.806218 -1.500000
v 11.788675 10.506218 -1.500000
v 11.211325 10.506218 -1.500000
v 12.077350 10.006218 -1.500000
v 11.788675 9.506218 -1.500000
v 11.211325 9.506218 -1.500000
v 10.922650 10.006218 -1.500000
v 12.077350 7.593783 -1.500000
v 11.788675 8.093783 -1.500000
v 11.788675 7.093783 -1.500000
v 11.211325 7.093783 -1.500000
v 10.922650 7.593783 -1.500000
v 11.211325 8.093783 -1.500000
v 12.261325 8.700000 -1.500000
v 11.972650 8.200000 -1.500000
v 12.838675 8.700000 -1.500000
v 13.127350 8.200000 -1.500000
v 12.838675 7.700000 -1.500000
v 12.261325 7.700000 -1.500000
v 10.738675 9.900000 -1.500000
v 10.161325 9.900000 -1.500000
v 11.027350 9.400000 -1.500000
v 10.738675 8.900000 -1.500000
v 10.161325 8.900000 -1.500000
v 9.872650 9.400000 -1.500000
v 10.738675 7.700000 -1.500000
v 11.027350 8.200000 -1.500000
v 10.161325 7.700000 -1.500000
v 9.872650 8.200000 -1.500000
v 10.161325 8.700000 -1.500000
v 10.738675 8.700000 -1.500000
v 12.838675 8.900000 -1.500000
v 13.127350 9.400000 -1.500000
v 12.261325 8.900000 -1.500000
v 11.972650 9.400000 -1.500000
v 12.261325 9.900000 -1.500000
v 12.838675 9.900000 -1.500000
v 4.500000 6.500000 -1.500000
v 11.500000 6.500000 -1.500000
v 18.500000 6.500000 -1.500000
v 18.500000 12.500000 -1.500000
v 18.500000 18.500000 -1.500000
v 11.500000 18.500000 -1.500000
v 4.500000 18.500000 -1.500000
v 4.500000 12.500000 -1.500000
v 18.500000 6.500000 0.300000
v 18.500000 12.500000 0.300000
v 18.500000 18.500000 0.300000
v -2.000000 6.500000 1.400000
v 7.000000 6.500000 1.400000
v 16.000000 6.500000 1.400000
v 25.000000 6.500000 1.400000
v 25.000000 6.500000 0.300000
v -2.000000 16.600000 0.800000
v -2.000000 18.000000 0.800000
v -2.000000 16.600000 1.400000
v -2.000000 18.000000 1.400000
v -2.000000 18.500000 1.400000
v 4.450000 18.500000 1.400000
v 14.725000 18.500000 1.400000
v 25.000000 18.500000 1.400000
v 25.000000 12.500000 1.400000
v 25.000000 18.500000 0.300000
v 1.000000 18.500000 1.400000
v 1.000000 18.700000 1.400000
v 25.000000 12.500000 0.300000
vt -0.375940 -0.124807 0.000000
vt -0.346759 -0.062380 0.000000
vt -0.477658 0.000000 0.000000
vt -0.346759 0.062380 0.000000
vt -0.375940 0.124807 0.000000
vt -0.263523 0.207680 0.000000
vt -0.215859 0.062380 0.000000
vt -0.215859 0.187139 0.000000
vt -0.084959 0.062380 0.000000
vt -0.084959 0.187139 0.000000
vt 0.045940 0.062380 0.000000
vt 0.045940 0.187139 0.000000
vt 0.176840 0.062380 0.000000
vt 0.176840 0.187139 0.000000
vt 0.295793 0.156265 0.000000
vt 0.261799 0.303308 0.000000
vt -0.263523 -0.207680 0.000000
vt -0.215859 -0.062380 0.000000
vt -0.215859 -0.187139 0.000000
vt -0.146421 -0.270777 0.000000
vt -0.084959 -0.187139 0.000000
vt -0.027361 -0.325356 0.000000
vt 0.045940 -0.187139 0.000000
vt 0.045940 -0.311899 0.000000
vt 0.176840 -0.311899 0.000000
vt 0.092025 -0.378503 0.000000
vt 0.210267 -0.436658 0.000000
vt 0.261799 -0.303308 0.000000
vt 0.176840 -0.187139 0.000000
vt 0.045940 -0.062380 0.000000
vt -0.084959 -0.062380 0.000000
vt 0.295793 -0.156265 0.000000
vt 0.176840 -0.062380 0.000000
vt 0.307740 -0.000000 0.000000
vt 0.176840 0.311899 0.000000
vt 0.210267 0.436658 0.000000
vt 0.092025 0.378503 0.000000
vt 0.045940 0.311899 0.000000
vt -0.027361 0.325356 0.000000
vt -0.146421 0.270777 0.000000
vt -0.500000 0.392699 0.000000
vt -1.400000 0.392699 0.000000
vt -0.500000 0.261799 0.000000
vt -1.400000 0.261799 0.000000
vt -0.500000 0.130900 0.000000
vt -1.400000 0.130900 0.000000
vt -0.500000 0.000000 0.000000
vt -1.400000 0.000000 0.000000
vt -0.500000 -0.130900 0.000000
vt -1.400000 -0.130900 0.000000
vt -0.500000 -0.261799 0.000000
vt -1.400000 -0.261799 0.000000
vt -0.500000 -0.392699 0.000000
vt -1.400000 -0.392699 0.000000
vt 0.500000 0.500000 0.000000
vt 7.000000 0.500000 0.000000
vt 0.500000 1.400000 0.000000
vt 9.500000 1.400000 0.000000
vt 14.000000 -1.300000 0.000000
vt 18.500000 1.400000 0.000000
vt 21.000000 0.500000 0.000000
vt 27.500000 1.400000 0.000000
vt 27.500000 0.500000 0.000000
vt 7.000000 -1.300000 0.000000
vt 21.000000 -1.300000 0.000000
vt -1.250000 0.261799 0.000000
vt 0.916667 0.261799 0.000000
vt -1.250000 0.392699 0.000000
vt 3.083333 0.261799 0.000000
vt 5.152455 0.294524 0.000000
vt 5.058658 0.196350 0.000000
vt 3.083333 0.130900 0.000000
vt 4.972215 0.098175 0.000000
vt 3.083333 0.000000 0.000000
vt 4.896447 0.000000 0.000000
vt 4.834265 -0.098175 0.000000
vt 3.083333 -0.130900 0.000000
vt 4.788060 -0.196350 0.000000
vt 3.083333 -0.261799 0.000000
vt 4.759607 -0.294524 0.000000
vt 4.752408 -0.343612 0.000000
vt 0.916667 -0.261799 0.000000
vt -1.250000 -0.261799 0.000000
vt -1.250000 -0.130900 0.000000
vt 0.916667 -0.130900 0.000000
vt -1.250000 0.000000 0.000000
vt 0.916667 0.000000 0.000000
vt -1.250000 0.130900 0.000000
vt 0.916667 0.130900 0.000000
vt -1.250000 -0.392699 0.000000
vt 4.750000 -0.392699 0.000000
vt 5.250000 0.392699 0.000000
vt 3.250000 -0.392699 0.000000
vt 9.250000 -0.392699 0.000000
vt 6.850000 -0.261799 0.000000
vt 9.250000 -0.261799 0.000000
vt 6.850000 -0.130900 0.000000
vt 9.250000 -0.130900 0.000000
vt 6.850000 0.000000 0.000000
vt 9.250000 0.000000 0.000000
vt 6.850000 0.130900 0.000000
vt 9.250000 0.130900 0.000000
vt 6.850000 0.261799 0.000000
vt 9.250000 0.261799 0.000000
vt 9.250000 0.392699 0.000000
vt 3.250000 0.392699 0.000000
vt 4.450000 0.261799 0.000000
vt 4.450000 0.130900 0.000000
vt 4.450000 0.000000 0.000000
vt 4.450000 -0.130900 0.000000
vt 4.450000 -0.261799 0.000000
vt 2.050000 -0.261799 0.000000
vt -0.350000 -0.261799 0.000000
vt -0.350000 -0.130900 0.000000
vt -2.750000 -0.130900 0.000000
vt -2.750000 0.000000 0.000000
vt -0.350000 0.000000 0.000000
vt -2.750000 0.130900 0.000000
vt -0.350000 0.130900 0.000000
vt -2.750000 0.261799 0.000000
vt -0.350000 0.261799 0.000000
vt -2.750000 0.392699 0.000000
vt 2.050000 0.261799 0.000000
vt -2.750000 -0.261799 0.000000
vt -2.750000 -0.392699 0.000000
vt 2.050000 -0.130900 0.000000
vt 2.050000 0.000000 0.000000
vt 2.050000 0.130900 0.000000
vt -0.462790 -0.104505 0.000000
vt -0.450856 -0.052535 0.000000
vt -0.581527 -0.000000 0.000000
vt -0.450856 0.056780 0.000000
vt -0.492742 0.191477 0.000000
vt -0.450856 0.165995 0.000000
vt -0.382305 0.294581 0.000000
vt -0.320185 0.165995 0.000000
vt -0.320185 0.275260 0.000000
vt -0.189515 0.165995 0.000000
vt -0.189515 0.275260 0.000000
vt -0.058844 0.165995 0.000000
vt -0.058844 0.275260 0.000000
vt 0.071826 0.165995 0.000000
vt 0.071826 0.275260 0.000000
vt 0.191489 0.171423 0.000000
vt 0.170258 0.282846 0.000000
vt -0.337868 -0.157283 0.000000
vt -0.320185 -0.052535 0.000000
vt -0.320185 0.056843 0.000000
vt -0.189515 -0.161800 0.000000
vt -0.210871 -0.192028 0.000000
vt -0.083047 -0.219506 0.000000
vt -0.058844 -0.161800 0.000000
vt 0.045038 -0.244676 0.000000
vt 0.071826 -0.161800 0.000000
vt 0.172985 -0.271065 0.000000
vt 0.191318 -0.172605 0.000000
vt 0.179924 -0.238557 0.000000
vt 0.186047 -0.205727 0.000000
vt 0.202438 -0.058299 0.000000
vt 0.071826 -0.052535 0.000000
vt -0.058844 -0.052535 0.000000
vt -0.058844 0.056969 0.000000
vt -0.189515 0.056906 0.000000
vt 0.202497 0.057096 0.000000
vt 0.071826 0.057033 0.000000
vt 0.140304 0.390333 0.000000
vt 0.071826 0.384525 0.000000
vt -0.058844 0.384525 0.000000
vt -0.019536 0.452043 0.000000
vt -0.142420 0.409470 0.000000
vt 0.103509 0.493789 0.000000
vt -0.189515 0.384525 0.000000
vt -0.263994 0.360199 0.000000
vt -0.189515 -0.052535 0.000000
vt -0.500000 0.392699 0.000000
vt -1.400000 0.392699 0.000000
vt -0.500000 0.261799 0.000000
vt -1.400000 0.261799 0.000000
vt -0.500000 0.130900 0.000000
vt -1.400000 0.130900 0.000000
vt -0.500000 0.000000 0.000000
vt -1.400000 0.000000 0.000000
vt -0.500000 -0.130900 0.000000
vt -1.400000 -0.130900 0.000000
vt -0.500000 -0.261799 0.000000
vt -1.400000 -0.261799 0.000000
vt -0.500000 -0.392699 0.000000
vt -1.400000 -0.392699 0.000000
vt 12.500000 0.500000 0.000000
vt 12.500000 1.400000 0.000000
vt 6.500000 0.500000 0.000000
vt 2.400000 0.800000 0.000000
vt 0.500000 0.500000 0.000000
vt 1.000000 0.800000 0.000000
vt 0.500000 1.400000 0.000000
vt 1.000000 1.400000 0.000000
vt 2.400000 1.400000 0.000000
vt 15.250000 -0.278579 0.000000
vt 13.150000 -0.261799 0.000000
vt 15.250000 -0.392699 0.000000
vt 11.050000 -0.261799 0.000000
vt 9.244759 -0.320244 0.000000
vt 9.229148 -0.247789 0.000000
vt 9.203492 -0.175334 0.000000
vt 11.050000 -0.130900 0.000000
vt 9.168330 -0.102879 0.000000
vt 9.124399 -0.030424 0.000000
vt 11.050000 0.000000 0.000000
vt 9.072620 0.042031 0.000000
vt 11.050000 0.130900 0.000000
vt 8.950000 0.186941 0.000000
vt 10.750000 0.186941 0.000000
vt 13.150000 0.130900 0.000000
vt 13.150000 0.261799 0.000000
vt 15.250000 0.177900 0.000000
vt 15.250000 0.292020 0.000000
vt 15.250000 -0.164459 0.000000
vt 13.150000 -0.130900 0.000000
vt 15.250000 -0.050339 0.000000
vt 13.150000 0.000000 0.000000
vt 15.250000 0.063780 0.000000
vt 11.250000 0.292020 0.000000
vt 11.050000 0.261799 0.000000
vt 10.750000 0.255527 0.000000
vt 10.750000 0.324113 0.000000
vt 11.250000 0.325580 0.000000
vt 11.250000 0.359139 0.000000
vt 10.750000 0.392699 0.000000
vt 11.250000 0.392699 0.000000
vt 9.250000 -0.392699 0.000000
vt 0.375940 0.124807 0.000000
vt 0.346759 0.062380 0.000000
vt 0.477658 0.000000 0.000000
vt 0.346759 -0.062380 0.000000
vt 0.375940 -0.124807 0.000000
vt 0.263523 -0.207680 0.000000
vt 0.215859 -0.062380 0.000000
vt 0.215859 -0.187139 0.000000
vt 0.084959 -0.062380 0.000000
vt 0.084959 -0.187139 0.000000
vt -0.045940 -0.062380 0.000000
vt -0.045940 -0.187139 0.000000
vt -0.176840 -0.062380 0.000000
vt -0.176840 -0.187139 0.000000
vt -0.295793 -0.156265 0.000000
vt -0.261799 -0.303308 0.000000
vt 0.263523 0.207680 0.000000
vt 0.215859 0.062380 0.000000
vt 0.215859 0.187139 0.000000
vt 0.146421 0.270777 0.000000
vt 0.084959 0.187139 0.000000
vt 0.027361 0.325356 0.000000
vt -0.045940 0.187139 0.000000
vt -0.045940 0.311899 0.000000
vt -0.176840 0.311899 0.000000
vt -0.092025 0.378503 0.000000
vt -0.210267 0.436658 0.000000
vt -0.261799 0.303308 0.000000
vt -0.176840 0.187139 0.000000
vt -0.045940 0.062380 0.000000
vt 0.084959 0.062380 0.000000
vt -0.295793 0.156265 0.000000
vt -0.176840 0.062380 0.000000
vt -0.307740 -0.000000 0.000000
vt -0.176840 -0.311899 0.000000
vt -0.210267 -0.436658 0.000000
vt -0.092025 -0.378503 0.000000
vt -0.045940 -0.311899 0.000000
vt 0.027361 -0.325356 0.000000
vt 0.146421 -0.270777 0.000000
vt -0.500000 0.392699 0.000000
vt -1.400000 0.392699 0.000000
vt -0.500000 0.261799 0.000000
vt -1.400000 0.261799 0.000000
vt -0.500000 0.130900 0.000000
vt -1.400000 0.130900 0.000000
vt -0.500000 0.000000 0.000000
vt -1.400000 0.000000 0.000000
vt -0.500000 -0.130900 0.000000
vt -1.400000 -0.130900 0.000000
vt -0.500000 -0.261799 0.000000
vt -1.400000 -0.261799 0.000000
vt -0.500000 -0.392699 0.000000
vt -1.400000 -0.392699 0.000000
vt 0.500000 0.500000 0.000000
vt 7.000000 0.500000 0.000000
vt 0.500000 1.400000 0.000000
vt 10.775000 1.400000 0.000000
vt 14.000000 -1.300000 0.000000
vt 21.000000 0.500000 0.000000
vt 21.000000 -1.300000 0.000000
vt 7.000000 -1.300000 0.000000
vt 21.050000 0.500000 0.000000
vt 21.050000 1.400000 0.000000
vt -11.750000 0.261799 0.000000
vt -9.583333 0.261799 0.000000
vt -11.750000 0.392699 0.000000
vt -7.416667 0.261799 0.000000
vt -5.347545 0.294524 0.000000
vt -5.441342 0.196350 0.000000
vt -7.416667 0.130900 0.000000
vt -5.527785 0.098175 0.000000
vt -7.416667 -0.000000 0.000000
vt -5.603553 -0.000000 0.000000
vt -5.665735 -0.098175 0.000000
vt -7.416667 -0.130900 0.000000
vt -5.711940 -0.196350 0.000000
vt -7.416667 -0.261799 0.000000
vt -5.740393 -0.294524 0.000000
vt -5.747592 -0.343612 0.000000
vt -9.583333 -0.261799 0.000000
vt -11.750000 -0.261799 0.000000
vt -11.750000 -0.130900 0.000000
vt -9.583333 -0.130900 0.000000
vt -11.750000 -0.000000 0.000000
vt -9.583333 -0.000000 0.000000
vt -11.750000 0.130900 0.000000
vt -9.583333 0.130900 0.000000
vt -11.750000 -0.392699 0.000000
vt -5.750000 -0.392699 0.000000
vt -5.250000 0.392699 0.000000
vt 3.250000 -0.392699 0.000000
vt 9.250000 -0.392699 0.000000
vt 6.850000 -0.261799 0.000000
vt 9.250000 -0.261799 0.000000
vt 6.850000 -0.130900 0.000000
vt 9.250000 -0.130900 0.000000
vt 6.850000 -0.000000 0.000000
vt 9.250000 -0.000000 0.000000
vt 6.850000 0.130900 0.000000
vt 9.250000 0.130900 0.000000
vt 6.850000 0.261799 0.000000
vt 9.250000 0.261799 0.000000
vt 9.250000 0.392699 0.000000
vt 3.250000 0.392699 0.000000
vt 4.450000 0.261799 0.000000
vt 4.450000 0.130900 0.000000
vt 4.450000 -0.000000 0.000000
vt 4.450000 -0.130900 0.000000
vt 4.450000 -0.261799 0.000000
vt 2.050000 -0.261799 0.000000
vt -0.350000 -0.261799 0.000000
vt -0.350000 -0.130900 0.000000
vt -2.750000 -0.130900 0.000000
vt -2.750000 -0.000000 0.000000
vt -0.350000 -0.000000 0.000000
vt -2.750000 0.130900 0.000000
vt -0.350000 0.130900 0.000000
vt -2.750000 0.261799 0.000000
vt -0.350000 0.261799 0.000000
vt -2.750000 0.392699 0.000000
vt 2.050000 0.261799 0.000000
vt -2.750000 -0.261799 0.000000
vt -2.750000 -0.392699 0.000000
vt 2.050000 -0.130900 0.000000
vt 2.050000 -0.000000 0.000000
vt 2.050000 0.130900 0.000000
vt 0.261799 0.303308 0.000000
vt 0.210267 0.436658 0.000000
vt 0.176840 0.311899 0.000000
vt 0.092025 0.378503 0.000000
vt 0.045940 0.311899 0.000000
vt -0.027361 0.325356 0.000000
vt 0.045940 0.187139 0.000000
vt -0.084959 0.187139 0.000000
vt 0.045940 0.062380 0.000000
vt -0.084959 0.062380 0.000000
vt 0.045940 -0.062380 0.000000
vt -0.084959 -0.062380 0.000000
vt 0.045940 -0.187139 0.000000
vt -0.084959 -0.187139 0.000000
vt -0.027361 -0.325356 0.000000
vt -0.146421 -0.270777 0.000000
vt -0.215859 -0.187139 0.000000
vt -0.263523 -0.207680 0.000000
vt -0.215859 -0.062380 0.000000
vt -0.346759 -0.062380 0.000000
vt -0.346759 0.062380 0.000000
vt -0.477658 0.000000 0.000000
vt -0.375940 0.124807 0.000000
vt -0.263523 0.207680 0.000000
vt -0.215859 0.062380 0.000000
vt -0.215859 0.187139 0.000000
vt -0.146421 0.270777 0.000000
vt -0.375940 -0.124807 0.000000
vt 0.045940 -0.311899 0.000000
vt 0.092025 -0.378503 0.000000
vt 0.176840 -0.311899 0.000000
vt 0.210267 -0.436658 0.000000
vt 0.261799 -0.303308 0.000000
vt 0.176840 -0.187139 0.000000
vt 0.295793 -0.156265 0.000000
vt 0.176840 -0.062380 0.000000
vt 0.307740 -0.000000 0.000000
vt 0.176840 0.062380 0.000000
vt 0.295793 0.156265 0.000000
vt 0.176840 0.187139 0.000000
vt -0.500000 0.392699 0.000000
vt -1.400000 0.392699 0.000000
vt -0.500000 0.261799 0.000000
vt -1.400000 0.261799 0.000000
vt -0.500000 0.130900 0.000000
vt -1.400000 0.130900 0.000000
vt -0.500000 -0.000000 0.000000
vt -1.400000 -0.000000 0.000000
vt -0.500000 -0.130900 0.000000
vt -1.400000 -0.130900 0.000000
vt -0.500000 -0.261799 0.000000
vt -1.400000 -0.261799 0.000000
vt -0.500000 -0.392699 0.000000
vt -1.400000 -0.392699 0.000000
vt 12.500000 1.400000 0.000000
vt 6.500000 1.400000 0.000000
vt 12.500000 0.500000 0.000000
vt 6.500000 0.500000 0.000000
vt 0.500000 1.400000 0.000000
vt 0.500000 0.500000 0.000000
vt 25.750000 -0.261799 0.000000
vt 23.583333 -0.261799 0.000000
vt 25.750000 -0.392699 0.000000
vt 21.416667 -0.261799 0.000000
vt 19.747592 -0.343612 0.000000
vt 19.740393 -0.294524 0.000000
vt 19.711940 -0.196350 0.000000
vt 21.416667 -0.130900 0.000000
vt 19.665735 -0.098175 0.000000
vt 21.416667 0.000000 0.000000
vt 19.603553 0.000000 0.000000
vt 19.527785 0.098175 0.000000
vt 21.416667 0.130900 0.000000
vt 19.441342 0.196350 0.000000
vt 21.416667 0.261799 0.000000
vt 19.347545 0.294524 0.000000
vt 19.250000 0.392699 0.000000
vt 23.583333 0.261799 0.000000
vt 25.750000 0.392699 0.000000
vt 25.750000 0.261799 0.000000
vt 25.750000 0.130900 0.000000
vt 23.583333 0.130900 0.000000
vt 25.750000 0.000000 0.000000
vt 23.583333 0.000000 0.000000
vt 25.750000 -0.130900 0.000000
vt 23.583333 -0.130900 0.000000
vt 19.750000 -0.392699 0.000000
vt 8.800000 0.342615 0.000000
vt 8.800000 0.359310 0.000000
vt 8.750000 0.392699 0.000000
vt 8.800000 0.376005 0.000000
vt 8.800000 0.392699 0.000000
vt -0.261799 -0.303308 0.000000
vt -0.210267 -0.436658 0.000000
vt -0.176840 -0.311899 0.000000
vt -0.092025 -0.378503 0.000000
vt -0.045940 -0.311899 0.000000
vt 0.027361 -0.325356 0.000000
vt -0.045940 -0.187139 0.000000
vt 0.084959 -0.187139 0.000000
vt -0.045940 -0.062380 0.000000
vt 0.084959 -0.062380 0.000000
vt -0.045940 0.062380 0.000000
vt 0.084959 0.062380 0.000000
vt -0.045940 0.187139 0.000000
vt 0.084959 0.187139 0.000000
vt 0.027361 0.325356 0.000000
vt 0.146421 0.270777 0.000000
vt 0.215859 0.187139 0.000000
vt 0.263523 0.207680 0.000000
vt 0.215859 0.062380 0.000000
vt 0.346759 0.062380 0.000000
vt 0.346759 -0.062380 0.000000
vt 0.477658 0.000000 0.000000
vt 0.375940 -0.124807 0.000000
vt 0.263523 -0.207680 0.000000
vt 0.215859 -0.062380 0.000000
vt 0.215859 -0.187139 0.000000
vt 0.146421 -0.270777 0.000000
vt 0.375940 0.124807 0.000000
vt -0.045940 0.311899 0.000000
vt -0.092025 0.378503 0.000000
vt -0.176840 0.311899 0.000000
vt -0.210267 0.436658 0.000000
vt -0.261799 0.303308 0.000000
vt -0.176840 0.187139 0.000000
vt -0.295793 0.156265 0.000000
vt -0.176840 0.062380 0.000000
vt -0.307740 0.000000 0.000000
vt -0.176840 -0.062380 0.000000
vt -0.295793 -0.156265 0.000000
vt -0.176840 -0.187139 0.000000
vt 0.450000 0.342615 0.000000
vt 0.500000 0.392699 0.000000
vt 0.300000 0.342615 0.000000
vt -1.300000 0.392699 0.000000
vt -1.300000 0.261799 0.000000
vt -1.300000 0.130900 0.000000
vt 0.300000 0.186941 0.000000
vt 0.300000 0.238832 0.000000
vt 0.300000 0.290724 0.000000
vt 0.177380 0.042031 0.000000
vt -1.300000 -0.000000 0.000000
vt 0.125601 -0.030424 0.000000
vt -1.300000 -0.130900 0.000000
vt 0.081670 -0.102879 0.000000
vt 0.046508 -0.175334 0.000000
vt -1.300000 -0.261799 0.000000
vt 0.020852 -0.247789 0.000000
vt 0.005241 -0.320244 0.000000
vt -1.300000 -0.392699 0.000000
vt -0.000000 -0.392699 0.000000
vt 3.450000 6.497494 0.000000
vt 3.398730 6.489637 0.000000
vt 3.450000 6.000000 0.000000
vt 3.348550 6.476511 0.000000
vt 3.300000 6.458258 0.000000
vt 1.500000 6.458258 0.000000
vt 1.500000 6.000000 0.000000
vt -3.000000 6.000000 0.000000
vt -3.000000 0.000000 0.000000
vt 3.500000 0.000000 0.000000
vt 3.500000 6.000000 0.000000
vt -3.000000 -6.000000 0.000000
vt 3.500000 -6.000000 0.000000
vt 12.500000 1.300000 0.000000
vt 6.500000 1.300000 0.000000
vt 12.500000 0.000000 0.000000
vt 6.500000 0.000000 0.000000
vt 0.500000 1.300000 0.000000
vt 0.500000 0.000000 0.000000
vt -3.250000 0.392699 0.000000
vt -9.250000 0.392699 0.000000
vt -6.850000 0.261799 0.000000
vt -9.250000 0.261799 0.000000
vt -6.850000 0.130900 0.000000
vt -9.250000 0.130900 0.000000
vt -6.850000 0.000000 0.000000
vt -9.250000 0.000000 0.000000
vt -6.850000 -0.130900 0.000000
vt -9.250000 -0.130900 0.000000
vt -6.850000 -0.261799 0.000000
vt -9.250000 -0.261799 0.000000
vt -9.250000 -0.392699 0.000000
vt -3.250000 -0.392699 0.000000
vt -4.450000 -0.261799 0.000000
vt -4.450000 -0.130900 0.000000
vt -4.450000 0.000000 0.000000
vt -4.450000 0.130900 0.000000
vt -4.450000 0.261799 0.000000
vt -2.050000 0.261799 0.000000
vt 0.350000 0.261799 0.000000
vt 0.350000 0.130900 0.000000
vt 2.750000 0.130900 0.000000
vt 2.750000 0.000000 0.000000
vt 0.350000 0.000000 0.000000
vt 2.750000 -0.130900 0.000000
vt 0.350000 -0.130900 0.000000
vt 2.750000 -0.261799 0.000000
vt 0.350000 -0.261799 0.000000
vt 2.750000 -0.392699 0.000000
vt -2.050000 -0.261799 0.000000
vt 2.750000 0.261799 0.000000
vt 2.750000 0.392699 0.000000
vt -2.050000 0.130900 0.000000
vt -2.050000 0.000000 0.000000
vt -2.050000 -0.130900 0.000000
vt 10.625000 -0.392699 0.000000
vt 17.625000 -0.392699 0.000000
vt 14.825000 -0.261799 0.000000
vt 17.625000 -0.261799 0.000000
vt 14.825000 -0.130900 0.000000
vt 17.625000 -0.130900 0.000000
vt 14.825000 -0.000000 0.000000
vt 17.625000 -0.000000 0.000000
vt 14.825000 0.130900 0.000000
vt 17.625000 0.130900 0.000000
vt 14.825000 0.261799 0.000000
vt 17.625000 0.261799 0.000000
vt 17.625000 0.392699 0.000000
vt 10.625000 0.392699 0.000000
vt 12.025000 0.261799 0.000000
vt 12.025000 0.130900 0.000000
vt 12.025000 -0.000000 0.000000
vt 12.025000 -0.130900 0.000000
vt 12.025000 -0.261799 0.000000
vt 9.225000 -0.261799 0.000000
vt 6.425000 -0.261799 0.000000
vt 6.425000 -0.130900 0.000000
vt 3.625000 -0.130900 0.000000
vt 3.625000 -0.000000 0.000000
vt 6.425000 -0.000000 0.000000
vt 3.625000 0.130900 0.000000
vt 6.425000 0.130900 0.000000
vt 3.625000 0.261799 0.000000
vt 6.425000 0.261799 0.000000
vt 3.625000 0.392699 0.000000
vt 9.225000 0.261799 0.000000
vt 3.625000 -0.261799 0.000000
vt 3.625000 -0.392699 0.000000
vt 9.225000 -0.130900 0.000000
vt 9.225000 -0.000000 0.000000
vt 9.225000 0.130900 0.000000
vt 0.500000 -0.392699 0.000000
vt 0.402455 -0.294524 0.000000
vt -1.300000 -0.392699 0.000000
vt -1.300000 -0.261799 0.000000
vt 0.308658 -0.196350 0.000000
vt -1.300000 -0.130900 0.000000
vt 0.222215 -0.098175 0.000000
vt -1.300000 0.000000 0.000000
vt 0.146447 0.000000 0.000000
vt 0.084265 0.098175 0.000000
vt -1.300000 0.130900 0.000000
vt 0.038060 0.196350 0.000000
vt -1.300000 0.261799 0.000000
vt 0.009607 0.294524 0.000000
vt 0.002408 0.343612 0.000000
vt -0.000000 0.392699 0.000000
vt -1.300000 0.392699 0.000000
vt -0.375940 -0.124807 0.000000
vt -0.346759 -0.062380 0.000000
vt -0.477658 0.000000 0.000000
vt -0.346759 0.062380 0.000000
vt -0.375940 0.124807 0.000000
vt -0.263523 0.207680 0.000000
vt -0.215859 0.062380 0.000000
vt -0.215859 0.187139 0.000000
vt -0.084959 0.062380 0.000000
vt -0.084959 0.187139 0.000000
vt 0.045940 0.062380 0.000000
vt 0.045940 0.187139 0.000000
vt 0.176840 0.062380 0.000000
vt 0.176840 0.187139 0.000000
vt 0.295793 0.156265 0.000000
vt 0.261799 0.303308 0.000000
vt -0.263523 -0.207680 0.000000
vt -0.215859 -0.062380 0.000000
vt -0.215859 -0.187139 0.000000
vt -0.146421 -0.270777 0.000000
vt -0.084959 -0.187139 0.000000
vt -0.027361 -0.325356 0.000000
vt 0.045940 -0.187139 0.000000
vt 0.045940 -0.311899 0.000000
vt 0.176840 -0.311899 0.000000
vt 0.092025 -0.378503 0.000000
vt 0.210267 -0.436658 0.000000
vt 0.261799 -0.303308 0.000000
vt 0.176840 -0.187139 0.000000
vt 0.045940 -0.062380 0.000000
vt -0.084959 -0.062380 0.000000
vt 0.295793 -0.156265 0.000000
vt 0.176840 -0.062380 0.000000
vt 0.307740 0.000000 0.000000
vt 0.176840 0.311899 0.000000
vt 0.210267 0.436658 0.000000
vt 0.092025 0.378503 0.000000
vt 0.045940 0.311899 0.000000
vt -0.027361 0.325356 0.000000
vt -0.146421 0.270777 0.000000
vt 0.500000 -0.392699 0.000000
vt 0.402455 -0.294524 0.000000
vt -1.300000 -0.392699 0.000000
vt -1.300000 -0.261799 0.000000
vt 0.308658 -0.196350 0.000000
vt -1.300000 -0.130900 0.000000
vt 0.222215 -0.098175 0.000000
vt -1.300000 0.000000 0.000000
vt 0.146447 0.000000 0.000000
vt 0.084265 0.098175 0.000000
vt -1.300000 0.130900 0.000000
vt 0.038060 0.196350 0.000000
vt -1.300000 0.261799 0.000000
vt 0.009607 0.294524 0.000000
vt 0.002408 0.343612 0.000000
vt -0.000000 0.392699 0.000000
vt -1.300000 0.392699 0.000000
vt 0.375940 0.124807 0.000000
vt 0.346759 0.062380 0.000000
vt 0.477658 0.000000 0.000000
vt 0.346759 -0.062380 0.000000
vt 0.375940 -0.124807 0.000000
vt 0.263523 -0.207680 0.000000
vt 0.215859 -0.062380 0.000000
vt 0.215859 -0.187139 0.000000
vt 0.084959 -0.062380 0.000000
vt 0.084959 -0.187139 0.000000
vt -0.045940 -0.062380 0.000000
vt -0.045940 -0.187139 0.000000
vt -0.176840 -0.062380 0.000000
vt -0.176840 -0.187139 0.000000
vt -0.295793 -0.156265 0.000000
vt -0.261799 -0.303308 0.000000
vt 0.263523 0.207680 0.000000
vt 0.215859 0.062380 0.000000
vt 0.215859 0.187139 0.000000
vt 0.146421 0.270777 0.000000
vt 0.084959 0.187139 0.000000
vt 0.027361 0.325356 0.000000
vt -0.045940 0.187139 0.000000
vt -0.045940 0.311899 0.000000
vt -0.176840 0.311899 0.000000
vt -0.092025 0.378503 0.000000
vt -0.210267 0.436658 0.000000
vt -0.261799 0.303308 0.000000
vt -0.176840 0.187139 0.000000
vt -0.045940 0.062380 0.000000
vt 0.084959 0.062380 0.000000
vt -0.295793 0.156265 0.000000
vt -0.176840 0.062380 0.000000
vt -0.307740 -0.000000 0.000000
vt -0.176840 -0.311899 0.000000
vt -0.210267 -0.436658 0.000000
vt -0.092025 -0.378503 0.000000
vt -0.045940 -0.311899 0.000000
vt 0.027361 -0.325356 0.000000
vt 0.146421 -0.270777 0.000000
vt 0.000000 0.000000 0.000000
vt 6.000000 0.000000 0.000000
vt 0.000000 1.300000 0.000000
vt 6.000000 1.300000 0.000000
vt 12.000000 0.000000 0.000000
vt 12.000000 1.300000 0.000000
vt -0.000000 -0.392699 0.000000
vt 0.002408 -0.343612 0.000000
vt -1.300000 -0.392699 0.000000
vt -1.300000 -0.261799 0.000000
vt 0.009607 -0.294524 0.000000
vt 0.038060 -0.196350 0.000000
vt -1.300000 -0.130900 0.000000
vt 0.084265 -0.098175 0.000000
vt -1.300000 0.000000 0.000000
vt 0.146447 0.000000 0.000000
vt 0.222215 0.098175 0.000000
vt -1.300000 0.130900 0.000000
vt 0.308658 0.196350 0.000000
vt -1.300000 0.261799 0.000000
vt 0.402455 0.294524 0.000000
vt -1.300000 0.392699 0.000000
vt 0.500000 0.392699 0.000000
vt 0.261799 0.303308 0.000000
vt 0.210267 0.436658 0.000000
vt 0.176840 0.311899 0.000000
vt 0.092025 0.378503 0.000000
vt 0.045940 0.311899 0.000000
vt -0.027361 0.325356 0.000000
vt 0.045940 0.187139 0.000000
vt -0.084959 0.187139 0.000000
vt 0.045940 0.062380 0.000000
vt -0.084959 0.062380 0.000000
vt 0.045940 -0.062380 0.000000
vt -0.084959 -0.062380 0.000000
vt 0.045940 -0.187139 0.000000
vt -0.084959 -0.187139 0.000000
vt -0.027361 -0.325356 0.000000
vt -0.146421 -0.270777 0.000000
vt -0.215859 -0.187139 0.000000
vt -0.263523 -0.207680 0.000000
vt -0.215859 -0.062380 0.000000
vt -0.346759 -0.062380 0.000000
vt -0.346759 0.062380 0.000000
vt -0.477658 0.000000 0.000000
vt -0.375940 0.124807 0.000000
vt -0.263523 0.207680 0.000000
vt -0.215859 0.062380 0.000000
vt -0.215859 0.187139 0.000000
vt -0.146421 0.270777 0.000000
vt -0.375940 -0.124807 0.000000
vt 0.045940 -0.311899 0.000000
vt 0.092025 -0.378503 0.000000
vt 0.176840 -0.311899 0.000000
vt 0.210267 -0.436658 0.000000
vt 0.261799 -0.303308 0.000000
vt 0.176840 -0.187139 0.000000
vt 0.295793 -0.156265 0.000000
vt 0.176840 -0.062380 0.000000
vt 0.307740 -0.000000 0.000000
vt 0.176840 0.062380 0.000000
vt 0.295793 0.156265 0.000000
vt 0.176840 0.187139 0.000000
vt 3.375000 0.392699 0.000000
vt -3.625000 0.392699 0.000000
vt -0.825000 0.261799 0.000000
vt -3.625000 0.261799 0.000000
vt -0.825000 0.130900 0.000000
vt -3.625000 0.130900 0.000000
vt -0.825000 0.000000 0.000000
vt -3.625000 0.000000 0.000000
vt -0.825000 -0.130900 0.000000
vt -3.625000 -0.130900 0.000000
vt -0.825000 -0.261799 0.000000
vt -3.625000 -0.261799 0.000000
vt -3.625000 -0.392699 0.000000
vt 3.375000 -0.392699 0.000000
vt 1.975000 -0.261799 0.000000
vt 1.975000 -0.130900 0.000000
vt 1.975000 0.000000 0.000000
vt 1.975000 0.130900 0.000000
vt 1.975000 0.261799 0.000000
vt 4.775000 0.261799 0.000000
vt 7.575000 0.261799 0.000000
vt 7.575000 0.130900 0.000000
vt 10.375000 0.130900 0.000000
vt 10.375000 0.000000 0.000000
vt 7.575000 0.000000 0.000000
vt 10.375000 -0.130900 0.000000
vt 7.575000 -0.130900 0.000000
vt 10.375000 -0.261799 0.000000
vt 7.575000 -0.261799 0.000000
vt 10.375000 -0.392699 0.000000
vt 4.775000 -0.261799 0.000000
vt 10.375000 0.261799 0.000000
vt 10.375000 0.392699 0.000000
vt 4.775000 0.130900 0.000000
vt 4.775000 0.000000 0.000000
vt 4.775000 -0.130900 0.000000
vt -0.000000 1.100000 0.000000
vt -0.458257 1.100000 0.000000
vt -0.500000 0.900000 0.000000
vt -0.481301 1.035458 0.000000
vt -0.495303 0.968371 0.000000
vt -0.500000 0.000000 0.000000
vt -0.000000 0.000000 0.000000
vt -0.001126 0.933534 0.000000
vt -0.004498 0.966918 0.000000
vt -0.000000 0.900000 0.000000
vt -0.010102 1.000000 0.000000
vt -0.500000 1.000000 0.000000
vt -0.500000 0.000000 0.000000
vt -0.000000 0.000000 0.000000
vt 2.000000 -0.250000 0.000000
vt 2.000000 0.239898 0.000000
vt 1.000000 -0.050000 0.000000
vt -2.000000 0.239898 0.000000
vt -2.000000 -0.050000 0.000000
vt 1.000000 -0.250000 0.000000
vt -0.000000 1.000000 0.000000
vt -0.289898 1.000000 0.000000
vt -0.300000 0.900000 0.000000
vt -0.295502 0.966918 0.000000
vt -0.298874 0.933534 0.000000
vt -0.300000 0.000000 0.000000
vt -0.000000 0.000000 0.000000
vt 23.000000 0.500000 0.000000
vt 23.500000 0.500000 0.000000
vt 23.000000 1.400000 0.000000
vt 23.500000 1.400000 0.000000
vt -3.000000 -0.392699 0.000000
vt 3.000000 -0.392699 0.000000
vt 0.600000 -0.261799 0.000000
vt 3.000000 -0.261799 0.000000
vt 0.600000 -0.130900 0.000000
vt 3.000000 -0.130900 0.000000
vt 0.600000 -0.000000 0.000000
vt 3.000000 -0.000000 0.000000
vt 0.600000 0.130900 0.000000
vt 3.000000 0.130900 0.000000
vt 0.600000 0.261799 0.000000
vt 3.000000 0.261799 0.000000
vt 3.000000 0.392699 0.000000
vt -3.000000 0.392699 0.000000
vt -1.800000 0.261799 0.000000
vt -1.800000 0.130900 0.000000
vt -1.800000 -0.000000 0.000000
vt -1.800000 -0.130900 0.000000
vt -1.800000 -0.261799 0.000000
vt -4.200000 -0.261799 0.000000
vt -6.600000 -0.261799 0.000000
vt -6.600000 -0.130900 0.000000
vt -9.000000 -0.130900 0.000000
vt -9.000000 -0.000000 0.000000
vt -6.600000 -0.000000 0.000000
vt -9.000000 0.130900 0.000000
vt -6.600000 0.130900 0.000000
vt -9.000000 0.261799 0.000000
vt -6.600000 0.261799 0.000000
vt -9.000000 0.392699 0.000000
vt -4.200000 0.261799 0.000000
vt -9.000000 -0.261799 0.000000
vt -9.000000 -0.392699 0.000000
vt -4.200000 -0.130900 0.000000
vt -4.200000 -0.000000 0.000000
vt -4.200000 0.130900 0.000000
vt 5.622650 -3.100000 0.000000
vt 5.911325 -3.800000 0.000000
vt 5.911325 -3.600000 0.000000
vt 6.488675 -3.800000 0.000000
vt 6.488675 -3.600000 0.000000
vt 6.672650 -3.693782 0.000000
vt 6.777350 -3.100000 0.000000
vt 6.961325 -3.193782 0.000000
vt 6.961325 -2.993782 0.000000
vt 7.538675 -3.193782 0.000000
vt 7.538675 -2.993782 0.000000
vt 7.722650 -3.100000 0.000000
vt 7.827350 -2.493782 0.000000
vt 8.011325 -2.600000 0.000000
vt 7.538675 -1.993782 0.000000
vt 8.588675 -2.600000 0.000000
vt 7.250000 6.000000 0.000000
vt 14.250000 0.000000 0.000000
vt 14.250000 6.000000 0.000000
vt 5.911325 -2.600000 0.000000
vt 0.250000 0.000000 0.000000
vt 0.250000 -6.000000 0.000000
vt 5.622650 -4.300000 0.000000
vt 5.911325 -4.800000 0.000000
vt 7.250000 -6.000000 0.000000
vt 6.961325 -5.406217 0.000000
vt 7.538675 -5.406217 0.000000
vt 8.588675 -4.800000 0.000000
vt 8.011325 -4.800000 0.000000
vt 6.488675 -2.600000 0.000000
vt 6.961325 -1.993782 0.000000
vt 0.250000 6.000000 0.000000
vt 6.672650 -2.493782 0.000000
vt 7.827350 -4.906217 0.000000
vt 7.722650 -4.300000 0.000000
vt 7.538675 -4.406217 0.000000
vt 7.538675 -4.193782 0.000000
vt 6.961325 -4.406217 0.000000
vt 6.961325 -4.193782 0.000000
vt 6.777350 -4.300000 0.000000
vt 7.827350 -3.693782 0.000000
vt 8.011325 -3.800000 0.000000
vt 8.011325 -3.600000 0.000000
vt 8.588675 -3.800000 0.000000
vt 8.588675 -3.600000 0.000000
vt 8.877350 -3.100000 0.000000
vt 8.877350 -4.300000 0.000000
vt 14.250000 -6.000000 0.000000
vt 6.672650 -4.906217 0.000000
vt 6.488675 -4.800000 0.000000
vt -0.577350 0.000000 0.000000
vt -0.000000 0.000000 0.000000
vt -0.577350 0.300000 0.000000
vt -0.000000 0.300000 0.000000
vt -0.577350 0.000000 0.000000
vt -0.000000 0.000000 0.000000
vt -0.577350 0.300000 0.000000
vt -0.000000 0.300000 0.000000
vt -0.577350 0.000000 0.000000
vt 0.000000 0.000000 0.000000
vt -0.577350 0.300000 0.000000
vt 0.000000 0.300000 0.000000
vt -0.577350 0.000000 0.000000
vt 0.000000 0.000000 0.000000
vt -0.577350 0.300000 0.000000
vt 0.000000 0.300000 0.000000
vt -0.577350 0.000000 0.000000
vt -0.000000 0.000000 0.000000
vt -0.577350 0.300000 0.000000
vt -0.000000 0.300000 0.000000
vt -0.577350 0.000000 0.000000
vt -0.000000 0.000000 0.000000
vt -0.577350 0.300000 0.000000
vt -0.000000 0.300000 0.000000
vt -0.577350 0.000000 0.000000
vt 0.000000 0.000000 0.000000
vt -0.577350 0.300000 0.000000
vt 0.000000 0.300000 0.000000
vt -0.577350 0.000000 0.000000
vt -0.000000 0.000000 0.000000
vt -0.577350 0.300000 0.000000
vt -0.000000 0.300000 0.000000
vt -0.577350 0.000000 0.000000
vt -0.000000 0.000000 0.000000
vt -0.577350 0.300000 0.000000
vt -0.000000 0.300000 0.000000
vt -0.577350 0.000000 0.000000
vt -0.000000 0.000000 0.000000
vt -0.577350 0.300000 0.000000
vt -0.000000 0.300000 0.000000
vt -0.577350 0.000000 0.000000
vt -0.000000 0.000000 0.000000
vt -0.577350 0.300000 0.000000
vt -0.000000 0.300000 0.000000
vt -0.577350 0.000000 0.000000
vt 0.000000 0.000000 0.000000
vt -0.577350 0.300000 0.000000
vt 0.000000 0.300000 0.000000
vt -0.577350 0.000000 0.000000
vt -0.000000 0.000000 0.000000
vt -0.577350 0.300000 0.000000
vt -0.000000 0.300000 0.000000
vt -0.577350 0.000000 0.000000
vt -0.000000 0.000000 0.000000
vt -0.577350 0.300000 0.000000
vt -0.000000 0.300000 0.000000
vt -0.577350 0.000000 0.000000
vt -0.000000 0.000000 0.000000
vt -0.577350 0.300000 0.000000
vt -0.000000 0.300000 0.000000
vt -0.577350 0.000000 0.000000
vt -0.000000 0.000000 0.000000
vt -0.577350 0.300000 0.000000
vt -0.000000 0.300000 0.000000
vt -0.577350 0.000000 0.000000
vt 0.000000 0.000000 0.000000
vt -0.577350 0.300000 0.000000
vt 0.000000 0.300000 0.000000
vt -0.577350 0.000000 0.000000
vt 0.000000 0.000000 0.000000
vt -0.577350 0.300000 0.000000
vt 0.000000 0.300000 0.000000
vt -0.577350 0.000000 0.000000
vt 0.000000 0.000000 0.000000
vt -0.577350 0.300000 0.000000
vt 0.000000 0.300000 0.000000
vt -0.577350 0.000000 0.000000
vt 0.000000 0.000000 0.000000
vt -0.577350 0.300000 0.000000
vt 0.000000 0.300000 0.000000
vt -0.577350 0.000000 0.000000
vt -0.000000 0.000000 0.000000
vt -0.577350 0.300000 0.000000
vt -0.000000 0.300000 0.000000
vt -0.577350 0.000000 0.000000
vt -0.000000 0.000000 0.000000
vt -0.577350 0.300000 0.000000
vt -0.000000 0.300000 0.000000
vt -0.577350 0.000000 0.000000
vt -0.000000 0.000000 0.000000
vt -0.577350 0.300000 0.000000
vt -0.000000 0.300000 0.000000
vt -0.577350 0.000000 0.000000
vt -0.000000 0.000000 0.000000
vt -0.577350 0.300000 0.000000
vt -0.000000 0.300000 0.000000
vt -0.577350 0.000000 0.000000
vt 0.000000 0.000000 0.000000
vt -0.577350 0.300000 0.000000
vt 0.000000 0.300000 0.000000
vt -0.577350 0.000000 0.000000
vt -0.000000 0.000000 0.000000
vt -0.577350 0.300000 0.000000
vt -0.000000 0.300000 0.000000
vt -0.577350 0.000000 0.000000
vt -0.000000 0.000000 0.000000
vt -0.577350 0.300000 0.000000
vt -0.000000 0.300000 0.000000
vt -0.577350 0.000000 0.000000
vt -0.000000 0.000000 0.000000
vt -0.577350 0.300000 0.000000
vt -0.000000 0.300000 0.000000
vt -0.577350 0.000000 0.000000
vt -0.000000 0.000000 0.000000
vt -0.577350 0.300000 0.000000
vt -0.000000 0.300000 0.000000
vt -0.577350 0.000000 0.000000
vt 0.000000 0.000000 0.000000
vt -0.577350 0.300000 0.000000
vt 0.000000 0.300000 0.000000
vt -0.577350 0.000000 0.000000
vt -0.000000 0.000000 0.000000
vt -0.577350 0.300000 0.000000
vt -0.000000 0.300000 0.000000
vt -0.577350 0.000000 0.000000
vt -0.000000 0.000000 0.000000
vt -0.577350 0.300000 0.000000
vt -0.000000 0.300000 0.000000
vt -0.577350 0.000000 0.000000
vt -0.000000 0.000000 0.000000
vt -0.577350 0.300000 0.000000
vt -0.000000 0.300000 0.000000
vt -0.577350 0.000000 0.000000
vt 0.000000 0.000000 0.000000
vt -0.577350 0.300000 0.000000
vt 0.000000 0.300000 0.000000
vt -0.577350 0.000000 0.000000
vt 0.000000 0.000000 0.000000
vt -0.577350 0.300000 0.000000
vt 0.000000 0.300000 0.000000
vt -0.577350 0.000000 0.000000
vt -0.000000 0.000000 0.000000
vt -0.577350 0.300000 0.000000
vt -0.000000 0.300000 0.000000
vt -0.577350 0.000000 0.000000
vt -0.000000 0.000000 0.000000
vt -0.577350 0.300000 0.000000
vt -0.000000 0.300000 0.000000
vt -0.577350 0.000000 0.000000
vt -0.000000 0.000000 0.000000
vt -0.577350 0.300000 0.000000
vt -0.000000 0.300000 0.000000
vt -0.577350 0.000000 0.000000
vt -0.000000 0.000000 0.000000
vt -0.577350 0.300000 0.000000
vt -0.000000 0.300000 0.000000
vt -0.577350 0.000000 0.000000
vt 0.000000 0.000000 0.000000
vt -0.577350 0.300000 0.000000
vt 0.000000 0.300000 0.000000
vt -0.577350 0.000000 0.000000
vt 0.000000 0.000000 0.000000
vt -0.577350 0.300000 0.000000
vt 0.000000 0.300000 0.000000
vt -0.577350 0.000000 0.000000
vt -0.000000 0.000000 0.000000
vt -0.577350 0.300000 0.000000
vt -0.000000 0.300000 0.000000
vt -0.288675 -4.193782 0.000000
vt 0.288675 -4.406217 0.000000
vt 0.288675 -4.193782 0.000000
vt 0.472650 -4.300000 0.000000
vt 0.577350 -3.693782 0.000000
vt 0.761325 -3.800000 0.000000
vt 0.761325 -3.600000 0.000000
vt 1.338675 -3.800000 0.000000
vt 1.338675 -3.600000 0.000000
vt 1.627350 -3.100000 0.000000
vt 1.627350 -4.300000 0.000000
vt 7.000000 -6.000000 0.000000
vt 1.338675 -4.800000 0.000000
vt 0.000000 -6.000000 0.000000
vt 0.288675 -5.406217 0.000000
vt -0.288675 -5.406217 0.000000
vt -0.577350 -3.693782 0.000000
vt -0.472650 -4.300000 0.000000
vt -0.288675 -4.406217 0.000000
vt -0.288675 -3.193782 0.000000
vt -0.472650 -3.100000 0.000000
vt -0.761325 -3.600000 0.000000
vt -0.761325 -3.800000 0.000000
vt -1.338675 -3.600000 0.000000
vt -1.338675 -3.800000 0.000000
vt -1.627350 -3.100000 0.000000
vt -1.627350 -4.300000 0.000000
vt -7.000000 -6.000000 0.000000
vt -1.338675 -4.800000 0.000000
vt -0.288675 -2.993782 0.000000
vt 0.288675 -3.193782 0.000000
vt 0.288675 -2.993782 0.000000
vt 0.472650 -3.100000 0.000000
vt 0.577350 -2.493782 0.000000
vt 0.761325 -2.600000 0.000000
vt 0.288675 -1.993782 0.000000
vt 1.338675 -2.600000 0.000000
vt 0.000000 6.000000 0.000000
vt 7.000000 0.000000 0.000000
vt 7.000000 6.000000 0.000000
vt -0.288675 -1.993782 0.000000
vt -1.338675 -2.600000 0.000000
vt -0.761325 -2.600000 0.000000
vt -0.577350 -2.493782 0.000000
vt 0.577350 -4.906217 0.000000
vt 0.761325 -4.800000 0.000000
vt -0.761325 -4.800000 0.000000
vt -0.577350 -4.906217 0.000000
vt -7.000000 0.000000 0.000000
vt -7.000000 6.000000 0.000000
vt 0.000000 -1.500000 0.000000
vt 6.000000 -1.500000 0.000000
vt -0.000000 0.300000 0.000000
vt 6.000000 0.300000 0.000000
vt 12.000000 -1.500000 0.000000
vt 12.000000 0.300000 0.000000
vt 6.500000 -1.500000 0.000000
vt 13.500000 -1.500000 0.000000
vt 6.500000 0.300000 0.000000
vt 9.000000 1.400000 0.000000
vt 0.000000 1.400000 0.000000
vt 20.500000 -1.500000 0.000000
vt 20.500000 0.300000 0.000000
vt 18.000000 1.400000 0.000000
vt 27.000000 0.300000 0.000000
vt 27.000000 1.400000 0.000000
vt 0.000000 0.300000 0.000000
vt 3.000000 6.000000 0.000000
vt -3.000000 6.000000 0.000000
vt 3.000000 0.000000 0.000000
vt -3.000000 0.000000 0.000000
vt 3.000000 -6.000000 0.000000
vt -3.000000 -6.000000 0.000000
vt -24.000000 -6.000000 0.000000
vt -18.000000 -6.000000 0.000000
vt -24.000000 0.000000 0.000000
vt -18.000000 0.000000 0.000000
vt -24.000000 6.000000 0.000000
vt -18.000000 6.000000 0.000000
vt -0.000000 0.500000 0.000000
vt -1.400000 0.500000 0.000000
vt -0.000000 0.000000 0.000000
vt -1.400000 0.000000 0.000000
vt -0.000000 0.500000 0.000000
vt -0.600000 0.500000 0.000000
vt -0.000000 0.000000 0.000000
vt -0.600000 0.000000 0.000000
vt -0.000000 0.500000 0.000000
vt -0.600000 0.500000 0.000000
vt -0.000000 0.000000 0.000000
vt -0.600000 0.000000 0.000000
vt 11.500000 1.400000 0.000000
vt 11.500000 0.800000 0.000000
vt 12.000000 1.400000 0.000000
vt 12.000000 0.300000 0.000000
vt 10.100000 0.800000 0.000000
vt 6.000000 0.300000 0.000000
vt 0.000000 1.400000 0.000000
vt 0.000000 0.300000 0.000000
vt 10.100000 1.400000 0.000000
vt -13.982963 -6.129410 0.000000
vt -13.500000 -6.000000 0.000000
vt -14.000000 -6.000000 0.000000
vt -13.500000 4.100000 0.000000
vt -14.000000 4.100000 0.000000
vt -13.933013 -6.250000 0.000000
vt -13.853553 -6.353553 0.000000
vt -13.750000 -6.433013 0.000000
vt -13.629410 -6.482963 0.000000
vt -13.500000 -6.500000 0.000000
vt -4.500000 -6.500000 0.000000
vt -4.500000 -6.000000 0.000000
vt 4.500000 -6.500000 0.000000
vt 4.500000 -6.000000 0.000000
vt 13.500000 -6.500000 0.000000
vt 13.500000 -6.000000 0.000000
vt 13.629410 -6.482963 0.000000
vt 13.750000 -6.433013 0.000000
vt 13.853553 -6.353553 0.000000
vt 13.933013 -6.250000 0.000000
vt 13.982963 -6.129410 0.000000
vt 14.000000 -6.000000 0.000000
vt 13.500000 0.000000 0.000000
vt 14.000000 0.000000 0.000000
vt 13.500000 6.000000 0.000000
vt 14.000000 6.000000 0.000000
vt 13.982963 6.129410 0.000000
vt 13.933013 6.250000 0.000000
vt 13.853553 6.353553 0.000000
vt 13.750000 6.433013 0.000000
vt 13.629410 6.482963 0.000000
vt 13.500000 6.500000 0.000000
vt 3.225000 6.500000 0.000000
vt -7.050000 6.500000 0.000000
vt -7.050000 6.000000 0.000000
vt 3.225000 6.000000 0.000000
vt -0.002507 1.100000 0.000000
vt -0.500000 1.100000 0.000000
vt -0.002507 0.950000 0.000000
vt -0.000000 0.900000 0.000000
vt -0.001115 0.933364 0.000000
vt -0.000279 0.916691 0.000000
vt -0.500000 0.000000 0.000000
vt -0.000000 0.000000 0.000000
vt 6.500000 -1.500000 0.000000
vt 13.500000 -1.500000 0.000000
vt 6.500000 0.300000 0.000000
vt 16.725000 1.400000 0.000000
vt 6.450000 1.400000 0.000000
vt 20.500000 -1.500000 0.000000
vt 20.500000 0.300000 0.000000
vt 27.000000 0.300000 0.000000
vt 27.000000 1.400000 0.000000
vt 6.450000 0.300000 0.000000
vt 4.500000 1.400000 0.000000
vt 4.000000 0.400000 0.000000
vt 4.500000 0.300000 0.000000
vt 3.000000 0.400000 0.000000
vt 0.000000 0.300000 0.000000
vt 0.000000 1.400000 0.000000
vt 3.000000 1.400000 0.000000
vt 4.000000 1.400000 0.000000
vt -13.629410 6.482963 0.000000
vt -13.750000 6.433013 0.000000
vt -13.500000 6.500000 0.000000
vt -13.500000 6.200000 0.000000
vt -13.853553 6.353553 0.000000
vt -13.933013 6.250000 0.000000
vt -13.982963 6.129410 0.000000
vt -13.500000 6.000000 0.000000
vt -10.500000 6.000000 0.000000
vt -14.000000 6.000000 0.000000
vt -13.500000 5.500000 0.000000
vt -14.000000 5.500000 0.000000
vt -10.500000 6.200000 0.000000
vt -3.000000 0.000000 0.000000
vt -0.000000 0.000000 0.000000
vt -3.000000 1.000000 0.000000
vt -0.000000 1.000000 0.000000
vt -0.200000 0.000000 0.000000
vt -0.000000 0.000000 0.000000
vt -0.200000 1.000000 0.000000
vt -0.000000 1.000000 0.000000
vt -9.000000 6.500000 0.000000
vt -9.500000 6.500000 0.000000
vt -9.000000 6.000000 0.000000
vt -9.500000 6.000000 0.000000
vt 0.000000 -1.500000 0.000000
vt 6.000000 -1.500000 0.000000
vt 0.000000 0.300000 0.000000
vt 6.000000 0.300000 0.000000
vt 12.000000 -1.500000 0.000000
vt 12.000000 0.300000 0.000000
vt 0.000000 0.300000 0.000000
vt 6.000000 0.300000 0.000000
vt 0.000000 1.400000 0.000000
vt 6.000000 1.400000 0.000000
vt 12.000000 0.300000 0.000000
vt 12.000000 1.400000 0.000000
vt -3.500000 -6.000000 0.000000
vt 3.000000 -6.000000 0.000000
vt -3.500000 0.000000 0.000000
vt 3.000000 0.000000 0.000000
vt -3.500000 6.000000 0.000000
vt 3.000000 6.000000 0.000000
vn -0.258819 -0.965926 0.000000
vn -0.248108 -0.962374 -0.110813
vn 0.000000 -1.000000 0.000000
vn -0.110813 -0.962374 -0.248108
vn 0.000000 -0.965926 -0.258819
vn 0.000000 -0.866025 -0.500000
vn -0.268280 -0.861830 -0.430436
vn -0.078131 -0.828668 -0.554261
vn -0.407464 -0.702554 -0.583430
vn -0.201121 -0.666568 -0.717801
vn -0.518881 -0.495400 -0.696665
vn -0.310406 -0.459042 -0.832423
vn -0.594936 -0.254486 -0.762422
vn -0.398536 -0.220233 -0.890318
vn -0.500000 0.000000 -0.866025
vn -0.258819 0.000000 -0.965926
vn -0.500000 -0.866025 0.000000
vn -0.430436 -0.861830 -0.268280
vn -0.554261 -0.828668 -0.078131
vn -0.707107 -0.707107 0.000000
vn -0.717801 -0.666568 -0.201121
vn -0.866025 -0.500000 0.000000
vn -0.832423 -0.459042 -0.310406
vn -0.917502 -0.388644 -0.084530
vn -0.970469 -0.153913 -0.185744
vn -0.965926 -0.258819 0.000000
vn -1.000000 0.000000 0.000000
vn -0.965926 0.000000 -0.258819
vn -0.890318 -0.220233 -0.398536
vn -0.696665 -0.495400 -0.518881
vn -0.583430 -0.702554 -0.407464
vn -0.866025 0.000000 -0.500000
vn -0.762422 -0.254486 -0.594936
vn -0.707107 0.000000 -0.707107
vn -0.185744 -0.153913 -0.970469
vn 0.000000 0.000000 -1.000000
vn 0.000000 -0.258819 -0.965926
vn -0.084530 -0.388644 -0.917502
vn 0.000000 -0.500000 -0.866025
vn 0.000000 -0.707107 -0.707107
vn -0.000000 -1.000000 -0.000000
vn -0.258819 -0.965926 0.000000
vn -0.500000 -0.866025 0.000000
vn -0.707107 -0.707107 0.000000
vn -0.866025 -0.500000 0.000000
vn -0.965926 -0.258819 0.000000
vn -1.000000 -0.000000 0.000000
vn 0.000000 -1.000000 0.000000
vn 0.000000 -1.000000 0.000000
vn 0.000000 -1.000000 0.000000
vn 0.000000 -1.000000 0.000000
vn 0.000000 -1.000000 0.000000
vn 0.000000 -1.000000 0.000000
vn 0.000000 -1.000000 0.000000
vn 0.000000 -1.000000 0.000000
vn 0.000000 -1.000000 0.000000
vn -0.000000 -0.965926 -0.258819
vn -0.000000 -0.965926 -0.258819
vn -0.000000 -0.980785 -0.195090
vn -0.000000 -0.923880 -0.382683
vn -0.000000 -0.866025 -0.500000
vn -0.000000 -0.831470 -0.555570
vn -0.000000 -0.707107 -0.707107
vn -0.000000 -0.707107 -0.707107
vn -0.000000 -0.555570 -0.831470
vn -0.000000 -0.500000 -0.866025
vn -0.000000 -0.382683 -0.923880
vn -0.000000 -0.258819 -0.965926
vn -0.000000 -0.195090 -0.980785
vn -0.000000 -0.098017 -0.995185
vn -0.000000 -0.258819 -0.965926
vn -0.000000 -0.500000 -0.866025
vn -0.000000 -0.707107 -0.707107
vn -0.000000 -0.866025 -0.500000
vn -0.000000 -0.000000 -1.000000
vn -0.000000 0.000000 -1.000000
vn -0.258819 0.000000 -0.965926
vn -0.500000 0.000000 -0.866025
vn -0.707107 0.000000 -0.707107
vn -0.866025 0.000000 -0.500000
vn -0.965926 0.000000 -0.258819
vn -1.000000 -0.000000 -0.000000
vn -0.965926 0.000000 -0.258819
vn -0.866025 0.000000 -0.500000
vn -0.707107 0.000000 -0.707107
vn -0.500000 0.000000 -0.866025
vn -0.258819 0.000000 -0.965926
vn -0.258819 0.000000 -0.965926
vn -0.258819 0.000000 -0.965926
vn -0.500000 0.000000 -0.866025
vn -0.500000 0.000000 -0.866025
vn -0.707107 0.000000 -0.707107
vn -0.707107 0.000000 -0.707107
vn -0.866025 0.000000 -0.500000
vn -0.866025 0.000000 -0.500000
vn -0.965926 0.000000 -0.258819
vn -0.965926 0.000000 -0.258819
vn -1.000000 -0.000000 -0.000000
vn -0.965926 0.000000 -0.258819
vn -0.258819 0.000000 -0.965926
vn -0.000000 0.000000 -1.000000
vn -0.500000 0.000000 -0.866025
vn -0.707107 0.000000 -0.707107
vn -0.866025 0.000000 -0.500000
vn -0.965926 0.258819 0.000000
vn -0.964473 0.254130 -0.072178
vn -0.964209 0.178121 -0.196402
vn -0.950506 0.077731 -0.300826
vn -0.846396 0.241748 -0.474523
vn -0.812270 0.087439 -0.576691
vn -0.684805 0.389348 -0.615995
vn -0.645268 0.210570 -0.734363
vn -0.476709 0.510506 -0.715634
vn -0.434446 0.319401 -0.842164
vn -0.236239 0.596995 -0.766673
vn -0.194120 0.406541 -0.892772
vn 0.000000 0.632456 -0.774597
vn 0.000000 0.440791 -0.897610
vn -0.866025 0.500000 0.000000
vn -0.864452 0.469795 -0.178930
vn -0.864105 0.371464 -0.339612
vn -0.685955 0.724432 -0.068297
vn -0.707107 0.707107 0.000000
vn -0.500000 0.866025 0.000000
vn -0.477938 0.868695 -0.130171
vn -0.258819 0.965926 0.000000
vn -0.237463 0.953964 -0.183205
vn 0.000000 1.000000 0.000000
vn 0.000000 0.979796 -0.200000
vn 0.000000 0.997748 -0.067069
vn 0.000000 0.991004 -0.133836
vn 0.000000 0.909133 -0.416505
vn -0.258524 0.878457 -0.401843
vn -0.499071 0.792930 -0.349557
vn -0.498629 0.670988 -0.548766
vn -0.705317 0.539555 -0.459791
vn 0.000000 0.791316 -0.611407
vn -0.258077 0.756848 -0.600480
vn 0.000000 0.226263 -0.974066
vn -0.134071 0.196371 -0.971321
vn -0.374192 0.108512 -0.920981
vn -0.588901 0.013284 -0.808096
vn -0.705725 0.653554 -0.273531
vn -1.000000 -0.000000 0.000000
vn -0.965926 0.258819 -0.000000
vn -0.866025 0.500000 -0.000000
vn -0.707107 0.707107 -0.000000
vn -0.500000 0.866025 -0.000000
vn -0.258819 0.965926 -0.000000
vn -0.000000 1.000000 -0.000000
vn -1.000000 0.000000 0.000000
vn -1.000000 0.000000 0.000000
vn -1.000000 0.000000 0.000000
vn -1.000000 0.000000 0.000000
vn -0.000000 0.258819 -0.965926
vn -0.000000 0.258819 -0.965926
vn -0.000000 0.144403 -0.989519
vn -0.000000 0.285780 -0.958295
vn -0.000000 0.421165 -0.906984
vn -0.000000 0.500000 -0.866025
vn -0.000000 0.547723 -0.836660
vn -0.000000 0.662798 -0.748798
vn -0.000000 0.707107 -0.707107
vn -0.000000 0.763980 -0.645239
vn -0.000000 0.866025 -0.500000
vn -0.000000 0.916515 -0.400000
vn -0.000000 0.916515 -0.400000
vn -0.000000 0.866025 -0.500000
vn -0.000000 0.965926 -0.258819
vn -0.000000 0.500000 -0.866025
vn -0.000000 0.707107 -0.707107
vn -0.000000 0.979796 -0.200000
vn -0.000000 0.965926 -0.258819
vn -0.000000 0.962603 -0.270916
vn -0.000000 0.990607 -0.136743
vn -0.000000 0.991004 -0.133836
vn -0.000000 0.997748 -0.067069
vn -0.000000 1.000000 -0.000000
vn -0.000000 1.000000 -0.000000
vn -0.000000 0.000000 -1.000000
vn 0.258819 0.965926 0.000000
vn 0.248108 0.962374 -0.110813
vn 0.000000 1.000000 0.000000
vn 0.110813 0.962374 -0.248108
vn 0.000000 0.965926 -0.258819
vn 0.000000 0.866025 -0.500000
vn 0.268280 0.861830 -0.430436
vn 0.078131 0.828668 -0.554261
vn 0.407464 0.702554 -0.583430
vn 0.201121 0.666568 -0.717801
vn 0.518881 0.495400 -0.696665
vn 0.310406 0.459042 -0.832423
vn 0.594936 0.254486 -0.762422
vn 0.398536 0.220233 -0.890318
vn 0.500000 0.000000 -0.866025
vn 0.258819 0.000000 -0.965926
vn 0.500000 0.866025 0.000000
vn 0.430436 0.861830 -0.268280
vn 0.554261 0.828668 -0.078131
vn 0.707107 0.707107 0.000000
vn 0.717801 0.666568 -0.201121
vn 0.866025 0.500000 0.000000
vn 0.832423 0.459042 -0.310406
vn 0.917502 0.388644 -0.084530
vn 0.970469 0.153913 -0.185744
vn 0.965926 0.258819 0.000000
vn 1.000000 0.000000 0.000000
vn 0.965926 0.000000 -0.258819
vn 0.890318 0.220233 -0.398536
vn 0.696665 0.495400 -0.518881
vn 0.583430 0.702554 -0.407464
vn 0.866025 0.000000 -0.500000
vn 0.762422 0.254486 -0.594936
vn 0.707107 0.000000 -0.707107
vn 0.185744 0.153913 -0.970469
vn 0.000000 0.000000 -1.000000
vn 0.000000 0.258819 -0.965926
vn 0.084530 0.388644 -0.917502
vn 0.000000 0.500000 -0.866025
vn 0.000000 0.707107 -0.707107
vn -0.000000 1.000000 -0.000000
vn 0.258819 0.965926 -0.000000
vn 0.500000 0.866025 -0.000000
vn 0.707107 0.707107 -0.000000
vn 0.866025 0.500000 -0.000000
vn 0.965926 0.258819 -0.000000
vn 1.000000 -0.000000 -0.000000
vn 0.000000 1.000000 0.000000
vn 0.000000 1.000000 0.000000
vn 0.000000 1.000000 0.000000
vn 0.000000 1.000000 0.000000
vn 0.000000 1.000000 0.000000
vn 0.000000 1.000000 0.000000
vn 0.000000 1.000000 0.000000
vn 0.000000 1.000000 0.000000
vn -0.000000 0.965926 -0.258819
vn -0.000000 0.965926 -0.258819
vn -0.000000 0.980785 -0.195090
vn -0.000000 0.923880 -0.382683
vn -0.000000 0.866025 -0.500000
vn -0.000000 0.831470 -0.555570
vn -0.000000 0.707107 -0.707107
vn -0.000000 0.707107 -0.707107
vn -0.000000 0.555570 -0.831470
vn -0.000000 0.500000 -0.866025
vn -0.000000 0.382683 -0.923880
vn -0.000000 0.258819 -0.965926
vn -0.000000 0.195090 -0.980785
vn -0.000000 0.098017 -0.995185
vn -0.000000 0.258819 -0.965926
vn -0.000000 0.500000 -0.866025
vn -0.000000 0.707107 -0.707107
vn -0.000000 0.866025 -0.500000
vn -0.000000 0.000000 -1.000000
vn -0.000000 0.000000 -1.000000
vn 0.258819 0.000000 -0.965926
vn 0.500000 0.000000 -0.866025
vn 0.707107 0.000000 -0.707107
vn 0.866025 0.000000 -0.500000
vn 0.965926 0.000000 -0.258819
vn 1.000000 -0.000000 -0.000000
vn 0.965926 0.000000 -0.258819
vn 0.866025 0.000000 -0.500000
vn 0.707107 0.000000 -0.707107
vn 0.500000 0.000000 -0.866025
vn 0.258819 0.000000 -0.965926
vn 0.258819 0.000000 -0.965926
vn 0.258819 0.000000 -0.965926
vn 0.500000 0.000000 -0.866025
vn 0.500000 0.000000 -0.866025
vn 0.707107 0.000000 -0.707107
vn 0.707107 0.000000 -0.707107
vn 0.866025 0.000000 -0.500000
vn 0.866025 0.000000 -0.500000
vn 0.965926 0.000000 -0.258819
vn 0.965926 0.000000 -0.258819
vn 1.000000 -0.000000 -0.000000
vn 0.965926 0.000000 -0.258819
vn 0.258819 0.000000 -0.965926
vn -0.000000 0.000000 -1.000000
vn 0.500000 0.000000 -0.866025
vn 0.707107 0.000000 -0.707107
vn 0.866025 0.000000 -0.500000
vn 0.970469 -0.153913 -0.185744
vn 0.965926 -0.258819 0.000000
vn 0.917502 -0.388644 -0.084530
vn 0.866025 -0.500000 0.000000
vn 0.832423 -0.459042 -0.310406
vn 0.717801 -0.666568 -0.201121
vn 0.696665 -0.495400 -0.518881
vn 0.583430 -0.702554 -0.407464
vn 0.518881 -0.495400 -0.696665
vn 0.407464 -0.702554 -0.583430
vn 0.310406 -0.459042 -0.832423
vn 0.201121 -0.666568 -0.717801
vn 0.000000 -0.500000 -0.866025
vn 0.000000 -0.707107 -0.707107
vn 0.078131 -0.828668 -0.554261
vn 0.000000 -0.866025 -0.500000
vn 0.268280 -0.861830 -0.430436
vn 0.110813 -0.962374 -0.248108
vn 0.248108 -0.962374 -0.110813
vn 0.258819 -0.965926 0.000000
vn 0.500000 -0.866025 0.000000
vn 0.430436 -0.861830 -0.268280
vn 0.554261 -0.828668 -0.078131
vn 0.707107 -0.707107 0.000000
vn 0.000000 -0.965926 -0.258819
vn 0.084530 -0.388644 -0.917502
vn 0.000000 -0.258819 -0.965926
vn 0.185744 -0.153913 -0.970469
vn 0.398536 -0.220233 -0.890318
vn 0.594936 -0.254486 -0.762422
vn 0.762422 -0.254486 -0.594936
vn 0.890318 -0.220233 -0.398536
vn 1.000000 -0.000000 -0.000000
vn 0.965926 -0.258819 -0.000000
vn 0.866025 -0.500000 -0.000000
vn 0.707107 -0.707107 -0.000000
vn 0.500000 -0.866025 -0.000000
vn 0.258819 -0.965926 -0.000000
vn 1.000000 0.000000 -0.000000
vn -0.000000 -0.258819 -0.965926
vn -0.000000 -0.258819 -0.965926
vn -0.000000 -0.098017 -0.995185
vn -0.000000 -0.195090 -0.980785
vn -0.000000 -0.382683 -0.923880
vn -0.000000 -0.500000 -0.866025
vn -0.000000 -0.555570 -0.831470
vn -0.000000 -0.707107 -0.707107
vn -0.000000 -0.707107 -0.707107
vn -0.000000 -0.831470 -0.555570
vn -0.000000 -0.866025 -0.500000
vn -0.000000 -0.923880 -0.382683
vn -0.000000 -0.965926 -0.258819
vn -0.000000 -0.980785 -0.195090
vn -0.000000 -0.965926 -0.258819
vn -0.000000 -0.866025 -0.500000
vn -0.000000 -0.707107 -0.707107
vn -0.000000 -0.500000 -0.866025
vn -0.000000 -0.000000 -1.000000
vn -0.000000 0.994987 -0.100000
vn -0.000000 0.997771 -0.066729
vn -0.000000 0.999443 -0.033383
vn -0.965926 0.000000 -0.258819
vn -1.000000 0.000000 0.000000
vn -0.970469 0.153913 -0.185744
vn -0.965926 0.258819 0.000000
vn -0.917502 0.388644 -0.084530
vn -0.866025 0.500000 0.000000
vn -0.832423 0.459042 -0.310406
vn -0.717801 0.666568 -0.201121
vn -0.696665 0.495400 -0.518881
vn -0.583430 0.702554 -0.407464
vn -0.518881 0.495400 -0.696665
vn -0.407464 0.702554 -0.583430
vn -0.310406 0.459042 -0.832423
vn -0.201121 0.666568 -0.717801
vn 0.000000 0.500000 -0.866025
vn 0.000000 0.707107 -0.707107
vn -0.078131 0.828668 -0.554261
vn 0.000000 0.866025 -0.500000
vn -0.268280 0.861830 -0.430436
vn -0.110813 0.962374 -0.248108
vn -0.248108 0.962374 -0.110813
vn -0.258819 0.965926 0.000000
vn -0.500000 0.866025 0.000000
vn -0.430436 0.861830 -0.268280
vn -0.554261 0.828668 -0.078131
vn -0.707107 0.707107 0.000000
vn 0.000000 0.965926 -0.258819
vn -0.084530 0.388644 -0.917502
vn 0.000000 0.258819 -0.965926
vn -0.185744 0.153913 -0.970469
vn 0.000000 0.000000 -1.000000
vn -0.258819 0.000000 -0.965926
vn -0.398536 0.220233 -0.890318
vn -0.500000 0.000000 -0.866025
vn -0.594936 0.254486 -0.762422
vn -0.707107 0.000000 -0.707107
vn -0.762422 0.254486 -0.594936
vn -0.866025 0.000000 -0.500000
vn -0.890318 0.220233 -0.398536
vn -0.100000 0.994987 -0.000000
vn -0.100000 0.994987 -0.000000
vn -0.400000 0.916515 -0.000000
vn -0.302900 0.953022 -0.000000
vn -0.202540 0.979274 -0.000000
vn -0.645239 0.763980 -0.000000
vn -0.748798 0.662798 -0.000000
vn -0.836660 0.547723 -0.000000
vn -0.906984 0.421165 -0.000000
vn -0.958295 0.285780 -0.000000
vn -0.989519 0.144403 -0.000000
vn -1.000000 0.000000 -0.000000
vn 0.000000 0.000000 1.000000
vn 0.000000 0.000000 1.000000
vn 0.000000 0.000000 1.000000
vn 0.000000 0.000000 1.000000
vn 0.000000 0.000000 1.000000
vn 0.000000 0.000000 1.000000
vn 0.000000 0.000000 1.000000
vn 0.000000 0.000000 1.000000
vn 0.000000 0.000000 1.000000
vn 0.000000 0.000000 1.000000
vn 0.000000 0.000000 1.000000
vn 0.000000 0.000000 1.000000
vn 0.000000 0.000000 1.000000
vn -1.000000 0.000000 0.000000
vn -1.000000 0.000000 0.000000
vn -1.000000 0.000000 0.000000
vn -1.000000 0.000000 0.000000
vn -0.965926 0.000000 -0.258819
vn -0.866025 0.000000 -0.500000
vn -0.707107 0.000000 -0.707107
vn -0.500000 0.000000 -0.866025
vn -0.258819 0.000000 -0.965926
vn -0.000000 0.000000 -1.000000
vn -0.258819 0.000000 -0.965926
vn -0.500000 0.000000 -0.866025
vn -0.707107 0.000000 -0.707107
vn -0.866025 0.000000 -0.500000
vn -0.965926 0.000000 -0.258819
vn -0.965926 0.000000 -0.258819
vn -0.965926 0.000000 -0.258819
vn -0.866025 0.000000 -0.500000
vn -0.866025 0.000000 -0.500000
vn -0.707107 0.000000 -0.707107
vn -0.707107 0.000000 -0.707107
vn -0.500000 0.000000 -0.866025
vn -0.500000 0.000000 -0.866025
vn -0.258819 0.000000 -0.965926
vn -0.258819 0.000000 -0.965926
vn -0.000000 0.000000 -1.000000
vn -0.258819 0.000000 -0.965926
vn -0.965926 0.000000 -0.258819
vn -0.866025 0.000000 -0.500000
vn -0.707107 0.000000 -0.707107
vn -0.500000 0.000000 -0.866025
vn -0.000000 -0.000000 -1.000000
vn -0.000000 0.258819 -0.965926
vn -0.000000 0.500000 -0.866025
vn -0.000000 0.707107 -0.707107
vn -0.000000 0.866025 -0.500000
vn -0.000000 0.965926 -0.258819
vn -0.000000 0.965926 -0.258819
vn -0.000000 0.866025 -0.500000
vn -0.000000 0.707107 -0.707107
vn -0.000000 0.500000 -0.866025
vn -0.000000 0.258819 -0.965926
vn -0.000000 0.258819 -0.965926
vn -0.000000 0.258819 -0.965926
vn -0.000000 0.500000 -0.866025
vn -0.000000 0.500000 -0.866025
vn -0.000000 0.707107 -0.707107
vn -0.000000 0.707107 -0.707107
vn -0.000000 0.866025 -0.500000
vn -0.000000 0.866025 -0.500000
vn -0.000000 0.965926 -0.258819
vn -0.000000 0.965926 -0.258819
vn -0.000000 0.965926 -0.258819
vn -0.000000 0.258819 -0.965926
vn -0.000000 -0.000000 -1.000000
vn -0.000000 0.500000 -0.866025
vn -0.000000 0.707107 -0.707107
vn -0.000000 0.866025 -0.500000
vn -0.195090 -0.980785 0.000000
vn -0.258819 -0.965926 0.000000
vn -0.382683 -0.923880 0.000000
vn -0.500000 -0.866025 0.000000
vn -0.555570 -0.831470 0.000000
vn -0.707107 -0.707107 0.000000
vn -0.707107 -0.707107 0.000000
vn -0.831470 -0.555570 0.000000
vn -0.866025 -0.500000 0.000000
vn -0.923880 -0.382683 0.000000
vn -0.965926 -0.258819 0.000000
vn -0.980785 -0.195090 0.000000
vn -0.995185 -0.098017 0.000000
vn -0.248108 -0.962374 -0.110813
vn -0.110813 -0.962374 -0.248108
vn 0.000000 -0.965926 -0.258819
vn 0.000000 -0.866025 -0.500000
vn -0.268280 -0.861830 -0.430436
vn -0.078131 -0.828668 -0.554261
vn -0.407464 -0.702554 -0.583430
vn -0.201121 -0.666568 -0.717801
vn -0.518881 -0.495400 -0.696665
vn -0.310406 -0.459042 -0.832423
vn -0.594936 -0.254486 -0.762422
vn -0.398536 -0.220233 -0.890318
vn -0.430436 -0.861830 -0.268280
vn -0.554261 -0.828668 -0.078131
vn -0.717801 -0.666568 -0.201121
vn -0.832423 -0.459042 -0.310406
vn -0.917502 -0.388644 -0.084530
vn -0.970469 -0.153913 -0.185744
vn -0.890318 -0.220233 -0.398536
vn -0.696665 -0.495400 -0.518881
vn -0.583430 -0.702554 -0.407464
vn -0.762422 -0.254486 -0.594936
vn -0.185744 -0.153913 -0.970469
vn 0.000000 -0.258819 -0.965926
vn -0.084530 -0.388644 -0.917502
vn 0.000000 -0.500000 -0.866025
vn 0.000000 -0.707107 -0.707107
vn 0.195090 0.980785 0.000000
vn 0.258819 0.965926 0.000000
vn 0.382683 0.923880 0.000000
vn 0.500000 0.866025 0.000000
vn 0.555570 0.831470 0.000000
vn 0.707107 0.707107 0.000000
vn 0.707107 0.707107 0.000000
vn 0.831470 0.555570 0.000000
vn 0.866025 0.500000 0.000000
vn 0.923880 0.382683 0.000000
vn 0.965926 0.258819 0.000000
vn 0.980785 0.195090 0.000000
vn 0.995185 0.098017 0.000000
vn 1.000000 0.000000 0.000000
vn 1.000000 0.000000 0.000000
vn 0.248108 0.962374 -0.110813
vn 0.110813 0.962374 -0.248108
vn 0.268280 0.861830 -0.430436
vn 0.078131 0.828668 -0.554261
vn 0.407464 0.702554 -0.583430
vn 0.201121 0.666568 -0.717801
vn 0.518881 0.495400 -0.696665
vn 0.310406 0.459042 -0.832423
vn 0.594936 0.254486 -0.762422
vn 0.398536 0.220233 -0.890318
vn 0.500000 0.000000 -0.866025
vn 0.258819 0.000000 -0.965926
vn 0.430436 0.861830 -0.268280
vn 0.554261 0.828668 -0.078131
vn 0.717801 0.666568 -0.201121
vn 0.832423 0.459042 -0.310406
vn 0.917502 0.388644 -0.084530
vn 0.970469 0.153913 -0.185744
vn 0.965926 0.000000 -0.258819
vn 0.890318 0.220233 -0.398536
vn 0.696665 0.495400 -0.518881
vn 0.583430 0.702554 -0.407464
vn 0.866025 0.000000 -0.500000
vn 0.762422 0.254486 -0.594936
vn 0.707107 0.000000 -0.707107
vn 0.185744 0.153913 -0.970469
vn 0.084530 0.388644 -0.917502
vn 1.000000 0.000000 0.000000
vn 1.000000 0.000000 0.000000
vn 1.000000 0.000000 0.000000
vn 1.000000 0.000000 0.000000
vn 0.995185 -0.098017 -0.000000
vn 0.965926 -0.258819 -0.000000
vn 0.980785 -0.195090 -0.000000
vn 0.923880 -0.382683 -0.000000
vn 0.866025 -0.500000 -0.000000
vn 0.831470 -0.555570 -0.000000
vn 0.707107 -0.707107 -0.000000
vn 0.707107 -0.707107 -0.000000
vn 0.555570 -0.831470 -0.000000
vn 0.500000 -0.866025 -0.000000
vn 0.382683 -0.923880 -0.000000
vn 0.258819 -0.965926 -0.000000
vn 0.195090 -0.980785 -0.000000
vn 0.965926 0.000000 -0.258819
vn 0.970469 -0.153913 -0.185744
vn 0.917502 -0.388644 -0.084530
vn 0.832423 -0.459042 -0.310406
vn 0.717801 -0.666568 -0.201121
vn 0.696665 -0.495400 -0.518881
vn 0.583430 -0.702554 -0.407464
vn 0.518881 -0.495400 -0.696665
vn 0.407464 -0.702554 -0.583430
vn 0.310406 -0.459042 -0.832423
vn 0.201121 -0.666568 -0.717801
vn 0.000000 -0.500000 -0.866025
vn 0.000000 -0.707107 -0.707107
vn 0.078131 -0.828668 -0.554261
vn 0.000000 -0.866025 -0.500000
vn 0.268280 -0.861830 -0.430436
vn 0.110813 -0.962374 -0.248108
vn 0.248108 -0.962374 -0.110813
vn 0.430436 -0.861830 -0.268280
vn 0.554261 -0.828668 -0.078131
vn 0.000000 -0.965926 -0.258819
vn 0.084530 -0.388644 -0.917502
vn 0.000000 -0.258819 -0.965926
vn 0.185744 -0.153913 -0.970469
vn 0.000000 0.000000 -1.000000
vn 0.258819 0.000000 -0.965926
vn 0.398536 -0.220233 -0.890318
vn 0.500000 0.000000 -0.866025
vn 0.594936 -0.254486 -0.762422
vn 0.707107 0.000000 -0.707107
vn 0.762422 -0.254486 -0.594936
vn 0.866025 0.000000 -0.500000
vn 0.890318 -0.220233 -0.398536
vn 0.000000 -0.965926 -0.258819
vn 0.000000 -0.866025 -0.500000
vn 0.000000 -0.707107 -0.707107
vn 0.000000 -0.500000 -0.866025
vn 0.000000 -0.258819 -0.965926
vn -0.000000 -0.000000 -1.000000
vn 0.000000 -0.258819 -0.965926
vn 0.000000 -0.500000 -0.866025
vn 0.000000 -0.707107 -0.707107
vn 0.000000 -0.866025 -0.500000
vn 0.000000 -0.965926 -0.258819
vn 0.000000 -0.965926 -0.258819
vn 0.000000 -0.965926 -0.258819
vn 0.000000 -0.866025 -0.500000
vn 0.000000 -0.707107 -0.707107
vn 0.000000 -0.500000 -0.866025
vn 0.000000 -0.258819 -0.965926
vn 0.000000 -0.258819 -0.965926
vn 0.000000 -0.866025 -0.500000
vn 0.000000 -0.707107 -0.707107
vn 0.000000 -0.500000 -0.866025
vn 1.000000 -0.000000 -0.000000
vn 1.000000 -0.000000 -0.000000
vn 1.000000 -0.000000 -0.000000
vn 1.000000 -0.000000 -0.000000
vn 1.000000 -0.000000 -0.000000
vn 1.000000 -0.000000 -0.000000
vn 1.000000 -0.000000 -0.000000
vn -1.000000 -0.000000 -0.000000
vn -1.000000 -0.000000 -0.000000
vn -1.000000 -0.000000 -0.000000
vn -1.000000 -0.000000 -0.000000
vn -1.000000 -0.000000 -0.000000
vn -1.000000 -0.000000 -0.000000
vn -1.000000 -0.000000 -0.000000
vn -0.000000 -0.000000 1.000000
vn -0.000000 -0.000000 1.000000
vn -0.000000 -0.000000 1.000000
vn -0.000000 -0.000000 1.000000
vn -0.000000 -0.000000 1.000000
vn -0.000000 -0.000000 1.000000
vn 1.000000 -0.000000 -0.000000
vn 1.000000 -0.000000 -0.000000
vn 1.000000 -0.000000 -0.000000
vn 1.000000 -0.000000 -0.000000
vn 1.000000 -0.000000 -0.000000
vn 1.000000 -0.000000 -0.000000
vn 1.000000 -0.000000 -0.000000
vn 0.000000 1.000000 0.000000
vn 0.000000 1.000000 0.000000
vn 0.000000 -0.000000 -1.000000
vn 0.258819 -0.000000 -0.965926
vn 0.500000 -0.000000 -0.866025
vn 0.707107 -0.000000 -0.707107
vn 0.866025 -0.000000 -0.500000
vn 0.965926 -0.000000 -0.258819
vn 0.965926 -0.000000 -0.258819
vn 0.866025 -0.000000 -0.500000
vn 0.707107 -0.000000 -0.707107
vn 0.500000 -0.000000 -0.866025
vn 0.258819 -0.000000 -0.965926
vn 0.258819 -0.000000 -0.965926
vn 0.258819 -0.000000 -0.965926
vn 0.500000 -0.000000 -0.866025
vn 0.707107 -0.000000 -0.707107
vn 0.866025 -0.000000 -0.500000
vn 0.965926 -0.000000 -0.258819
vn 0.965926 -0.000000 -0.258819
vn 0.500000 -0.000000 -0.866025
vn 0.707107 -0.000000 -0.707107
vn 0.866025 -0.000000 -0.500000
vn 0.000000 0.000000 -1.000000
vn 0.000000 0.000000 -1.000000
vn 0.000000 0.000000 -1.000000
vn 0.000000 0.000000 -1.000000
vn 0.000000 0.000000 -1.000000
vn 0.000000 0.000000 -1.000000
vn 0.000000 0.000000 -1.000000
vn 0.000000 0.000000 -1.000000
vn 0.000000 0.000000 -1.000000
vn 0.000000 0.000000 -1.000000
vn 0.000000 0.000000 -1.000000
vn 0.000000 0.000000 -1.000000
vn 0.000000 0.000000 -1.000000
vn 0.000000 0.000000 -1.000000
vn 0.000000 0.000000 -1.000000
vn 0.000000 0.000000 -1.000000
vn 0.000000 0.000000 -1.000000
vn 0.000000 0.000000 -1.000000
vn 0.000000 0.000000 -1.000000
vn 0.000000 0.000000 -1.000000
vn 0.000000 0.000000 -1.000000
vn 0.000000 0.000000 -1.000000
vn 0.000000 0.000000 -1.000000
vn 0.000000 0.000000 -1.000000
vn 0.000000 0.000000 -1.000000
vn 0.000000 0.000000 -1.000000
vn 0.000000 0.000000 -1.000000
vn 0.000000 0.000000 -1.000000
vn 0.000000 0.000000 -1.000000
vn 0.000000 0.000000 -1.000000
vn 0.000000 0.000000 -1.000000
vn 0.000000 0.000000 -1.000000
vn 0.000000 0.000000 -1.000000
vn 0.000000 0.000000 -1.000000
vn 0.000000 0.000000 -1.000000
vn 0.000000 0.000000 -1.000000
vn 0.000000 0.000000 -1.000000
vn 0.000000 0.000000 -1.000000
vn 0.000000 0.000000 -1.000000
vn 0.000000 0.000000 -1.000000
vn 0.000000 0.000000 -1.000000
vn 0.000000 0.000000 -1.000000
vn -0.000000 1.000000 -0.000000
vn -0.000000 1.000000 -0.000000
vn -0.000000 1.000000 -0.000000
vn -0.000000 1.000000 -0.000000
vn 0.866025 0.500000 -0.000000
vn 0.866025 0.500000 -0.000000
vn 0.866025 0.500000 -0.000000
vn 0.866025 0.500000 -0.000000
vn 0.866025 -0.500000 -0.000000
vn 0.866025 -0.500000 -0.000000
vn 0.866025 -0.500000 -0.000000
vn 0.866025 -0.500000 -0.000000
vn -0.000000 -1.000000 -0.000000
vn -0.000000 -1.000000 -0.000000
vn -0.000000 -1.000000 -0.000000
vn -0.000000 -1.000000 -0.000000
vn -0.866025 -0.500000 0.000000
vn -0.866025 -0.500000 0.000000
vn -0.866025 -0.500000 0.000000
vn -0.866025 -0.500000 0.000000
vn -0.866025 0.500000 -0.000000
vn -0.866025 0.500000 -0.000000
vn -0.866025 0.500000 -0.000000
vn -0.866025 0.500000 -0.000000
vn -0.000000 -1.000000 -0.000000
vn -0.000000 -1.000000 -0.000000
vn -0.000000 -1.000000 -0.000000
vn -0.000000 -1.000000 -0.000000
vn -0.866025 -0.500000 0.000000
vn -0.866025 -0.500000 0.000000
vn -0.866025 -0.500000 0.000000
vn -0.866025 -0.500000 0.000000
vn -0.866025 0.500000 -0.000000
vn -0.866025 0.500000 -0.000000
vn -0.866025 0.500000 -0.000000
vn -0.866025 0.500000 -0.000000
vn -0.000000 1.000000 -0.000000
vn -0.000000 1.000000 -0.000000
vn -0.000000 1.000000 -0.000000
vn -0.000000 1.000000 -0.000000
vn 0.866025 0.500000 -0.000000
vn 0.866025 0.500000 -0.000000
vn 0.866025 0.500000 -0.000000
vn 0.866025 0.500000 -0.000000
vn 0.866025 -0.500000 -0.000000
vn 0.866025 -0.500000 -0.000000
vn 0.866025 -0.500000 -0.000000
vn 0.866025 -0.500000 -0.000000
vn -0.866025 -0.500000 0.000000
vn -0.866025 -0.500000 0.000000
vn -0.866025 -0.500000 0.000000
vn -0.866025 -0.500000 0.000000
vn -0.866025 0.500000 -0.000000
vn -0.866025 0.500000 -0.000000
vn -0.866025 0.500000 -0.000000
vn -0.866025 0.500000 -0.000000
vn -0.000000 1.000000 -0.000000
vn -0.000000 1.000000 -0.000000
vn -0.000000 1.000000 -0.000000
vn -0.000000 1.000000 -0.000000
vn 0.866025 0.500000 -0.000000
vn 0.866025 0.500000 -0.000000
vn 0.866025 0.500000 -0.000000
vn 0.866025 0.500000 -0.000000
vn 0.866025 -0.500000 -0.000000
vn 0.866025 -0.500000 -0.000000
vn 0.866025 -0.500000 -0.000000
vn 0.866025 -0.500000 -0.000000
vn 0.000000 -1.000000 -0.000000
vn 0.000000 -1.000000 -0.000000
vn 0.000000 -1.000000 -0.000000
vn 0.000000 -1.000000 -0.000000
vn 0.866025 -0.500000 -0.000000
vn 0.866025 -0.500000 -0.000000
vn 0.866025 -0.500000 -0.000000
vn 0.866025 -0.500000 -0.000000
vn -0.000000 -1.000000 -0.000000
vn -0.000000 -1.000000 -0.000000
vn -0.000000 -1.000000 -0.000000
vn -0.000000 -1.000000 -0.000000
vn -0.866025 -0.500000 0.000000
vn -0.866025 -0.500000 0.000000
vn -0.866025 -0.500000 0.000000
vn -0.866025 -0.500000 0.000000
vn -0.866025 0.500000 -0.000000
vn -0.866025 0.500000 -0.000000
vn -0.866025 0.500000 -0.000000
vn -0.866025 0.500000 -0.000000
vn -0.000000 1.000000 -0.000000
vn -0.000000 1.000000 -0.000000
vn -0.000000 1.000000 -0.000000
vn -0.000000 1.000000 -0.000000
vn 0.866025 0.500000 -0.000000
vn 0.866025 0.500000 -0.000000
vn 0.866025 0.500000 -0.000000
vn 0.866025 0.500000 -0.000000
vn -0.000000 -1.000000 -0.000000
vn -0.000000 -1.000000 -0.000000
vn -0.000000 -1.000000 -0.000000
vn -0.000000 -1.000000 -0.000000
vn -0.866025 -0.500000 0.000000
vn -0.866025 -0.500000 0.000000
vn -0.866025 -0.500000 0.000000
vn -0.866025 -0.500000 0.000000
vn -0.866025 0.500000 -0.000000
vn -0.866025 0.500000 -0.000000
vn -0.866025 0.500000 -0.000000
vn -0.866025 0.500000 -0.000000
vn -0.000000 1.000000 -0.000000
vn -0.000000 1.000000 -0.000000
vn -0.000000 1.000000 -0.000000
vn -0.000000 1.000000 -0.000000
vn 0.866025 0.500000 -0.000000
vn 0.866025 0.500000 -0.000000
vn 0.866025 0.500000 -0.000000
vn 0.866025 0.500000 -0.000000
vn 0.866025 -0.500000 -0.000000
vn 0.866025 -0.500000 -0.000000
vn 0.866025 -0.500000 -0.000000
vn 0.866025 -0.500000 -0.000000
vn -0.866025 0.500000 -0.000000
vn -0.866025 0.500000 -0.000000
vn -0.866025 0.500000 -0.000000
vn -0.866025 0.500000 -0.000000
vn -0.000000 1.000000 -0.000000
vn -0.000000 1.000000 -0.000000
vn -0.000000 1.000000 -0.000000
vn -0.000000 1.000000 -0.000000
vn 0.866025 0.500000 -0.000000
vn 0.866025 0.500000 -0.000000
vn 0.866025 0.500000 -0.000000
vn 0.866025 0.500000 -0.000000
vn 0.866025 -0.500000 -0.000000
vn 0.866025 -0.500000 -0.000000
vn 0.866025 -0.500000 -0.000000
vn 0.866025 -0.500000 -0.000000
vn -0.000000 -1.000000 -0.000000
vn -0.000000 -1.000000 -0.000000
vn -0.000000 -1.000000 -0.000000
vn -0.000000 -1.000000 -0.000000
vn -0.866025 -0.500000 0.000000
vn -0.866025 -0.500000 0.000000
vn -0.866025 -0.500000 0.000000
vn -0.866025 -0.500000 0.000000
vn -0.866025 0.500000 -0.000000
vn -0.866025 0.500000 -0.000000
vn -0.866025 0.500000 -0.000000
vn -0.866025 0.500000 -0.000000
vn -0.000000 1.000000 -0.000000
vn -0.000000 1.000000 -0.000000
vn -0.000000 1.000000 -0.000000
vn -0.000000 1.000000 -0.000000
vn 0.866025 0.500000 -0.000000
vn 0.866025 0.500000 -0.000000
vn 0.866025 0.500000 -0.000000
vn 0.866025 0.500000 -0.000000
vn 0.866025 -0.500000 -0.000000
vn 0.866025 -0.500000 -0.000000
vn 0.866025 -0.500000 -0.000000
vn 0.866025 -0.500000 -0.000000
vn -0.000000 -1.000000 -0.000000
vn -0.000000 -1.000000 -0.000000
vn -0.000000 -1.000000 -0.000000
vn -0.000000 -1.000000 -0.000000
vn -0.866025 -0.500000 0.000000
vn -0.866025 -0.500000 0.000000
vn -0.866025 -0.500000 0.000000
vn -0.866025 -0.500000 0.000000
vn 0.000000 0.000000 1.000000
vn 0.000000 0.000000 1.000000
vn 0.000000 0.000000 1.000000
vn 0.000000 0.000000 1.000000
vn 0.000000 0.000000 1.000000
vn 0.000000 0.000000 1.000000
vn 0.000000 0.000000 1.000000
vn 0.000000 0.000000 1.000000
vn 0.000000 0.000000 1.000000
vn 0.000000 0.000000 1.000000
vn 0.000000 0.000000 1.000000
vn 0.000000 0.000000 1.000000
vn 0.000000 0.000000 1.000000
vn 0.000000 0.000000 1.000000
vn 0.000000 0.000000 1.000000
vn 0.000000 0.000000 1.000000
vn 0.000000 0.000000 1.000000
vn 0.000000 0.000000 1.000000
vn 0.000000 0.000000 1.000000
vn 0.000000 0.000000 1.000000
vn 0.000000 0.000000 1.000000
vn 0.000000 0.000000 1.000000
vn 0.000000 0.000000 1.000000
vn 0.000000 0.000000 1.000000
vn 0.000000 0.000000 1.000000
vn 0.000000 0.000000 1.000000
vn 0.000000 0.000000 1.000000
vn 0.000000 0.000000 1.000000
vn 0.000000 0.000000 1.000000
vn 0.000000 0.000000 1.000000
vn 0.000000 0.000000 1.000000
vn 0.000000 0.000000 1.000000
vn 0.000000 0.000000 1.000000
vn 0.000000 0.000000 1.000000
vn 0.000000 0.000000 1.000000
vn 0.000000 0.000000 1.000000
vn 0.000000 0.000000 1.000000
vn 0.000000 0.000000 1.000000
vn 0.000000 0.000000 1.000000
vn 0.000000 0.000000 1.000000
vn 0.000000 0.000000 1.000000
vn 0.000000 0.000000 1.000000
vn 0.000000 0.000000 1.000000
vn 0.000000 0.000000 1.000000
vn 0.000000 0.000000 1.000000
vn 0.000000 0.000000 1.000000
vn 0.000000 0.000000 1.000000
vn 0.000000 0.000000 1.000000
vn 0.000000 0.000000 1.000000
vn 0.000000 0.000000 1.000000
vn -1.000000 0.000000 0.000000
vn -1.000000 0.000000 0.000000
vn -1.000000 0.000000 0.000000
vn -1.000000 0.000000 0.000000
vn -1.000000 0.000000 0.000000
vn -1.000000 0.000000 0.000000
vn 0.000000 1.000000 -0.000000
vn 0.000000 1.000000 -0.000000
vn 0.000000 1.000000 -0.000000
vn 0.000000 1.000000 -0.000000
vn 0.000000 1.000000 -0.000000
vn 0.000000 1.000000 -0.000000
vn 0.000000 1.000000 -0.000000
vn 0.000000 1.000000 -0.000000
vn 0.000000 1.000000 -0.000000
vn 0.000000 1.000000 -0.000000
vn 0.000000 1.000000 -0.000000
vn -0.000000 0.000000 -1.000000
vn -0.000000 0.000000 -1.000000
vn -0.000000 -0.000000 1.000000
vn -0.000000 -0.000000 1.000000
vn -0.000000 -0.000000 1.000000
vn -0.000000 -0.000000 1.000000
vn -0.000000 1.000000 -0.000000
vn -0.000000 1.000000 -0.000000
vn -0.000000 1.000000 -0.000000
vn -0.000000 1.000000 -0.000000
vn -0.000000 -1.000000 -0.000000
vn -0.000000 -1.000000 -0.000000
vn -0.000000 -1.000000 -0.000000
vn -0.000000 -1.000000 -0.000000
vn 1.000000 0.000000 0.000000
vn 1.000000 0.000000 0.000000
vn 1.000000 0.000000 0.000000
vn 1.000000 0.000000 0.000000
vn 1.000000 0.000000 0.000000
vn 1.000000 0.000000 0.000000
vn 1.000000 0.000000 0.000000
vn 1.000000 0.000000 0.000000
vn 1.000000 0.000000 0.000000
vn 0.000000 0.000000 1.000000
vn 0.000000 0.000000 1.000000
vn 0.000000 0.000000 1.000000
vn 0.000000 0.000000 1.000000
vn 0.000000 0.000000 1.000000
vn 0.000000 0.000000 1.000000
vn 0.000000 0.000000 1.000000
vn 0.000000 0.000000 1.000000
vn 0.000000 0.000000 1.000000
vn 0.000000 0.000000 1.000000
vn 0.000000 0.000000 1.000000
vn 0.000000 0.000000 1.000000
vn 0.000000 0.000000 1.000000
vn 0.000000 0.000000 1.000000
vn 0.000000 0.000000 1.000000
vn 0.000000 0.000000 1.000000
vn 0.000000 0.000000 1.000000
vn 0.000000 0.000000 1.000000
vn 0.000000 0.000000 1.000000
vn 0.000000 0.000000 1.000000
vn 0.000000 0.000000 1.000000
vn 0.000000 0.000000 1.000000
vn 0.000000 0.000000 1.000000
vn 0.000000 0.000000 1.000000
vn 0.000000 0.000000 1.000000
vn 0.000000 0.000000 1.000000
vn 0.000000 0.000000 1.000000
vn 0.000000 0.000000 1.000000
vn 0.000000 0.000000 1.000000
vn 0.000000 0.000000 1.000000
vn 0.000000 0.000000 1.000000
vn 0.000000 0.000000 1.000000
vn 0.000000 0.000000 1.000000
vn 0.000000 0.000000 1.000000
vn 0.000000 0.000000 1.000000
vn 0.000000 0.000000 1.000000
vn -1.000000 -0.000000 -0.000000
vn -1.000000 -0.000000 -0.000000
vn -1.000000 -0.000000 -0.000000
vn -1.000000 -0.000000 -0.000000
vn -1.000000 -0.000000 -0.000000
vn -1.000000 -0.000000 -0.000000
vn -1.000000 -0.000000 -0.000000
vn -1.000000 -0.000000 -0.000000
vn 0.000000 -1.000000 0.000000
vn 0.000000 -1.000000 0.000000
vn 0.000000 -1.000000 0.000000
vn 0.000000 -1.000000 0.000000
vn 0.000000 -1.000000 0.000000
vn 0.000000 -1.000000 0.000000
vn 0.000000 -1.000000 0.000000
vn 0.000000 -1.000000 0.000000
vn 0.000000 -1.000000 0.000000
vn 0.000000 -1.000000 0.000000
vn 0.000000 -1.000000 0.000000
vn 0.000000 -1.000000 0.000000
vn 0.000000 -1.000000 0.000000
vn 0.000000 -1.000000 0.000000
vn 0.000000 -1.000000 0.000000
vn 0.000000 -1.000000 0.000000
vn 0.000000 -1.000000 0.000000
vn 0.000000 -1.000000 0.000000
vn 0.000000 0.000000 1.000000
vn 0.000000 0.000000 1.000000
vn 0.000000 0.000000 1.000000
vn 0.000000 0.000000 1.000000
vn 0.000000 0.000000 1.000000
vn 0.000000 0.000000 1.000000
vn 0.000000 0.000000 1.000000
vn 0.000000 0.000000 1.000000
vn 0.000000 0.000000 1.000000
vn 0.000000 0.000000 1.000000
vn 0.000000 0.000000 1.000000
vn 0.000000 0.000000 1.000000
vn 0.000000 0.000000 1.000000
vn 0.000000 1.000000 0.000000
vn 0.000000 1.000000 0.000000
vn 0.000000 1.000000 0.000000
vn 0.000000 1.000000 0.000000
vn 1.000000 -0.000000 -0.000000
vn 1.000000 -0.000000 -0.000000
vn 1.000000 -0.000000 -0.000000
vn 1.000000 -0.000000 -0.000000
vn 0.000000 0.000000 1.000000
vn 0.000000 0.000000 1.000000
vn 0.000000 0.000000 1.000000
vn 0.000000 0.000000 1.000000
vn 1.000000 0.000000 -0.000000
vn 1.000000 0.000000 -0.000000
vn 1.000000 0.000000 -0.000000
vn 1.000000 0.000000 -0.000000
vn 1.000000 0.000000 -0.000000
vn 1.000000 0.000000 -0.000000
vn -1.000000 0.000000 0.000000
vn -1.000000 0.000000 0.000000
vn -1.000000 0.000000 0.000000
vn -1.000000 0.000000 0.000000
vn -1.000000 0.000000 0.000000
vn -1.000000 0.000000 0.000000
vn 0.000000 0.000000 1.000000
vn 0.000000 0.000000 1.000000
vn 0.000000 0.000000 1.000000
vn 0.000000 0.000000 1.000000
vn 0.000000 0.000000 1.000000
vn 0.000000 0.000000 1.000000
f 1389/2691/2537 1411/2692/2538 1388/2693/2539
f 1388/2693/2539 1411/2692/2538 1410/2694/2540
f 1388/2693/2539 1410/2694/2540 1405/2695/2541
f 1405/2695/2541 1410/2694/2540 1404/2696/2542
f 1404/2696/2542 1410/2694/2540 1409/2697/2543
f 1404/2696/2542 1409/2697/2543 1425/2698/2544
f 1425/2698/2544 1409/2697/2543 1408/2699/2545
f 1425/2698/2544 1408/2699/2545 1424/2700/2546
f 1424/2700/2546 1408/2699/2545 1407/2701/2547
f 1424/2700/2546 1407/2701/2547 1423/2702/2548
f 1423/2702/2548 1407/2701/2547 1406/2703/2549
f 1423/2702/2548 1406/2703/2549 1422/2704/2550
f 1422/2704/2550 1406/2703/2549 1398/2705/2551
f 1422/2704/2550 1398/2705/2551 1399/2706/2552
f 1389/2691/2537 1390/2707/2553 1411/2692/2538
f 1411/2692/2538 1390/2707/2553 1412/2708/2554
f 1411/2692/2538 1412/2708/2554 1410/2694/2540
f 1410/2694/2540 1412/2708/2554 1409/2697/2543
f 1412/2708/2554 1390/2707/2553 1416/2709/2555
f 1416/2709/2555 1390/2707/2553 1391/2710/2556
f 1416/2709/2555 1391/2710/2556 1417/2711/2557
f 1417/2711/2557 1391/2710/2556 1392/2712/2558
f 1417/2711/2557 1392/2712/2558 1418/2713/2559
f 1418/2713/2559 1392/2712/2558 1420/2714/2560
f 1418/2713/2559 1420/2714/2560 1421/2715/2561
f 1421/2715/2561 1420/2714/2560 1393/2716/2562
f 1421/2715/2561 1393/2716/2562 1394/2717/2563
f 1392/2712/2558 1393/2716/2562 1420/2714/2560
f 1394/2717/2563 1395/2718/2564 1421/2715/2561
f 1421/2715/2561 1395/2718/2564 1419/2719/2565
f 1421/2715/2561 1419/2719/2565 1418/2713/2559
f 1418/2713/2559 1419/2719/2565 1414/2720/2566
f 1418/2713/2559 1414/2720/2566 1413/2721/2567
f 1413/2721/2567 1414/2720/2566 1408/2699/2545
f 1413/2721/2567 1408/2699/2545 1409/2697/2543
f 1395/2718/2564 1396/2722/2568 1419/2719/2565
f 1419/2719/2565 1396/2722/2568 1415/2723/2569
f 1419/2719/2565 1415/2723/2569 1414/2720/2566
f 1414/2720/2566 1415/2723/2569 1407/2701/2547
f 1414/2720/2566 1407/2701/2547 1408/2699/2545
f 1396/2722/2568 1397/2724/2570 1415/2723/2569
f 1415/2723/2569 1397/2724/2570 1406/2703/2549
f 1415/2723/2569 1406/2703/2549 1407/2701/2547
f 1397/2724/2570 1398/2705/2551 1406/2703/2549
f 1422/2704/2550 1399/2706/2552 1426/2725/2571
f 1426/2725/2571 1399/2706/2552 1400/2726/2572
f 1426/2725/2571 1400/2726/2572 1401/2727/2573
f 1426/2725/2571 1401/2727/2573 1427/2728/2574
f 1427/2728/2574 1401/2727/2573 1402/2729/2575
f 1427/2728/2574 1402/2729/2575 1423/2702/2548
f 1423/2702/2548 1402/2729/2575 1424/2700/2546
f 1402/2729/2575 1403/2730/2576 1424/2700/2546
f 1424/2700/2546 1403/2730/2576 1425/2698/2544
f 1403/2730/2576 1404/2696/2542 1425/2698/2544
f 1413/2721/2567 1409/2697/2543 1412/2708/2554
f 1416/2709/2555 1417/2711/2557 1412/2708/2554
f 1412/2708/2554 1417/2711/2557 1413/2721/2567
f 1417/2711/2557 1418/2713/2559 1413/2721/2567
f 1427/2728/2574 1423/2702/2548 1422/2704/2550
f 1426/2725/2571 1427/2728/2574 1422/2704/2550
f 1388/2731/2539 1428/2732/2577 1389/2733/2537
f 1389/2733/2537 1428/2732/2577 1429/2734/2578
f 1389/2733/2537 1429/2734/2578 1390/2735/2553
f 1390/2735/2553 1429/2734/2578 1430/2736/2579
f 1390/2735/2553 1430/2736/2579 1391/2737/2556
f 1391/2737/2556 1430/2736/2579 1431/2738/2580
f 1391/2737/2556 1431/2738/2580 1392/2739/2558
f 1392/2739/2558 1431/2738/2580 1432/2740/2581
f 1392/2739/2558 1432/2740/2581 1393/2741/2562
f 1393/2741/2562 1432/2740/2581 1433/2742/2582
f 1393/2741/2562 1433/2742/2582 1394/2743/2563
f 1394/2743/2563 1433/2742/2582 1434/2744/2583
f 1388/2745/2539 1435/2746/2584 1428/2747/2577
f 1428/2747/2577 1435/2746/2584 1443/2748/2585
f 1443/2748/2585 1435/2746/2584 1437/2749/2586
f 1443/2748/2585 1437/2749/2586 1442/2750/2587
f 1442/2750/2587 1437/2749/2586 1439/2751/2588
f 1442/2750/2587 1439/2751/2588 1441/2752/2589
f 1441/2752/2589 1439/2751/2588 1440/2753/2590
f 1435/2746/2584 1436/2754/2591 1437/2749/2586
f 1437/2749/2586 1438/2755/2592 1439/2751/2588
f 1405/2756/2541 1453/2757/2593 1388/2758/2539
f 1388/2758/2539 1453/2757/2593 1454/2759/2594
f 1388/2758/2539 1454/2759/2594 1452/2760/2595
f 1452/2760/2595 1454/2759/2594 1451/2761/2596
f 1451/2761/2596 1454/2759/2594 1456/2762/2597
f 1451/2761/2596 1456/2762/2597 1450/2763/2598
f 1450/2763/2598 1456/2762/2597 1458/2764/2599
f 1450/2763/2598 1458/2764/2599 1449/2765/2600
f 1449/2765/2600 1458/2764/2599 1448/2766/2601
f 1448/2766/2601 1458/2764/2599 1460/2767/2602
f 1448/2766/2601 1460/2767/2602 1447/2768/2603
f 1447/2768/2603 1460/2767/2602 1462/2769/2604
f 1447/2768/2603 1462/2769/2604 1446/2770/2605
f 1446/2770/2605 1462/2769/2604 1445/2771/2606
f 1445/2771/2606 1462/2769/2604 1461/2772/2607
f 1445/2771/2606 1461/2772/2607 1401/2773/2573
f 1401/2773/2573 1461/2772/2607 1402/2774/2575
f 1402/2774/2575 1461/2772/2607 1459/2775/2608
f 1402/2774/2575 1459/2775/2608 1403/2776/2576
f 1403/2776/2576 1459/2775/2608 1457/2777/2609
f 1403/2776/2576 1457/2777/2609 1404/2778/2542
f 1404/2778/2542 1457/2777/2609 1455/2779/2610
f 1404/2778/2542 1455/2779/2610 1405/2756/2541
f 1405/2756/2541 1455/2779/2610 1453/2757/2593
f 1401/2773/2573 1400/2780/2572 1445/2771/2606
f 1445/2771/2606 1400/2780/2572 1444/2781/2611
f 1452/2760/2595 1435/2782/2584 1388/2758/2539
f 1456/2762/2597 1454/2759/2594 1453/2757/2593
f 1456/2762/2597 1453/2757/2593 1455/2779/2610
f 1458/2764/2599 1456/2762/2597 1455/2779/2610
f 1458/2764/2599 1455/2779/2610 1457/2777/2609
f 1460/2767/2602 1458/2764/2599 1457/2777/2609
f 1460/2767/2602 1457/2777/2609 1459/2775/2608
f 1462/2769/2604 1460/2767/2602 1459/2775/2608
f 1462/2769/2604 1459/2775/2608 1461/2772/2607
f 1471/2783/2612 1400/2784/2572 1472/2785/2613
f 1472/2785/2613 1400/2784/2572 1399/2786/2552
f 1472/2785/2613 1399/2786/2552 1476/2787/2614
f 1476/2787/2614 1399/2786/2552 1398/2788/2551
f 1476/2787/2614 1398/2788/2551 1480/2789/2615
f 1480/2789/2615 1398/2788/2551 1397/2790/2570
f 1480/2789/2615 1397/2790/2570 1484/2791/2616
f 1484/2791/2616 1397/2790/2570 1396/2792/2568
f 1484/2791/2616 1396/2792/2568 1488/2793/2617
f 1488/2793/2617 1396/2792/2568 1395/2794/2564
f 1488/2793/2617 1395/2794/2564 1394/2795/2563
f 1394/2795/2563 1463/2796/2618 1488/2793/2617
f 1488/2793/2617 1463/2796/2618 1489/2797/2619
f 1488/2793/2617 1489/2797/2619 1484/2791/2616
f 1484/2791/2616 1489/2797/2619 1485/2798/2620
f 1484/2791/2616 1485/2798/2620 1480/2789/2615
f 1480/2789/2615 1485/2798/2620 1481/2799/2621
f 1480/2789/2615 1481/2799/2621 1476/2787/2614
f 1476/2787/2614 1481/2799/2621 1477/2800/2622
f 1476/2787/2614 1477/2800/2622 1472/2785/2613
f 1472/2785/2613 1477/2800/2622 1473/2801/2623
f 1472/2785/2613 1473/2801/2623 1471/2783/2612
f 1471/2783/2612 1473/2801/2623 1474/2802/2624
f 1471/2783/2612 1474/2802/2624 1475/2803/2625
f 1475/2803/2625 1474/2802/2624 1479/2804/2626
f 1475/2803/2625 1479/2804/2626 1468/2805/2627
f 1468/2805/2627 1479/2804/2626 1467/2806/2628
f 1467/2806/2628 1479/2804/2626 1483/2807/2629
f 1467/2806/2628 1483/2807/2629 1466/2808/2630
f 1466/2808/2630 1483/2807/2629 1487/2809/2631
f 1466/2808/2630 1487/2809/2631 1465/2810/2632
f 1465/2810/2632 1487/2809/2631 1491/2811/2633
f 1465/2810/2632 1491/2811/2633 1464/2812/2634
f 1464/2812/2634 1491/2811/2633 1463/2796/2618
f 1463/2796/2618 1491/2811/2633 1490/2813/2635
f 1463/2796/2618 1490/2813/2635 1489/2797/2619
f 1489/2797/2619 1490/2813/2635 1485/2798/2620
f 1468/2805/2627 1469/2814/2636 1475/2803/2625
f 1475/2803/2625 1469/2814/2636 1470/2815/2637
f 1475/2803/2625 1470/2815/2637 1471/2783/2612
f 1474/2802/2624 1473/2801/2623 1478/2816/2638
f 1478/2816/2638 1473/2801/2623 1477/2800/2622
f 1478/2816/2638 1477/2800/2622 1482/2817/2639
f 1482/2817/2639 1477/2800/2622 1481/2799/2621
f 1482/2817/2639 1481/2799/2621 1486/2818/2640
f 1486/2818/2640 1481/2799/2621 1485/2798/2620
f 1486/2818/2640 1485/2798/2620 1490/2813/2635
f 1483/2807/2629 1479/2804/2626 1478/2816/2638
f 1478/2816/2638 1479/2804/2626 1474/2802/2624
f 1483/2807/2629 1478/2816/2638 1482/2817/2639
f 1487/2809/2631 1483/2807/2629 1482/2817/2639
f 1487/2809/2631 1482/2817/2639 1486/2818/2640
f 1491/2811/2633 1487/2809/2631 1486/2818/2640
f 1491/2811/2633 1486/2818/2640 1490/2813/2635
f 1492/2819/2641 1512/2820/2642 1464/2821/2634
f 1464/2821/2634 1512/2820/2642 1507/2822/2643
f 1464/2821/2634 1507/2822/2643 1465/2823/2632
f 1465/2823/2632 1507/2822/2643 1523/2824/2644
f 1465/2823/2632 1523/2824/2644 1466/2825/2630
f 1466/2825/2630 1523/2824/2644 1522/2826/2645
f 1466/2825/2630 1522/2826/2645 1527/2827/2646
f 1527/2827/2646 1522/2826/2645 1521/2828/2647
f 1527/2827/2646 1521/2828/2647 1526/2829/2648
f 1526/2829/2648 1521/2828/2647 1520/2830/2649
f 1526/2829/2648 1520/2830/2649 1525/2831/2650
f 1525/2831/2650 1520/2830/2649 1519/2832/2651
f 1525/2831/2650 1519/2832/2651 1524/2833/2652
f 1524/2833/2652 1519/2832/2651 1503/2834/2653
f 1524/2833/2652 1503/2834/2653 1504/2835/2654
f 1492/2819/2641 1493/2836/2655 1512/2820/2642
f 1512/2820/2642 1493/2836/2655 1513/2837/2656
f 1512/2820/2642 1513/2837/2656 1507/2822/2643
f 1507/2822/2643 1513/2837/2656 1511/2838/2657
f 1507/2822/2643 1511/2838/2657 1523/2824/2644
f 1523/2824/2644 1511/2838/2657 1522/2826/2645
f 1513/2837/2656 1493/2836/2655 1506/2839/2658
f 1506/2839/2658 1493/2836/2655 1494/2840/2659
f 1506/2839/2658 1494/2840/2659 1495/2841/2660
f 1506/2839/2658 1495/2841/2660 1517/2842/2661
f 1517/2842/2661 1495/2841/2660 1496/2843/2662
f 1517/2842/2661 1496/2843/2662 1518/2844/2663
f 1518/2844/2663 1496/2843/2662 1497/2845/2664
f 1518/2844/2663 1497/2845/2664 1500/2846/2665
f 1500/2846/2665 1497/2845/2664 1498/2847/2666
f 1500/2846/2665 1498/2847/2666 1499/2848/2667
f 1500/2846/2665 1501/2849/2668 1518/2844/2663
f 1518/2844/2663 1501/2849/2668 1516/2850/2669
f 1518/2844/2663 1516/2850/2669 1515/2851/2670
f 1515/2851/2670 1516/2850/2669 1509/2852/2671
f 1515/2851/2670 1509/2852/2671 1510/2853/2672
f 1510/2853/2672 1509/2852/2671 1521/2828/2647
f 1510/2853/2672 1521/2828/2647 1522/2826/2645
f 1501/2849/2668 1502/2854/2673 1516/2850/2669
f 1516/2850/2669 1502/2854/2673 1508/2855/2674
f 1516/2850/2669 1508/2855/2674 1509/2852/2671
f 1509/2852/2671 1508/2855/2674 1520/2830/2649
f 1509/2852/2671 1520/2830/2649 1521/2828/2647
f 1508/2855/2674 1502/2854/2673 1519/2832/2651
f 1519/2832/2651 1502/2854/2673 1503/2834/2653
f 1504/2835/2654 1505/2856/2675 1524/2833/2652
f 1524/2833/2652 1505/2856/2675 1528/2857/2676
f 1524/2833/2652 1528/2857/2676 1529/2858/2677
f 1529/2858/2677 1528/2857/2676 1469/2859/2636
f 1529/2858/2677 1469/2859/2636 1468/2860/2627
f 1505/2856/2675 1470/2861/2637 1528/2857/2676
f 1528/2857/2676 1470/2861/2637 1469/2859/2636
f 1529/2858/2677 1468/2860/2627 1530/2862/2678
f 1530/2862/2678 1468/2860/2627 1467/2863/2628
f 1530/2862/2678 1467/2863/2628 1526/2829/2648
f 1526/2829/2648 1467/2863/2628 1527/2827/2646
f 1467/2863/2628 1466/2825/2630 1527/2827/2646
f 1520/2830/2649 1508/2855/2674 1519/2832/2651
f 1510/2853/2672 1511/2838/2657 1514/2864/2679
f 1514/2864/2679 1511/2838/2657 1513/2837/2656
f 1514/2864/2679 1513/2837/2656 1506/2839/2658
f 1511/2838/2657 1510/2853/2672 1522/2826/2645
f 1510/2853/2672 1514/2864/2679 1515/2851/2670
f 1515/2851/2670 1514/2864/2679 1517/2842/2661
f 1515/2851/2670 1517/2842/2661 1518/2844/2663
f 1517/2842/2661 1514/2864/2679 1506/2839/2658
f 1530/2862/2678 1526/2829/2648 1525/2831/2650
f 1530/2862/2678 1525/2831/2650 1529/2858/2677
f 1529/2858/2677 1525/2831/2650 1524/2833/2652
f 1464/2865/2634 1531/2866/2680 1492/2867/2641
f 1492/2867/2641 1531/2866/2680 1532/2868/2681
f 1492/2867/2641 1532/2868/2681 1493/2869/2655
f 1493/2869/2655 1532/2868/2681 1533/2870/2682
f 1493/2869/2655 1533/2870/2682 1494/2871/2659
f 1494/2871/2659 1533/2870/2682 1534/2872/2683
f 1494/2871/2659 1534/2872/2683 1495/2873/2660
f 1495/2873/2660 1534/2872/2683 1535/2874/2684
f 1495/2873/2660 1535/2874/2684 1496/2875/2662
f 1496/2875/2662 1535/2874/2684 1536/2876/2685
f 1496/2875/2662 1536/2876/2685 1497/2877/2664
f 1497/2877/2664 1536/2876/2685 1537/2878/2686
f 1394/2879/2563 1434/2880/2583 1463/2881/2618
f 1463/2881/2618 1434/2880/2583 1539/2882/2687
f 1463/2881/2618 1539/2882/2687 1464/2883/2634
f 1464/2883/2634 1539/2882/2687 1540/2884/2688
f 1464/2883/2634 1540/2884/2688 1531/2885/2680
f 1531/2885/2680 1540/2884/2688 1541/2886/2689
f 1434/2880/2583 1538/2887/2690 1539/2882/2687
f 1505/2888/2675 1558/2889/2691 1470/2890/2637
f 1470/2890/2637 1558/2889/2691 1559/2891/2692
f 1470/2890/2637 1559/2891/2692 1556/2892/2693
f 1556/2892/2693 1559/2891/2692 1555/2893/2694
f 1555/2893/2694 1559/2891/2692 1554/2894/2695
f 1554/2894/2695 1559/2891/2692 1561/2895/2696
f 1554/2894/2695 1561/2895/2696 1553/2896/2697
f 1553/2896/2697 1561/2895/2696 1552/2897/2698
f 1552/2897/2698 1561/2895/2696 1563/2898/2699
f 1552/2897/2698 1563/2898/2699 1551/2899/2700
f 1551/2899/2700 1563/2898/2699 1565/2900/2701
f 1551/2899/2700 1565/2900/2701 1550/2901/2702
f 1550/2901/2702 1565/2900/2701 1549/2902/2703
f 1549/2902/2703 1565/2900/2701 1564/2903/2704
f 1549/2902/2703 1564/2903/2704 1566/2904/2705
f 1566/2904/2705 1564/2903/2704 1501/2905/2668
f 1566/2904/2705 1501/2905/2668 1500/2906/2665
f 1505/2888/2675 1504/2907/2654 1558/2889/2691
f 1558/2889/2691 1504/2907/2654 1560/2908/2706
f 1558/2889/2691 1560/2908/2706 1561/2895/2696
f 1561/2895/2696 1560/2908/2706 1563/2898/2699
f 1504/2907/2654 1503/2909/2653 1560/2908/2706
f 1560/2908/2706 1503/2909/2653 1562/2910/2707
f 1560/2908/2706 1562/2910/2707 1563/2898/2699
f 1563/2898/2699 1562/2910/2707 1565/2900/2701
f 1503/2909/2653 1502/2911/2673 1562/2910/2707
f 1562/2910/2707 1502/2911/2673 1564/2903/2704
f 1562/2910/2707 1564/2903/2704 1565/2900/2701
f 1502/2911/2673 1501/2905/2668 1564/2903/2704
f 1500/2906/2665 1542/2912/2708 1566/2904/2705
f 1566/2904/2705 1542/2912/2708 1567/2913/2709
f 1566/2904/2705 1567/2913/2709 1549/2902/2703
f 1549/2902/2703 1567/2913/2709 1548/2914/2710
f 1548/2914/2710 1567/2913/2709 1547/2915/2711
f 1547/2915/2711 1567/2913/2709 1542/2912/2708
f 1547/2915/2711 1542/2912/2708 1543/2916/2712
f 1543/2916/2712 1544/2917/2713 1547/2915/2711
f 1547/2915/2711 1544/2917/2713 1546/2918/2714
f 1546/2918/2714 1544/2917/2713 1545/2919/2715
f 1556/2892/2693 1557/2920/2716 1470/2890/2637
f 1561/2895/2696 1559/2891/2692 1558/2889/2691
f 1569/2921/2717 1592/2922/2718 1568/2923/2719
f 1568/2923/2719 1592/2922/2718 1591/2924/2720
f 1568/2923/2719 1591/2924/2720 1585/2925/2721
f 1585/2925/2721 1591/2924/2720 1584/2926/2722
f 1584/2926/2722 1591/2924/2720 1590/2927/2723
f 1584/2926/2722 1590/2927/2723 1605/2928/2724
f 1605/2928/2724 1590/2927/2723 1589/2929/2725
f 1605/2928/2724 1589/2929/2725 1604/2930/2726
f 1604/2930/2726 1589/2929/2725 1588/2931/2727
f 1604/2930/2726 1588/2931/2727 1603/2932/2728
f 1603/2932/2728 1588/2931/2727 1587/2933/2729
f 1603/2932/2728 1587/2933/2729 1602/2934/2730
f 1602/2934/2730 1587/2933/2729 1578/2935/2731
f 1602/2934/2730 1578/2935/2731 1579/2936/2732
f 1569/2921/2717 1570/2937/2733 1592/2922/2718
f 1592/2922/2718 1570/2937/2733 1593/2938/2734
f 1592/2922/2718 1593/2938/2734 1591/2924/2720
f 1591/2924/2720 1593/2938/2734 1590/2927/2723
f 1593/2938/2734 1570/2937/2733 1597/2939/2735
f 1597/2939/2735 1570/2937/2733 1571/2940/2736
f 1597/2939/2735 1571/2940/2736 1598/2941/2737
f 1598/2941/2737 1571/2940/2736 1572/2942/2738
f 1598/2941/2737 1572/2942/2738 1599/2943/2739
f 1599/2943/2739 1572/2942/2738 1601/2944/2740
f 1599/2943/2739 1601/2944/2740 1586/2945/2741
f 1586/2945/2741 1601/2944/2740 1573/2946/2742
f 1586/2945/2741 1573/2946/2742 1574/2947/2743
f 1572/2942/2738 1573/2946/2742 1601/2944/2740
f 1574/2947/2743 1575/2948/2744 1586/2945/2741
f 1586/2945/2741 1575/2948/2744 1600/2949/2745
f 1586/2945/2741 1600/2949/2745 1599/2943/2739
f 1599/2943/2739 1600/2949/2745 1595/2950/2746
f 1599/2943/2739 1595/2950/2746 1594/2951/2747
f 1594/2951/2747 1595/2950/2746 1589/2929/2725
f 1594/2951/2747 1589/2929/2725 1590/2927/2723
f 1575/2948/2744 1576/2952/2748 1600/2949/2745
f 1600/2949/2745 1576/2952/2748 1596/2953/2749
f 1600/2949/2745 1596/2953/2749 1595/2950/2746
f 1595/2950/2746 1596/2953/2749 1588/2931/2727
f 1595/2950/2746 1588/2931/2727 1589/2929/2725
f 1576/2952/2748 1577/2954/2750 1596/2953/2749
f 1596/2953/2749 1577/2954/2750 1587/2933/2729
f 1596/2953/2749 1587/2933/2729 1588/2931/2727
f 1577/2954/2750 1578/2935/2731 1587/2933/2729
f 1602/2934/2730 1579/2936/2732 1606/2955/2751
f 1606/2955/2751 1579/2936/2732 1580/2956/2752
f 1606/2955/2751 1580/2956/2752 1581/2957/2753
f 1606/2955/2751 1581/2957/2753 1607/2958/2754
f 1607/2958/2754 1581/2957/2753 1582/2959/2755
f 1607/2958/2754 1582/2959/2755 1603/2932/2728
f 1603/2932/2728 1582/2959/2755 1604/2930/2726
f 1582/2959/2755 1583/2960/2756 1604/2930/2726
f 1604/2930/2726 1583/2960/2756 1605/2928/2724
f 1583/2960/2756 1584/2926/2722 1605/2928/2724
f 1594/2951/2747 1590/2927/2723 1593/2938/2734
f 1597/2939/2735 1598/2941/2737 1593/2938/2734
f 1593/2938/2734 1598/2941/2737 1594/2951/2747
f 1598/2941/2737 1599/2943/2739 1594/2951/2747
f 1607/2958/2754 1603/2932/2728 1602/2934/2730
f 1606/2955/2751 1607/2958/2754 1602/2934/2730
f 1568/2961/2719 1608/2962/2757 1569/2963/2717
f 1569/2963/2717 1608/2962/2757 1609/2964/2758
f 1569/2963/2717 1609/2964/2758 1570/2965/2733
f 1570/2965/2733 1609/2964/2758 1610/2966/2759
f 1570/2965/2733 1610/2966/2759 1571/2967/2736
f 1571/2967/2736 1610/2966/2759 1611/2968/2760
f 1571/2967/2736 1611/2968/2760 1572/2969/2738
f 1572/2969/2738 1611/2968/2760 1612/2970/2761
f 1572/2969/2738 1612/2970/2761 1573/2971/2742
f 1573/2971/2742 1612/2970/2761 1613/2972/2762
f 1573/2971/2742 1613/2972/2762 1574/2973/2743
f 1574/2973/2743 1613/2972/2762 1614/2974/2763
f 1568/2975/2719 1615/2976/2764 1608/2977/2757
f 1608/2977/2757 1615/2976/2764 1622/2978/2765
f 1622/2978/2765 1615/2976/2764 1617/2979/2766
f 1622/2978/2765 1617/2979/2766 1619/2980/2767
f 1619/2980/2767 1617/2979/2766 1618/2981/2768
f 1615/2976/2764 1616/2982/2769 1617/2979/2766
f 1620/2983/2770 1621/2984/2771 1619/2980/2767
f 1619/2980/2767 1621/2984/2771 1622/2978/2765
f 1585/2985/2721 1632/2986/2772 1568/2987/2719
f 1568/2987/2719 1632/2986/2772 1633/2988/2773
f 1568/2987/2719 1633/2988/2773 1631/2989/2774
f 1631/2989/2774 1633/2988/2773 1630/2990/2775
f 1630/2990/2775 1633/2988/2773 1635/2991/2776
f 1630/2990/2775 1635/2991/2776 1629/2992/2777
f 1629/2992/2777 1635/2991/2776 1637/2993/2778
f 1629/2992/2777 1637/2993/2778 1628/2994/2779
f 1628/2994/2779 1637/2993/2778 1627/2995/2780
f 1627/2995/2780 1637/2993/2778 1639/2996/2781
f 1627/2995/2780 1639/2996/2781 1626/2997/2782
f 1626/2997/2782 1639/2996/2781 1641/2998/2783
f 1626/2997/2782 1641/2998/2783 1625/2999/2784
f 1625/2999/2784 1641/2998/2783 1624/3000/2785
f 1624/3000/2785 1641/2998/2783 1640/3001/2786
f 1624/3000/2785 1640/3001/2786 1581/3002/2753
f 1581/3002/2753 1640/3001/2786 1582/3003/2755
f 1582/3003/2755 1640/3001/2786 1638/3004/2787
f 1582/3003/2755 1638/3004/2787 1583/3005/2756
f 1583/3005/2756 1638/3004/2787 1636/3006/2788
f 1583/3005/2756 1636/3006/2788 1584/3007/2722
f 1584/3007/2722 1636/3006/2788 1634/3008/2789
f 1584/3007/2722 1634/3008/2789 1585/2985/2721
f 1585/2985/2721 1634/3008/2789 1632/2986/2772
f 1581/3002/2753 1580/3009/2752 1624/3000/2785
f 1624/3000/2785 1580/3009/2752 1623/3010/2790
f 1631/2989/2774 1615/3011/2764 1568/2987/2719
f 1635/2991/2776 1633/2988/2773 1632/2986/2772
f 1635/2991/2776 1632/2986/2772 1634/3008/2789
f 1637/2993/2778 1635/2991/2776 1634/3008/2789
f 1637/2993/2778 1634/3008/2789 1636/3006/2788
f 1639/2996/2781 1637/2993/2778 1636/3006/2788
f 1639/2996/2781 1636/3006/2788 1638/3004/2787
f 1641/2998/2783 1639/2996/2781 1638/3004/2787
f 1641/2998/2783 1638/3004/2787 1640/3001/2786
f 1650/3012/2791 1580/3013/2752 1651/3014/2792
f 1651/3014/2792 1580/3013/2752 1579/3015/2732
f 1651/3014/2792 1579/3015/2732 1655/3016/2793
f 1655/3016/2793 1579/3015/2732 1578/3017/2731
f 1655/3016/2793 1578/3017/2731 1659/3018/2794
f 1659/3018/2794 1578/3017/2731 1577/3019/2750
f 1659/3018/2794 1577/3019/2750 1663/3020/2795
f 1663/3020/2795 1577/3019/2750 1576/3021/2748
f 1663/3020/2795 1576/3021/2748 1667/3022/2796
f 1667/3022/2796 1576/3021/2748 1575/3023/2744
f 1667/3022/2796 1575/3023/2744 1574/3024/2743
f 1574/3024/2743 1642/3025/2797 1667/3022/2796
f 1667/3022/2796 1642/3025/2797 1668/3026/2798
f 1667/3022/2796 1668/3026/2798 1663/3020/2795
f 1663/3020/2795 1668/3026/2798 1664/3027/2799
f 1663/3020/2795 1664/3027/2799 1659/3018/2794
f 1659/3018/2794 1664/3027/2799 1660/3028/2800
f 1659/3018/2794 1660/3028/2800 1655/3016/2793
f 1655/3016/2793 1660/3028/2800 1656/3029/2801
f 1655/3016/2793 1656/3029/2801 1651/3014/2792
f 1651/3014/2792 1656/3029/2801 1652/3030/2802
f 1651/3014/2792 1652/3030/2802 1650/3012/2791
f 1650/3012/2791 1652/3030/2802 1653/3031/2803
f 1650/3012/2791 1653/3031/2803 1654/3032/2804
f 1654/3032/2804 1653/3031/2803 1658/3033/2805
f 1654/3032/2804 1658/3033/2805 1647/3034/2806
f 1647/3034/2806 1658/3033/2805 1646/3035/2807
f 1646/3035/2807 1658/3033/2805 1662/3036/2808
f 1646/3035/2807 1662/3036/2808 1645/3037/2809
f 1645/3037/2809 1662/3036/2808 1666/3038/2810
f 1645/3037/2809 1666/3038/2810 1644/3039/2811
f 1644/3039/2811 1666/3038/2810 1670/3040/2812
f 1644/3039/2811 1670/3040/2812 1643/3041/2813
f 1643/3041/2813 1670/3040/2812 1642/3025/2797
f 1642/3025/2797 1670/3040/2812 1669/3042/2814
f 1642/3025/2797 1669/3042/2814 1668/3026/2798
f 1668/3026/2798 1669/3042/2814 1664/3027/2799
f 1647/3034/2806 1648/3043/2815 1654/3032/2804
f 1654/3032/2804 1648/3043/2815 1649/3044/2816
f 1654/3032/2804 1649/3044/2816 1650/3012/2791
f 1653/3031/2803 1652/3030/2802 1657/3045/2817
f 1657/3045/2817 1652/3030/2802 1656/3029/2801
f 1657/3045/2817 1656/3029/2801 1661/3046/2818
f 1661/3046/2818 1656/3029/2801 1660/3028/2800
f 1661/3046/2818 1660/3028/2800 1665/3047/2819
f 1665/3047/2819 1660/3028/2800 1664/3027/2799
f 1665/3047/2819 1664/3027/2799 1669/3042/2814
f 1662/3036/2808 1658/3033/2805 1657/3045/2817
f 1657/3045/2817 1658/3033/2805 1653/3031/2803
f 1662/3036/2808 1657/3045/2817 1661/3046/2818
f 1666/3038/2810 1662/3036/2808 1661/3046/2818
f 1666/3038/2810 1661/3046/2818 1665/3047/2819
f 1670/3040/2812 1666/3038/2810 1665/3047/2819
f 1670/3040/2812 1665/3047/2819 1669/3042/2814
f 1644/3048/2811 1643/3049/2813 1682/3050/2820
f 1682/3050/2820 1643/3049/2813 1671/3051/2821
f 1682/3050/2820 1671/3051/2821 1681/3052/2822
f 1681/3052/2822 1671/3051/2821 1672/3053/2823
f 1681/3052/2822 1672/3053/2823 1685/3054/2824
f 1685/3054/2824 1672/3053/2823 1684/3055/2825
f 1685/3054/2824 1684/3055/2825 1690/3056/2826
f 1690/3056/2826 1684/3055/2825 1689/3057/2827
f 1690/3056/2826 1689/3057/2827 1695/3058/2828
f 1695/3058/2828 1689/3057/2827 1694/3059/2829
f 1695/3058/2828 1694/3059/2829 1699/3060/2830
f 1699/3060/2830 1694/3059/2829 1698/3061/2831
f 1699/3060/2830 1698/3061/2831 1679/3062/2832
f 1679/3062/2832 1698/3061/2831 1678/3063/2833
f 1678/3063/2833 1698/3061/2831 1697/3064/2834
f 1678/3063/2833 1697/3064/2834 1677/3065/2835
f 1677/3065/2835 1697/3064/2834 1693/3066/2836
f 1677/3065/2835 1693/3066/2836 1692/3067/2837
f 1692/3067/2837 1693/3066/2836 1687/3068/2838
f 1692/3067/2837 1687/3068/2838 1440/3069/2590
f 1440/3069/2590 1687/3068/2838 1675/3070/2839
f 1675/3070/2839 1687/3068/2838 1674/3071/2840
f 1674/3071/2840 1687/3068/2838 1688/3072/2841
f 1674/3071/2840 1688/3072/2841 1683/3073/2842
f 1683/3073/2842 1688/3072/2841 1689/3057/2827
f 1683/3073/2842 1689/3057/2827 1684/3055/2825
f 1672/3053/2823 1673/3074/2843 1684/3055/2825
f 1684/3055/2825 1673/3074/2843 1683/3073/2842
f 1673/3074/2843 1674/3071/2840 1683/3073/2842
f 1440/3069/2590 1676/3075/2844 1692/3067/2837
f 1692/3067/2837 1676/3075/2844 1677/3065/2835
f 1699/3060/2830 1679/3062/2832 1701/3076/2845
f 1701/3076/2845 1679/3062/2832 1680/3077/2846
f 1701/3076/2845 1680/3077/2846 1702/3078/2847
f 1702/3078/2847 1680/3077/2846 1649/3079/2816
f 1702/3078/2847 1649/3079/2816 1648/3080/2815
f 1702/3078/2847 1648/3080/2815 1700/3081/2848
f 1700/3081/2848 1648/3080/2815 1647/3082/2806
f 1700/3081/2848 1647/3082/2806 1696/3083/2849
f 1696/3083/2849 1647/3082/2806 1646/3084/2807
f 1696/3083/2849 1646/3084/2807 1691/3085/2850
f 1691/3085/2850 1646/3084/2807 1645/3086/2809
f 1691/3085/2850 1645/3086/2809 1686/3087/2851
f 1686/3087/2851 1645/3086/2809 1644/3048/2811
f 1686/3087/2851 1644/3048/2811 1682/3050/2820
f 1686/3087/2851 1682/3050/2820 1681/3052/2822
f 1691/3085/2850 1686/3087/2851 1685/3054/2824
f 1685/3054/2824 1686/3087/2851 1681/3052/2822
f 1691/3085/2850 1685/3054/2824 1690/3056/2826
f 1694/3059/2829 1689/3057/2827 1688/3072/2841
f 1694/3059/2829 1688/3072/2841 1693/3066/2836
f 1693/3066/2836 1688/3072/2841 1687/3068/2838
f 1696/3083/2849 1691/3085/2850 1690/3056/2826
f 1696/3083/2849 1690/3056/2826 1695/3058/2828
f 1698/3061/2831 1694/3059/2829 1693/3066/2836
f 1697/3064/2834 1698/3061/2831 1693/3066/2836
f 1700/3081/2848 1696/3083/2849 1695/3058/2828
f 1700/3081/2848 1695/3058/2828 1699/3060/2830
f 1702/3078/2847 1700/3081/2848 1699/3060/2830
f 1701/3076/2845 1702/3078/2847 1699/3060/2830
f 1643/3088/2813 1703/3089/2852 1671/3090/2821
f 1671/3090/2821 1703/3089/2852 1704/3091/2853
f 1671/3090/2821 1704/3091/2853 1672/3092/2823
f 1672/3092/2823 1704/3091/2853 1705/3093/2854
f 1672/3092/2823 1705/3093/2854 1673/3094/2843
f 1673/3094/2843 1705/3093/2854 1706/3095/2855
f 1673/3094/2843 1706/3095/2855 1674/3096/2840
f 1674/3096/2840 1706/3095/2855 1707/3097/2856
f 1674/3096/2840 1707/3097/2856 1675/3098/2839
f 1675/3098/2839 1707/3097/2856 1708/3099/2857
f 1675/3098/2839 1708/3099/2857 1440/3100/2590
f 1440/3100/2590 1708/3099/2857 1441/3101/2589
f 1614/3102/2763 1709/3103/2858 1574/3104/2743
f 1574/3104/2743 1709/3103/2858 1642/3105/2797
f 1642/3105/2797 1709/3103/2858 1703/3106/2852
f 1642/3105/2797 1703/3106/2852 1643/3107/2813
f 1680/3108/2846 1719/3109/2859 1649/3110/2816
f 1649/3110/2816 1719/3109/2859 1720/3111/2860
f 1649/3110/2816 1720/3111/2860 1717/3112/2861
f 1717/3112/2861 1720/3111/2860 1716/3113/2862
f 1716/3113/2862 1720/3111/2860 1715/3114/2863
f 1715/3114/2863 1720/3111/2860 1722/3115/2864
f 1715/3114/2863 1722/3115/2864 1714/3116/2865
f 1714/3116/2865 1722/3115/2864 1724/3117/2866
f 1714/3116/2865 1724/3117/2866 1713/3118/2867
f 1713/3118/2867 1724/3117/2866 1712/3119/2868
f 1712/3119/2868 1724/3117/2866 1726/3120/2869
f 1712/3119/2868 1726/3120/2869 1711/3121/2870
f 1711/3121/2870 1726/3120/2869 1728/3122/2871
f 1711/3121/2870 1728/3122/2871 1710/3123/2872
f 1710/3123/2872 1728/3122/2871 1439/3124/2588
f 1439/3124/2588 1728/3122/2871 1727/3125/2873
f 1439/3124/2588 1727/3125/2873 1440/3126/2590
f 1440/3126/2590 1727/3125/2873 1676/3127/2844
f 1676/3127/2844 1727/3125/2873 1677/3128/2835
f 1677/3128/2835 1727/3125/2873 1725/3129/2874
f 1677/3128/2835 1725/3129/2874 1678/3130/2833
f 1678/3130/2833 1725/3129/2874 1723/3131/2875
f 1678/3130/2833 1723/3131/2875 1679/3132/2832
f 1679/3132/2832 1723/3131/2875 1721/3133/2876
f 1679/3132/2832 1721/3133/2876 1680/3108/2846
f 1680/3108/2846 1721/3133/2876 1719/3109/2859
f 1717/3112/2861 1718/3134/2877 1649/3110/2816
f 1722/3115/2864 1720/3111/2860 1719/3109/2859
f 1722/3115/2864 1719/3109/2859 1721/3133/2876
f 1724/3117/2866 1722/3115/2864 1721/3133/2876
f 1724/3117/2866 1721/3133/2876 1723/3131/2875
f 1726/3120/2869 1724/3117/2866 1723/3131/2875
f 1726/3120/2869 1723/3131/2875 1725/3129/2874
f 1728/3122/2871 1726/3120/2869 1725/3129/2874
f 1728/3122/2871 1725/3129/2874 1727/3125/2873
f 1729/3135/2878 1730/3136/2879 1619/3137/2767
f 1619/3137/2767 1730/3136/2879 1731/3138/2880
f 1619/3137/2767 1731/3138/2880 1620/3139/2770
f 1748/3140/2881 1732/3141/2882 1751/3142/2883
f 1751/3142/2883 1732/3141/2882 1733/3143/2884
f 1751/3142/2883 1733/3143/2884 1750/3144/2885
f 1750/3144/2885 1733/3143/2884 1734/3145/2886
f 1750/3144/2885 1734/3145/2886 1754/3146/2887
f 1754/3146/2887 1734/3145/2886 1753/3147/2888
f 1754/3146/2887 1753/3147/2888 1759/3148/2889
f 1759/3148/2889 1753/3147/2888 1758/3149/2890
f 1759/3148/2889 1758/3149/2890 1764/3150/2891
f 1764/3150/2891 1758/3149/2890 1763/3151/2892
f 1764/3150/2891 1763/3151/2892 1768/3152/2893
f 1768/3152/2893 1763/3151/2892 1767/3153/2894
f 1768/3152/2893 1767/3153/2894 1741/3154/2895
f 1741/3154/2895 1767/3153/2894 1740/3155/2896
f 1740/3155/2896 1767/3153/2894 1766/3156/2897
f 1740/3155/2896 1766/3156/2897 1739/3157/2898
f 1739/3157/2898 1766/3156/2897 1762/3158/2899
f 1739/3157/2898 1762/3158/2899 1761/3159/2900
f 1761/3159/2900 1762/3158/2899 1756/3160/2901
f 1761/3159/2900 1756/3160/2901 1618/3161/2768
f 1618/3161/2768 1756/3160/2901 1737/3162/2902
f 1737/3162/2902 1756/3160/2901 1736/3163/2903
f 1736/3163/2903 1756/3160/2901 1757/3164/2904
f 1736/3163/2903 1757/3164/2904 1752/3165/2905
f 1752/3165/2905 1757/3164/2904 1758/3149/2890
f 1752/3165/2905 1758/3149/2890 1753/3147/2888
f 1734/3145/2886 1735/3166/2906 1753/3147/2888
f 1753/3147/2888 1735/3166/2906 1752/3165/2905
f 1735/3166/2906 1736/3163/2903 1752/3165/2905
f 1618/3161/2768 1738/3167/2907 1761/3159/2900
f 1761/3159/2900 1738/3167/2907 1739/3157/2898
f 1768/3152/2893 1741/3154/2895 1770/3168/2908
f 1770/3168/2908 1741/3154/2895 1742/3169/2909
f 1770/3168/2908 1742/3169/2909 1749/3170/2910
f 1749/3170/2910 1742/3169/2909 1743/3171/2911
f 1749/3170/2910 1743/3171/2911 1744/3172/2912
f 1749/3170/2910 1744/3172/2912 1769/3173/2913
f 1769/3173/2913 1744/3172/2912 1745/3174/2914
f 1769/3173/2913 1745/3174/2914 1765/3175/2915
f 1765/3175/2915 1745/3174/2914 1746/3176/2916
f 1765/3175/2915 1746/3176/2916 1760/3177/2917
f 1760/3177/2917 1746/3176/2916 1747/3178/2918
f 1760/3177/2917 1747/3178/2918 1755/3179/2919
f 1755/3179/2919 1747/3178/2918 1748/3140/2881
f 1755/3179/2919 1748/3140/2881 1751/3142/2883
f 1755/3179/2919 1751/3142/2883 1750/3144/2885
f 1760/3177/2917 1755/3179/2919 1754/3146/2887
f 1754/3146/2887 1755/3179/2919 1750/3144/2885
f 1760/3177/2917 1754/3146/2887 1759/3148/2889
f 1763/3151/2892 1758/3149/2890 1757/3164/2904
f 1763/3151/2892 1757/3164/2904 1762/3158/2899
f 1762/3158/2899 1757/3164/2904 1756/3160/2901
f 1765/3175/2915 1760/3177/2917 1759/3148/2889
f 1765/3175/2915 1759/3148/2889 1764/3150/2891
f 1767/3153/2894 1763/3151/2892 1762/3158/2899
f 1766/3156/2897 1767/3153/2894 1762/3158/2899
f 1769/3173/2913 1765/3175/2915 1764/3150/2891
f 1769/3173/2913 1764/3150/2891 1768/3152/2893
f 1749/3170/2910 1769/3173/2913 1768/3152/2893
f 1770/3168/2908 1749/3170/2910 1768/3152/2893
f 1729/3180/2920 1619/3181/2767 1771/3182/2921
f 1771/3182/2921 1619/3181/2767 1618/3183/2768
f 1771/3182/2921 1618/3183/2768 1737/3184/2902
f 1736/3185/2903 1550/3186/2922 1737/3184/2902
f 1737/3184/2902 1550/3186/2922 1772/3187/2923
f 1737/3184/2902 1772/3187/2923 1773/3188/2924
f 1550/3186/2922 1736/3185/2903 1551/3189/2925
f 1551/3189/2925 1736/3185/2903 1735/3190/2906
f 1551/3189/2925 1735/3190/2906 1552/3191/2926
f 1552/3191/2926 1735/3190/2906 1734/3192/2886
f 1552/3191/2926 1734/3192/2886 1553/3193/2927
f 1553/3193/2927 1734/3192/2886 1554/3194/2928
f 1554/3194/2928 1734/3192/2886 1733/3195/2884
f 1554/3194/2928 1733/3195/2884 1555/3196/2929
f 1555/3196/2929 1733/3195/2884 1556/3197/2930
f 1556/3197/2930 1733/3195/2884 1732/3198/2882
f 1556/3197/2930 1732/3198/2882 1557/3199/2931
f 1773/3188/2924 1771/3182/2921 1737/3184/2902
f 1771/3200/2932 1773/3201/2933 1781/3202/2934
f 1781/3202/2934 1773/3201/2933 1772/3203/2935
f 1781/3202/2934 1772/3203/2935 1550/3204/2936
f 1549/3205/2937 1774/3206/2938 1550/3204/2936
f 1550/3204/2936 1774/3206/2938 1781/3202/2934
f 1775/3207/2939 1776/3208/2940 1774/3206/2938
f 1774/3206/2938 1776/3208/2940 1779/3209/2941
f 1774/3206/2938 1779/3209/2941 1781/3202/2934
f 1781/3202/2934 1779/3209/2941 1780/3210/2942
f 1777/3211/2943 1778/3212/2944 1776/3208/2940
f 1776/3208/2940 1778/3212/2944 1779/3209/2941
f 1732/3213/2882 1782/3214/2945 1557/3215/2931
f 1557/3215/2931 1782/3214/2945 1784/3216/2946
f 1784/3216/2946 1782/3214/2945 1783/3217/2947
f 1784/3216/2946 1783/3217/2947 1444/3218/2948
f 1782/3219/2945 1732/3220/2882 1792/3221/2949
f 1792/3221/2949 1732/3220/2882 1748/3222/2881
f 1792/3221/2949 1748/3222/2881 1796/3223/2950
f 1796/3223/2950 1748/3222/2881 1747/3224/2918
f 1796/3223/2950 1747/3224/2918 1800/3225/2951
f 1800/3225/2951 1747/3224/2918 1746/3226/2916
f 1800/3225/2951 1746/3226/2916 1804/3227/2952
f 1804/3227/2952 1746/3226/2916 1745/3228/2914
f 1804/3227/2952 1745/3228/2914 1808/3229/2953
f 1808/3229/2953 1745/3228/2914 1744/3230/2912
f 1808/3229/2953 1744/3230/2912 1743/3231/2911
f 1743/3231/2911 1785/3232/2954 1808/3229/2953
f 1808/3229/2953 1785/3232/2954 1809/3233/2955
f 1808/3229/2953 1809/3233/2955 1804/3227/2952
f 1804/3227/2952 1809/3233/2955 1805/3234/2956
f 1804/3227/2952 1805/3234/2956 1800/3225/2951
f 1800/3225/2951 1805/3234/2956 1801/3235/2957
f 1800/3225/2951 1801/3235/2957 1796/3223/2950
f 1796/3223/2950 1801/3235/2957 1797/3236/2958
f 1796/3223/2950 1797/3236/2958 1792/3221/2949
f 1792/3221/2949 1797/3236/2958 1793/3237/2959
f 1792/3221/2949 1793/3237/2959 1782/3219/2945
f 1782/3219/2945 1793/3237/2959 1794/3238/2960
f 1782/3219/2945 1794/3238/2960 1795/3239/2961
f 1795/3239/2961 1794/3238/2960 1799/3240/2962
f 1795/3239/2961 1799/3240/2962 1790/3241/2963
f 1790/3241/2963 1799/3240/2962 1789/3242/2964
f 1789/3242/2964 1799/3240/2962 1803/3243/2965
f 1789/3242/2964 1803/3243/2965 1788/3244/2966
f 1788/3244/2966 1803/3243/2965 1807/3245/2967
f 1788/3244/2966 1807/3245/2967 1787/3246/2968
f 1787/3246/2968 1807/3245/2967 1811/3247/2969
f 1787/3246/2968 1811/3247/2969 1786/3248/2970
f 1786/3248/2970 1811/3247/2969 1785/3232/2954
f 1785/3232/2954 1811/3247/2969 1810/3249/2971
f 1785/3232/2954 1810/3249/2971 1809/3233/2955
f 1809/3233/2955 1810/3249/2971 1805/3234/2956
f 1790/3241/2963 1791/3250/2972 1795/3239/2961
f 1795/3239/2961 1791/3250/2972 1783/3251/2947
f 1795/3239/2961 1783/3251/2947 1782/3219/2945
f 1794/3238/2960 1793/3237/2959 1798/3252/2973
f 1798/3252/2973 1793/3237/2959 1797/3236/2958
f 1798/3252/2973 1797/3236/2958 1802/3253/2974
f 1802/3253/2974 1797/3236/2958 1801/3235/2957
f 1802/3253/2974 1801/3235/2957 1806/3254/2975
f 1806/3254/2975 1801/3235/2957 1805/3234/2956
f 1806/3254/2975 1805/3234/2956 1810/3249/2971
f 1803/3243/2965 1799/3240/2962 1798/3252/2973
f 1798/3252/2973 1799/3240/2962 1794/3238/2960
f 1803/3243/2965 1798/3252/2973 1802/3253/2974
f 1807/3245/2967 1803/3243/2965 1802/3253/2974
f 1807/3245/2967 1802/3253/2974 1806/3254/2975
f 1811/3247/2969 1807/3245/2967 1806/3254/2975
f 1811/3247/2969 1806/3254/2975 1810/3249/2971
f 1818/3255/2976 1743/3256/2911 1819/3257/2977
f 1819/3257/2977 1743/3256/2911 1742/3258/2909
f 1819/3257/2977 1742/3258/2909 1823/3259/2978
f 1823/3259/2978 1742/3258/2909 1741/3260/2895
f 1823/3259/2978 1741/3260/2895 1827/3261/2979
f 1827/3261/2979 1741/3260/2895 1740/3262/2896
f 1827/3261/2979 1740/3262/2896 1831/3263/2980
f 1831/3263/2980 1740/3262/2896 1739/3264/2898
f 1831/3263/2980 1739/3264/2898 1835/3265/2981
f 1835/3265/2981 1739/3264/2898 1738/3266/2907
f 1835/3265/2981 1738/3266/2907 1618/3267/2768
f 1618/3267/2768 1617/3268/2766 1835/3265/2981
f 1835/3265/2981 1617/3268/2766 1836/3269/2982
f 1835/3265/2981 1836/3269/2982 1831/3263/2980
f 1831/3263/2980 1836/3269/2982 1832/3270/2983
f 1831/3263/2980 1832/3270/2983 1827/3261/2979
f 1827/3261/2979 1832/3270/2983 1828/3271/2984
f 1827/3261/2979 1828/3271/2984 1823/3259/2978
f 1823/3259/2978 1828/3271/2984 1824/3272/2985
f 1823/3259/2978 1824/3272/2985 1819/3257/2977
f 1819/3257/2977 1824/3272/2985 1820/3273/2986
f 1819/3257/2977 1820/3273/2986 1818/3255/2976
f 1818/3255/2976 1820/3273/2986 1821/3274/2987
f 1818/3255/2976 1821/3274/2987 1822/3275/2988
f 1822/3275/2988 1821/3274/2987 1826/3276/2989
f 1822/3275/2988 1826/3276/2989 1815/3277/2990
f 1815/3277/2990 1826/3276/2989 1814/3278/2991
f 1814/3278/2991 1826/3276/2989 1830/3279/2992
f 1814/3278/2991 1830/3279/2992 1813/3280/2993
f 1813/3280/2993 1830/3279/2992 1834/3281/2994
f 1813/3280/2993 1834/3281/2994 1812/3282/2995
f 1812/3282/2995 1834/3281/2994 1838/3283/2996
f 1812/3282/2995 1838/3283/2996 1616/3284/2769
f 1616/3284/2769 1838/3283/2996 1617/3268/2766
f 1617/3268/2766 1838/3283/2996 1837/3285/2997
f 1617/3268/2766 1837/3285/2997 1836/3269/2982
f 1836/3269/2982 1837/3285/2997 1832/3270/2983
f 1815/3277/2990 1816/3286/2998 1822/3275/2988
f 1822/3275/2988 1816/3286/2998 1817/3287/2999
f 1822/3275/2988 1817/3287/2999 1818/3255/2976
f 1821/3274/2987 1820/3273/2986 1825/3288/3000
f 1825/3288/3000 1820/3273/2986 1824/3272/2985
f 1825/3288/3000 1824/3272/2985 1829/3289/3001
f 1829/3289/3001 1824/3272/2985 1828/3271/2984
f 1829/3289/3001 1828/3271/2984 1833/3290/3002
f 1833/3290/3002 1828/3271/2984 1832/3270/2983
f 1833/3290/3002 1832/3270/2983 1837/3285/2997
f 1830/3279/2992 1826/3276/2989 1825/3288/3000
f 1825/3288/3000 1826/3276/2989 1821/3274/2987
f 1830/3279/2992 1825/3288/3000 1829/3289/3001
f 1834/3281/2994 1830/3279/2992 1829/3289/3001
f 1834/3281/2994 1829/3289/3001 1833/3290/3002
f 1838/3283/2996 1834/3281/2994 1833/3290/3002
f 1838/3283/2996 1833/3290/3002 1837/3285/2997
f 1435/3291/2584 1452/3292/3003 1436/3293/2591
f 1436/3293/2591 1452/3292/3003 1843/3294/3004
f 1843/3294/3004 1452/3292/3003 1451/3295/3005
f 1843/3294/3004 1451/3295/3005 1842/3296/3006
f 1842/3296/3006 1451/3295/3005 1450/3297/3007
f 1842/3296/3006 1450/3297/3007 1841/3298/3008
f 1841/3298/3008 1450/3297/3007 1449/3299/3009
f 1841/3298/3008 1449/3299/3009 1448/3300/3010
f 1841/3298/3008 1448/3300/3010 1840/3301/3011
f 1840/3301/3011 1448/3300/3010 1447/3302/3012
f 1840/3301/3011 1447/3302/3012 1839/3303/3013
f 1839/3303/3013 1447/3302/3012 1446/3304/3014
f 1839/3303/3013 1446/3304/3014 1445/3305/3015
f 1444/3306/2948 1783/3307/2947 1445/3305/3015
f 1445/3305/3015 1783/3307/2947 1839/3303/3013
f 1843/3308/3004 1854/3309/3016 1436/3310/2591
f 1436/3310/2591 1854/3309/3016 1853/3311/3017
f 1436/3310/2591 1853/3311/3017 1848/3312/3018
f 1848/3312/3018 1853/3311/3017 1847/3313/3019
f 1847/3313/3019 1853/3311/3017 1852/3314/3020
f 1847/3313/3019 1852/3314/3020 1868/3315/3021
f 1868/3315/3021 1852/3314/3020 1851/3316/3022
f 1868/3315/3021 1851/3316/3022 1867/3317/3023
f 1867/3317/3023 1851/3316/3022 1850/3318/3024
f 1867/3317/3023 1850/3318/3024 1866/3319/3025
f 1866/3319/3025 1850/3318/3024 1849/3320/3026
f 1866/3319/3025 1849/3320/3026 1865/3321/3027
f 1865/3321/3027 1849/3320/3026 1788/3322/2966
f 1865/3321/3027 1788/3322/2966 1787/3323/2968
f 1843/3308/3004 1842/3324/3006 1854/3309/3016
f 1854/3309/3016 1842/3324/3006 1855/3325/3028
f 1854/3309/3016 1855/3325/3028 1853/3311/3017
f 1853/3311/3017 1855/3325/3028 1852/3314/3020
f 1855/3325/3028 1842/3324/3006 1859/3326/3029
f 1859/3326/3029 1842/3324/3006 1841/3327/3008
f 1859/3326/3029 1841/3327/3008 1860/3328/3030
f 1860/3328/3030 1841/3327/3008 1840/3329/3011
f 1860/3328/3030 1840/3329/3011 1861/3330/3031
f 1861/3330/3031 1840/3329/3011 1863/3331/3032
f 1861/3330/3031 1863/3331/3032 1864/3332/3033
f 1864/3332/3033 1863/3331/3032 1839/3333/3013
f 1864/3332/3033 1839/3333/3013 1783/3334/2947
f 1840/3329/3011 1839/3333/3013 1863/3331/3032
f 1783/3334/2947 1791/3335/2972 1864/3332/3033
f 1864/3332/3033 1791/3335/2972 1862/3336/3034
f 1864/3332/3033 1862/3336/3034 1861/3330/3031
f 1861/3330/3031 1862/3336/3034 1857/3337/3035
f 1861/3330/3031 1857/3337/3035 1856/3338/3036
f 1856/3338/3036 1857/3337/3035 1851/3316/3022
f 1856/3338/3036 1851/3316/3022 1852/3314/3020
f 1791/3335/2972 1790/3339/2963 1862/3336/3034
f 1862/3336/3034 1790/3339/2963 1858/3340/3037
f 1862/3336/3034 1858/3340/3037 1857/3337/3035
f 1857/3337/3035 1858/3340/3037 1850/3318/3024
f 1857/3337/3035 1850/3318/3024 1851/3316/3022
f 1790/3339/2963 1789/3341/2964 1858/3340/3037
f 1858/3340/3037 1789/3341/2964 1849/3320/3026
f 1858/3340/3037 1849/3320/3026 1850/3318/3024
f 1789/3341/2964 1788/3322/2966 1849/3320/3026
f 1865/3321/3027 1787/3323/2968 1869/3342/3038
f 1869/3342/3038 1787/3323/2968 1786/3343/2970
f 1869/3342/3038 1786/3343/2970 1844/3344/3039
f 1869/3342/3038 1844/3344/3039 1870/3345/3040
f 1870/3345/3040 1844/3344/3039 1845/3346/3041
f 1870/3345/3040 1845/3346/3041 1866/3319/3025
f 1866/3319/3025 1845/3346/3041 1867/3317/3023
f 1845/3346/3041 1846/3347/3042 1867/3317/3023
f 1867/3317/3023 1846/3347/3042 1868/3315/3021
f 1846/3347/3042 1847/3313/3019 1868/3315/3021
f 1856/3338/3036 1852/3314/3020 1855/3325/3028
f 1859/3326/3029 1860/3328/3030 1855/3325/3028
f 1855/3325/3028 1860/3328/3030 1856/3338/3036
f 1860/3328/3030 1861/3330/3031 1856/3338/3036
f 1870/3345/3040 1866/3319/3025 1865/3321/3027
f 1869/3342/3038 1870/3345/3040 1865/3321/3027
f 1615/3348/2764 1631/3349/3043 1616/3350/2769
f 1616/3350/2769 1631/3349/3043 1876/3351/3044
f 1876/3351/3044 1631/3349/3043 1630/3352/3045
f 1876/3351/3044 1630/3352/3045 1875/3353/3046
f 1875/3353/3046 1630/3352/3045 1629/3354/3047
f 1875/3353/3046 1629/3354/3047 1874/3355/3048
f 1874/3355/3048 1629/3354/3047 1628/3356/3049
f 1874/3355/3048 1628/3356/3049 1627/3357/3050
f 1874/3355/3048 1627/3357/3050 1873/3358/3051
f 1873/3358/3051 1627/3357/3050 1626/3359/3052
f 1873/3358/3051 1626/3359/3052 1872/3360/3053
f 1872/3360/3053 1626/3359/3052 1625/3361/3054
f 1872/3360/3053 1625/3361/3054 1624/3362/3055
f 1623/3363/3056 1871/3364/3057 1624/3362/3055
f 1624/3362/3055 1871/3364/3057 1872/3360/3053
f 1876/3365/3044 1888/3366/3058 1616/3367/2769
f 1616/3367/2769 1888/3366/3058 1887/3368/3059
f 1616/3367/2769 1887/3368/3059 1812/3369/2995
f 1812/3369/2995 1887/3368/3059 1813/3370/2993
f 1813/3370/2993 1887/3368/3059 1886/3371/3060
f 1813/3370/2993 1886/3371/3060 1901/3372/3061
f 1901/3372/3061 1886/3371/3060 1885/3373/3062
f 1901/3372/3061 1885/3373/3062 1900/3374/3063
f 1900/3374/3063 1885/3373/3062 1884/3375/3064
f 1900/3374/3063 1884/3375/3064 1899/3376/3065
f 1899/3376/3065 1884/3375/3064 1883/3377/3066
f 1899/3376/3065 1883/3377/3066 1898/3378/3067
f 1898/3378/3067 1883/3377/3066 1880/3379/3068
f 1898/3378/3067 1880/3379/3068 1881/3380/3069
f 1876/3365/3044 1875/3381/3046 1888/3366/3058
f 1888/3366/3058 1875/3381/3046 1889/3382/3070
f 1888/3366/3058 1889/3382/3070 1887/3368/3059
f 1887/3368/3059 1889/3382/3070 1886/3371/3060
f 1889/3382/3070 1875/3381/3046 1893/3383/3071
f 1893/3383/3071 1875/3381/3046 1874/3384/3048
f 1893/3383/3071 1874/3384/3048 1894/3385/3072
f 1894/3385/3072 1874/3384/3048 1873/3386/3051
f 1894/3385/3072 1873/3386/3051 1895/3387/3073
f 1895/3387/3073 1873/3386/3051 1897/3388/3074
f 1895/3387/3073 1897/3388/3074 1882/3389/3075
f 1882/3389/3075 1897/3388/3074 1872/3390/3053
f 1882/3389/3075 1872/3390/3053 1871/3391/3057
f 1873/3386/3051 1872/3390/3053 1897/3388/3074
f 1871/3391/3057 1877/3392/3076 1882/3389/3075
f 1882/3389/3075 1877/3392/3076 1896/3393/3077
f 1882/3389/3075 1896/3393/3077 1895/3387/3073
f 1895/3387/3073 1896/3393/3077 1891/3394/3078
f 1895/3387/3073 1891/3394/3078 1890/3395/3079
f 1890/3395/3079 1891/3394/3078 1885/3373/3062
f 1890/3395/3079 1885/3373/3062 1886/3371/3060
f 1877/3392/3076 1878/3396/3080 1896/3393/3077
f 1896/3393/3077 1878/3396/3080 1892/3397/3081
f 1896/3393/3077 1892/3397/3081 1891/3394/3078
f 1891/3394/3078 1892/3397/3081 1884/3375/3064
f 1891/3394/3078 1884/3375/3064 1885/3373/3062
f 1878/3396/3080 1879/3398/3082 1892/3397/3081
f 1892/3397/3081 1879/3398/3082 1883/3377/3066
f 1892/3397/3081 1883/3377/3066 1884/3375/3064
f 1879/3398/3082 1880/3379/3068 1883/3377/3066
f 1898/3378/3067 1881/3380/3069 1902/3399/3083
f 1902/3399/3083 1881/3380/3069 1817/3400/2999
f 1902/3399/3083 1817/3400/2999 1816/3401/2998
f 1902/3399/3083 1816/3401/2998 1903/3402/3084
f 1903/3402/3084 1816/3401/2998 1815/3403/2990
f 1903/3402/3084 1815/3403/2990 1899/3376/3065
f 1899/3376/3065 1815/3403/2990 1900/3374/3063
f 1815/3403/2990 1814/3404/2991 1900/3374/3063
f 1900/3374/3063 1814/3404/2991 1901/3372/3061
f 1814/3404/2991 1813/3370/2993 1901/3372/3061
f 1890/3395/3079 1886/3371/3060 1889/3382/3070
f 1893/3383/3071 1894/3385/3072 1889/3382/3070
f 1889/3382/3070 1894/3385/3072 1890/3395/3079
f 1894/3385/3072 1895/3387/3073 1890/3395/3079
f 1903/3402/3084 1899/3376/3065 1898/3378/3067
f 1902/3399/3083 1903/3402/3084 1898/3378/3067
f 1623/3405/3056 1904/3406/3085 1871/3407/3057
f 1871/3407/3057 1904/3406/3085 1906/3408/3086
f 1906/3408/3086 1904/3406/3085 1718/3409/3087
f 1906/3408/3086 1718/3409/3087 1905/3410/3088
f 1718/3411/3087 1717/3412/3089 1905/3413/3088
f 1905/3413/3088 1717/3412/3089 1911/3414/3090
f 1911/3414/3090 1717/3412/3089 1716/3415/3091
f 1911/3414/3090 1716/3415/3091 1715/3416/3092
f 1911/3414/3090 1715/3416/3092 1910/3417/3093
f 1910/3417/3093 1715/3416/3092 1714/3418/3094
f 1910/3417/3093 1714/3418/3094 1909/3419/3095
f 1909/3419/3095 1714/3418/3094 1713/3420/3096
f 1909/3419/3095 1713/3420/3096 1712/3421/3097
f 1909/3419/3095 1712/3421/3097 1908/3422/3098
f 1908/3422/3098 1712/3421/3097 1711/3423/3099
f 1908/3422/3098 1711/3423/3099 1907/3424/3100
f 1907/3424/3100 1711/3423/3099 1710/3425/3101
f 1907/3424/3100 1710/3425/3101 1438/3426/2592
f 1438/3426/2592 1710/3425/3101 1439/3427/2588
f 1922/3428/3102 1905/3429/3088 1924/3430/3103
f 1924/3430/3103 1905/3429/3088 1911/3431/3090
f 1924/3430/3103 1911/3431/3090 1923/3432/3104
f 1923/3432/3104 1911/3431/3090 1910/3433/3093
f 1923/3432/3104 1910/3433/3093 1927/3434/3105
f 1927/3434/3105 1910/3433/3093 1926/3435/3106
f 1927/3434/3105 1926/3435/3106 1932/3436/3107
f 1932/3436/3107 1926/3435/3106 1931/3437/3108
f 1932/3436/3107 1931/3437/3108 1937/3438/3109
f 1937/3438/3109 1931/3437/3108 1936/3439/3110
f 1937/3438/3109 1936/3439/3110 1941/3440/3111
f 1941/3440/3111 1936/3439/3110 1940/3441/3112
f 1941/3440/3111 1940/3441/3112 1915/3442/3113
f 1915/3442/3113 1940/3441/3112 1914/3443/3114
f 1914/3443/3114 1940/3441/3112 1939/3444/3115
f 1914/3443/3114 1939/3444/3115 1913/3445/3116
f 1913/3445/3116 1939/3444/3115 1935/3446/3117
f 1913/3445/3116 1935/3446/3117 1934/3447/3118
f 1934/3447/3118 1935/3446/3117 1929/3448/3119
f 1934/3447/3118 1929/3448/3119 1438/3449/2592
f 1438/3449/2592 1929/3448/3119 1907/3450/3100
f 1907/3450/3100 1929/3448/3119 1908/3451/3098
f 1908/3451/3098 1929/3448/3119 1930/3452/3120
f 1908/3451/3098 1930/3452/3120 1925/3453/3121
f 1925/3453/3121 1930/3452/3120 1931/3437/3108
f 1925/3453/3121 1931/3437/3108 1926/3435/3106
f 1910/3433/3093 1909/3454/3095 1926/3435/3106
f 1926/3435/3106 1909/3454/3095 1925/3453/3121
f 1909/3454/3095 1908/3451/3098 1925/3453/3121
f 1438/3449/2592 1912/3455/3122 1934/3447/3118
f 1934/3447/3118 1912/3455/3122 1913/3445/3116
f 1941/3440/3111 1915/3442/3113 1943/3456/3123
f 1943/3456/3123 1915/3442/3113 1916/3457/3124
f 1943/3456/3123 1916/3457/3124 1944/3458/3125
f 1944/3458/3125 1916/3457/3124 1917/3459/3126
f 1944/3458/3125 1917/3459/3126 1918/3460/3127
f 1944/3458/3125 1918/3460/3127 1942/3461/3128
f 1942/3461/3128 1918/3460/3127 1919/3462/3129
f 1942/3461/3128 1919/3462/3129 1938/3463/3130
f 1938/3463/3130 1919/3462/3129 1920/3464/3131
f 1938/3463/3130 1920/3464/3131 1933/3465/3132
f 1933/3465/3132 1920/3464/3131 1921/3466/3133
f 1933/3465/3132 1921/3466/3133 1928/3467/3134
f 1928/3467/3134 1921/3466/3133 1922/3428/3102
f 1928/3467/3134 1922/3428/3102 1924/3430/3103
f 1928/3467/3134 1924/3430/3103 1923/3432/3104
f 1933/3465/3132 1928/3467/3134 1927/3434/3105
f 1927/3434/3105 1928/3467/3134 1923/3432/3104
f 1933/3465/3132 1927/3434/3105 1932/3436/3107
f 1936/3439/3110 1931/3437/3108 1930/3452/3120
f 1936/3439/3110 1930/3452/3120 1935/3446/3117
f 1935/3446/3117 1930/3452/3120 1929/3448/3119
f 1938/3463/3130 1933/3465/3132 1932/3436/3107
f 1938/3463/3130 1932/3436/3107 1937/3438/3109
f 1940/3441/3112 1936/3439/3110 1935/3446/3117
f 1939/3444/3115 1940/3441/3112 1935/3446/3117
f 1942/3461/3128 1938/3463/3130 1937/3438/3109
f 1942/3461/3128 1937/3438/3109 1941/3440/3111
f 1944/3458/3125 1942/3461/3128 1941/3440/3111
f 1943/3456/3123 1944/3458/3125 1941/3440/3111
f 1437/3468/2586 1436/3469/2591 1946/3470/3135
f 1946/3470/3135 1436/3469/2591 1848/3471/3018
f 1946/3470/3135 1848/3471/3018 1950/3472/3136
f 1950/3472/3136 1848/3471/3018 1847/3473/3019
f 1950/3472/3136 1847/3473/3019 1954/3474/3137
f 1954/3474/3137 1847/3473/3019 1846/3475/3042
f 1954/3474/3137 1846/3475/3042 1958/3476/3138
f 1958/3476/3138 1846/3475/3042 1845/3477/3041
f 1958/3476/3138 1845/3477/3041 1962/3478/3139
f 1962/3478/3139 1845/3477/3041 1844/3479/3039
f 1962/3478/3139 1844/3479/3039 1786/3480/2970
f 1786/3480/2970 1945/3481/3140 1962/3478/3139
f 1962/3478/3139 1945/3481/3140 1963/3482/3141
f 1962/3478/3139 1963/3482/3141 1958/3476/3138
f 1958/3476/3138 1963/3482/3141 1959/3483/3142
f 1958/3476/3138 1959/3483/3142 1954/3474/3137
f 1954/3474/3137 1959/3483/3142 1955/3484/3143
f 1954/3474/3137 1955/3484/3143 1950/3472/3136
f 1950/3472/3136 1955/3484/3143 1951/3485/3144
f 1950/3472/3136 1951/3485/3144 1946/3470/3135
f 1946/3470/3135 1951/3485/3144 1947/3486/3145
f 1946/3470/3135 1947/3486/3145 1437/3468/2586
f 1437/3468/2586 1947/3486/3145 1948/3487/3146
f 1437/3468/2586 1948/3487/3146 1949/3488/3147
f 1949/3488/3147 1948/3487/3146 1953/3489/3148
f 1949/3488/3147 1953/3489/3148 1913/3490/3116
f 1913/3490/3116 1953/3489/3148 1914/3491/3114
f 1914/3491/3114 1953/3489/3148 1957/3492/3149
f 1914/3491/3114 1957/3492/3149 1915/3493/3113
f 1915/3493/3113 1957/3492/3149 1961/3494/3150
f 1915/3493/3113 1961/3494/3150 1916/3495/3124
f 1916/3495/3124 1961/3494/3150 1965/3496/3151
f 1916/3495/3124 1965/3496/3151 1917/3497/3126
f 1917/3497/3126 1965/3496/3151 1945/3481/3140
f 1945/3481/3140 1965/3496/3151 1964/3498/3152
f 1945/3481/3140 1964/3498/3152 1963/3482/3141
f 1963/3482/3141 1964/3498/3152 1959/3483/3142
f 1913/3490/3116 1912/3499/3122 1949/3488/3147
f 1949/3488/3147 1912/3499/3122 1438/3500/2592
f 1949/3488/3147 1438/3500/2592 1437/3468/2586
f 1948/3487/3146 1947/3486/3145 1952/3501/3153
f 1952/3501/3153 1947/3486/3145 1951/3485/3144
f 1952/3501/3153 1951/3485/3144 1956/3502/3154
f 1956/3502/3154 1951/3485/3144 1955/3484/3143
f 1956/3502/3154 1955/3484/3143 1960/3503/3155
f 1960/3503/3155 1955/3484/3143 1959/3483/3142
f 1960/3503/3155 1959/3483/3142 1964/3498/3152
f 1957/3492/3149 1953/3489/3148 1952/3501/3153
f 1952/3501/3153 1953/3489/3148 1948/3487/3146
f 1957/3492/3149 1952/3501/3153 1956/3502/3154
f 1961/3494/3150 1957/3492/3149 1956/3502/3154
f 1961/3494/3150 1956/3502/3154 1960/3503/3155
f 1965/3496/3151 1961/3494/3150 1960/3503/3155
f 1965/3496/3151 1960/3503/3155 1964/3498/3152
f 1774/3504/3156 1549/3505/3157 1546/3506/3158
f 1546/3506/3158 1549/3505/3157 1548/3507/3159
f 1546/3506/3158 1548/3507/3159 1547/3508/3160
f 1966/3509/3161 1967/3510/3162 1546/3506/3158
f 1546/3506/3158 1967/3510/3162 1774/3504/3156
f 1544/3511/3163 1543/3512/3164 1545/3513/3165
f 1545/3513/3165 1543/3512/3164 1542/3514/3166
f 1545/3513/3165 1542/3514/3166 1968/3515/3167
f 1968/3515/3167 1969/3516/3168 1545/3513/3165
f 1545/3513/3165 1969/3516/3168 1970/3517/3169
f 1968/3518/3170 1542/3519/3171 1972/3520/3172
f 1972/3520/3172 1542/3519/3171 1500/3521/3173
f 1972/3520/3172 1500/3521/3173 1971/3522/3174
f 1972/3520/3172 1973/3523/3175 1968/3518/3170
f 1971/3524/3176 1500/3525/3177 1497/3526/3178
f 1497/3526/3178 1500/3525/3177 1499/3527/3179
f 1497/3526/3178 1499/3527/3179 1498/3528/3180
f 1537/3529/3181 1974/3530/3182 1497/3526/3178
f 1497/3526/3178 1974/3530/3182 1971/3524/3176
f 1546/3531/2714 1545/3532/2715 1966/3533/3183
f 1966/3533/3183 1545/3532/2715 1970/3534/3184
f 1975/3535/3185 1817/3536/2999 1976/3537/3186
f 1976/3537/3186 1817/3536/2999 1881/3538/3069
f 1976/3537/3186 1881/3538/3069 1980/3539/3187
f 1980/3539/3187 1881/3538/3069 1880/3540/3068
f 1980/3539/3187 1880/3540/3068 1984/3541/3188
f 1984/3541/3188 1880/3540/3068 1879/3542/3082
f 1984/3541/3188 1879/3542/3082 1988/3543/3189
f 1988/3543/3189 1879/3542/3082 1878/3544/3080
f 1988/3543/3189 1878/3544/3080 1992/3545/3190
f 1992/3545/3190 1878/3544/3080 1877/3546/3076
f 1992/3545/3190 1877/3546/3076 1871/3547/3057
f 1871/3547/3057 1906/3548/3086 1992/3545/3190
f 1992/3545/3190 1906/3548/3086 1993/3549/3191
f 1992/3545/3190 1993/3549/3191 1988/3543/3189
f 1988/3543/3189 1993/3549/3191 1989/3550/3192
f 1988/3543/3189 1989/3550/3192 1984/3541/3188
f 1984/3541/3188 1989/3550/3192 1985/3551/3193
f 1984/3541/3188 1985/3551/3193 1980/3539/3187
f 1980/3539/3187 1985/3551/3193 1981/3552/3194
f 1980/3539/3187 1981/3552/3194 1976/3537/3186
f 1976/3537/3186 1981/3552/3194 1977/3553/3195
f 1976/3537/3186 1977/3553/3195 1975/3535/3185
f 1975/3535/3185 1977/3553/3195 1978/3554/3196
f 1975/3535/3185 1978/3554/3196 1979/3555/3197
f 1979/3555/3197 1978/3554/3196 1983/3556/3198
f 1979/3555/3197 1983/3556/3198 1919/3557/3129
f 1919/3557/3129 1983/3556/3198 1920/3558/3131
f 1920/3558/3131 1983/3556/3198 1987/3559/3199
f 1920/3558/3131 1987/3559/3199 1921/3560/3133
f 1921/3560/3133 1987/3559/3199 1991/3561/3200
f 1921/3560/3133 1991/3561/3200 1922/3562/3102
f 1922/3562/3102 1991/3561/3200 1995/3563/3201
f 1922/3562/3102 1995/3563/3201 1905/3564/3088
f 1905/3564/3088 1995/3563/3201 1906/3548/3086
f 1906/3548/3086 1995/3563/3201 1994/3565/3202
f 1906/3548/3086 1994/3565/3202 1993/3549/3191
f 1993/3549/3191 1994/3565/3202 1989/3550/3192
f 1919/3557/3129 1918/3566/3127 1979/3555/3197
f 1979/3555/3197 1918/3566/3127 1917/3567/3126
f 1979/3555/3197 1917/3567/3126 1975/3535/3185
f 1978/3554/3196 1977/3553/3195 1982/3568/3203
f 1982/3568/3203 1977/3553/3195 1981/3552/3194
f 1982/3568/3203 1981/3552/3194 1986/3569/3204
f 1986/3569/3204 1981/3552/3194 1985/3551/3193
f 1986/3569/3204 1985/3551/3193 1990/3570/3205
f 1990/3570/3205 1985/3551/3193 1989/3550/3192
f 1990/3570/3205 1989/3550/3192 1994/3565/3202
f 1987/3559/3199 1983/3556/3198 1982/3568/3203
f 1982/3568/3203 1983/3556/3198 1978/3554/3196
f 1987/3559/3199 1982/3568/3203 1986/3569/3204
f 1991/3561/3200 1987/3559/3199 1986/3569/3204
f 1991/3561/3200 1986/3569/3204 1990/3570/3205
f 1995/3563/3201 1991/3561/3200 1990/3570/3205
f 1995/3563/3201 1990/3570/3205 1994/3565/3202
f 1997/3571/3206 2019/3572/3207 1996/3573/3208
f 1996/3573/3208 2019/3572/3207 2014/3574/3209
f 1996/3573/3208 2014/3574/3209 2001/3575/3210
f 2001/3575/3210 2014/3574/3209 2034/3576/3211
f 2001/3575/3210 2034/3576/3211 2000/3577/3212
f 2000/3577/3212 2034/3576/3211 2035/3578/3213
f 2000/3577/3212 2035/3578/3213 2030/3579/3214
f 2030/3579/3214 2035/3578/3213 2036/3580/3215
f 2030/3579/3214 2036/3580/3215 2029/3581/3216
f 2029/3581/3216 2036/3580/3215 2013/3582/3217
f 2029/3581/3216 2013/3582/3217 2028/3583/3218
f 2028/3583/3218 2013/3582/3217 2008/3584/3219
f 2028/3583/3218 2008/3584/3219 2027/3585/3220
f 2027/3585/3220 2008/3584/3219 2009/3586/3221
f 2027/3585/3220 2009/3586/3221 1818/3587/2976
f 1818/3587/2976 2009/3586/3221 1785/3588/2954
f 1818/3587/2976 1785/3588/2954 1743/3589/2911
f 1998/3590/3222 1975/3591/3185 1997/3571/3206
f 1997/3571/3206 1975/3591/3185 1917/3592/3126
f 1997/3571/3206 1917/3592/3126 2018/3593/3223
f 2018/3593/3223 1917/3592/3126 2017/3594/3224
f 2017/3594/3224 1917/3592/3126 1945/3595/3140
f 2017/3594/3224 1945/3595/3140 2025/3596/3225
f 2025/3596/3225 1945/3595/3140 2024/3597/3226
f 2024/3597/3226 1945/3595/3140 2007/3598/3227
f 2024/3597/3226 2007/3598/3227 2002/3599/3228
f 1999/3600/3229 2026/3601/3230 1998/3590/3222
f 1998/3590/3222 2026/3601/3230 1818/3587/2976
f 1998/3590/3222 1818/3587/2976 1975/3591/3185
f 1975/3591/3185 1818/3587/2976 1817/3602/2999
f 2026/3601/3230 1999/3600/3229 2031/3603/3231
f 2031/3603/3231 1999/3600/3229 2000/3577/3212
f 2031/3603/3231 2000/3577/3212 2030/3579/3214
f 2024/3597/3226 2002/3599/3228 2023/3604/3232
f 2023/3604/3232 2002/3599/3228 2003/3605/3233
f 2023/3604/3232 2003/3605/3233 2022/3606/3234
f 2022/3606/3234 2003/3605/3233 2032/3607/3235
f 2022/3606/3234 2032/3607/3235 2021/3608/3236
f 2021/3608/3236 2032/3607/3235 2033/3609/3237
f 2021/3608/3236 2033/3609/3237 2015/3610/3238
f 2015/3610/3238 2033/3609/3237 2034/3576/3211
f 2015/3610/3238 2034/3576/3211 2014/3574/3209
f 2032/3607/3235 2003/3605/3233 2037/3611/3239
f 2037/3611/3239 2003/3605/3233 2004/3612/3240
f 2037/3611/3239 2004/3612/3240 2012/3613/3241
f 2012/3613/3241 2004/3612/3240 2005/3614/3242
f 2012/3613/3241 2005/3614/3242 2011/3615/3243
f 2011/3615/3243 2005/3614/3242 2010/3616/3244
f 2010/3616/3244 2005/3614/3242 2006/3617/3245
f 2010/3616/3244 2006/3617/3245 1786/3618/2970
f 1786/3618/2970 2006/3617/3245 2007/3598/3227
f 1786/3618/2970 2007/3598/3227 1945/3595/3140
f 2009/3586/3221 2010/3616/3244 1785/3588/2954
f 1785/3588/2954 2010/3616/3244 1786/3618/2970
f 2012/3613/3241 2013/3582/3217 2037/3611/3239
f 2037/3611/3239 2013/3582/3217 2036/3580/3215
f 2021/3608/3236 2015/3610/3238 2020/3619/3246
f 2020/3619/3246 2015/3610/3238 2016/3620/3247
f 2020/3619/3246 2016/3620/3247 2025/3596/3225
f 2025/3596/3225 2016/3620/3247 2017/3594/3224
f 2018/3593/3223 2019/3572/3207 1997/3571/3206
f 2026/3601/3230 2027/3585/3220 1818/3587/2976
f 2033/3621/3248 2032/3622/3249 2039/3623/3250
f 2039/3623/3250 2032/3622/3249 2038/3624/3251
f 2032/3625/3252 2037/3626/3253 2038/3627/3254
f 2038/3627/3254 2037/3626/3253 2040/3628/3255
f 2037/3629/3256 2036/3630/3257 2040/3631/3258
f 2040/3631/3258 2036/3630/3257 2041/3632/3259
f 2036/3633/3260 2035/3634/3261 2041/3635/3262
f 2041/3635/3262 2035/3634/3261 2042/3636/3263
f 2035/3637/3264 2034/3638/3265 2042/3639/3266
f 2042/3639/3266 2034/3638/3265 2043/3640/3267
f 2034/3641/3268 2033/3642/3269 2043/3643/3270
f 2043/3643/3270 2033/3642/3269 2039/3644/3271
f 2027/3645/3272 2026/3646/3273 2045/3647/3274
f 2045/3647/3274 2026/3646/3273 2044/3648/3275
f 2026/3649/3276 2031/3650/3277 2044/3651/3278
f 2044/3651/3278 2031/3650/3277 2046/3652/3279
f 2031/3653/3280 2030/3654/3281 2046/3655/3282
f 2046/3655/3282 2030/3654/3281 2047/3656/3283
f 2030/3657/3284 2029/3658/3285 2047/3659/3286
f 2047/3659/3286 2029/3658/3285 2048/3660/3287
f 2029/3661/3288 2028/3662/3289 2048/3663/3290
f 2048/3663/3290 2028/3662/3289 2049/3664/3291
f 2028/3665/3292 2027/3666/3293 2049/3667/3294
f 2049/3667/3294 2027/3666/3293 2045/3668/3295
f 2021/3669/3296 2020/3670/3297 2051/3671/3298
f 2051/3671/3298 2020/3670/3297 2050/3672/3299
f 2020/3673/3300 2025/3674/3301 2050/3675/3302
f 2050/3675/3302 2025/3674/3301 2052/3676/3303
f 2025/3677/3304 2024/3678/3305 2052/3679/3306
f 2052/3679/3306 2024/3678/3305 2053/3680/3307
f 2024/3681/3308 2023/3682/3309 2053/3683/3310
f 2053/3683/3310 2023/3682/3309 2054/3684/3311
f 2023/3685/3312 2022/3686/3313 2054/3687/3314
f 2054/3687/3314 2022/3686/3313 2055/3688/3315
f 2022/3689/3316 2021/3690/3317 2055/3691/3318
f 2055/3691/3318 2021/3690/3317 2051/3692/3319
f 2015/3693/3320 2014/3694/3321 2057/3695/3322
f 2057/3695/3322 2014/3694/3321 2056/3696/3323
f 2014/3697/3324 2019/3698/3325 2056/3699/3326
f 2056/3699/3326 2019/3698/3325 2058/3700/3327
f 2019/3701/3328 2018/3702/3329 2058/3703/3330
f 2058/3703/3330 2018/3702/3329 2059/3704/3331
f 2018/3705/3332 2017/3706/3333 2059/3707/3334
f 2059/3707/3334 2017/3706/3333 2060/3708/3335
f 2017/3709/3336 2016/3710/3337 2060/3711/3338
f 2060/3711/3338 2016/3710/3337 2061/3712/3339
f 2016/3713/3340 2015/3714/3341 2061/3715/3342
f 2061/3715/3342 2015/3714/3341 2057/3716/3343
f 2009/3717/3344 2008/3718/3345 2063/3719/3346
f 2063/3719/3346 2008/3718/3345 2062/3720/3347
f 2008/3721/3348 2013/3722/3349 2062/3723/3350
f 2062/3723/3350 2013/3722/3349 2064/3724/3351
f 2013/3725/3352 2012/3726/3353 2064/3727/3354
f 2064/3727/3354 2012/3726/3353 2065/3728/3355
f 2012/3729/3356 2011/3730/3357 2065/3731/3358
f 2065/3731/3358 2011/3730/3357 2066/3732/3359
f 2011/3733/3360 2010/3734/3361 2066/3735/3362
f 2066/3735/3362 2010/3734/3361 2067/3736/3363
f 2010/3737/3364 2009/3738/3365 2067/3739/3366
f 2067/3739/3366 2009/3738/3365 2063/3740/3367
f 2003/3741/3368 2002/3742/3369 2069/3743/3370
f 2069/3743/3370 2002/3742/3369 2068/3744/3371
f 2002/3745/3372 2007/3746/3373 2068/3747/3374
f 2068/3747/3374 2007/3746/3373 2070/3748/3375
f 2007/3749/3376 2006/3750/3377 2070/3751/3378
f 2070/3751/3378 2006/3750/3377 2071/3752/3379
f 2006/3753/3380 2005/3754/3381 2071/3755/3382
f 2071/3755/3382 2005/3754/3381 2072/3756/3383
f 2005/3757/3384 2004/3758/3385 2072/3759/3386
f 2072/3759/3386 2004/3758/3385 2073/3760/3387
f 2004/3761/3388 2003/3762/3389 2073/3763/3390
f 2073/3763/3390 2003/3762/3389 2069/3764/3391
f 1997/3765/3392 1996/3766/3393 2075/3767/3394
f 2075/3767/3394 1996/3766/3393 2074/3768/3395
f 1996/3769/3396 2001/3770/3397 2074/3771/3398
f 2074/3771/3398 2001/3770/3397 2076/3772/3399
f 2001/3773/3400 2000/3774/3401 2076/3775/3402
f 2076/3775/3402 2000/3774/3401 2077/3776/3403
f 2000/3777/3404 1999/3778/3405 2077/3779/3406
f 2077/3779/3406 1999/3778/3405 2078/3780/3407
f 1999/3781/3408 1998/3782/3409 2078/3783/3410
f 2078/3783/3410 1998/3782/3409 2079/3784/3411
f 1998/3785/3412 1997/3786/3413 2079/3787/3414
f 2079/3787/3414 1997/3786/3413 2075/3788/3415
f 2038/3789/3416 2051/3790/3417 2039/3791/3418
f 2039/3791/3418 2051/3790/3417 2057/3792/3419
f 2039/3791/3418 2057/3792/3419 2043/3793/3420
f 2043/3793/3420 2057/3792/3419 2056/3794/3421
f 2043/3793/3420 2056/3794/3421 2076/3795/3422
f 2076/3795/3422 2056/3794/3421 2058/3796/3423
f 2076/3795/3422 2058/3796/3423 2074/3797/3424
f 2074/3797/3424 2058/3796/3423 2075/3798/3425
f 2075/3798/3425 2058/3796/3423 2059/3799/3426
f 2075/3798/3425 2059/3799/3426 2082/3800/3427
f 2082/3800/3427 2059/3799/3426 2060/3801/3428
f 2082/3800/3427 2060/3801/3428 2081/3802/3429
f 2081/3802/3429 2060/3801/3428 2052/3803/3430
f 2081/3802/3429 2052/3803/3430 2053/3804/3431
f 2040/3805/3432 2069/3806/3433 2038/3789/3416
f 2038/3789/3416 2069/3806/3433 2055/3807/3434
f 2038/3789/3416 2055/3807/3434 2051/3790/3417
f 2041/3808/3435 2064/3809/3436 2040/3805/3432
f 2040/3805/3432 2064/3809/3436 2065/3810/3437
f 2040/3805/3432 2065/3810/3437 2073/3811/3438
f 2073/3811/3438 2065/3810/3437 2066/3812/3439
f 2073/3811/3438 2066/3812/3439 2072/3813/3440
f 2072/3813/3440 2066/3812/3439 2067/3814/3441
f 2072/3813/3440 2067/3814/3441 2071/3815/3442
f 2071/3815/3442 2067/3814/3441 2080/3816/3443
f 2071/3815/3442 2080/3816/3443 2070/3817/3444
f 2070/3817/3444 2080/3816/3443 2081/3802/3429
f 2070/3817/3444 2081/3802/3429 2053/3804/3431
f 2064/3809/3436 2041/3808/3435 2048/3818/3445
f 2048/3818/3445 2041/3808/3435 2042/3819/3446
f 2048/3818/3445 2042/3819/3446 2047/3820/3447
f 2047/3820/3447 2042/3819/3446 2077/3821/3448
f 2047/3820/3447 2077/3821/3448 2046/3822/3449
f 2046/3822/3449 2077/3821/3448 2078/3823/3450
f 2046/3822/3449 2078/3823/3450 2044/3824/3451
f 2044/3824/3451 2078/3823/3450 2079/3825/3452
f 2044/3824/3451 2079/3825/3452 2085/3826/3453
f 2085/3826/3453 2079/3825/3452 2083/3827/3454
f 2085/3826/3453 2083/3827/3454 2084/3828/3455
f 2042/3819/3446 2043/3793/3420 2077/3821/3448
f 2077/3821/3448 2043/3793/3420 2076/3795/3422
f 2044/3824/3451 2085/3826/3453 2045/3829/3456
f 2045/3829/3456 2085/3826/3453 2063/3830/3457
f 2045/3829/3456 2063/3830/3457 2062/3831/3458
f 2048/3818/3445 2049/3832/3459 2064/3809/3436
f 2064/3809/3436 2049/3832/3459 2062/3831/3458
f 2062/3831/3458 2049/3832/3459 2045/3829/3456
f 2051/3790/3417 2050/3833/3460 2057/3792/3419
f 2057/3792/3419 2050/3833/3460 2061/3834/3461
f 2061/3834/3461 2050/3833/3460 2052/3803/3430
f 2061/3834/3461 2052/3803/3430 2060/3801/3428
f 2070/3817/3444 2053/3804/3431 2068/3835/3462
f 2068/3835/3462 2053/3804/3431 2054/3836/3463
f 2068/3835/3462 2054/3836/3463 2069/3806/3433
f 2069/3806/3433 2054/3836/3463 2055/3807/3434
f 2080/3816/3443 2067/3814/3441 2087/3837/3464
f 2087/3837/3464 2067/3814/3441 2063/3830/3457
f 2087/3837/3464 2063/3830/3457 2085/3826/3453
f 2073/3811/3438 2069/3806/3433 2040/3805/3432
f 2079/3825/3452 2075/3798/3425 2083/3827/3454
f 2083/3827/3454 2075/3798/3425 2082/3800/3427
f 2085/3826/3453 2086/3838/3465 2087/3837/3464
f 2084/3839/3466 2083/3840/3467 2090/3841/3468
f 2090/3841/3468 2083/3840/3467 2089/3842/3469
f 2089/3842/3469 2083/3840/3467 2082/3843/3470
f 2089/3842/3469 2082/3843/3470 2088/3844/3471
f 2082/3845/3472 2081/3846/3473 2088/3847/3474
f 2088/3847/3474 2081/3846/3473 2093/3848/3475
f 2088/3847/3474 2093/3848/3475 2094/3849/3476
f 2080/3850/3477 1778/3851/3478 2081/3846/3473
f 2081/3846/3473 1778/3851/3478 2092/3852/3479
f 2081/3846/3473 2092/3852/3479 2093/3848/3475
f 1777/3853/3480 2091/3854/3481 1778/3851/3478
f 1778/3851/3478 2091/3854/3481 2092/3852/3479
f 2094/3849/3476 2095/3855/3482 2088/3847/3474
f 1470/3856/2637 1557/3857/2716 1471/3858/2612
f 1471/3858/2612 1557/3857/2716 1784/3859/3483
f 1471/3858/2612 1784/3859/3483 1400/3860/2572
f 1400/3860/2572 1784/3859/3483 1444/3861/2611
f 1649/3862/2816 1718/3863/2877 1650/3864/2791
f 1650/3864/2791 1718/3863/2877 1904/3865/3484
f 1650/3864/2791 1904/3865/3484 1580/3866/2752
f 1580/3866/2752 1904/3865/3484 1623/3867/2790
f 2096/3868/3485 2097/3869/3486 1539/3870/3487
f 1539/3870/3487 2097/3869/3486 1540/3871/3488
f 2098/3872/3489 2096/3873/3490 1538/3874/3491
f 1538/3874/3491 2096/3873/3490 1539/3875/3492
f 2097/3876/3493 2099/3877/3494 1540/3878/3495
f 1540/3878/3495 2099/3877/3494 1541/3879/3496
f 2099/3880/3497 2097/3881/3498 2100/3882/3499
f 2100/3882/3499 2097/3881/3498 1775/3883/3500
f 1775/3883/3500 2097/3881/3498 2096/3884/3501
f 1775/3883/3500 2096/3884/3501 1776/3885/3502
f 1776/3885/3502 2096/3884/3501 2091/3886/3503
f 1776/3885/3502 2091/3886/3503 1777/3887/3504
f 2096/3884/3501 2098/3888/3505 2091/3886/3503
f 1433/3889/3506 2091/3890/3507 1434/3891/3508
f 1434/3891/3508 2091/3890/3507 2098/3892/3509
f 1434/3891/3508 2098/3892/3509 1538/3893/3510
f 1433/3889/3506 1432/3894/3511 2091/3890/3507
f 2091/3890/3507 1432/3894/3511 1431/3895/3512
f 2091/3890/3507 1431/3895/3512 1430/3896/3513
f 1430/3896/3513 1429/3897/3514 2091/3890/3507
f 2091/3890/3507 1429/3897/3514 1428/3898/3515
f 2091/3890/3507 1428/3898/3515 1443/3899/3516
f 2091/3890/3507 1443/3899/3516 2092/3900/3517
f 2092/3900/3517 1443/3899/3516 1442/3901/3518
f 2092/3900/3517 1442/3901/3518 2093/3902/3519
f 2093/3902/3519 1442/3901/3518 1441/3903/3520
f 2093/3902/3519 1441/3903/3520 2094/3904/3521
f 2094/3904/3521 1441/3903/3520 1708/3905/3522
f 2094/3904/3521 1708/3905/3522 1707/3906/3523
f 1707/3906/3523 1706/3907/3524 2094/3904/3521
f 2094/3904/3521 1706/3907/3524 1705/3908/3525
f 2094/3904/3521 1705/3908/3525 1704/3909/3526
f 1704/3909/3526 1703/3910/3527 2094/3904/3521
f 2094/3904/3521 1703/3910/3527 2104/3911/3528
f 2104/3911/3528 1703/3910/3527 1709/3912/3529
f 2104/3911/3528 1709/3912/3529 2103/3913/3530
f 2103/3913/3530 1709/3912/3529 1614/3914/3531
f 2103/3913/3530 1614/3914/3531 1613/3915/3532
f 1613/3915/3532 1612/3916/3533 2103/3913/3530
f 2103/3913/3530 1612/3916/3533 1611/3917/3534
f 2103/3913/3530 1611/3917/3534 1610/3918/3535
f 1610/3918/3535 1609/3919/3536 2103/3913/3530
f 2103/3913/3530 1609/3919/3536 1608/3920/3537
f 2103/3913/3530 1608/3920/3537 1622/3921/3538
f 1621/3922/3539 2101/3923/3540 1622/3921/3538
f 1622/3921/3538 2101/3923/3540 2102/3924/3541
f 1622/3921/3538 2102/3924/3541 2103/3913/3530
f 1771/3925/3542 1781/3926/3543 1729/3927/3544
f 1729/3927/3544 1781/3926/3543 1620/3928/3545
f 1729/3927/3544 1620/3928/3545 1730/3929/3546
f 1730/3929/3546 1620/3928/3545 1731/3930/3547
f 1781/3926/3543 2101/3931/3548 1620/3928/3545
f 1620/3928/3545 2101/3931/3548 1621/3932/3549
f 2086/3933/3550 2085/3934/3551 1780/3935/3552
f 1780/3935/3552 2085/3934/3551 2102/3936/3553
f 1780/3935/3552 2102/3936/3553 2101/3937/3554
f 2084/3938/3555 2090/3939/3556 2085/3934/3551
f 2085/3934/3551 2090/3939/3556 2102/3936/3553
f 2105/3940/3557 2103/3941/3558 2090/3939/3556
f 2090/3939/3556 2103/3941/3558 2102/3936/3553
f 2101/3937/3554 1781/3942/3559 1780/3935/3552
f 1967/3943/3560 1968/3944/3561 1774/3945/3562
f 1774/3945/3562 1968/3944/3561 1973/3946/3563
f 1774/3945/3562 1973/3946/3563 1775/3947/3564
f 1775/3947/3564 1973/3946/3563 2100/3948/3565
f 2100/3948/3565 1973/3946/3563 2106/3949/3566
f 1967/3943/3560 1969/3950/3567 1968/3944/3561
f 1536/3951/3568 1535/3952/3569 1537/3953/3570
f 1537/3953/3570 1535/3952/3569 1974/3954/3571
f 1974/3954/3571 1535/3952/3569 1534/3955/3572
f 1974/3954/3571 1534/3955/3572 1533/3956/3573
f 1533/3956/3573 1532/3957/3574 1974/3954/3571
f 1974/3954/3571 1532/3957/3574 2100/3958/3575
f 1974/3954/3571 2100/3958/3575 2106/3959/3576
f 1532/3957/3574 1531/3960/3577 2100/3958/3575
f 2100/3958/3575 1531/3960/3577 2099/3961/3578
f 2099/3961/3578 1531/3960/3577 1541/3962/3579
f 2106/3959/3576 2107/3963/3580 1974/3954/3571
f 1974/3964/3581 2107/3965/3582 1971/3966/3583
f 1971/3966/3583 2107/3965/3582 1972/3967/3584
f 2107/3968/3585 2106/3969/3586 1972/3970/3587
f 1972/3970/3587 2106/3969/3586 1973/3971/3588
f 1966/3972/3589 1970/3973/3590 1967/3974/3591
f 1967/3974/3591 1970/3973/3590 1969/3975/3592
f 2080/3976/3593 2087/3977/3594 1778/3978/3595
f 1778/3978/3595 2087/3977/3594 1779/3979/3596
f 1779/3979/3596 2087/3977/3594 2086/3980/3597
f 1779/3979/3596 2086/3980/3597 1780/3981/3598
f 2105/3982/3599 2108/3983/3600 2103/3984/3601
f 2103/3984/3601 2108/3983/3600 2104/3985/3602
f 2104/3985/3602 2108/3983/3600 2095/3986/3603
f 2104/3985/3602 2095/3986/3603 2094/3987/3604
f 2088/3988/3605 2095/3989/3606 2089/3990/3607
f 2089/3990/3607 2095/3989/3606 2108/3991/3608
f 2089/3990/3607 2108/3991/3608 2090/3992/3609
f 2090/3992/3609 2108/3991/3608 2105/3993/3610
g Body1:2

v 2.050000 -7.500000 0.950000
v 2.058647 -7.587791 0.950000
v 2.084254 -7.672208 0.950000
v 2.125839 -7.750007 0.950000
v 2.181802 -7.818198 0.950000
v 2.249993 -7.874161 0.950000
v 2.327792 -7.915746 0.950000
v 2.412209 -7.941353 0.950000
v 2.500000 -7.950000 0.950000
v 2.587791 -7.941353 0.950000
v 2.672208 -7.915746 0.950000
v 2.750007 -7.874161 0.950000
v 2.818198 -7.818198 0.950000
v 2.874161 -7.750007 0.950000
v 2.915746 -7.672208 0.950000
v 2.941353 -7.587791 0.950000
v 2.950000 -7.500000 0.950000
v 2.941353 -7.412209 0.950000
v 2.915746 -7.327792 0.950000
v 2.874161 -7.249993 0.950000
v 2.818198 -7.181802 0.950000
v 2.750007 -7.125839 0.950000
v 2.672208 -7.084254 0.950000
v 2.587791 -7.058647 0.950000
v 2.500000 -7.050000 0.950000
v 2.412209 -7.058647 0.950000
v 2.327792 -7.084254 0.950000
v 2.249993 -7.125839 0.950000
v 2.181802 -7.181802 0.950000
v 2.125839 -7.249993 0.950000
v 2.084254 -7.327792 0.950000
v 2.058647 -7.412209 0.950000
v 2.200000 -7.500000 1.100000
v 2.208717 -7.428205 1.100000
v 2.234363 -7.360583 1.100000
v 2.275447 -7.301063 1.100000
v 2.329581 -7.253105 1.100000
v 2.393619 -7.219495 1.100000
v 2.463839 -7.202187 1.100000
v 2.536161 -7.202187 1.100000
v 2.606381 -7.219495 1.100000
v 2.670419 -7.253105 1.100000
v 2.724553 -7.301063 1.100000
v 2.765637 -7.360583 1.100000
v 2.791283 -7.428205 1.100000
v 2.800000 -7.500000 1.100000
v 2.791283 -7.571795 1.100000
v 2.765637 -7.639417 1.100000
v 2.724553 -7.698937 1.100000
v 2.670419 -7.746895 1.100000
v 2.606381 -7.780505 1.100000
v 2.536161 -7.797813 1.100000
v 2.463839 -7.797813 1.100000
v 2.393619 -7.780505 1.100000
v 2.329581 -7.746895 1.100000
v 2.275447 -7.698937 1.100000
v 2.234363 -7.639417 1.100000
v 2.208717 -7.571795 1.100000
v 2.055111 -7.500000 0.988823
v 2.070096 -7.500000 1.025000
v 2.093934 -7.500000 1.056066
v 2.125000 -7.500000 1.079904
v 2.161177 -7.500000 1.094889
v 2.370338 -7.813032 1.094889
v 2.629662 -7.813032 1.094889
v 2.629662 -7.186968 1.094889
v 2.370338 -7.186968 1.094889
v 2.063660 -7.586794 0.988823
v 2.078357 -7.583870 1.025000
v 2.101736 -7.579220 1.056066
v 2.132206 -7.573159 1.079904
v 2.167688 -7.566101 1.094889
v 2.088976 -7.670252 0.988823
v 2.102821 -7.664517 1.025000
v 2.124844 -7.655395 1.056066
v 2.153545 -7.643506 1.079904
v 2.186968 -7.629662 1.094889
v 2.130088 -7.747167 0.988823
v 2.142548 -7.738842 1.025000
v 2.162368 -7.725598 1.056066
v 2.188199 -7.708339 1.079904
v 2.218279 -7.688240 1.094889
v 2.185416 -7.814584 0.988823
v 2.196012 -7.803988 1.025000
v 2.212868 -7.787132 1.056066
v 2.234835 -7.765165 1.079904
v 2.260416 -7.739584 1.094889
v 2.252833 -7.869912 0.988823
v 2.261158 -7.857452 1.025000
v 2.274402 -7.837632 1.056066
v 2.291661 -7.811801 1.079904
v 2.311760 -7.781721 1.094889
v 2.329748 -7.911024 0.988823
v 2.335483 -7.897179 1.025000
v 2.344605 -7.875156 1.056066
v 2.356494 -7.846455 1.079904
v 2.413206 -7.936340 0.988823
v 2.416130 -7.921643 1.025000
v 2.420780 -7.898264 1.056066
v 2.426841 -7.867794 1.079904
v 2.433899 -7.832312 1.094889
v 2.500000 -7.944889 0.988823
v 2.500000 -7.929904 1.025000
v 2.500000 -7.906066 1.056066
v 2.500000 -7.875000 1.079904
v 2.500000 -7.838823 1.094889
v 2.586794 -7.936340 0.988823
v 2.583870 -7.921643 1.025000
v 2.579220 -7.898264 1.056066
v 2.573159 -7.867794 1.079904
v 2.566101 -7.832312 1.094889
v 2.670252 -7.911024 0.988823
v 2.664517 -7.897179 1.025000
v 2.655395 -7.875156 1.056066
v 2.643506 -7.846455 1.079904
v 2.747167 -7.869912 0.988823
v 2.738842 -7.857452 1.025000
v 2.725598 -7.837632 1.056066
v 2.708339 -7.811801 1.079904
v 2.688240 -7.781721 1.094889
v 2.814584 -7.814584 0.988823
v 2.803988 -7.803988 1.025000
v 2.787132 -7.787132 1.056066
v 2.765165 -7.765165 1.079904
v 2.739584 -7.739584 1.094889
v 2.869912 -7.747167 0.988823
v 2.857452 -7.738842 1.025000
v 2.837632 -7.725598 1.056066
v 2.811801 -7.708339 1.079904
v 2.781721 -7.688240 1.094889
v 2.911024 -7.670252 0.988823
v 2.897179 -7.664517 1.025000
v 2.875156 -7.655395 1.056066
v 2.846455 -7.643506 1.079904
v 2.813032 -7.629662 1.094889
v 2.936340 -7.586794 0.988823
v 2.921643 -7.583870 1.025000
v 2.898264 -7.579220 1.056066
v 2.867794 -7.573159 1.079904
v 2.832312 -7.566101 1.094889
v 2.944889 -7.500000 0.988823
v 2.929904 -7.500000 1.025000
v 2.906066 -7.500000 1.056066
v 2.875000 -7.500000 1.079904
v 2.838823 -7.500000 1.094889
v 2.936340 -7.413206 0.988823
v 2.921643 -7.416130 1.025000
v 2.898264 -7.420780 1.056066
v 2.867794 -7.426841 1.079904
v 2.832312 -7.433899 1.094889
v 2.911024 -7.329748 0.988823
v 2.897179 -7.335483 1.025000
v 2.875156 -7.344605 1.056066
v 2.846455 -7.356494 1.079904
v 2.813032 -7.370338 1.094889
v 2.869912 -7.252833 0.988823
v 2.857452 -7.261158 1.025000
v 2.837632 -7.274402 1.056066
v 2.811801 -7.291661 1.079904
v 2.781721 -7.311760 1.094889
v 2.814584 -7.185416 0.988823
v 2.803988 -7.196012 1.025000
v 2.787132 -7.212868 1.056066
v 2.765165 -7.234835 1.079904
v 2.739584 -7.260416 1.094889
v 2.747167 -7.130088 0.988823
v 2.738842 -7.142548 1.025000
v 2.725598 -7.162368 1.056066
v 2.708339 -7.188199 1.079904
v 2.688240 -7.218279 1.094889
v 2.670252 -7.088976 0.988823
v 2.664517 -7.102821 1.025000
v 2.655395 -7.124844 1.056066
v 2.643506 -7.153545 1.079904
v 2.586794 -7.063660 0.988823
v 2.583870 -7.078357 1.025000
v 2.579220 -7.101736 1.056066
v 2.573159 -7.132206 1.079904
v 2.566101 -7.167688 1.094889
v 2.500000 -7.055111 0.988823
v 2.500000 -7.070096 1.025000
v 2.500000 -7.093934 1.056066
v 2.500000 -7.125000 1.079904
v 2.500000 -7.161177 1.094889
v 2.413206 -7.063660 0.988823
v 2.416130 -7.078357 1.025000
v 2.420780 -7.101736 1.056066
v 2.426841 -7.132206 1.079904
v 2.433899 -7.167688 1.094889
v 2.329748 -7.088976 0.988823
v 2.335483 -7.102821 1.025000
v 2.344605 -7.124844 1.056066
v 2.356494 -7.153545 1.079904
v 2.252833 -7.130088 0.988823
v 2.261158 -7.142548 1.025000
v 2.274402 -7.162368 1.056066
v 2.291661 -7.188199 1.079904
v 2.311760 -7.218279 1.094889
v 2.185416 -7.185416 0.988823
v 2.196012 -7.196012 1.025000
v 2.212868 -7.212868 1.056066
v 2.234835 -7.234835 1.079904
v 2.260416 -7.260416 1.094889
v 2.130088 -7.252833 0.988823
v 2.142548 -7.261158 1.025000
v 2.162368 -7.274402 1.056066
v 2.188199 -7.291661 1.079904
v 2.218279 -7.311760 1.094889
v 2.088976 -7.329748 0.988823
v 2.102821 -7.335483 1.025000
v 2.124844 -7.344605 1.056066
v 2.153545 -7.356494 1.079904
v 2.186968 -7.370338 1.094889
v 2.063660 -7.413206 0.988823
v 2.078357 -7.416130 1.025000
v 2.101736 -7.420780 1.056066
v 2.132206 -7.426841 1.079904
v 2.167688 -7.433899 1.094889
v 2.050000 -7.500000 0.300000
v 2.058647 -7.587791 0.300000
v 2.084254 -7.672208 0.300000
v 2.125839 -7.750007 0.300000
v 2.181802 -7.818198 0.300000
v 2.249993 -7.874161 0.300000
v 2.327792 -7.915746 0.300000
v 2.412209 -7.941353 0.300000
v 2.500000 -7.950000 0.300000
v 2.587791 -7.941353 0.300000
v 2.672208 -7.915746 0.300000
v 2.750007 -7.874161 0.300000
v 2.818198 -7.818198 0.300000
v 2.874161 -7.750007 0.300000
v 2.915746 -7.672208 0.300000
v 2.941353 -7.587791 0.300000
v 2.950000 -7.500000 0.300000
v 2.941353 -7.412209 0.300000
v 2.915746 -7.327792 0.300000
v 2.874161 -7.249993 0.300000
v 2.818198 -7.181802 0.300000
v 2.750007 -7.125839 0.300000
v 2.672208 -7.084254 0.300000
v 2.587791 -7.058647 0.300000
v 2.500000 -7.050000 0.300000
v 2.412209 -7.058647 0.300000
v 2.327792 -7.084254 0.300000
v 2.249993 -7.125839 0.300000
v 2.181802 -7.181802 0.300000
v 2.125839 -7.249993 0.300000
v 2.084254 -7.327792 0.300000
v 2.058647 -7.412209 0.300000
v 1.800000 -7.500000 0.300000
v 1.808618 -7.390496 0.300000
v 1.834260 -7.283688 0.300000
v 1.876295 -7.182207 0.300000
v 1.933688 -7.088550 0.300000
v 2.005025 -7.005025 0.300000
v 2.088550 -6.933688 0.300000
v 2.182207 -6.876295 0.300000
v 2.283688 -6.834260 0.300000
v 2.390496 -6.808618 0.300000
v 2.500000 -6.800000 0.300000
v 2.609504 -6.808618 0.300000
v 2.716312 -6.834260 0.300000
v 2.817793 -6.876295 0.300000
v 2.911450 -6.933688 0.300000
v 2.994975 -7.005025 0.300000
v 3.066312 -7.088550 0.300000
v 3.123705 -7.182207 0.300000
v 3.165740 -7.283688 0.300000
v 3.191382 -7.390496 0.300000
v 3.200000 -7.500000 0.300000
v 3.191382 -7.609504 0.300000
v 3.165740 -7.716312 0.300000
v 3.123705 -7.817793 0.300000
v 3.066312 -7.911450 0.300000
v 2.994975 -7.994975 0.300000
v 2.911450 -8.066312 0.300000
v 2.817793 -8.123705 0.300000
v 2.716312 -8.165740 0.300000
v 2.609504 -8.191382 0.300000
v 2.500000 -8.200000 0.300000
v 2.390496 -8.191382 0.300000
v 2.283688 -8.165740 0.300000
v 2.182207 -8.123705 0.300000
v 2.088550 -8.066312 0.300000
v 2.005025 -7.994975 0.300000
v 1.933688 -7.911450 0.300000
v 1.876295 -7.817793 0.300000
v 1.834260 -7.716312 0.300000
v 1.808618 -7.609504 0.300000
v 1.800000 -7.500000 0.000000
v 1.808618 -7.609504 0.000000
v 1.834260 -7.716312 0.000000
v 1.876295 -7.817793 0.000000
v 1.933688 -7.911450 0.000000
v 2.005025 -7.994975 0.000000
v 2.088550 -8.066312 0.000000
v 2.182207 -8.123705 0.000000
v 2.283688 -8.165740 0.000000
v 2.390496 -8.191382 0.000000
v 2.500000 -8.200000 0.000000
v 2.609504 -8.191382 0.000000
v 2.716312 -8.165740 0.000000
v 2.817793 -8.123705 0.000000
v 2.911450 -8.066312 0.000000
v 2.994975 -7.994975 0.000000
v 3.066312 -7.911450 0.000000
v 3.123705 -7.817793 0.000000
v 3.165740 -7.716312 0.000000
v 3.191382 -7.609504 0.000000
v 3.200000 -7.500000 0.000000
v 3.191382 -7.390496 0.000000
v 3.165740 -7.283688 0.000000
v 3.123705 -7.182207 0.000000
v 3.066312 -7.088550 0.000000
v 2.994975 -7.005025 0.000000
v 2.911450 -6.933688 0.000000
v 2.817793 -6.876295 0.000000
v 2.716312 -6.834260 0.000000
v 2.609504 -6.808618 0.000000
v 2.500000 -6.800000 0.000000
v 2.390496 -6.808618 0.000000
v 2.283688 -6.834260 0.000000
v 2.182207 -6.876295 0.000000
v 2.088550 -6.933688 0.000000
v 2.005025 -7.005025 0.000000
v 1.933688 -7.088550 0.000000
v 1.876295 -7.182207 0.000000
v 1.834260 -7.283688 0.000000
v 1.808618 -7.390496 0.000000
vt -0.000000 -1.195963 0.000000
vt -0.039270 -1.195963 0.000000
vt -0.000000 -1.275694 0.000000
vt -0.039270 -1.275694 0.000000
vt -0.000000 1.275694 0.000000
vt -0.039270 1.275694 0.000000
vt -0.000000 1.195963 0.000000
vt -0.039270 1.195963 0.000000
vt -0.000000 1.116232 0.000000
vt -0.039270 1.116232 0.000000
vt -0.000000 1.036501 0.000000
vt -0.039270 1.036501 0.000000
vt -0.000000 0.956771 0.000000
vt -0.039270 0.956771 0.000000
vt -0.000000 0.877040 0.000000
vt -0.039270 0.877040 0.000000
vt -0.000000 0.797309 0.000000
vt -0.039270 0.797309 0.000000
vt -0.000000 0.717578 0.000000
vt -0.039270 0.717578 0.000000
vt -0.000000 0.637847 0.000000
vt -0.039270 0.637847 0.000000
vt -0.000000 0.558116 0.000000
vt -0.039270 0.558116 0.000000
vt -0.000000 0.478385 0.000000
vt -0.039270 0.478385 0.000000
vt -0.000000 0.398654 0.000000
vt -0.039270 0.398654 0.000000
vt -0.000000 0.318924 0.000000
vt -0.039270 0.318924 0.000000
vt -0.000000 0.239193 0.000000
vt -0.039270 0.239193 0.000000
vt -0.000000 0.159462 0.000000
vt -0.039270 0.159462 0.000000
vt -0.000000 0.079731 0.000000
vt -0.039270 0.079731 0.000000
vt -0.000000 0.000000 0.000000
vt -0.039270 0.000000 0.000000
vt -0.000000 -0.079731 0.000000
vt -0.039270 -0.079731 0.000000
vt -0.000000 -0.159462 0.000000
vt -0.039270 -0.159462 0.000000
vt -0.000000 -0.239193 0.000000
vt -0.039270 -0.239193 0.000000
vt -0.000000 -0.318924 0.000000
vt -0.039270 -0.318924 0.000000
vt -0.000000 -0.398654 0.000000
vt -0.039270 -0.398654 0.000000
vt -0.000000 -0.478385 0.000000
vt -0.039270 -0.478385 0.000000
vt -0.000000 -0.558116 0.000000
vt -0.039270 -0.558116 0.000000
vt -0.000000 -0.637847 0.000000
vt -0.039270 -0.637847 0.000000
vt -0.000000 -0.717578 0.000000
vt -0.039270 -0.717578 0.000000
vt -0.000000 -0.797309 0.000000
vt -0.039270 -0.797309 0.000000
vt -0.000000 -0.877040 0.000000
vt -0.039270 -0.877040 0.000000
vt -0.000000 -0.956771 0.000000
vt -0.039270 -0.956771 0.000000
vt -0.000000 -1.036501 0.000000
vt -0.039270 -1.036501 0.000000
vt -0.000000 -1.116232 0.000000
vt -0.039270 -1.116232 0.000000
vt -0.235619 1.177564 0.000000
vt -0.196350 1.195963 0.000000
vt -0.235619 1.275694 0.000000
vt -0.196350 1.275694 0.000000
vt -0.235619 -1.275694 0.000000
vt -0.196350 -1.275694 0.000000
vt -0.196350 -1.195963 0.000000
vt -0.157080 -1.275694 0.000000
vt -0.157080 -1.195963 0.000000
vt -0.117810 -1.275694 0.000000
vt -0.117810 -1.195963 0.000000
vt -0.078540 -1.275694 0.000000
vt -0.078540 -1.195963 0.000000
vt -0.196350 1.116232 0.000000
vt -0.235619 1.079433 0.000000
vt -0.196350 1.036501 0.000000
vt -0.235619 0.981303 0.000000
vt -0.196350 0.956771 0.000000
vt -0.235619 0.883173 0.000000
vt -0.196350 0.877040 0.000000
vt -0.196350 0.797309 0.000000
vt -0.157080 0.797309 0.000000
vt -0.157080 0.717578 0.000000
vt -0.117810 0.717578 0.000000
vt -0.117810 0.637847 0.000000
vt -0.078540 0.637847 0.000000
vt -0.078540 0.558116 0.000000
vt -0.235619 0.785042 0.000000
vt -0.196350 0.717578 0.000000
vt -0.157080 0.637847 0.000000
vt -0.117810 0.558116 0.000000
vt -0.078540 0.478385 0.000000
vt -0.235619 0.686912 0.000000
vt -0.196350 0.637847 0.000000
vt -0.157080 0.558116 0.000000
vt -0.117810 0.478385 0.000000
vt -0.078540 0.398654 0.000000
vt -0.235619 0.588782 0.000000
vt -0.196350 0.558116 0.000000
vt -0.157080 0.478385 0.000000
vt -0.117810 0.398654 0.000000
vt -0.078540 0.318924 0.000000
vt -0.235619 0.490652 0.000000
vt -0.196350 0.478385 0.000000
vt -0.157080 0.398654 0.000000
vt -0.117810 0.318924 0.000000
vt -0.078540 0.239193 0.000000
vt -0.235619 0.392521 0.000000
vt -0.196350 0.398654 0.000000
vt -0.157080 0.318924 0.000000
vt -0.117810 0.239193 0.000000
vt -0.078540 0.159462 0.000000
vt -0.196350 0.318924 0.000000
vt -0.235619 0.294391 0.000000
vt -0.196350 0.239193 0.000000
vt -0.235619 0.196261 0.000000
vt -0.196350 0.159462 0.000000
vt -0.235619 0.098130 0.000000
vt -0.196350 0.079731 0.000000
vt -0.235619 0.000000 0.000000
vt -0.196350 0.000000 0.000000
vt -0.196350 -0.079731 0.000000
vt -0.157080 -0.079731 0.000000
vt -0.157080 -0.159462 0.000000
vt -0.117810 -0.159462 0.000000
vt -0.117810 -0.239193 0.000000
vt -0.078540 -0.239193 0.000000
vt -0.078540 -0.318924 0.000000
vt -0.235619 -0.098130 0.000000
vt -0.196350 -0.159462 0.000000
vt -0.157080 -0.239193 0.000000
vt -0.117810 -0.318924 0.000000
vt -0.078540 -0.398654 0.000000
vt -0.235619 -0.196261 0.000000
vt -0.196350 -0.239193 0.000000
vt -0.157080 -0.318924 0.000000
vt -0.117810 -0.398654 0.000000
vt -0.078540 -0.478385 0.000000
vt -0.235619 -0.294391 0.000000
vt -0.196350 -0.318924 0.000000
vt -0.157080 -0.398654 0.000000
vt -0.117810 -0.478385 0.000000
vt -0.078540 -0.558116 0.000000
vt -0.235619 -0.392521 0.000000
vt -0.196350 -0.398654 0.000000
vt -0.157080 -0.478385 0.000000
vt -0.117810 -0.558116 0.000000
vt -0.078540 -0.637847 0.000000
vt -0.196350 -0.478385 0.000000
vt -0.235619 -0.490652 0.000000
vt -0.196350 -0.558116 0.000000
vt -0.235619 -0.588782 0.000000
vt -0.196350 -0.637847 0.000000
vt -0.235619 -0.686912 0.000000
vt -0.196350 -0.717578 0.000000
vt -0.235619 -0.785042 0.000000
vt -0.196350 -0.797309 0.000000
vt -0.235619 -0.883173 0.000000
vt -0.196350 -0.877040 0.000000
vt -0.196350 -0.956771 0.000000
vt -0.157080 -0.956771 0.000000
vt -0.157080 -1.036501 0.000000
vt -0.117810 -1.036501 0.000000
vt -0.117810 -1.116232 0.000000
vt -0.078540 -1.116232 0.000000
vt -0.235619 -0.981303 0.000000
vt -0.196350 -1.036501 0.000000
vt -0.157080 -1.116232 0.000000
vt -0.235619 -1.079433 0.000000
vt -0.196350 -1.116232 0.000000
vt -0.235619 -1.177564 0.000000
vt -0.078540 1.275694 0.000000
vt -0.078540 1.195963 0.000000
vt -0.078540 1.116232 0.000000
vt -0.078540 1.036501 0.000000
vt -0.078540 0.956771 0.000000
vt -0.078540 0.877040 0.000000
vt -0.078540 0.797309 0.000000
vt -0.078540 0.717578 0.000000
vt -0.117810 1.275694 0.000000
vt -0.117810 1.195963 0.000000
vt -0.117810 1.116232 0.000000
vt -0.117810 1.036501 0.000000
vt -0.117810 0.956771 0.000000
vt -0.117810 0.877040 0.000000
vt -0.117810 0.797309 0.000000
vt -0.157080 1.275694 0.000000
vt -0.157080 1.195963 0.000000
vt -0.157080 1.116232 0.000000
vt -0.157080 1.036501 0.000000
vt -0.157080 0.956771 0.000000
vt -0.157080 0.877040 0.000000
vt -0.078540 -1.036501 0.000000
vt -0.078540 -0.956771 0.000000
vt -0.078540 -0.877040 0.000000
vt -0.078540 -0.797309 0.000000
vt -0.078540 -0.717578 0.000000
vt -0.117810 -0.956771 0.000000
vt -0.157080 -0.877040 0.000000
vt -0.117810 -0.877040 0.000000
vt -0.117810 -0.797309 0.000000
vt -0.117810 -0.717578 0.000000
vt -0.117810 -0.637847 0.000000
vt -0.157080 -0.797309 0.000000
vt -0.157080 -0.717578 0.000000
vt -0.157080 -0.637847 0.000000
vt -0.157080 -0.558116 0.000000
vt -0.078540 -0.159462 0.000000
vt -0.078540 -0.079731 0.000000
vt -0.078540 0.000000 0.000000
vt -0.078540 0.079731 0.000000
vt -0.117810 -0.079731 0.000000
vt -0.157080 0.000000 0.000000
vt -0.117810 0.000000 0.000000
vt -0.117810 0.079731 0.000000
vt -0.117810 0.159462 0.000000
vt -0.157080 0.079731 0.000000
vt -0.157080 0.159462 0.000000
vt -0.157080 0.239193 0.000000
vt -0.300000 -1.325359 0.000000
vt -0.950000 -1.325359 0.000000
vt -0.300000 -1.413717 0.000000
vt -0.950000 -1.413717 0.000000
vt -0.300000 1.413717 0.000000
vt -0.950000 1.413717 0.000000
vt -0.300000 1.325359 0.000000
vt -0.950000 1.325359 0.000000
vt -0.300000 1.237002 0.000000
vt -0.950000 1.237002 0.000000
vt -0.300000 1.148645 0.000000
vt -0.950000 1.148645 0.000000
vt -0.300000 1.060288 0.000000
vt -0.950000 1.060288 0.000000
vt -0.300000 0.971930 0.000000
vt -0.950000 0.971930 0.000000
vt -0.300000 0.883573 0.000000
vt -0.950000 0.883573 0.000000
vt -0.300000 0.795216 0.000000
vt -0.950000 0.795216 0.000000
vt -0.300000 0.706858 0.000000
vt -0.950000 0.706858 0.000000
vt -0.300000 0.618501 0.000000
vt -0.950000 0.618501 0.000000
vt -0.300000 0.530144 0.000000
vt -0.950000 0.530144 0.000000
vt -0.300000 0.441786 0.000000
vt -0.950000 0.441786 0.000000
vt -0.300000 0.353429 0.000000
vt -0.950000 0.353429 0.000000
vt -0.300000 0.265072 0.000000
vt -0.950000 0.265072 0.000000
vt -0.300000 0.176715 0.000000
vt -0.950000 0.176715 0.000000
vt -0.300000 0.088357 0.000000
vt -0.950000 0.088357 0.000000
vt -0.300000 0.000000 0.000000
vt -0.950000 0.000000 0.000000
vt -0.300000 -0.088357 0.000000
vt -0.950000 -0.088357 0.000000
vt -0.300000 -0.176715 0.000000
vt -0.950000 -0.176715 0.000000
vt -0.300000 -0.265072 0.000000
vt -0.950000 -0.265072 0.000000
vt -0.300000 -0.353429 0.000000
vt -0.950000 -0.353429 0.000000
vt -0.300000 -0.441786 0.000000
vt -0.950000 -0.441786 0.000000
vt -0.300000 -0.530144 0.000000
vt -0.950000 -0.530144 0.000000
vt -0.300000 -0.618501 0.000000
vt -0.950000 -0.618501 0.000000
vt -0.300000 -0.706858 0.000000
vt -0.950000 -0.706858 0.000000
vt -0.300000 -0.795216 0.000000
vt -0.950000 -0.795216 0.000000
vt -0.300000 -0.883573 0.000000
vt -0.950000 -0.883573 0.000000
vt -0.300000 -0.971930 0.000000
vt -0.950000 -0.971930 0.000000
vt -0.300000 -1.060288 0.000000
vt -0.950000 -1.060288 0.000000
vt -0.300000 -1.148645 0.000000
vt -0.950000 -1.148645 0.000000
vt -0.300000 -1.237002 0.000000
vt -0.950000 -1.237002 0.000000
vt -0.291283 -0.071795 0.000000
vt 0.291283 -0.071795 0.000000
vt -0.300000 0.000000 0.000000
vt 0.300000 0.000000 0.000000
vt -0.291283 0.071795 0.000000
vt 0.291283 0.071795 0.000000
vt -0.265637 0.139417 0.000000
vt 0.265637 0.139417 0.000000
vt -0.224553 0.198937 0.000000
vt 0.224553 0.198937 0.000000
vt -0.170419 0.246895 0.000000
vt 0.170419 0.246895 0.000000
vt -0.106381 0.280505 0.000000
vt 0.106381 0.280505 0.000000
vt -0.036161 0.297813 0.000000
vt 0.036161 0.297813 0.000000
vt 0.265637 -0.139417 0.000000
vt -0.265637 -0.139417 0.000000
vt 0.224553 -0.198937 0.000000
vt -0.224553 -0.198937 0.000000
vt 0.170419 -0.246895 0.000000
vt -0.170419 -0.246895 0.000000
vt 0.106381 -0.280505 0.000000
vt -0.106381 -0.280505 0.000000
vt 0.036161 -0.297813 0.000000
vt -0.036161 -0.297813 0.000000
vt -0.300000 2.089159 0.000000
vt -0.000000 2.089159 0.000000
vt -0.300000 2.199115 0.000000
vt -0.000000 2.199115 0.000000
vt -0.300000 -2.199115 0.000000
vt -0.000000 -2.199115 0.000000
vt -0.300000 -2.089159 0.000000
vt -0.000000 -2.089159 0.000000
vt -0.000000 -1.979203 0.000000
vt -0.300000 1.979203 0.000000
vt -0.000000 1.979203 0.000000
vt -0.300000 1.869248 0.000000
vt -0.000000 1.869248 0.000000
vt -0.300000 1.759292 0.000000
vt -0.000000 1.759292 0.000000
vt -0.300000 1.649336 0.000000
vt -0.000000 1.649336 0.000000
vt -0.300000 1.539380 0.000000
vt -0.000000 1.539380 0.000000
vt -0.300000 1.429425 0.000000
vt -0.000000 1.429425 0.000000
vt -0.300000 1.319469 0.000000
vt -0.000000 1.319469 0.000000
vt -0.300000 1.209513 0.000000
vt -0.000000 1.209513 0.000000
vt -0.300000 1.099557 0.000000
vt -0.000000 1.099557 0.000000
vt -0.300000 0.989602 0.000000
vt -0.000000 0.989602 0.000000
vt -0.300000 0.879646 0.000000
vt -0.000000 0.879646 0.000000
vt -0.300000 0.769690 0.000000
vt -0.000000 0.769690 0.000000
vt -0.300000 0.659734 0.000000
vt -0.000000 0.659734 0.000000
vt -0.300000 0.549779 0.000000
vt -0.000000 0.549779 0.000000
vt -0.300000 0.439823 0.000000
vt -0.000000 0.439823 0.000000
vt -0.300000 0.329867 0.000000
vt -0.000000 0.329867 0.000000
vt -0.300000 0.219911 0.000000
vt -0.000000 0.219911 0.000000
vt -0.300000 0.109956 0.000000
vt -0.000000 0.109956 0.000000
vt -0.300000 0.000000 0.000000
vt -0.000000 0.000000 0.000000
vt -0.300000 -0.109956 0.000000
vt -0.000000 -0.109956 0.000000
vt -0.300000 -0.219911 0.000000
vt -0.000000 -0.219911 0.000000
vt -0.300000 -0.329867 0.000000
vt -0.000000 -0.329867 0.000000
vt -0.300000 -0.439823 0.000000
vt -0.000000 -0.439823 0.000000
vt -0.300000 -0.549779 0.000000
vt -0.000000 -0.549779 0.000000
vt -0.300000 -0.659734 0.000000
vt -0.000000 -0.659734 0.000000
vt -0.300000 -0.769690 0.000000
vt -0.000000 -0.769690 0.000000
vt -0.300000 -0.879646 0.000000
vt -0.000000 -0.879646 0.000000
vt -0.300000 -0.989602 0.000000
vt -0.000000 -0.989602 0.000000
vt -0.300000 -1.099557 0.000000
vt -0.000000 -1.099557 0.000000
vt -0.300000 -1.209513 0.000000
vt -0.000000 -1.209513 0.000000
vt -0.300000 -1.319469 0.000000
vt -0.000000 -1.319469 0.000000
vt -0.300000 -1.429425 0.000000
vt -0.000000 -1.429425 0.000000
vt -0.300000 -1.539380 0.000000
vt -0.000000 -1.539380 0.000000
vt -0.300000 -1.649336 0.000000
vt -0.000000 -1.649336 0.000000
vt -0.300000 -1.759292 0.000000
vt -0.000000 -1.759292 0.000000
vt -0.300000 -1.869248 0.000000
vt -0.000000 -1.869248 0.000000
vt -0.300000 -1.979203 0.000000
vt -0.441353 0.087791 0.000000
vt -0.691382 0.109504 0.000000
vt -0.450000 0.000000 0.000000
vt -0.700000 0.000000 0.000000
vt -0.691382 -0.109504 0.000000
vt -0.665740 0.216312 0.000000
vt -0.415746 0.172208 0.000000
vt -0.623705 0.317793 0.000000
vt -0.374161 0.250007 0.000000
vt -0.566312 0.411450 0.000000
vt -0.318198 0.318198 0.000000
vt -0.494975 0.494975 0.000000
vt -0.411450 0.566312 0.000000
vt -0.250007 0.374161 0.000000
vt -0.317793 0.623705 0.000000
vt -0.172208 0.415746 0.000000
vt -0.216312 0.665740 0.000000
vt -0.087791 0.441353 0.000000
vt -0.109504 0.691382 0.000000
vt 0.000000 0.450000 0.000000
vt 0.000000 0.700000 0.000000
vt 0.109504 0.691382 0.000000
vt 0.087791 0.441353 0.000000
vt 0.216312 0.665740 0.000000
vt 0.172208 0.415746 0.000000
vt 0.317793 0.623705 0.000000
vt 0.250007 0.374161 0.000000
vt 0.411450 0.566312 0.000000
vt 0.318198 0.318198 0.000000
vt 0.494975 0.494975 0.000000
vt 0.566312 0.411450 0.000000
vt 0.374161 0.250007 0.000000
vt 0.623705 0.317793 0.000000
vt 0.415746 0.172208 0.000000
vt 0.665740 0.216312 0.000000
vt 0.441353 0.087791 0.000000
vt 0.691382 0.109504 0.000000
vt 0.450000 0.000000 0.000000
vt 0.700000 0.000000 0.000000
vt 0.691382 -0.109504 0.000000
vt 0.441353 -0.087791 0.000000
vt 0.665740 -0.216312 0.000000
vt 0.415746 -0.172208 0.000000
vt 0.623705 -0.317793 0.000000
vt 0.374161 -0.250007 0.000000
vt 0.566312 -0.411450 0.000000
vt 0.318198 -0.318198 0.000000
vt 0.494975 -0.494975 0.000000
vt 0.411450 -0.566312 0.000000
vt 0.250007 -0.374161 0.000000
vt 0.317793 -0.623705 0.000000
vt 0.172208 -0.415746 0.000000
vt 0.216312 -0.665740 0.000000
vt 0.087791 -0.441353 0.000000
vt 0.109504 -0.691382 0.000000
vt 0.000000 -0.450000 0.000000
vt 0.000000 -0.700000 0.000000
vt -0.109504 -0.691382 0.000000
vt -0.087791 -0.441353 0.000000
vt -0.216312 -0.665740 0.000000
vt -0.172208 -0.415746 0.000000
vt -0.317793 -0.623705 0.000000
vt -0.250007 -0.374161 0.000000
vt -0.411450 -0.566312 0.000000
vt -0.318198 -0.318198 0.000000
vt -0.494975 -0.494975 0.000000
vt -0.566312 -0.411450 0.000000
vt -0.374161 -0.250007 0.000000
vt -0.623705 -0.317793 0.000000
vt -0.415746 -0.172208 0.000000
vt -0.665740 -0.216312 0.000000
vt -0.441353 -0.087791 0.000000
vt 0.691382 0.109504 0.000000
vt -0.691382 0.109504 0.000000
vt 0.700000 0.000000 0.000000
vt -0.700000 0.000000 0.000000
vt 0.691382 -0.109504 0.000000
vt -0.691382 -0.109504 0.000000
vt 0.665740 -0.216312 0.000000
vt -0.665740 -0.216312 0.000000
vt 0.623705 -0.317793 0.000000
vt -0.623705 -0.317793 0.000000
vt 0.566312 -0.411450 0.000000
vt -0.566312 -0.411450 0.000000
vt 0.494975 -0.494975 0.000000
vt -0.494975 -0.494975 0.000000
vt 0.411450 -0.566312 0.000000
vt -0.411450 -0.566312 0.000000
vt 0.317793 -0.623705 0.000000
vt -0.317793 -0.623705 0.000000
vt 0.216312 -0.665740 0.000000
vt -0.216312 -0.665740 0.000000
vt 0.109504 -0.691382 0.000000
vt -0.109504 -0.691382 0.000000
vt -0.000000 -0.700000 0.000000
vt -0.665740 0.216312 0.000000
vt 0.665740 0.216312 0.000000
vt -0.623705 0.317793 0.000000
vt 0.623705 0.317793 0.000000
vt -0.566312 0.411450 0.000000
vt 0.566312 0.411450 0.000000
vt -0.494975 0.494975 0.000000
vt 0.494975 0.494975 0.000000
vt -0.411450 0.566312 0.000000
vt 0.411450 0.566312 0.000000
vt -0.317793 0.623705 0.000000
vt 0.317793 0.623705 0.000000
vt -0.216312 0.665740 0.000000
vt 0.216312 0.665740 0.000000
vt -0.109504 0.691382 0.000000
vt 0.109504 0.691382 0.000000
vt -0.000000 0.700000 0.000000
vn -0.980785 -0.195090 0.000000
vn -0.947366 -0.188443 0.258819
vn -1.000000 -0.000000 0.000000
vn -0.965926 -0.000000 0.258819
vn -0.980785 0.195090 -0.000000
vn -0.947366 0.188443 0.258819
vn -0.923880 0.382683 -0.000000
vn -0.892399 0.369644 0.258819
vn -0.831470 0.555570 -0.000000
vn -0.803138 0.536640 0.258819
vn -0.707107 0.707107 -0.000000
vn -0.683013 0.683013 0.258819
vn -0.555570 0.831470 -0.000000
vn -0.536640 0.803138 0.258819
vn -0.382683 0.923880 -0.000000
vn -0.369644 0.892399 0.258819
vn -0.195090 0.980785 -0.000000
vn -0.188443 0.947366 0.258819
vn 0.000000 1.000000 -0.000000
vn 0.000000 0.965926 0.258819
vn 0.195090 0.980785 -0.000000
vn 0.188443 0.947366 0.258819
vn 0.382683 0.923880 -0.000000
vn 0.369644 0.892399 0.258819
vn 0.555570 0.831470 -0.000000
vn 0.536640 0.803138 0.258819
vn 0.707107 0.707107 -0.000000
vn 0.683013 0.683013 0.258819
vn 0.831470 0.555570 -0.000000
vn 0.803138 0.536640 0.258819
vn 0.923880 0.382683 -0.000000
vn 0.892399 0.369644 0.258819
vn 0.980785 0.195090 -0.000000
vn 0.947366 0.188443 0.258819
vn 1.000000 -0.000000 -0.000000
vn 0.965926 -0.000000 0.258819
vn 0.980785 -0.195090 -0.000000
vn 0.947366 -0.188443 0.258819
vn 0.923880 -0.382683 -0.000000
vn 0.892399 -0.369644 0.258819
vn 0.831470 -0.555570 -0.000000
vn 0.803138 -0.536640 0.258819
vn 0.707107 -0.707107 -0.000000
vn 0.683013 -0.683013 0.258819
vn 0.555570 -0.831470 -0.000000
vn 0.536640 -0.803138 0.258819
vn 0.382683 -0.923880 -0.000000
vn 0.369644 -0.892399 0.258819
vn 0.195090 -0.980785 -0.000000
vn 0.188443 -0.947366 0.258819
vn 0.000000 -1.000000 -0.000000
vn 0.000000 -0.965926 0.258819
vn -0.195090 -0.980785 0.000000
vn -0.188443 -0.947366 0.258819
vn -0.382683 -0.923880 0.000000
vn -0.369644 -0.892399 0.258819
vn -0.555570 -0.831470 0.000000
vn -0.536640 -0.803138 0.258819
vn -0.707107 -0.707107 0.000000
vn -0.683013 -0.683013 0.258819
vn -0.831470 -0.555570 0.000000
vn -0.803138 -0.536640 0.258819
vn -0.923880 -0.382683 0.000000
vn -0.892399 -0.369644 0.258819
vn 0.000000 -0.000000 1.000000
vn -0.253846 0.050493 0.965926
vn -0.000000 0.000000 1.000000
vn -0.258819 0.000000 0.965926
vn -0.253846 -0.050493 0.965926
vn -0.500000 -0.000000 0.866025
vn -0.490393 -0.097545 0.866025
vn -0.707107 -0.000000 0.707107
vn -0.693520 -0.137950 0.707107
vn -0.866025 -0.000000 0.500000
vn -0.849385 -0.168953 0.500000
vn -0.239118 0.099046 0.965926
vn 0.000000 -0.000000 1.000000
vn -0.215200 0.143792 0.965926
vn 0.000000 -0.000000 1.000000
vn -0.183013 0.183013 0.965926
vn 0.000000 -0.000000 1.000000
vn -0.143792 0.215200 0.965926
vn -0.099046 0.239118 0.965926
vn -0.191342 0.461940 0.866025
vn -0.097545 0.490393 0.866025
vn -0.137950 0.693520 0.707107
vn 0.000000 0.707107 0.707107
vn 0.000000 0.866025 0.500000
vn 0.168953 0.849385 0.500000
vn -0.000000 0.000000 1.000000
vn -0.050493 0.253846 0.965926
vn 0.000000 0.500000 0.866025
vn 0.137950 0.693520 0.707107
vn 0.331414 0.800103 0.500000
vn -0.000000 0.000000 1.000000
vn 0.000000 0.258819 0.965926
vn 0.097545 0.490393 0.866025
vn 0.270598 0.653281 0.707107
vn 0.481138 0.720074 0.500000
vn 0.000000 0.000000 1.000000
vn 0.050493 0.253846 0.965926
vn 0.191342 0.461940 0.866025
vn 0.392847 0.587938 0.707107
vn 0.612372 0.612372 0.500000
vn 0.000000 0.000000 1.000000
vn 0.099046 0.239118 0.965926
vn 0.277785 0.415735 0.866025
vn 0.500000 0.500000 0.707107
vn 0.720074 0.481138 0.500000
vn -0.000000 -0.000000 1.000000
vn 0.143792 0.215200 0.965926
vn 0.353553 0.353553 0.866025
vn 0.587938 0.392847 0.707107
vn 0.800103 0.331414 0.500000
vn 0.183013 0.183013 0.965926
vn 0.000000 0.000000 1.000000
vn 0.215200 0.143792 0.965926
vn -0.000000 -0.000000 1.000000
vn 0.239118 0.099046 0.965926
vn -0.000000 -0.000000 1.000000
vn 0.253846 0.050493 0.965926
vn 0.000000 -0.000000 1.000000
vn 0.258819 -0.000000 0.965926
vn 0.253846 -0.050493 0.965926
vn 0.490393 -0.097545 0.866025
vn 0.461940 -0.191342 0.866025
vn 0.653281 -0.270598 0.707107
vn 0.587938 -0.392847 0.707107
vn 0.720074 -0.481138 0.500000
vn 0.612372 -0.612372 0.500000
vn -0.000000 0.000000 1.000000
vn 0.239118 -0.099046 0.965926
vn 0.415735 -0.277785 0.866025
vn 0.500000 -0.500000 0.707107
vn 0.481138 -0.720074 0.500000
vn -0.000000 0.000000 1.000000
vn 0.215200 -0.143792 0.965926
vn 0.353553 -0.353553 0.866025
vn 0.392847 -0.587938 0.707107
vn 0.331414 -0.800103 0.500000
vn -0.000000 0.000000 1.000000
vn 0.183013 -0.183013 0.965926
vn 0.277785 -0.415735 0.866025
vn 0.270598 -0.653281 0.707107
vn 0.168953 -0.849385 0.500000
vn -0.000000 0.000000 1.000000
vn 0.143792 -0.215200 0.965926
vn 0.191342 -0.461940 0.866025
vn 0.137950 -0.693520 0.707107
vn 0.000000 -0.866025 0.500000
vn 0.099046 -0.239118 0.965926
vn 0.000000 -0.000000 1.000000
vn 0.050493 -0.253846 0.965926
vn 0.000000 -0.000000 1.000000
vn 0.000000 -0.258819 0.965926
vn -0.000000 -0.000000 1.000000
vn -0.050493 -0.253846 0.965926
vn -0.000000 -0.000000 1.000000
vn -0.099046 -0.239118 0.965926
vn 0.000000 0.000000 1.000000
vn -0.143792 -0.215200 0.965926
vn -0.183013 -0.183013 0.965926
vn -0.353553 -0.353553 0.866025
vn -0.415735 -0.277785 0.866025
vn -0.587938 -0.392847 0.707107
vn -0.653281 -0.270598 0.707107
vn -0.800103 -0.331414 0.500000
vn -0.000000 -0.000000 1.000000
vn -0.215200 -0.143792 0.965926
vn -0.461940 -0.191342 0.866025
vn -0.000000 -0.000000 1.000000
vn -0.239118 -0.099046 0.965926
vn 0.000000 0.000000 1.000000
vn -0.849385 0.168953 0.500000
vn -0.800103 0.331414 0.500000
vn -0.720074 0.481138 0.500000
vn -0.612372 0.612372 0.500000
vn -0.481138 0.720074 0.500000
vn -0.331414 0.800103 0.500000
vn -0.168953 0.849385 0.500000
vn -0.693520 0.137950 0.707107
vn -0.653281 0.270598 0.707107
vn -0.587938 0.392847 0.707107
vn -0.500000 0.500000 0.707107
vn -0.392847 0.587938 0.707107
vn -0.270598 0.653281 0.707107
vn -0.490393 0.097545 0.866025
vn -0.461940 0.191342 0.866025
vn -0.415735 0.277785 0.866025
vn -0.353553 0.353553 0.866025
vn -0.277785 0.415735 0.866025
vn -0.720074 -0.481138 0.500000
vn -0.612372 -0.612372 0.500000
vn -0.481138 -0.720074 0.500000
vn -0.331414 -0.800103 0.500000
vn -0.168953 -0.849385 0.500000
vn -0.500000 -0.500000 0.707107
vn -0.277785 -0.415735 0.866025
vn -0.392847 -0.587938 0.707107
vn -0.270598 -0.653281 0.707107
vn -0.137950 -0.693520 0.707107
vn 0.000000 -0.707107 0.707107
vn -0.191342 -0.461940 0.866025
vn -0.097545 -0.490393 0.866025
vn 0.000000 -0.500000 0.866025
vn 0.097545 -0.490393 0.866025
vn 0.800103 -0.331414 0.500000
vn 0.849385 -0.168953 0.500000
vn 0.866025 -0.000000 0.500000
vn 0.849385 0.168953 0.500000
vn 0.693520 -0.137950 0.707107
vn 0.500000 -0.000000 0.866025
vn 0.707107 -0.000000 0.707107
vn 0.693520 0.137950 0.707107
vn 0.653281 0.270598 0.707107
vn 0.490393 0.097545 0.866025
vn 0.461940 0.191342 0.866025
vn 0.415735 0.277785 0.866025
vn -0.980785 -0.195090 0.000000
vn -1.000000 -0.000000 0.000000
vn -0.980785 0.195090 -0.000000
vn -0.923880 0.382683 -0.000000
vn -0.831470 0.555570 -0.000000
vn -0.707107 0.707107 -0.000000
vn -0.555570 0.831470 -0.000000
vn -0.382683 0.923880 -0.000000
vn -0.195090 0.980785 -0.000000
vn 0.000000 1.000000 -0.000000
vn 0.195090 0.980785 -0.000000
vn 0.382683 0.923880 -0.000000
vn 0.555570 0.831470 -0.000000
vn 0.707107 0.707107 -0.000000
vn 0.831470 0.555570 -0.000000
vn 0.923880 0.382683 -0.000000
vn 0.980785 0.195090 -0.000000
vn 1.000000 -0.000000 -0.000000
vn 0.980785 -0.195090 -0.000000
vn 0.923880 -0.382683 -0.000000
vn 0.831470 -0.555570 -0.000000
vn 0.707107 -0.707107 -0.000000
vn 0.555570 -0.831470 -0.000000
vn 0.382683 -0.923880 -0.000000
vn 0.195090 -0.980785 -0.000000
vn 0.000000 -1.000000 -0.000000
vn -0.195090 -0.980785 0.000000
vn -0.382683 -0.923880 0.000000
vn -0.555570 -0.831470 0.000000
vn -0.707107 -0.707107 0.000000
vn -0.831470 -0.555570 0.000000
vn -0.923880 -0.382683 0.000000
vn -0.987688 0.156434 -0.000000
vn -0.987688 0.156434 -0.000000
vn -1.000000 0.000000 -0.000000
vn -1.000000 0.000000 -0.000000
vn -0.987688 -0.156434 0.000000
vn -0.987688 -0.156434 0.000000
vn -0.951057 -0.309017 0.000000
vn -0.951057 0.309017 -0.000000
vn -0.951057 0.309017 -0.000000
vn -0.891007 0.453990 -0.000000
vn -0.891007 0.453990 -0.000000
vn -0.809017 0.587785 -0.000000
vn -0.809017 0.587785 -0.000000
vn -0.707107 0.707107 -0.000000
vn -0.707107 0.707107 -0.000000
vn -0.587785 0.809017 -0.000000
vn -0.587785 0.809017 -0.000000
vn -0.453990 0.891007 -0.000000
vn -0.453990 0.891007 -0.000000
vn -0.309017 0.951057 -0.000000
vn -0.309017 0.951057 -0.000000
vn -0.156434 0.987688 -0.000000
vn -0.156434 0.987688 -0.000000
vn 0.000000 1.000000 -0.000000
vn 0.000000 1.000000 -0.000000
vn 0.156434 0.987688 -0.000000
vn 0.156434 0.987688 -0.000000
vn 0.309017 0.951057 -0.000000
vn 0.309017 0.951057 -0.000000
vn 0.453990 0.891007 -0.000000
vn 0.453990 0.891007 -0.000000
vn 0.587785 0.809017 -0.000000
vn 0.587785 0.809017 -0.000000
vn 0.707107 0.707107 -0.000000
vn 0.707107 0.707107 -0.000000
vn 0.809017 0.587785 -0.000000
vn 0.809017 0.587785 -0.000000
vn 0.891007 0.453990 -0.000000
vn 0.891007 0.453990 -0.000000
vn 0.951057 0.309017 -0.000000
vn 0.951057 0.309017 -0.000000
vn 0.987688 0.156434 -0.000000
vn 0.987688 0.156434 -0.000000
vn 1.000000 -0.000000 -0.000000
vn 1.000000 -0.000000 -0.000000
vn 0.987688 -0.156434 -0.000000
vn 0.987688 -0.156434 -0.000000
vn 0.951057 -0.309017 -0.000000
vn 0.951057 -0.309017 -0.000000
vn 0.891007 -0.453990 -0.000000
vn 0.891007 -0.453990 -0.000000
vn 0.809017 -0.587785 -0.000000
vn 0.809017 -0.587785 -0.000000
vn 0.707107 -0.707107 -0.000000
vn 0.707107 -0.707107 -0.000000
vn 0.587785 -0.809017 -0.000000
vn 0.587785 -0.809017 -0.000000
vn 0.453990 -0.891007 -0.000000
vn 0.453990 -0.891007 -0.000000
vn 0.309017 -0.951057 -0.000000
vn 0.309017 -0.951057 -0.000000
vn 0.156434 -0.987688 -0.000000
vn 0.156434 -0.987688 -0.000000
vn 0.000000 -1.000000 -0.000000
vn 0.000000 -1.000000 -0.000000
vn -0.156434 -0.987688 0.000000
vn -0.156434 -0.987688 0.000000
vn -0.309017 -0.951057 0.000000
vn -0.309017 -0.951057 0.000000
vn -0.453990 -0.891007 0.000000
vn -0.453990 -0.891007 0.000000
vn -0.587785 -0.809017 0.000000
vn -0.587785 -0.809017 0.000000
vn -0.707107 -0.707107 0.000000
vn -0.707107 -0.707107 0.000000
vn -0.809017 -0.587785 0.000000
vn -0.809017 -0.587785 0.000000
vn -0.891007 -0.453990 0.000000
vn -0.891007 -0.453990 0.000000
vn -0.951057 -0.309017 0.000000
vn 0.000000 0.000000 1.000000
vn 0.000000 0.000000 1.000000
vn 0.000000 0.000000 1.000000
vn 0.000000 0.000000 1.000000
vn 0.000000 0.000000 1.000000
vn 0.000000 0.000000 1.000000
vn 0.000000 0.000000 1.000000
vn 0.000000 0.000000 1.000000
vn 0.000000 0.000000 1.000000
vn 0.000000 0.000000 1.000000
vn 0.000000 0.000000 1.000000
vn 0.000000 0.000000 1.000000
vn 0.000000 0.000000 1.000000
vn 0.000000 0.000000 1.000000
vn 0.000000 0.000000 1.000000
vn 0.000000 0.000000 1.000000
vn 0.000000 0.000000 1.000000
vn 0.000000 0.000000 1.000000
vn 0.000000 0.000000 1.000000
vn 0.000000 0.000000 1.000000
vn 0.000000 0.000000 1.000000
vn 0.000000 0.000000 1.000000
vn 0.000000 0.000000 1.000000
vn 0.000000 0.000000 1.000000
vn 0.000000 0.000000 1.000000
vn 0.000000 0.000000 1.000000
vn 0.000000 0.000000 1.000000
vn 0.000000 0.000000 1.000000
vn 0.000000 0.000000 1.000000
vn 0.000000 0.000000 1.000000
vn 0.000000 0.000000 1.000000
vn 0.000000 0.000000 1.000000
vn 0.000000 0.000000 1.000000
vn 0.000000 0.000000 1.000000
vn 0.000000 0.000000 1.000000
vn 0.000000 0.000000 1.000000
vn 0.000000 0.000000 1.000000
vn 0.000000 0.000000 1.000000
vn 0.000000 0.000000 1.000000
vn 0.000000 0.000000 1.000000
vn 0.000000 0.000000 1.000000
vn 0.000000 0.000000 1.000000
vn 0.000000 0.000000 1.000000
vn 0.000000 0.000000 1.000000
vn 0.000000 0.000000 1.000000
vn 0.000000 0.000000 1.000000
vn 0.000000 0.000000 1.000000
vn 0.000000 0.000000 1.000000
vn 0.000000 0.000000 1.000000
vn 0.000000 0.000000 1.000000
vn 0.000000 0.000000 1.000000
vn 0.000000 0.000000 1.000000
vn 0.000000 0.000000 1.000000
vn 0.000000 0.000000 1.000000
vn 0.000000 0.000000 1.000000
vn 0.000000 0.000000 1.000000
vn 0.000000 0.000000 1.000000
vn 0.000000 0.000000 1.000000
vn 0.000000 0.000000 1.000000
vn 0.000000 0.000000 1.000000
vn 0.000000 0.000000 1.000000
vn 0.000000 0.000000 1.000000
vn 0.000000 0.000000 1.000000
vn 0.000000 0.000000 1.000000
vn 0.000000 0.000000 1.000000
vn 0.000000 0.000000 1.000000
vn 0.000000 0.000000 1.000000
vn 0.000000 0.000000 1.000000
vn 0.000000 0.000000 1.000000
vn 0.000000 0.000000 1.000000
vn 0.000000 0.000000 1.000000
vn 0.000000 0.000000 1.000000
vn -0.000000 -0.000000 -1.000000
vn -0.000000 -0.000000 -1.000000
vn -0.000000 -0.000000 -1.000000
vn -0.000000 -0.000000 -1.000000
vn -0.000000 -0.000000 -1.000000
vn -0.000000 -0.000000 -1.000000
vn -0.000000 -0.000000 -1.000000
vn -0.000000 -0.000000 -1.000000
vn -0.000000 -0.000000 -1.000000
vn -0.000000 -0.000000 -1.000000
vn -0.000000 -0.000000 -1.000000
vn -0.000000 -0.000000 -1.000000
vn -0.000000 -0.000000 -1.000000
vn -0.000000 -0.000000 -1.000000
vn -0.000000 -0.000000 -1.000000
vn -0.000000 -0.000000 -1.000000
vn -0.000000 -0.000000 -1.000000
vn -0.000000 -0.000000 -1.000000
vn -0.000000 -0.000000 -1.000000
vn -0.000000 -0.000000 -1.000000
vn -0.000000 -0.000000 -1.000000
vn -0.000000 -0.000000 -1.000000
vn -0.000000 -0.000000 -1.000000
vn -0.000000 -0.000000 -1.000000
vn -0.000000 -0.000000 -1.000000
vn -0.000000 -0.000000 -1.000000
vn -0.000000 -0.000000 -1.000000
vn -0.000000 -0.000000 -1.000000
vn -0.000000 -0.000000 -1.000000
vn -0.000000 -0.000000 -1.000000
vn -0.000000 -0.000000 -1.000000
vn -0.000000 -0.000000 -1.000000
vn -0.000000 -0.000000 -1.000000
vn -0.000000 -0.000000 -1.000000
vn -0.000000 -0.000000 -1.000000
vn -0.000000 -0.000000 -1.000000
vn -0.000000 -0.000000 -1.000000
vn -0.000000 -0.000000 -1.000000
vn -0.000000 -0.000000 -1.000000
vn -0.000000 -0.000000 -1.000000
f 2110/3994/3611 2176/3995/3612 2109/3996/3613
f 2109/3996/3613 2176/3995/3612 2167/3997/3614
f 2109/3998/3613 2167/3999/3614 2140/4000/3615
f 2140/4000/3615 2167/3999/3614 2322/4001/3616
f 2140/4000/3615 2322/4001/3616 2139/4002/3617
f 2139/4002/3617 2322/4001/3616 2317/4003/3618
f 2139/4002/3617 2317/4003/3618 2138/4004/3619
f 2138/4004/3619 2317/4003/3618 2312/4005/3620
f 2138/4004/3619 2312/4005/3620 2137/4006/3621
f 2137/4006/3621 2312/4005/3620 2307/4007/3622
f 2137/4006/3621 2307/4007/3622 2136/4008/3623
f 2136/4008/3623 2307/4007/3622 2302/4009/3624
f 2136/4008/3623 2302/4009/3624 2135/4010/3625
f 2135/4010/3625 2302/4009/3624 2298/4011/3626
f 2135/4010/3625 2298/4011/3626 2134/4012/3627
f 2134/4012/3627 2298/4011/3626 2293/4013/3628
f 2134/4012/3627 2293/4013/3628 2133/4014/3629
f 2133/4014/3629 2293/4013/3628 2288/4015/3630
f 2133/4014/3629 2288/4015/3630 2132/4016/3631
f 2132/4016/3631 2288/4015/3630 2283/4017/3632
f 2132/4016/3631 2283/4017/3632 2131/4018/3633
f 2131/4018/3633 2283/4017/3632 2279/4019/3634
f 2131/4018/3633 2279/4019/3634 2130/4020/3635
f 2130/4020/3635 2279/4019/3634 2274/4021/3636
f 2130/4020/3635 2274/4021/3636 2129/4022/3637
f 2129/4022/3637 2274/4021/3636 2269/4023/3638
f 2129/4022/3637 2269/4023/3638 2128/4024/3639
f 2128/4024/3639 2269/4023/3638 2264/4025/3640
f 2128/4024/3639 2264/4025/3640 2127/4026/3641
f 2127/4026/3641 2264/4025/3640 2259/4027/3642
f 2127/4026/3641 2259/4027/3642 2126/4028/3643
f 2126/4028/3643 2259/4027/3642 2254/4029/3644
f 2126/4028/3643 2254/4029/3644 2125/4030/3645
f 2125/4030/3645 2254/4029/3644 2249/4031/3646
f 2125/4030/3645 2249/4031/3646 2124/4032/3647
f 2124/4032/3647 2249/4031/3646 2244/4033/3648
f 2124/4032/3647 2244/4033/3648 2123/4034/3649
f 2123/4034/3649 2244/4033/3648 2239/4035/3650
f 2123/4034/3649 2239/4035/3650 2122/4036/3651
f 2122/4036/3651 2239/4035/3650 2234/4037/3652
f 2122/4036/3651 2234/4037/3652 2121/4038/3653
f 2121/4038/3653 2234/4037/3652 2229/4039/3654
f 2121/4038/3653 2229/4039/3654 2120/4040/3655
f 2120/4040/3655 2229/4039/3654 2224/4041/3656
f 2120/4040/3655 2224/4041/3656 2119/4042/3657
f 2119/4042/3657 2224/4041/3656 2220/4043/3658
f 2119/4042/3657 2220/4043/3658 2118/4044/3659
f 2118/4044/3659 2220/4043/3658 2215/4045/3660
f 2118/4044/3659 2215/4045/3660 2117/4046/3661
f 2117/4046/3661 2215/4045/3660 2210/4047/3662
f 2117/4046/3661 2210/4047/3662 2116/4048/3663
f 2116/4048/3663 2210/4047/3662 2205/4049/3664
f 2116/4048/3663 2205/4049/3664 2115/4050/3665
f 2115/4050/3665 2205/4049/3664 2201/4051/3666
f 2115/4050/3665 2201/4051/3666 2114/4052/3667
f 2114/4052/3667 2201/4051/3666 2196/4053/3668
f 2114/4052/3667 2196/4053/3668 2113/4054/3669
f 2113/4054/3669 2196/4053/3668 2191/4055/3670
f 2113/4054/3669 2191/4055/3670 2112/4056/3671
f 2112/4056/3671 2191/4055/3670 2186/4057/3672
f 2112/4056/3671 2186/4057/3672 2111/4058/3673
f 2111/4058/3673 2186/4057/3672 2181/4059/3674
f 2111/4058/3673 2181/4059/3674 2110/3994/3611
f 2110/3994/3611 2181/4059/3674 2176/3995/3612
f 2142/4060/3675 2326/4061/3676 2141/4062/3677
f 2141/4062/3677 2326/4061/3676 2171/4063/3678
f 2141/4064/3677 2171/4065/3678 2180/4066/3679
f 2180/4066/3679 2171/4065/3678 2170/4067/3680
f 2180/4066/3679 2170/4067/3680 2179/4068/3681
f 2179/4068/3681 2170/4067/3680 2169/4069/3682
f 2179/4068/3681 2169/4069/3682 2178/4070/3683
f 2178/4070/3683 2169/4069/3682 2168/4071/3684
f 2178/4070/3683 2168/4071/3684 2177/4072/3685
f 2177/4072/3685 2168/4071/3684 2167/3997/3614
f 2177/4072/3685 2167/3997/3614 2176/3995/3612
f 2326/4061/3676 2142/4060/3675 2321/4073/3686
f 2321/4073/3686 2142/4060/3675 2143/4074/3687
f 2321/4073/3686 2143/4074/3687 2316/4075/3688
f 2316/4075/3688 2143/4074/3687 2144/4076/3689
f 2316/4075/3688 2144/4076/3689 2311/4077/3690
f 2311/4077/3690 2144/4076/3689 2145/4078/3691
f 2311/4077/3690 2145/4078/3691 2306/4079/3692
f 2306/4079/3692 2145/4078/3691 2175/4080/3693
f 2306/4079/3692 2175/4080/3693 2301/4081/3694
f 2301/4081/3694 2175/4080/3693 2296/4082/3695
f 2301/4081/3694 2296/4082/3695 2295/4083/3696
f 2295/4083/3696 2296/4082/3695 2290/4084/3697
f 2295/4083/3696 2290/4084/3697 2289/4085/3698
f 2289/4085/3698 2290/4084/3697 2284/4086/3699
f 2289/4085/3698 2284/4086/3699 2283/4017/3632
f 2283/4017/3632 2284/4086/3699 2279/4019/3634
f 2145/4078/3691 2146/4087/3700 2175/4080/3693
f 2175/4080/3693 2146/4087/3700 2297/4088/3701
f 2175/4080/3693 2297/4088/3701 2296/4082/3695
f 2296/4082/3695 2297/4088/3701 2291/4089/3702
f 2296/4082/3695 2291/4089/3702 2290/4084/3697
f 2290/4084/3697 2291/4089/3702 2285/4090/3703
f 2290/4084/3697 2285/4090/3703 2284/4086/3699
f 2284/4086/3699 2285/4090/3703 2280/4091/3704
f 2284/4086/3699 2280/4091/3704 2279/4019/3634
f 2279/4019/3634 2280/4091/3704 2274/4021/3636
f 2146/4087/3700 2147/4092/3705 2297/4088/3701
f 2297/4088/3701 2147/4092/3705 2292/4093/3706
f 2297/4088/3701 2292/4093/3706 2291/4089/3702
f 2291/4089/3702 2292/4093/3706 2286/4094/3707
f 2291/4089/3702 2286/4094/3707 2285/4090/3703
f 2285/4090/3703 2286/4094/3707 2281/4095/3708
f 2285/4090/3703 2281/4095/3708 2280/4091/3704
f 2280/4091/3704 2281/4095/3708 2275/4096/3709
f 2280/4091/3704 2275/4096/3709 2274/4021/3636
f 2274/4021/3636 2275/4096/3709 2269/4023/3638
f 2147/4092/3705 2148/4097/3710 2292/4093/3706
f 2292/4093/3706 2148/4097/3710 2287/4098/3711
f 2292/4093/3706 2287/4098/3711 2286/4094/3707
f 2286/4094/3707 2287/4098/3711 2282/4099/3712
f 2286/4094/3707 2282/4099/3712 2281/4095/3708
f 2281/4095/3708 2282/4099/3712 2276/4100/3713
f 2281/4095/3708 2276/4100/3713 2275/4096/3709
f 2275/4096/3709 2276/4100/3713 2270/4101/3714
f 2275/4096/3709 2270/4101/3714 2269/4023/3638
f 2269/4023/3638 2270/4101/3714 2264/4025/3640
f 2148/4097/3710 2149/4102/3715 2287/4098/3711
f 2287/4098/3711 2149/4102/3715 2174/4103/3716
f 2287/4098/3711 2174/4103/3716 2282/4099/3712
f 2282/4099/3712 2174/4103/3716 2277/4104/3717
f 2282/4099/3712 2277/4104/3717 2276/4100/3713
f 2276/4100/3713 2277/4104/3717 2271/4105/3718
f 2276/4100/3713 2271/4105/3718 2270/4101/3714
f 2270/4101/3714 2271/4105/3718 2265/4106/3719
f 2270/4101/3714 2265/4106/3719 2264/4025/3640
f 2264/4025/3640 2265/4106/3719 2259/4027/3642
f 2149/4102/3715 2150/4107/3720 2174/4103/3716
f 2174/4103/3716 2150/4107/3720 2278/4108/3721
f 2174/4103/3716 2278/4108/3721 2277/4104/3717
f 2277/4104/3717 2278/4108/3721 2272/4109/3722
f 2277/4104/3717 2272/4109/3722 2271/4105/3718
f 2271/4105/3718 2272/4109/3722 2266/4110/3723
f 2271/4105/3718 2266/4110/3723 2265/4106/3719
f 2265/4106/3719 2266/4110/3723 2260/4111/3724
f 2265/4106/3719 2260/4111/3724 2259/4027/3642
f 2259/4027/3642 2260/4111/3724 2254/4029/3644
f 2278/4108/3721 2150/4107/3720 2273/4112/3725
f 2273/4112/3725 2150/4107/3720 2151/4113/3726
f 2273/4112/3725 2151/4113/3726 2268/4114/3727
f 2268/4114/3727 2151/4113/3726 2152/4115/3728
f 2268/4114/3727 2152/4115/3728 2263/4116/3729
f 2263/4116/3729 2152/4115/3728 2153/4117/3730
f 2263/4116/3729 2153/4117/3730 2258/4118/3731
f 2258/4118/3731 2153/4117/3730 2154/4119/3732
f 2258/4118/3731 2154/4119/3732 2253/4120/3733
f 2253/4120/3733 2154/4119/3732 2248/4121/3734
f 2253/4120/3733 2248/4121/3734 2247/4122/3735
f 2247/4122/3735 2248/4121/3734 2242/4123/3736
f 2247/4122/3735 2242/4123/3736 2241/4124/3737
f 2241/4124/3737 2242/4123/3736 2236/4125/3738
f 2241/4124/3737 2236/4125/3738 2235/4126/3739
f 2235/4126/3739 2236/4125/3738 2230/4127/3740
f 2235/4126/3739 2230/4127/3740 2229/4039/3654
f 2229/4039/3654 2230/4127/3740 2224/4041/3656
f 2154/4119/3732 2155/4128/3741 2248/4121/3734
f 2248/4121/3734 2155/4128/3741 2243/4129/3742
f 2248/4121/3734 2243/4129/3742 2242/4123/3736
f 2242/4123/3736 2243/4129/3742 2237/4130/3743
f 2242/4123/3736 2237/4130/3743 2236/4125/3738
f 2236/4125/3738 2237/4130/3743 2231/4131/3744
f 2236/4125/3738 2231/4131/3744 2230/4127/3740
f 2230/4127/3740 2231/4131/3744 2225/4132/3745
f 2230/4127/3740 2225/4132/3745 2224/4041/3656
f 2224/4041/3656 2225/4132/3745 2220/4043/3658
f 2155/4128/3741 2156/4133/3746 2243/4129/3742
f 2243/4129/3742 2156/4133/3746 2238/4134/3747
f 2243/4129/3742 2238/4134/3747 2237/4130/3743
f 2237/4130/3743 2238/4134/3747 2232/4135/3748
f 2237/4130/3743 2232/4135/3748 2231/4131/3744
f 2231/4131/3744 2232/4135/3748 2226/4136/3749
f 2231/4131/3744 2226/4136/3749 2225/4132/3745
f 2225/4132/3745 2226/4136/3749 2221/4137/3750
f 2225/4132/3745 2221/4137/3750 2220/4043/3658
f 2220/4043/3658 2221/4137/3750 2215/4045/3660
f 2156/4133/3746 2157/4138/3751 2238/4134/3747
f 2238/4134/3747 2157/4138/3751 2233/4139/3752
f 2238/4134/3747 2233/4139/3752 2232/4135/3748
f 2232/4135/3748 2233/4139/3752 2227/4140/3753
f 2232/4135/3748 2227/4140/3753 2226/4136/3749
f 2226/4136/3749 2227/4140/3753 2222/4141/3754
f 2226/4136/3749 2222/4141/3754 2221/4137/3750
f 2221/4137/3750 2222/4141/3754 2216/4142/3755
f 2221/4137/3750 2216/4142/3755 2215/4045/3660
f 2215/4045/3660 2216/4142/3755 2210/4047/3662
f 2157/4138/3751 2158/4143/3756 2233/4139/3752
f 2233/4139/3752 2158/4143/3756 2228/4144/3757
f 2233/4139/3752 2228/4144/3757 2227/4140/3753
f 2227/4140/3753 2228/4144/3757 2223/4145/3758
f 2227/4140/3753 2223/4145/3758 2222/4141/3754
f 2222/4141/3754 2223/4145/3758 2217/4146/3759
f 2222/4141/3754 2217/4146/3759 2216/4142/3755
f 2216/4142/3755 2217/4146/3759 2211/4147/3760
f 2216/4142/3755 2211/4147/3760 2210/4047/3662
f 2210/4047/3662 2211/4147/3760 2205/4049/3664
f 2228/4144/3757 2158/4143/3756 2173/4148/3761
f 2173/4148/3761 2158/4143/3756 2159/4149/3762
f 2173/4148/3761 2159/4149/3762 2219/4150/3763
f 2219/4150/3763 2159/4149/3762 2160/4151/3764
f 2219/4150/3763 2160/4151/3764 2214/4152/3765
f 2214/4152/3765 2160/4151/3764 2161/4153/3766
f 2214/4152/3765 2161/4153/3766 2209/4154/3767
f 2209/4154/3767 2161/4153/3766 2162/4155/3768
f 2209/4154/3767 2162/4155/3768 2172/4156/3769
f 2172/4156/3769 2162/4155/3768 2163/4157/3770
f 2172/4156/3769 2163/4157/3770 2200/4158/3771
f 2200/4158/3771 2163/4157/3770 2195/4159/3772
f 2200/4158/3771 2195/4159/3772 2194/4160/3773
f 2194/4160/3773 2195/4159/3772 2189/4161/3774
f 2194/4160/3773 2189/4161/3774 2188/4162/3775
f 2188/4162/3775 2189/4161/3774 2183/4163/3776
f 2188/4162/3775 2183/4163/3776 2182/4164/3777
f 2182/4164/3777 2183/4163/3776 2177/4072/3685
f 2182/4164/3777 2177/4072/3685 2176/3995/3612
f 2163/4157/3770 2164/4165/3778 2195/4159/3772
f 2195/4159/3772 2164/4165/3778 2190/4166/3779
f 2195/4159/3772 2190/4166/3779 2189/4161/3774
f 2189/4161/3774 2190/4166/3779 2184/4167/3780
f 2189/4161/3774 2184/4167/3780 2183/4163/3776
f 2183/4163/3776 2184/4167/3780 2178/4070/3683
f 2183/4163/3776 2178/4070/3683 2177/4072/3685
f 2164/4165/3778 2165/4168/3781 2190/4166/3779
f 2190/4166/3779 2165/4168/3781 2185/4169/3782
f 2190/4166/3779 2185/4169/3782 2184/4167/3780
f 2184/4167/3780 2185/4169/3782 2179/4068/3681
f 2184/4167/3780 2179/4068/3681 2178/4070/3683
f 2165/4168/3781 2166/4170/3783 2185/4169/3782
f 2185/4169/3782 2166/4170/3783 2180/4066/3679
f 2185/4169/3782 2180/4066/3679 2179/4068/3681
f 2166/4170/3783 2141/4064/3677 2180/4066/3679
f 2167/3999/3614 2168/4171/3684 2322/4001/3616
f 2322/4001/3616 2168/4171/3684 2323/4172/3784
f 2322/4001/3616 2323/4172/3784 2317/4003/3618
f 2317/4003/3618 2323/4172/3784 2318/4173/3785
f 2317/4003/3618 2318/4173/3785 2312/4005/3620
f 2312/4005/3620 2318/4173/3785 2313/4174/3786
f 2312/4005/3620 2313/4174/3786 2307/4007/3622
f 2307/4007/3622 2313/4174/3786 2308/4175/3787
f 2307/4007/3622 2308/4175/3787 2302/4009/3624
f 2302/4009/3624 2308/4175/3787 2303/4176/3788
f 2302/4009/3624 2303/4176/3788 2298/4011/3626
f 2298/4011/3626 2303/4176/3788 2299/4177/3789
f 2298/4011/3626 2299/4177/3789 2293/4013/3628
f 2293/4013/3628 2299/4177/3789 2294/4178/3790
f 2293/4013/3628 2294/4178/3790 2288/4015/3630
f 2288/4015/3630 2294/4178/3790 2289/4085/3698
f 2288/4015/3630 2289/4085/3698 2283/4017/3632
f 2168/4171/3684 2169/4179/3682 2323/4172/3784
f 2323/4172/3784 2169/4179/3682 2324/4180/3791
f 2323/4172/3784 2324/4180/3791 2318/4173/3785
f 2318/4173/3785 2324/4180/3791 2319/4181/3792
f 2318/4173/3785 2319/4181/3792 2313/4174/3786
f 2313/4174/3786 2319/4181/3792 2314/4182/3793
f 2313/4174/3786 2314/4182/3793 2308/4175/3787
f 2308/4175/3787 2314/4182/3793 2309/4183/3794
f 2308/4175/3787 2309/4183/3794 2303/4176/3788
f 2303/4176/3788 2309/4183/3794 2304/4184/3795
f 2303/4176/3788 2304/4184/3795 2299/4177/3789
f 2299/4177/3789 2304/4184/3795 2300/4185/3796
f 2299/4177/3789 2300/4185/3796 2294/4178/3790
f 2294/4178/3790 2300/4185/3796 2295/4083/3696
f 2294/4178/3790 2295/4083/3696 2289/4085/3698
f 2169/4179/3682 2170/4186/3680 2324/4180/3791
f 2324/4180/3791 2170/4186/3680 2325/4187/3797
f 2324/4180/3791 2325/4187/3797 2319/4181/3792
f 2319/4181/3792 2325/4187/3797 2320/4188/3798
f 2319/4181/3792 2320/4188/3798 2314/4182/3793
f 2314/4182/3793 2320/4188/3798 2315/4189/3799
f 2314/4182/3793 2315/4189/3799 2309/4183/3794
f 2309/4183/3794 2315/4189/3799 2310/4190/3800
f 2309/4183/3794 2310/4190/3800 2304/4184/3795
f 2304/4184/3795 2310/4190/3800 2305/4191/3801
f 2304/4184/3795 2305/4191/3801 2300/4185/3796
f 2300/4185/3796 2305/4191/3801 2301/4081/3694
f 2300/4185/3796 2301/4081/3694 2295/4083/3696
f 2170/4186/3680 2171/4063/3678 2325/4187/3797
f 2325/4187/3797 2171/4063/3678 2326/4061/3676
f 2325/4187/3797 2326/4061/3676 2320/4188/3798
f 2320/4188/3798 2326/4061/3676 2321/4073/3686
f 2320/4188/3798 2321/4073/3686 2315/4189/3799
f 2315/4189/3799 2321/4073/3686 2316/4075/3688
f 2315/4189/3799 2316/4075/3688 2310/4190/3800
f 2310/4190/3800 2316/4075/3688 2311/4077/3690
f 2310/4190/3800 2311/4077/3690 2305/4191/3801
f 2305/4191/3801 2311/4077/3690 2306/4079/3692
f 2305/4191/3801 2306/4079/3692 2301/4081/3694
f 2182/4164/3777 2176/3995/3612 2181/4059/3674
f 2182/4164/3777 2181/4059/3674 2187/4192/3802
f 2187/4192/3802 2181/4059/3674 2186/4057/3672
f 2187/4192/3802 2186/4057/3672 2192/4193/3803
f 2192/4193/3803 2186/4057/3672 2191/4055/3670
f 2192/4193/3803 2191/4055/3670 2197/4194/3804
f 2197/4194/3804 2191/4055/3670 2196/4053/3668
f 2197/4194/3804 2196/4053/3668 2202/4195/3805
f 2202/4195/3805 2196/4053/3668 2201/4051/3666
f 2202/4195/3805 2201/4051/3666 2206/4196/3806
f 2206/4196/3806 2201/4051/3666 2205/4049/3664
f 2206/4196/3806 2205/4049/3664 2211/4147/3760
f 2182/4164/3777 2187/4192/3802 2188/4162/3775
f 2188/4162/3775 2187/4192/3802 2193/4197/3807
f 2188/4162/3775 2193/4197/3807 2194/4160/3773
f 2194/4160/3773 2193/4197/3807 2199/4198/3808
f 2194/4160/3773 2199/4198/3808 2200/4158/3771
f 2200/4158/3771 2199/4198/3808 2172/4156/3769
f 2193/4197/3807 2187/4192/3802 2192/4193/3803
f 2193/4197/3807 2192/4193/3803 2198/4199/3809
f 2198/4199/3809 2192/4193/3803 2197/4194/3804
f 2198/4199/3809 2197/4194/3804 2203/4200/3810
f 2203/4200/3810 2197/4194/3804 2202/4195/3805
f 2203/4200/3810 2202/4195/3805 2207/4201/3811
f 2207/4201/3811 2202/4195/3805 2206/4196/3806
f 2207/4201/3811 2206/4196/3806 2212/4202/3812
f 2212/4202/3812 2206/4196/3806 2211/4147/3760
f 2212/4202/3812 2211/4147/3760 2217/4146/3759
f 2193/4197/3807 2198/4199/3809 2199/4198/3808
f 2199/4198/3808 2198/4199/3809 2204/4203/3813
f 2199/4198/3808 2204/4203/3813 2172/4156/3769
f 2172/4156/3769 2204/4203/3813 2209/4154/3767
f 2204/4203/3813 2198/4199/3809 2203/4200/3810
f 2204/4203/3813 2203/4200/3810 2208/4204/3814
f 2208/4204/3814 2203/4200/3810 2207/4201/3811
f 2208/4204/3814 2207/4201/3811 2213/4205/3815
f 2213/4205/3815 2207/4201/3811 2212/4202/3812
f 2213/4205/3815 2212/4202/3812 2218/4206/3816
f 2218/4206/3816 2212/4202/3812 2217/4146/3759
f 2218/4206/3816 2217/4146/3759 2223/4145/3758
f 2214/4152/3765 2209/4154/3767 2208/4204/3814
f 2208/4204/3814 2209/4154/3767 2204/4203/3813
f 2214/4152/3765 2208/4204/3814 2213/4205/3815
f 2219/4150/3763 2214/4152/3765 2213/4205/3815
f 2219/4150/3763 2213/4205/3815 2218/4206/3816
f 2173/4148/3761 2219/4150/3763 2218/4206/3816
f 2173/4148/3761 2218/4206/3816 2223/4145/3758
f 2228/4144/3757 2173/4148/3761 2223/4145/3758
f 2235/4126/3739 2229/4039/3654 2234/4037/3652
f 2235/4126/3739 2234/4037/3652 2240/4207/3817
f 2240/4207/3817 2234/4037/3652 2239/4035/3650
f 2240/4207/3817 2239/4035/3650 2245/4208/3818
f 2245/4208/3818 2239/4035/3650 2244/4033/3648
f 2245/4208/3818 2244/4033/3648 2250/4209/3819
f 2250/4209/3819 2244/4033/3648 2249/4031/3646
f 2250/4209/3819 2249/4031/3646 2255/4210/3820
f 2255/4210/3820 2249/4031/3646 2254/4029/3644
f 2255/4210/3820 2254/4029/3644 2260/4111/3724
f 2235/4126/3739 2240/4207/3817 2241/4124/3737
f 2241/4124/3737 2240/4207/3817 2246/4211/3821
f 2241/4124/3737 2246/4211/3821 2247/4122/3735
f 2247/4122/3735 2246/4211/3821 2252/4212/3822
f 2247/4122/3735 2252/4212/3822 2253/4120/3733
f 2253/4120/3733 2252/4212/3822 2258/4118/3731
f 2246/4211/3821 2240/4207/3817 2245/4208/3818
f 2246/4211/3821 2245/4208/3818 2251/4213/3823
f 2251/4213/3823 2245/4208/3818 2250/4209/3819
f 2251/4213/3823 2250/4209/3819 2256/4214/3824
f 2256/4214/3824 2250/4209/3819 2255/4210/3820
f 2256/4214/3824 2255/4210/3820 2261/4215/3825
f 2261/4215/3825 2255/4210/3820 2260/4111/3724
f 2261/4215/3825 2260/4111/3724 2266/4110/3723
f 2246/4211/3821 2251/4213/3823 2252/4212/3822
f 2252/4212/3822 2251/4213/3823 2257/4216/3826
f 2252/4212/3822 2257/4216/3826 2258/4118/3731
f 2258/4118/3731 2257/4216/3826 2263/4116/3729
f 2257/4216/3826 2251/4213/3823 2256/4214/3824
f 2257/4216/3826 2256/4214/3824 2262/4217/3827
f 2262/4217/3827 2256/4214/3824 2261/4215/3825
f 2262/4217/3827 2261/4215/3825 2267/4218/3828
f 2267/4218/3828 2261/4215/3825 2266/4110/3723
f 2267/4218/3828 2266/4110/3723 2272/4109/3722
f 2268/4114/3727 2263/4116/3729 2262/4217/3827
f 2262/4217/3827 2263/4116/3729 2257/4216/3826
f 2268/4114/3727 2262/4217/3827 2267/4218/3828
f 2273/4112/3725 2268/4114/3727 2267/4218/3828
f 2273/4112/3725 2267/4218/3828 2272/4109/3722
f 2278/4108/3721 2273/4112/3725 2272/4109/3722
f 2328/4219/3829 2110/4220/3611 2327/4221/3830
f 2327/4221/3830 2110/4220/3611 2109/4222/3613
f 2327/4223/3830 2109/4224/3613 2358/4225/3831
f 2358/4225/3831 2109/4224/3613 2140/4226/3615
f 2358/4225/3831 2140/4226/3615 2357/4227/3832
f 2357/4227/3832 2140/4226/3615 2139/4228/3617
f 2357/4227/3832 2139/4228/3617 2356/4229/3833
f 2356/4229/3833 2139/4228/3617 2138/4230/3619
f 2356/4229/3833 2138/4230/3619 2355/4231/3834
f 2355/4231/3834 2138/4230/3619 2137/4232/3621
f 2355/4231/3834 2137/4232/3621 2354/4233/3835
f 2354/4233/3835 2137/4232/3621 2136/4234/3623
f 2354/4233/3835 2136/4234/3623 2353/4235/3836
f 2353/4235/3836 2136/4234/3623 2135/4236/3625
f 2353/4235/3836 2135/4236/3625 2352/4237/3837
f 2352/4237/3837 2135/4236/3625 2134/4238/3627
f 2352/4237/3837 2134/4238/3627 2351/4239/3838
f 2351/4239/3838 2134/4238/3627 2133/4240/3629
f 2351/4239/3838 2133/4240/3629 2350/4241/3839
f 2350/4241/3839 2133/4240/3629 2132/4242/3631
f 2350/4241/3839 2132/4242/3631 2349/4243/3840
f 2349/4243/3840 2132/4242/3631 2131/4244/3633
f 2349/4243/3840 2131/4244/3633 2348/4245/3841
f 2348/4245/3841 2131/4244/3633 2130/4246/3635
f 2348/4245/3841 2130/4246/3635 2347/4247/3842
f 2347/4247/3842 2130/4246/3635 2129/4248/3637
f 2347/4247/3842 2129/4248/3637 2346/4249/3843
f 2346/4249/3843 2129/4248/3637 2128/4250/3639
f 2346/4249/3843 2128/4250/3639 2345/4251/3844
f 2345/4251/3844 2128/4250/3639 2127/4252/3641
f 2345/4251/3844 2127/4252/3641 2344/4253/3845
f 2344/4253/3845 2127/4252/3641 2126/4254/3643
f 2344/4253/3845 2126/4254/3643 2343/4255/3846
f 2343/4255/3846 2126/4254/3643 2125/4256/3645
f 2343/4255/3846 2125/4256/3645 2342/4257/3847
f 2342/4257/3847 2125/4256/3645 2124/4258/3647
f 2342/4257/3847 2124/4258/3647 2341/4259/3848
f 2341/4259/3848 2124/4258/3647 2123/4260/3649
f 2341/4259/3848 2123/4260/3649 2340/4261/3849
f 2340/4261/3849 2123/4260/3649 2122/4262/3651
f 2340/4261/3849 2122/4262/3651 2339/4263/3850
f 2339/4263/3850 2122/4262/3651 2121/4264/3653
f 2339/4263/3850 2121/4264/3653 2338/4265/3851
f 2338/4265/3851 2121/4264/3653 2120/4266/3655
f 2338/4265/3851 2120/4266/3655 2337/4267/3852
f 2337/4267/3852 2120/4266/3655 2119/4268/3657
f 2337/4267/3852 2119/4268/3657 2336/4269/3853
f 2336/4269/3853 2119/4268/3657 2118/4270/3659
f 2336/4269/3853 2118/4270/3659 2335/4271/3854
f 2335/4271/3854 2118/4270/3659 2117/4272/3661
f 2335/4271/3854 2117/4272/3661 2334/4273/3855
f 2334/4273/3855 2117/4272/3661 2116/4274/3663
f 2334/4273/3855 2116/4274/3663 2333/4275/3856
f 2333/4275/3856 2116/4274/3663 2115/4276/3665
f 2333/4275/3856 2115/4276/3665 2332/4277/3857
f 2332/4277/3857 2115/4276/3665 2114/4278/3667
f 2332/4277/3857 2114/4278/3667 2331/4279/3858
f 2331/4279/3858 2114/4278/3667 2113/4280/3669
f 2331/4279/3858 2113/4280/3669 2330/4281/3859
f 2330/4281/3859 2113/4280/3669 2112/4282/3671
f 2330/4281/3859 2112/4282/3671 2329/4283/3860
f 2329/4283/3860 2112/4282/3671 2111/4284/3673
f 2329/4283/3860 2111/4284/3673 2328/4219/3829
f 2328/4219/3829 2111/4284/3673 2110/4220/3611
f 2166/4285/3783 2155/4286/3741 2141/4287/3677
f 2141/4287/3677 2155/4286/3741 2154/4288/3732
f 2141/4287/3677 2154/4288/3732 2142/4289/3675
f 2142/4289/3675 2154/4288/3732 2153/4290/3730
f 2142/4289/3675 2153/4290/3730 2143/4291/3687
f 2143/4291/3687 2153/4290/3730 2152/4292/3728
f 2143/4291/3687 2152/4292/3728 2144/4293/3689
f 2144/4293/3689 2152/4292/3728 2151/4294/3726
f 2144/4293/3689 2151/4294/3726 2145/4295/3691
f 2145/4295/3691 2151/4294/3726 2150/4296/3720
f 2145/4295/3691 2150/4296/3720 2146/4297/3700
f 2146/4297/3700 2150/4296/3720 2149/4298/3715
f 2146/4297/3700 2149/4298/3715 2147/4299/3705
f 2147/4299/3705 2149/4298/3715 2148/4300/3710
f 2155/4286/3741 2166/4285/3783 2156/4301/3746
f 2156/4301/3746 2166/4285/3783 2165/4302/3781
f 2156/4301/3746 2165/4302/3781 2157/4303/3751
f 2157/4303/3751 2165/4302/3781 2164/4304/3778
f 2157/4303/3751 2164/4304/3778 2158/4305/3756
f 2158/4305/3756 2164/4304/3778 2163/4306/3770
f 2158/4305/3756 2163/4306/3770 2159/4307/3762
f 2159/4307/3762 2163/4306/3770 2162/4308/3768
f 2159/4307/3762 2162/4308/3768 2160/4309/3764
f 2160/4309/3764 2162/4308/3768 2161/4310/3766
f 2360/4311/3861 2438/4312/3862 2359/4313/3863
f 2359/4313/3863 2438/4312/3862 2399/4314/3864
f 2359/4315/3863 2399/4316/3864 2398/4317/3865
f 2398/4317/3865 2399/4316/3864 2400/4318/3866
f 2398/4317/3865 2400/4318/3866 2401/4319/3867
f 2360/4311/3861 2361/4320/3868 2438/4312/3862
f 2438/4312/3862 2361/4320/3868 2437/4321/3869
f 2437/4321/3869 2361/4320/3868 2362/4322/3870
f 2437/4321/3869 2362/4322/3870 2436/4323/3871
f 2436/4323/3871 2362/4322/3870 2363/4324/3872
f 2436/4323/3871 2363/4324/3872 2435/4325/3873
f 2435/4325/3873 2363/4324/3872 2364/4326/3874
f 2435/4325/3873 2364/4326/3874 2434/4327/3875
f 2434/4327/3875 2364/4326/3874 2365/4328/3876
f 2434/4327/3875 2365/4328/3876 2433/4329/3877
f 2433/4329/3877 2365/4328/3876 2366/4330/3878
f 2433/4329/3877 2366/4330/3878 2432/4331/3879
f 2432/4331/3879 2366/4330/3878 2367/4332/3880
f 2432/4331/3879 2367/4332/3880 2431/4333/3881
f 2431/4333/3881 2367/4332/3880 2368/4334/3882
f 2431/4333/3881 2368/4334/3882 2430/4335/3883
f 2430/4335/3883 2368/4334/3882 2369/4336/3884
f 2430/4335/3883 2369/4336/3884 2429/4337/3885
f 2429/4337/3885 2369/4336/3884 2370/4338/3886
f 2429/4337/3885 2370/4338/3886 2428/4339/3887
f 2428/4339/3887 2370/4338/3886 2371/4340/3888
f 2428/4339/3887 2371/4340/3888 2427/4341/3889
f 2427/4341/3889 2371/4340/3888 2372/4342/3890
f 2427/4341/3889 2372/4342/3890 2426/4343/3891
f 2426/4343/3891 2372/4342/3890 2373/4344/3892
f 2426/4343/3891 2373/4344/3892 2425/4345/3893
f 2425/4345/3893 2373/4344/3892 2374/4346/3894
f 2425/4345/3893 2374/4346/3894 2424/4347/3895
f 2424/4347/3895 2374/4346/3894 2375/4348/3896
f 2424/4347/3895 2375/4348/3896 2423/4349/3897
f 2423/4349/3897 2375/4348/3896 2376/4350/3898
f 2423/4349/3897 2376/4350/3898 2422/4351/3899
f 2422/4351/3899 2376/4350/3898 2377/4352/3900
f 2422/4351/3899 2377/4352/3900 2421/4353/3901
f 2421/4353/3901 2377/4352/3900 2378/4354/3902
f 2421/4353/3901 2378/4354/3902 2420/4355/3903
f 2420/4355/3903 2378/4354/3902 2379/4356/3904
f 2420/4355/3903 2379/4356/3904 2419/4357/3905
f 2419/4357/3905 2379/4356/3904 2380/4358/3906
f 2419/4357/3905 2380/4358/3906 2418/4359/3907
f 2418/4359/3907 2380/4358/3906 2381/4360/3908
f 2418/4359/3907 2381/4360/3908 2417/4361/3909
f 2417/4361/3909 2381/4360/3908 2382/4362/3910
f 2417/4361/3909 2382/4362/3910 2416/4363/3911
f 2416/4363/3911 2382/4362/3910 2383/4364/3912
f 2416/4363/3911 2383/4364/3912 2415/4365/3913
f 2415/4365/3913 2383/4364/3912 2384/4366/3914
f 2415/4365/3913 2384/4366/3914 2414/4367/3915
f 2414/4367/3915 2384/4366/3914 2385/4368/3916
f 2414/4367/3915 2385/4368/3916 2413/4369/3917
f 2413/4369/3917 2385/4368/3916 2386/4370/3918
f 2413/4369/3917 2386/4370/3918 2412/4371/3919
f 2412/4371/3919 2386/4370/3918 2387/4372/3920
f 2412/4371/3919 2387/4372/3920 2411/4373/3921
f 2411/4373/3921 2387/4372/3920 2388/4374/3922
f 2411/4373/3921 2388/4374/3922 2410/4375/3923
f 2410/4375/3923 2388/4374/3922 2389/4376/3924
f 2410/4375/3923 2389/4376/3924 2409/4377/3925
f 2409/4377/3925 2389/4376/3924 2390/4378/3926
f 2409/4377/3925 2390/4378/3926 2408/4379/3927
f 2408/4379/3927 2390/4378/3926 2391/4380/3928
f 2408/4379/3927 2391/4380/3928 2407/4381/3929
f 2407/4381/3929 2391/4380/3928 2392/4382/3930
f 2407/4381/3929 2392/4382/3930 2406/4383/3931
f 2406/4383/3931 2392/4382/3930 2393/4384/3932
f 2406/4383/3931 2393/4384/3932 2405/4385/3933
f 2405/4385/3933 2393/4384/3932 2394/4386/3934
f 2405/4385/3933 2394/4386/3934 2404/4387/3935
f 2404/4387/3935 2394/4386/3934 2395/4388/3936
f 2404/4387/3935 2395/4388/3936 2403/4389/3937
f 2403/4389/3937 2395/4388/3936 2396/4390/3938
f 2403/4389/3937 2396/4390/3938 2402/4391/3939
f 2402/4391/3939 2396/4390/3938 2397/4392/3940
f 2402/4391/3939 2397/4392/3940 2401/4319/3867
f 2401/4319/3867 2397/4392/3940 2398/4317/3865
f 2358/4393/3941 2360/4394/3942 2327/4395/3943
f 2327/4395/3943 2360/4394/3942 2359/4396/3944
f 2327/4395/3943 2359/4396/3944 2398/4397/3945
f 2360/4394/3942 2358/4393/3941 2361/4398/3946
f 2361/4398/3946 2358/4393/3941 2357/4399/3947
f 2361/4398/3946 2357/4399/3947 2362/4400/3948
f 2362/4400/3948 2357/4399/3947 2356/4401/3949
f 2362/4400/3948 2356/4401/3949 2363/4402/3950
f 2363/4402/3950 2356/4401/3949 2355/4403/3951
f 2363/4402/3950 2355/4403/3951 2364/4404/3952
f 2364/4404/3952 2355/4403/3951 2365/4405/3953
f 2365/4405/3953 2355/4403/3951 2354/4406/3954
f 2365/4405/3953 2354/4406/3954 2366/4407/3955
f 2366/4407/3955 2354/4406/3954 2353/4408/3956
f 2366/4407/3955 2353/4408/3956 2367/4409/3957
f 2367/4409/3957 2353/4408/3956 2352/4410/3958
f 2367/4409/3957 2352/4410/3958 2368/4411/3959
f 2368/4411/3959 2352/4410/3958 2351/4412/3960
f 2368/4411/3959 2351/4412/3960 2369/4413/3961
f 2369/4413/3961 2351/4412/3960 2370/4414/3962
f 2370/4414/3962 2351/4412/3960 2350/4415/3963
f 2370/4414/3962 2350/4415/3963 2371/4416/3964
f 2371/4416/3964 2350/4415/3963 2349/4417/3965
f 2371/4416/3964 2349/4417/3965 2372/4418/3966
f 2372/4418/3966 2349/4417/3965 2348/4419/3967
f 2372/4418/3966 2348/4419/3967 2373/4420/3968
f 2373/4420/3968 2348/4419/3967 2347/4421/3969
f 2373/4420/3968 2347/4421/3969 2374/4422/3970
f 2374/4422/3970 2347/4421/3969 2375/4423/3971
f 2375/4423/3971 2347/4421/3969 2346/4424/3972
f 2375/4423/3971 2346/4424/3972 2376/4425/3973
f 2376/4425/3973 2346/4424/3972 2345/4426/3974
f 2376/4425/3973 2345/4426/3974 2377/4427/3975
f 2377/4427/3975 2345/4426/3974 2344/4428/3976
f 2377/4427/3975 2344/4428/3976 2378/4429/3977
f 2378/4429/3977 2344/4428/3976 2343/4430/3978
f 2378/4429/3977 2343/4430/3978 2379/4431/3979
f 2379/4431/3979 2343/4430/3978 2380/4432/3980
f 2380/4432/3980 2343/4430/3978 2342/4433/3981
f 2380/4432/3980 2342/4433/3981 2381/4434/3982
f 2381/4434/3982 2342/4433/3981 2341/4435/3983
f 2381/4434/3982 2341/4435/3983 2382/4436/3984
f 2382/4436/3984 2341/4435/3983 2340/4437/3985
f 2382/4436/3984 2340/4437/3985 2383/4438/3986
f 2383/4438/3986 2340/4437/3985 2339/4439/3987
f 2383/4438/3986 2339/4439/3987 2384/4440/3988
f 2384/4440/3988 2339/4439/3987 2385/4441/3989
f 2385/4441/3989 2339/4439/3987 2338/4442/3990
f 2385/4441/3989 2338/4442/3990 2386/4443/3991
f 2386/4443/3991 2338/4442/3990 2337/4444/3992
f 2386/4443/3991 2337/4444/3992 2387/4445/3993
f 2387/4445/3993 2337/4444/3992 2336/4446/3994
f 2387/4445/3993 2336/4446/3994 2388/4447/3995
f 2388/4447/3995 2336/4446/3994 2335/4448/3996
f 2388/4447/3995 2335/4448/3996 2389/4449/3997
f 2389/4449/3997 2335/4448/3996 2390/4450/3998
f 2390/4450/3998 2335/4448/3996 2334/4451/3999
f 2390/4450/3998 2334/4451/3999 2391/4452/4000
f 2391/4452/4000 2334/4451/3999 2333/4453/4001
f 2391/4452/4000 2333/4453/4001 2392/4454/4002
f 2392/4454/4002 2333/4453/4001 2332/4455/4003
f 2392/4454/4002 2332/4455/4003 2393/4456/4004
f 2393/4456/4004 2332/4455/4003 2331/4457/4005
f 2393/4456/4004 2331/4457/4005 2394/4458/4006
f 2394/4458/4006 2331/4457/4005 2395/4459/4007
f 2395/4459/4007 2331/4457/4005 2330/4460/4008
f 2395/4459/4007 2330/4460/4008 2396/4461/4009
f 2396/4461/4009 2330/4460/4008 2329/4462/4010
f 2396/4461/4009 2329/4462/4010 2397/4463/4011
f 2397/4463/4011 2329/4462/4010 2328/4464/4012
f 2397/4463/4011 2328/4464/4012 2398/4397/3945
f 2398/4397/3945 2328/4464/4012 2327/4395/3943
f 2438/4465/4013 2420/4466/4014 2399/4467/4015
f 2399/4467/4015 2420/4466/4014 2419/4468/4016
f 2399/4467/4015 2419/4468/4016 2400/4469/4017
f 2400/4469/4017 2419/4468/4016 2418/4470/4018
f 2400/4469/4017 2418/4470/4018 2401/4471/4019
f 2401/4471/4019 2418/4470/4018 2417/4472/4020
f 2401/4471/4019 2417/4472/4020 2402/4473/4021
f 2402/4473/4021 2417/4472/4020 2416/4474/4022
f 2402/4473/4021 2416/4474/4022 2403/4475/4023
f 2403/4475/4023 2416/4474/4022 2415/4476/4024
f 2403/4475/4023 2415/4476/4024 2404/4477/4025
f 2404/4477/4025 2415/4476/4024 2414/4478/4026
f 2404/4477/4025 2414/4478/4026 2405/4479/4027
f 2405/4479/4027 2414/4478/4026 2413/4480/4028
f 2405/4479/4027 2413/4480/4028 2406/4481/4029
f 2406/4481/4029 2413/4480/4028 2412/4482/4030
f 2406/4481/4029 2412/4482/4030 2407/4483/4031
f 2407/4483/4031 2412/4482/4030 2411/4484/4032
f 2407/4483/4031 2411/4484/4032 2408/4485/4033
f 2408/4485/4033 2411/4484/4032 2410/4486/4034
f 2408/4485/4033 2410/4486/4034 2409/4487/4035
f 2420/4466/4014 2438/4465/4013 2421/4488/4036
f 2421/4488/4036 2438/4465/4013 2437/4489/4037
f 2421/4488/4036 2437/4489/4037 2422/4490/4038
f 2422/4490/4038 2437/4489/4037 2436/4491/4039
f 2422/4490/4038 2436/4491/4039 2423/4492/4040
f 2423/4492/4040 2436/4491/4039 2435/4493/4041
f 2423/4492/4040 2435/4493/4041 2424/4494/4042
f 2424/4494/4042 2435/4493/4041 2434/4495/4043
f 2424/4494/4042 2434/4495/4043 2425/4496/4044
f 2425/4496/4044 2434/4495/4043 2433/4497/4045
f 2425/4496/4044 2433/4497/4045 2426/4498/4046
f 2426/4498/4046 2433/4497/4045 2432/4499/4047
f 2426/4498/4046 2432/4499/4047 2427/4500/4048
f 2427/4500/4048 2432/4499/4047 2431/4501/4049
f 2427/4500/4048 2431/4501/4049 2428/4502/4050
f 2428/4502/4050 2431/4501/4049 2430/4503/4051
f 2428/4502/4050 2430/4503/4051 2429/4504/4052
# 2438 vertices
# 4504 texture params
# 4052 normals
# 4968 facets

# 5 groups
