ISO-10303-21;
HEADER;
/* Generated by software containing ST-Developer
 * from STEP Tools, Inc. (www.steptools.com) 
 */

FILE_DESCRIPTION(
/* description */ (''),
/* implementation_level */ '2;1');

FILE_NAME(
/* name */ 'RP0 - New case.step',
/* time_stamp */ '2025-09-08T17:18:06+02:00',
/* author */ (''),
/* organization */ (''),
/* preprocessor_version */ 'ST-DEVELOPER v20.1',
/* originating_system */ 'Autodesk Translation Framework v14.10.0.0',
/* authorisation */ '');

FILE_SCHEMA (('AUTOMOTIVE_DESIGN { 1 0 10303 214 3 1 1 }'));
ENDSEC;

DATA;
#10=MECHANICAL_DESIGN_GEOMETRIC_PRESENTATION_REPRESENTATION('',(#53,#54,
#55,#56,#57),#5806);
#11=ITEM_DEFINED_TRANSFORMATION($,$,#3551,#3843);
#12=ITEM_DEFINED_TRANSFORMATION($,$,#3604,#3844);
#13=ITEM_DEFINED_TRANSFORMATION($,$,#3689,#3845);
#14=ITEM_DEFINED_TRANSFORMATION($,$,#3830,#3846);
#15=(
REPRESENTATION_RELATIONSHIP($,$,#5826,#5825)
REPRESENTATION_RELATIONSHIP_WITH_TRANSFORMATION(#11)
SHAPE_REPRESENTATION_RELATIONSHIP()
);
#16=(
REPRESENTATION_RELATIONSHIP($,$,#5827,#5825)
REPRESENTATION_RELATIONSHIP_WITH_TRANSFORMATION(#12)
SHAPE_REPRESENTATION_RELATIONSHIP()
);
#17=(
REPRESENTATION_RELATIONSHIP($,$,#5828,#5825)
REPRESENTATION_RELATIONSHIP_WITH_TRANSFORMATION(#13)
SHAPE_REPRESENTATION_RELATIONSHIP()
);
#18=(
REPRESENTATION_RELATIONSHIP($,$,#5829,#5825)
REPRESENTATION_RELATIONSHIP_WITH_TRANSFORMATION(#14)
SHAPE_REPRESENTATION_RELATIONSHIP()
);
#19=CONTEXT_DEPENDENT_SHAPE_REPRESENTATION(#15,#5821);
#20=CONTEXT_DEPENDENT_SHAPE_REPRESENTATION(#16,#5822);
#21=CONTEXT_DEPENDENT_SHAPE_REPRESENTATION(#17,#5823);
#22=CONTEXT_DEPENDENT_SHAPE_REPRESENTATION(#18,#5824);
#23=NEXT_ASSEMBLY_USAGE_OCCURRENCE('Button holder:1','Button holder:1',
'Button holder:1',#5831,#5832,'Button holder:1');
#24=NEXT_ASSEMBLY_USAGE_OCCURRENCE('Top Cover:1','Top Cover:1',
'Top Cover:1',#5831,#5833,'Top Cover:1');
#25=NEXT_ASSEMBLY_USAGE_OCCURRENCE('Bottom Cover:1','Bottom Cover:1',
'Bottom Cover:1',#5831,#5834,'Bottom Cover:1');
#26=NEXT_ASSEMBLY_USAGE_OCCURRENCE('Button:1','Button:1','Button:1',#5831,
#5835,'Button:1');
#27=TOROIDAL_SURFACE('',#3831,3.,1.5);
#28=ELLIPSE('',#3698,7.07106781186547,5.);
#29=ELLIPSE('',#3711,7.07106781186548,5.);
#30=ELLIPSE('',#3720,7.07106781186547,5.);
#31=ELLIPSE('',#3730,7.07106781186548,5.);
#32=ELLIPSE('',#3732,7.07106781186548,5.);
#33=SPHERICAL_SURFACE('',#3605,5.);
#34=SPHERICAL_SURFACE('',#3618,5.);
#35=SPHERICAL_SURFACE('',#3626,5.);
#36=SPHERICAL_SURFACE('',#3633,5.);
#37=SPHERICAL_SURFACE('',#3690,5.);
#38=SPHERICAL_SURFACE('',#3701,5.);
#39=SPHERICAL_SURFACE('',#3712,5.);
#40=SPHERICAL_SURFACE('',#3723,5.);
#41=SPHERICAL_SURFACE('',#3734,5.);
#42=SPHERICAL_SURFACE('',#3748,5.);
#43=SPHERICAL_SURFACE('',#3752,5.);
#44=SPHERICAL_SURFACE('',#3757,5.);
#45=SHAPE_REPRESENTATION_RELATIONSHIP('SRR','None',#5826,#49);
#46=SHAPE_REPRESENTATION_RELATIONSHIP('SRR','None',#5827,#50);
#47=SHAPE_REPRESENTATION_RELATIONSHIP('SRR','None',#5828,#51);
#48=SHAPE_REPRESENTATION_RELATIONSHIP('SRR','None',#5829,#52);
#49=ADVANCED_BREP_SHAPE_REPRESENTATION('',(#58,#59),#5802);
#50=ADVANCED_BREP_SHAPE_REPRESENTATION('',(#60),#5803);
#51=ADVANCED_BREP_SHAPE_REPRESENTATION('',(#61),#5804);
#52=ADVANCED_BREP_SHAPE_REPRESENTATION('',(#62),#5805);
#53=STYLED_ITEM('',(#5854),#58);
#54=STYLED_ITEM('',(#5854),#59);
#55=STYLED_ITEM('',(#5854),#60);
#56=STYLED_ITEM('',(#5854),#61);
#57=STYLED_ITEM('',(#5854),#62);
#58=MANIFOLD_SOLID_BREP('Body1',#3500);
#59=MANIFOLD_SOLID_BREP('Body2',#3501);
#60=MANIFOLD_SOLID_BREP('Body4',#3502);
#61=MANIFOLD_SOLID_BREP('Body1',#3503);
#62=MANIFOLD_SOLID_BREP('Body1',#3504);
#63=CIRCLE('',#3562,0.5);
#64=CIRCLE('',#3563,0.5);
#65=CIRCLE('',#3565,0.5);
#66=CIRCLE('',#3566,0.5);
#67=CIRCLE('',#3568,0.5);
#68=CIRCLE('',#3569,0.5);
#69=CIRCLE('',#3571,0.5);
#70=CIRCLE('',#3572,0.5);
#71=CIRCLE('',#3574,0.5);
#72=CIRCLE('',#3575,0.5);
#73=CIRCLE('',#3577,0.5);
#74=CIRCLE('',#3578,0.5);
#75=CIRCLE('',#3580,0.5);
#76=CIRCLE('',#3581,0.5);
#77=CIRCLE('',#3583,0.5);
#78=CIRCLE('',#3584,0.5);
#79=CIRCLE('',#3597,0.499999999999998);
#80=CIRCLE('',#3598,0.499999999999998);
#81=CIRCLE('',#3600,0.499999999999998);
#82=CIRCLE('',#3601,0.499999999999998);
#83=CIRCLE('',#3606,5.);
#84=CIRCLE('',#3607,5.);
#85=CIRCLE('',#3608,4.99999999999999);
#86=CIRCLE('',#3610,5.);
#87=CIRCLE('',#3612,5.);
#88=CIRCLE('',#3615,5.);
#89=CIRCLE('',#3616,5.);
#90=CIRCLE('',#3617,5.);
#91=CIRCLE('',#3619,4.99999999999999);
#92=CIRCLE('',#3620,5.);
#93=CIRCLE('',#3623,5.);
#94=CIRCLE('',#3624,5.);
#95=CIRCLE('',#3627,5.);
#96=CIRCLE('',#3628,4.99999999999999);
#97=CIRCLE('',#3629,5.00000000000002);
#98=CIRCLE('',#3634,5.);
#99=CIRCLE('',#3635,5.00000000000002);
#100=CIRCLE('',#3636,5.);
#101=CIRCLE('',#3641,5.);
#102=CIRCLE('',#3642,5.);
#103=CIRCLE('',#3643,5.);
#104=CIRCLE('',#3644,5.);
#105=CIRCLE('',#3645,5.);
#106=CIRCLE('',#3646,5.);
#107=CIRCLE('',#3647,5.);
#108=CIRCLE('',#3648,5.);
#109=CIRCLE('',#3649,5.);
#110=CIRCLE('',#3650,5.);
#111=CIRCLE('',#3653,5.);
#112=CIRCLE('',#3654,5.);
#113=CIRCLE('',#3655,5.);
#114=CIRCLE('',#3656,5.);
#115=CIRCLE('',#3657,5.);
#116=CIRCLE('',#3658,5.);
#117=CIRCLE('',#3659,5.);
#118=CIRCLE('',#3660,5.);
#119=CIRCLE('',#3661,5.);
#120=CIRCLE('',#3662,5.);
#121=CIRCLE('',#3691,5.);
#122=CIRCLE('',#3692,5.);
#123=CIRCLE('',#3693,5.);
#124=CIRCLE('',#3695,5.);
#125=CIRCLE('',#3700,5.);
#126=CIRCLE('',#3702,5.);
#127=CIRCLE('',#3703,5.);
#128=CIRCLE('',#3704,4.99999999999999);
#129=CIRCLE('',#3706,5.);
#130=CIRCLE('',#3709,5.);
#131=CIRCLE('',#3710,5.);
#132=CIRCLE('',#3713,5.);
#133=CIRCLE('',#3714,4.99999999999999);
#134=CIRCLE('',#3715,4.99999999999999);
#135=CIRCLE('',#3717,5.);
#136=CIRCLE('',#3722,4.99999999999999);
#137=CIRCLE('',#3724,5.);
#138=CIRCLE('',#3725,5.);
#139=CIRCLE('',#3727,5.);
#140=CIRCLE('',#3733,5.);
#141=CIRCLE('',#3735,5.);
#142=CIRCLE('',#3736,4.99999999999999);
#143=CIRCLE('',#3737,5.);
#144=CIRCLE('',#3739,5.);
#145=CIRCLE('',#3743,5.);
#146=CIRCLE('',#3745,4.99999999999999);
#147=CIRCLE('',#3747,5.);
#148=CIRCLE('',#3749,5.);
#149=CIRCLE('',#3751,5.);
#150=CIRCLE('',#3753,4.99999999999999);
#151=CIRCLE('',#3756,5.);
#152=CIRCLE('',#3758,5.);
#153=CIRCLE('',#3759,4.99999999999999);
#154=CIRCLE('',#3832,3.);
#155=CIRCLE('',#3833,1.5);
#156=CIRCLE('',#3834,4.5);
#157=CIRCLE('',#3836,4.5);
#158=CIRCLE('',#3839,7.);
#159=CIRCLE('',#3840,7.);
#160=CYLINDRICAL_SURFACE('',#3561,0.5);
#161=CYLINDRICAL_SURFACE('',#3564,0.5);
#162=CYLINDRICAL_SURFACE('',#3567,0.5);
#163=CYLINDRICAL_SURFACE('',#3570,0.5);
#164=CYLINDRICAL_SURFACE('',#3573,0.5);
#165=CYLINDRICAL_SURFACE('',#3576,0.5);
#166=CYLINDRICAL_SURFACE('',#3579,0.5);
#167=CYLINDRICAL_SURFACE('',#3582,0.5);
#168=CYLINDRICAL_SURFACE('',#3596,0.499999999999998);
#169=CYLINDRICAL_SURFACE('',#3599,0.499999999999998);
#170=CYLINDRICAL_SURFACE('',#3609,5.);
#171=CYLINDRICAL_SURFACE('',#3611,5.);
#172=CYLINDRICAL_SURFACE('',#3621,5.);
#173=CYLINDRICAL_SURFACE('',#3622,5.);
#174=CYLINDRICAL_SURFACE('',#3630,5.);
#175=CYLINDRICAL_SURFACE('',#3631,5.);
#176=CYLINDRICAL_SURFACE('',#3637,5.);
#177=CYLINDRICAL_SURFACE('',#3638,5.);
#178=CYLINDRICAL_SURFACE('',#3675,5.);
#179=CYLINDRICAL_SURFACE('',#3676,5.);
#180=CYLINDRICAL_SURFACE('',#3677,5.);
#181=CYLINDRICAL_SURFACE('',#3678,5.);
#182=CYLINDRICAL_SURFACE('',#3679,5.);
#183=CYLINDRICAL_SURFACE('',#3680,5.);
#184=CYLINDRICAL_SURFACE('',#3681,5.);
#185=CYLINDRICAL_SURFACE('',#3682,5.);
#186=CYLINDRICAL_SURFACE('',#3683,5.);
#187=CYLINDRICAL_SURFACE('',#3684,5.);
#188=CYLINDRICAL_SURFACE('',#3694,5.);
#189=CYLINDRICAL_SURFACE('',#3697,5.);
#190=CYLINDRICAL_SURFACE('',#3699,5.);
#191=CYLINDRICAL_SURFACE('',#3705,5.);
#192=CYLINDRICAL_SURFACE('',#3708,5.);
#193=CYLINDRICAL_SURFACE('',#3716,5.);
#194=CYLINDRICAL_SURFACE('',#3719,5.);
#195=CYLINDRICAL_SURFACE('',#3721,5.);
#196=CYLINDRICAL_SURFACE('',#3726,5.);
#197=CYLINDRICAL_SURFACE('',#3729,5.);
#198=CYLINDRICAL_SURFACE('',#3731,5.);
#199=CYLINDRICAL_SURFACE('',#3738,5.);
#200=CYLINDRICAL_SURFACE('',#3742,5.);
#201=CYLINDRICAL_SURFACE('',#3744,5.);
#202=CYLINDRICAL_SURFACE('',#3746,5.);
#203=CYLINDRICAL_SURFACE('',#3750,5.);
#204=CYLINDRICAL_SURFACE('',#3755,5.);
#205=CYLINDRICAL_SURFACE('',#3760,5.);
#206=CYLINDRICAL_SURFACE('',#3766,5.);
#207=CYLINDRICAL_SURFACE('',#3835,4.5);
#208=CYLINDRICAL_SURFACE('',#3838,7.);
#209=FACE_BOUND('',#463,.T.);
#210=FACE_BOUND('',#473,.T.);
#211=FACE_BOUND('',#474,.T.);
#212=FACE_BOUND('',#475,.T.);
#213=FACE_BOUND('',#476,.T.);
#214=FACE_BOUND('',#477,.T.);
#215=FACE_BOUND('',#478,.T.);
#216=FACE_BOUND('',#479,.T.);
#217=FACE_BOUND('',#480,.T.);
#218=FACE_BOUND('',#482,.T.);
#219=FACE_BOUND('',#483,.T.);
#220=FACE_BOUND('',#484,.T.);
#221=FACE_BOUND('',#485,.T.);
#222=FACE_BOUND('',#486,.T.);
#223=FACE_BOUND('',#487,.T.);
#224=FACE_BOUND('',#488,.T.);
#225=FACE_BOUND('',#489,.T.);
#226=FACE_BOUND('',#499,.T.);
#227=FACE_BOUND('',#503,.T.);
#228=FACE_BOUND('',#504,.T.);
#229=FACE_BOUND('',#506,.T.);
#230=FACE_BOUND('',#507,.T.);
#231=FACE_BOUND('',#526,.T.);
#232=FACE_BOUND('',#527,.T.);
#233=FACE_BOUND('',#528,.T.);
#234=FACE_BOUND('',#529,.T.);
#235=FACE_BOUND('',#530,.T.);
#236=FACE_BOUND('',#531,.T.);
#237=FACE_BOUND('',#532,.T.);
#238=FACE_BOUND('',#533,.T.);
#239=FACE_BOUND('',#534,.T.);
#240=FACE_BOUND('',#535,.T.);
#241=FACE_BOUND('',#536,.T.);
#242=FACE_BOUND('',#539,.T.);
#243=FACE_BOUND('',#540,.T.);
#244=FACE_BOUND('',#541,.T.);
#245=FACE_BOUND('',#542,.T.);
#246=FACE_BOUND('',#543,.T.);
#247=FACE_BOUND('',#544,.T.);
#248=FACE_BOUND('',#545,.T.);
#249=FACE_BOUND('',#546,.T.);
#250=FACE_BOUND('',#547,.T.);
#251=FACE_BOUND('',#548,.T.);
#252=FACE_BOUND('',#549,.T.);
#253=FACE_BOUND('',#616,.T.);
#254=FACE_BOUND('',#617,.T.);
#255=FACE_BOUND('',#618,.T.);
#256=FACE_BOUND('',#619,.T.);
#257=FACE_BOUND('',#620,.T.);
#258=FACE_BOUND('',#621,.T.);
#259=FACE_BOUND('',#622,.T.);
#260=FACE_BOUND('',#666,.T.);
#261=FACE_BOUND('',#667,.T.);
#262=FACE_BOUND('',#668,.T.);
#263=FACE_BOUND('',#669,.T.);
#264=FACE_BOUND('',#670,.T.);
#265=FACE_BOUND('',#671,.T.);
#266=FACE_BOUND('',#672,.T.);
#267=FACE_BOUND('',#697,.T.);
#268=FACE_OUTER_BOUND('',#454,.T.);
#269=FACE_OUTER_BOUND('',#455,.T.);
#270=FACE_OUTER_BOUND('',#456,.T.);
#271=FACE_OUTER_BOUND('',#457,.T.);
#272=FACE_OUTER_BOUND('',#458,.T.);
#273=FACE_OUTER_BOUND('',#459,.T.);
#274=FACE_OUTER_BOUND('',#460,.T.);
#275=FACE_OUTER_BOUND('',#461,.T.);
#276=FACE_OUTER_BOUND('',#462,.T.);
#277=FACE_OUTER_BOUND('',#464,.T.);
#278=FACE_OUTER_BOUND('',#465,.T.);
#279=FACE_OUTER_BOUND('',#466,.T.);
#280=FACE_OUTER_BOUND('',#467,.T.);
#281=FACE_OUTER_BOUND('',#468,.T.);
#282=FACE_OUTER_BOUND('',#469,.T.);
#283=FACE_OUTER_BOUND('',#470,.T.);
#284=FACE_OUTER_BOUND('',#471,.T.);
#285=FACE_OUTER_BOUND('',#472,.T.);
#286=FACE_OUTER_BOUND('',#481,.T.);
#287=FACE_OUTER_BOUND('',#490,.T.);
#288=FACE_OUTER_BOUND('',#491,.T.);
#289=FACE_OUTER_BOUND('',#492,.T.);
#290=FACE_OUTER_BOUND('',#493,.T.);
#291=FACE_OUTER_BOUND('',#494,.T.);
#292=FACE_OUTER_BOUND('',#495,.T.);
#293=FACE_OUTER_BOUND('',#496,.T.);
#294=FACE_OUTER_BOUND('',#497,.T.);
#295=FACE_OUTER_BOUND('',#498,.T.);
#296=FACE_OUTER_BOUND('',#500,.T.);
#297=FACE_OUTER_BOUND('',#501,.T.);
#298=FACE_OUTER_BOUND('',#502,.T.);
#299=FACE_OUTER_BOUND('',#505,.T.);
#300=FACE_OUTER_BOUND('',#508,.T.);
#301=FACE_OUTER_BOUND('',#509,.T.);
#302=FACE_OUTER_BOUND('',#510,.T.);
#303=FACE_OUTER_BOUND('',#511,.T.);
#304=FACE_OUTER_BOUND('',#512,.T.);
#305=FACE_OUTER_BOUND('',#513,.T.);
#306=FACE_OUTER_BOUND('',#514,.T.);
#307=FACE_OUTER_BOUND('',#515,.T.);
#308=FACE_OUTER_BOUND('',#516,.T.);
#309=FACE_OUTER_BOUND('',#517,.T.);
#310=FACE_OUTER_BOUND('',#518,.T.);
#311=FACE_OUTER_BOUND('',#519,.T.);
#312=FACE_OUTER_BOUND('',#520,.T.);
#313=FACE_OUTER_BOUND('',#521,.T.);
#314=FACE_OUTER_BOUND('',#522,.T.);
#315=FACE_OUTER_BOUND('',#523,.T.);
#316=FACE_OUTER_BOUND('',#524,.T.);
#317=FACE_OUTER_BOUND('',#525,.T.);
#318=FACE_OUTER_BOUND('',#537,.T.);
#319=FACE_OUTER_BOUND('',#538,.T.);
#320=FACE_OUTER_BOUND('',#550,.T.);
#321=FACE_OUTER_BOUND('',#551,.T.);
#322=FACE_OUTER_BOUND('',#552,.T.);
#323=FACE_OUTER_BOUND('',#553,.T.);
#324=FACE_OUTER_BOUND('',#554,.T.);
#325=FACE_OUTER_BOUND('',#555,.T.);
#326=FACE_OUTER_BOUND('',#556,.T.);
#327=FACE_OUTER_BOUND('',#557,.T.);
#328=FACE_OUTER_BOUND('',#558,.T.);
#329=FACE_OUTER_BOUND('',#559,.T.);
#330=FACE_OUTER_BOUND('',#560,.T.);
#331=FACE_OUTER_BOUND('',#561,.T.);
#332=FACE_OUTER_BOUND('',#562,.T.);
#333=FACE_OUTER_BOUND('',#563,.T.);
#334=FACE_OUTER_BOUND('',#564,.T.);
#335=FACE_OUTER_BOUND('',#565,.T.);
#336=FACE_OUTER_BOUND('',#566,.T.);
#337=FACE_OUTER_BOUND('',#567,.T.);
#338=FACE_OUTER_BOUND('',#568,.T.);
#339=FACE_OUTER_BOUND('',#569,.T.);
#340=FACE_OUTER_BOUND('',#570,.T.);
#341=FACE_OUTER_BOUND('',#571,.T.);
#342=FACE_OUTER_BOUND('',#572,.T.);
#343=FACE_OUTER_BOUND('',#573,.T.);
#344=FACE_OUTER_BOUND('',#574,.T.);
#345=FACE_OUTER_BOUND('',#575,.T.);
#346=FACE_OUTER_BOUND('',#576,.T.);
#347=FACE_OUTER_BOUND('',#577,.T.);
#348=FACE_OUTER_BOUND('',#578,.T.);
#349=FACE_OUTER_BOUND('',#579,.T.);
#350=FACE_OUTER_BOUND('',#580,.T.);
#351=FACE_OUTER_BOUND('',#581,.T.);
#352=FACE_OUTER_BOUND('',#582,.T.);
#353=FACE_OUTER_BOUND('',#583,.T.);
#354=FACE_OUTER_BOUND('',#584,.T.);
#355=FACE_OUTER_BOUND('',#585,.T.);
#356=FACE_OUTER_BOUND('',#586,.T.);
#357=FACE_OUTER_BOUND('',#587,.T.);
#358=FACE_OUTER_BOUND('',#588,.T.);
#359=FACE_OUTER_BOUND('',#589,.T.);
#360=FACE_OUTER_BOUND('',#590,.T.);
#361=FACE_OUTER_BOUND('',#591,.T.);
#362=FACE_OUTER_BOUND('',#592,.T.);
#363=FACE_OUTER_BOUND('',#593,.T.);
#364=FACE_OUTER_BOUND('',#594,.T.);
#365=FACE_OUTER_BOUND('',#595,.T.);
#366=FACE_OUTER_BOUND('',#596,.T.);
#367=FACE_OUTER_BOUND('',#597,.T.);
#368=FACE_OUTER_BOUND('',#598,.T.);
#369=FACE_OUTER_BOUND('',#599,.T.);
#370=FACE_OUTER_BOUND('',#600,.T.);
#371=FACE_OUTER_BOUND('',#601,.T.);
#372=FACE_OUTER_BOUND('',#602,.T.);
#373=FACE_OUTER_BOUND('',#603,.T.);
#374=FACE_OUTER_BOUND('',#604,.T.);
#375=FACE_OUTER_BOUND('',#605,.T.);
#376=FACE_OUTER_BOUND('',#606,.T.);
#377=FACE_OUTER_BOUND('',#607,.T.);
#378=FACE_OUTER_BOUND('',#608,.T.);
#379=FACE_OUTER_BOUND('',#609,.T.);
#380=FACE_OUTER_BOUND('',#610,.T.);
#381=FACE_OUTER_BOUND('',#611,.T.);
#382=FACE_OUTER_BOUND('',#612,.T.);
#383=FACE_OUTER_BOUND('',#613,.T.);
#384=FACE_OUTER_BOUND('',#614,.T.);
#385=FACE_OUTER_BOUND('',#615,.T.);
#386=FACE_OUTER_BOUND('',#623,.T.);
#387=FACE_OUTER_BOUND('',#624,.T.);
#388=FACE_OUTER_BOUND('',#625,.T.);
#389=FACE_OUTER_BOUND('',#626,.T.);
#390=FACE_OUTER_BOUND('',#627,.T.);
#391=FACE_OUTER_BOUND('',#628,.T.);
#392=FACE_OUTER_BOUND('',#629,.T.);
#393=FACE_OUTER_BOUND('',#630,.T.);
#394=FACE_OUTER_BOUND('',#631,.T.);
#395=FACE_OUTER_BOUND('',#632,.T.);
#396=FACE_OUTER_BOUND('',#633,.T.);
#397=FACE_OUTER_BOUND('',#634,.T.);
#398=FACE_OUTER_BOUND('',#635,.T.);
#399=FACE_OUTER_BOUND('',#636,.T.);
#400=FACE_OUTER_BOUND('',#637,.T.);
#401=FACE_OUTER_BOUND('',#638,.T.);
#402=FACE_OUTER_BOUND('',#639,.T.);
#403=FACE_OUTER_BOUND('',#640,.T.);
#404=FACE_OUTER_BOUND('',#641,.T.);
#405=FACE_OUTER_BOUND('',#642,.T.);
#406=FACE_OUTER_BOUND('',#643,.T.);
#407=FACE_OUTER_BOUND('',#644,.T.);
#408=FACE_OUTER_BOUND('',#645,.T.);
#409=FACE_OUTER_BOUND('',#646,.T.);
#410=FACE_OUTER_BOUND('',#647,.T.);
#411=FACE_OUTER_BOUND('',#648,.T.);
#412=FACE_OUTER_BOUND('',#649,.T.);
#413=FACE_OUTER_BOUND('',#650,.T.);
#414=FACE_OUTER_BOUND('',#651,.T.);
#415=FACE_OUTER_BOUND('',#652,.T.);
#416=FACE_OUTER_BOUND('',#653,.T.);
#417=FACE_OUTER_BOUND('',#654,.T.);
#418=FACE_OUTER_BOUND('',#655,.T.);
#419=FACE_OUTER_BOUND('',#656,.T.);
#420=FACE_OUTER_BOUND('',#657,.T.);
#421=FACE_OUTER_BOUND('',#658,.T.);
#422=FACE_OUTER_BOUND('',#659,.T.);
#423=FACE_OUTER_BOUND('',#660,.T.);
#424=FACE_OUTER_BOUND('',#661,.T.);
#425=FACE_OUTER_BOUND('',#662,.T.);
#426=FACE_OUTER_BOUND('',#663,.T.);
#427=FACE_OUTER_BOUND('',#664,.T.);
#428=FACE_OUTER_BOUND('',#665,.T.);
#429=FACE_OUTER_BOUND('',#673,.T.);
#430=FACE_OUTER_BOUND('',#674,.T.);
#431=FACE_OUTER_BOUND('',#675,.T.);
#432=FACE_OUTER_BOUND('',#676,.T.);
#433=FACE_OUTER_BOUND('',#677,.T.);
#434=FACE_OUTER_BOUND('',#678,.T.);
#435=FACE_OUTER_BOUND('',#679,.T.);
#436=FACE_OUTER_BOUND('',#680,.T.);
#437=FACE_OUTER_BOUND('',#681,.T.);
#438=FACE_OUTER_BOUND('',#682,.T.);
#439=FACE_OUTER_BOUND('',#683,.T.);
#440=FACE_OUTER_BOUND('',#684,.T.);
#441=FACE_OUTER_BOUND('',#685,.T.);
#442=FACE_OUTER_BOUND('',#686,.T.);
#443=FACE_OUTER_BOUND('',#687,.T.);
#444=FACE_OUTER_BOUND('',#688,.T.);
#445=FACE_OUTER_BOUND('',#689,.T.);
#446=FACE_OUTER_BOUND('',#690,.T.);
#447=FACE_OUTER_BOUND('',#691,.T.);
#448=FACE_OUTER_BOUND('',#692,.T.);
#449=FACE_OUTER_BOUND('',#693,.T.);
#450=FACE_OUTER_BOUND('',#694,.T.);
#451=FACE_OUTER_BOUND('',#695,.T.);
#452=FACE_OUTER_BOUND('',#696,.T.);
#453=FACE_OUTER_BOUND('',#698,.T.);
#454=EDGE_LOOP('',(#2234,#2235,#2236,#2237));
#455=EDGE_LOOP('',(#2238,#2239,#2240,#2241));
#456=EDGE_LOOP('',(#2242,#2243,#2244,#2245));
#457=EDGE_LOOP('',(#2246,#2247,#2248,#2249));
#458=EDGE_LOOP('',(#2250,#2251,#2252,#2253));
#459=EDGE_LOOP('',(#2254,#2255,#2256,#2257));
#460=EDGE_LOOP('',(#2258,#2259,#2260,#2261));
#461=EDGE_LOOP('',(#2262,#2263,#2264,#2265));
#462=EDGE_LOOP('',(#2266,#2267,#2268,#2269));
#463=EDGE_LOOP('',(#2270,#2271,#2272,#2273));
#464=EDGE_LOOP('',(#2274,#2275,#2276,#2277));
#465=EDGE_LOOP('',(#2278,#2279,#2280,#2281));
#466=EDGE_LOOP('',(#2282,#2283,#2284,#2285));
#467=EDGE_LOOP('',(#2286,#2287,#2288,#2289));
#468=EDGE_LOOP('',(#2290,#2291,#2292,#2293));
#469=EDGE_LOOP('',(#2294,#2295,#2296,#2297));
#470=EDGE_LOOP('',(#2298,#2299,#2300,#2301));
#471=EDGE_LOOP('',(#2302,#2303,#2304,#2305));
#472=EDGE_LOOP('',(#2306,#2307,#2308,#2309));
#473=EDGE_LOOP('',(#2310));
#474=EDGE_LOOP('',(#2311));
#475=EDGE_LOOP('',(#2312));
#476=EDGE_LOOP('',(#2313));
#477=EDGE_LOOP('',(#2314));
#478=EDGE_LOOP('',(#2315));
#479=EDGE_LOOP('',(#2316));
#480=EDGE_LOOP('',(#2317));
#481=EDGE_LOOP('',(#2318,#2319,#2320,#2321));
#482=EDGE_LOOP('',(#2322));
#483=EDGE_LOOP('',(#2323));
#484=EDGE_LOOP('',(#2324));
#485=EDGE_LOOP('',(#2325));
#486=EDGE_LOOP('',(#2326));
#487=EDGE_LOOP('',(#2327));
#488=EDGE_LOOP('',(#2328));
#489=EDGE_LOOP('',(#2329));
#490=EDGE_LOOP('',(#2330,#2331,#2332,#2333));
#491=EDGE_LOOP('',(#2334,#2335,#2336,#2337));
#492=EDGE_LOOP('',(#2338,#2339,#2340,#2341));
#493=EDGE_LOOP('',(#2342,#2343,#2344,#2345));
#494=EDGE_LOOP('',(#2346,#2347,#2348,#2349));
#495=EDGE_LOOP('',(#2350,#2351,#2352,#2353));
#496=EDGE_LOOP('',(#2354,#2355,#2356,#2357));
#497=EDGE_LOOP('',(#2358,#2359,#2360,#2361));
#498=EDGE_LOOP('',(#2362,#2363,#2364,#2365));
#499=EDGE_LOOP('',(#2366,#2367,#2368,#2369));
#500=EDGE_LOOP('',(#2370,#2371,#2372,#2373));
#501=EDGE_LOOP('',(#2374,#2375,#2376,#2377));
#502=EDGE_LOOP('',(#2378,#2379,#2380,#2381));
#503=EDGE_LOOP('',(#2382));
#504=EDGE_LOOP('',(#2383));
#505=EDGE_LOOP('',(#2384,#2385,#2386,#2387));
#506=EDGE_LOOP('',(#2388));
#507=EDGE_LOOP('',(#2389));
#508=EDGE_LOOP('',(#2390,#2391,#2392));
#509=EDGE_LOOP('',(#2393,#2394,#2395,#2396));
#510=EDGE_LOOP('',(#2397,#2398,#2399,#2400));
#511=EDGE_LOOP('',(#2401,#2402,#2403,#2404));
#512=EDGE_LOOP('',(#2405,#2406,#2407,#2408,#2409,#2410,#2411,#2412,#2413,
#2414,#2415,#2416,#2417,#2418,#2419,#2420,#2421));
#513=EDGE_LOOP('',(#2422,#2423,#2424));
#514=EDGE_LOOP('',(#2425,#2426,#2427,#2428));
#515=EDGE_LOOP('',(#2429,#2430,#2431,#2432,#2433,#2434));
#516=EDGE_LOOP('',(#2435,#2436,#2437,#2438,#2439,#2440,#2441,#2442));
#517=EDGE_LOOP('',(#2443,#2444,#2445));
#518=EDGE_LOOP('',(#2446,#2447,#2448,#2449));
#519=EDGE_LOOP('',(#2450,#2451,#2452,#2453));
#520=EDGE_LOOP('',(#2454,#2455,#2456,#2457));
#521=EDGE_LOOP('',(#2458,#2459,#2460,#2461));
#522=EDGE_LOOP('',(#2462,#2463,#2464,#2465));
#523=EDGE_LOOP('',(#2466,#2467,#2468,#2469));
#524=EDGE_LOOP('',(#2470,#2471,#2472,#2473,#2474));
#525=EDGE_LOOP('',(#2475,#2476,#2477,#2478,#2479,#2480,#2481,#2482,#2483,
#2484));
#526=EDGE_LOOP('',(#2485,#2486,#2487,#2488));
#527=EDGE_LOOP('',(#2489));
#528=EDGE_LOOP('',(#2490));
#529=EDGE_LOOP('',(#2491));
#530=EDGE_LOOP('',(#2492));
#531=EDGE_LOOP('',(#2493));
#532=EDGE_LOOP('',(#2494));
#533=EDGE_LOOP('',(#2495));
#534=EDGE_LOOP('',(#2496));
#535=EDGE_LOOP('',(#2497));
#536=EDGE_LOOP('',(#2498));
#537=EDGE_LOOP('',(#2499,#2500,#2501,#2502,#2503));
#538=EDGE_LOOP('',(#2504,#2505,#2506,#2507));
#539=EDGE_LOOP('',(#2508));
#540=EDGE_LOOP('',(#2509));
#541=EDGE_LOOP('',(#2510));
#542=EDGE_LOOP('',(#2511));
#543=EDGE_LOOP('',(#2512));
#544=EDGE_LOOP('',(#2513));
#545=EDGE_LOOP('',(#2514));
#546=EDGE_LOOP('',(#2515));
#547=EDGE_LOOP('',(#2516));
#548=EDGE_LOOP('',(#2517));
#549=EDGE_LOOP('',(#2518,#2519,#2520,#2521));
#550=EDGE_LOOP('',(#2522,#2523,#2524,#2525));
#551=EDGE_LOOP('',(#2526,#2527,#2528,#2529));
#552=EDGE_LOOP('',(#2530,#2531,#2532,#2533));
#553=EDGE_LOOP('',(#2534,#2535,#2536,#2537,#2538,#2539,#2540,#2541));
#554=EDGE_LOOP('',(#2542,#2543,#2544,#2545));
#555=EDGE_LOOP('',(#2546,#2547,#2548,#2549));
#556=EDGE_LOOP('',(#2550,#2551,#2552,#2553));
#557=EDGE_LOOP('',(#2554,#2555,#2556,#2557));
#558=EDGE_LOOP('',(#2558,#2559,#2560,#2561));
#559=EDGE_LOOP('',(#2562,#2563,#2564,#2565));
#560=EDGE_LOOP('',(#2566,#2567,#2568,#2569));
#561=EDGE_LOOP('',(#2570,#2571,#2572,#2573));
#562=EDGE_LOOP('',(#2574,#2575,#2576,#2577));
#563=EDGE_LOOP('',(#2578,#2579,#2580,#2581));
#564=EDGE_LOOP('',(#2582,#2583,#2584,#2585));
#565=EDGE_LOOP('',(#2586,#2587,#2588,#2589));
#566=EDGE_LOOP('',(#2590,#2591,#2592,#2593));
#567=EDGE_LOOP('',(#2594,#2595,#2596,#2597));
#568=EDGE_LOOP('',(#2598,#2599,#2600,#2601));
#569=EDGE_LOOP('',(#2602,#2603,#2604,#2605));
#570=EDGE_LOOP('',(#2606,#2607,#2608,#2609));
#571=EDGE_LOOP('',(#2610,#2611,#2612,#2613));
#572=EDGE_LOOP('',(#2614,#2615,#2616,#2617));
#573=EDGE_LOOP('',(#2618,#2619,#2620,#2621));
#574=EDGE_LOOP('',(#2622,#2623,#2624,#2625));
#575=EDGE_LOOP('',(#2626,#2627,#2628,#2629));
#576=EDGE_LOOP('',(#2630,#2631,#2632));
#577=EDGE_LOOP('',(#2633,#2634,#2635,#2636));
#578=EDGE_LOOP('',(#2637,#2638,#2639,#2640,#2641,#2642,#2643,#2644));
#579=EDGE_LOOP('',(#2645,#2646,#2647,#2648));
#580=EDGE_LOOP('',(#2649,#2650,#2651,#2652));
#581=EDGE_LOOP('',(#2653,#2654,#2655,#2656));
#582=EDGE_LOOP('',(#2657,#2658,#2659,#2660));
#583=EDGE_LOOP('',(#2661,#2662,#2663,#2664,#2665,#2666,#2667,#2668));
#584=EDGE_LOOP('',(#2669,#2670,#2671,#2672,#2673,#2674,#2675,#2676));
#585=EDGE_LOOP('',(#2677,#2678,#2679));
#586=EDGE_LOOP('',(#2680,#2681,#2682,#2683));
#587=EDGE_LOOP('',(#2684,#2685,#2686,#2687,#2688,#2689,#2690,#2691));
#588=EDGE_LOOP('',(#2692,#2693,#2694,#2695));
#589=EDGE_LOOP('',(#2696,#2697,#2698,#2699));
#590=EDGE_LOOP('',(#2700,#2701,#2702));
#591=EDGE_LOOP('',(#2703,#2704,#2705,#2706));
#592=EDGE_LOOP('',(#2707,#2708,#2709,#2710));
#593=EDGE_LOOP('',(#2711,#2712,#2713,#2714));
#594=EDGE_LOOP('',(#2715,#2716,#2717));
#595=EDGE_LOOP('',(#2718,#2719,#2720));
#596=EDGE_LOOP('',(#2721,#2722,#2723,#2724,#2725,#2726,#2727));
#597=EDGE_LOOP('',(#2728,#2729,#2730,#2731,#2732,#2733,#2734,#2735,#2736));
#598=EDGE_LOOP('',(#2737,#2738,#2739,#2740));
#599=EDGE_LOOP('',(#2741,#2742,#2743,#2744));
#600=EDGE_LOOP('',(#2745,#2746,#2747,#2748));
#601=EDGE_LOOP('',(#2749,#2750,#2751,#2752));
#602=EDGE_LOOP('',(#2753,#2754,#2755));
#603=EDGE_LOOP('',(#2756,#2757,#2758,#2759));
#604=EDGE_LOOP('',(#2760,#2761,#2762));
#605=EDGE_LOOP('',(#2763,#2764,#2765,#2766));
#606=EDGE_LOOP('',(#2767,#2768,#2769,#2770));
#607=EDGE_LOOP('',(#2771,#2772,#2773));
#608=EDGE_LOOP('',(#2774,#2775,#2776,#2777));
#609=EDGE_LOOP('',(#2778,#2779,#2780,#2781,#2782));
#610=EDGE_LOOP('',(#2783,#2784,#2785,#2786,#2787));
#611=EDGE_LOOP('',(#2788,#2789,#2790,#2791,#2792,#2793));
#612=EDGE_LOOP('',(#2794,#2795,#2796,#2797,#2798));
#613=EDGE_LOOP('',(#2799,#2800,#2801,#2802));
#614=EDGE_LOOP('',(#2803,#2804,#2805,#2806));
#615=EDGE_LOOP('',(#2807,#2808,#2809,#2810));
#616=EDGE_LOOP('',(#2811,#2812,#2813,#2814,#2815,#2816));
#617=EDGE_LOOP('',(#2817,#2818,#2819,#2820,#2821,#2822));
#618=EDGE_LOOP('',(#2823,#2824,#2825,#2826,#2827,#2828));
#619=EDGE_LOOP('',(#2829,#2830,#2831,#2832,#2833,#2834));
#620=EDGE_LOOP('',(#2835,#2836,#2837,#2838,#2839,#2840));
#621=EDGE_LOOP('',(#2841,#2842,#2843,#2844,#2845,#2846));
#622=EDGE_LOOP('',(#2847,#2848,#2849,#2850,#2851,#2852));
#623=EDGE_LOOP('',(#2853,#2854,#2855,#2856));
#624=EDGE_LOOP('',(#2857,#2858,#2859,#2860));
#625=EDGE_LOOP('',(#2861,#2862,#2863,#2864));
#626=EDGE_LOOP('',(#2865,#2866,#2867,#2868));
#627=EDGE_LOOP('',(#2869,#2870,#2871,#2872));
#628=EDGE_LOOP('',(#2873,#2874,#2875,#2876));
#629=EDGE_LOOP('',(#2877,#2878,#2879,#2880));
#630=EDGE_LOOP('',(#2881,#2882,#2883,#2884));
#631=EDGE_LOOP('',(#2885,#2886,#2887,#2888));
#632=EDGE_LOOP('',(#2889,#2890,#2891,#2892));
#633=EDGE_LOOP('',(#2893,#2894,#2895,#2896));
#634=EDGE_LOOP('',(#2897,#2898,#2899,#2900));
#635=EDGE_LOOP('',(#2901,#2902,#2903,#2904));
#636=EDGE_LOOP('',(#2905,#2906,#2907,#2908));
#637=EDGE_LOOP('',(#2909,#2910,#2911,#2912));
#638=EDGE_LOOP('',(#2913,#2914,#2915,#2916));
#639=EDGE_LOOP('',(#2917,#2918,#2919,#2920));
#640=EDGE_LOOP('',(#2921,#2922,#2923,#2924));
#641=EDGE_LOOP('',(#2925,#2926,#2927,#2928));
#642=EDGE_LOOP('',(#2929,#2930,#2931,#2932));
#643=EDGE_LOOP('',(#2933,#2934,#2935,#2936));
#644=EDGE_LOOP('',(#2937,#2938,#2939,#2940));
#645=EDGE_LOOP('',(#2941,#2942,#2943,#2944));
#646=EDGE_LOOP('',(#2945,#2946,#2947,#2948));
#647=EDGE_LOOP('',(#2949,#2950,#2951,#2952));
#648=EDGE_LOOP('',(#2953,#2954,#2955,#2956));
#649=EDGE_LOOP('',(#2957,#2958,#2959,#2960));
#650=EDGE_LOOP('',(#2961,#2962,#2963,#2964));
#651=EDGE_LOOP('',(#2965,#2966,#2967,#2968));
#652=EDGE_LOOP('',(#2969,#2970,#2971,#2972));
#653=EDGE_LOOP('',(#2973,#2974,#2975,#2976));
#654=EDGE_LOOP('',(#2977,#2978,#2979,#2980));
#655=EDGE_LOOP('',(#2981,#2982,#2983,#2984));
#656=EDGE_LOOP('',(#2985,#2986,#2987,#2988));
#657=EDGE_LOOP('',(#2989,#2990,#2991,#2992));
#658=EDGE_LOOP('',(#2993,#2994,#2995,#2996));
#659=EDGE_LOOP('',(#2997,#2998,#2999,#3000));
#660=EDGE_LOOP('',(#3001,#3002,#3003,#3004));
#661=EDGE_LOOP('',(#3005,#3006,#3007,#3008));
#662=EDGE_LOOP('',(#3009,#3010,#3011,#3012));
#663=EDGE_LOOP('',(#3013,#3014,#3015,#3016));
#664=EDGE_LOOP('',(#3017,#3018,#3019,#3020));
#665=EDGE_LOOP('',(#3021,#3022,#3023,#3024));
#666=EDGE_LOOP('',(#3025,#3026,#3027,#3028,#3029,#3030));
#667=EDGE_LOOP('',(#3031,#3032,#3033,#3034,#3035,#3036));
#668=EDGE_LOOP('',(#3037,#3038,#3039,#3040,#3041,#3042));
#669=EDGE_LOOP('',(#3043,#3044,#3045,#3046,#3047,#3048));
#670=EDGE_LOOP('',(#3049,#3050,#3051,#3052,#3053,#3054));
#671=EDGE_LOOP('',(#3055,#3056,#3057,#3058,#3059,#3060));
#672=EDGE_LOOP('',(#3061,#3062,#3063,#3064,#3065,#3066));
#673=EDGE_LOOP('',(#3067,#3068,#3069,#3070));
#674=EDGE_LOOP('',(#3071,#3072,#3073,#3074,#3075,#3076,#3077,#3078));
#675=EDGE_LOOP('',(#3079,#3080,#3081,#3082));
#676=EDGE_LOOP('',(#3083,#3084,#3085,#3086));
#677=EDGE_LOOP('',(#3087,#3088,#3089,#3090));
#678=EDGE_LOOP('',(#3091,#3092,#3093,#3094));
#679=EDGE_LOOP('',(#3095,#3096,#3097,#3098));
#680=EDGE_LOOP('',(#3099,#3100,#3101,#3102,#3103,#3104,#3105,#3106));
#681=EDGE_LOOP('',(#3107,#3108,#3109,#3110,#3111,#3112,#3113,#3114,#3115,
#3116,#3117,#3118,#3119));
#682=EDGE_LOOP('',(#3120,#3121,#3122,#3123,#3124,#3125));
#683=EDGE_LOOP('',(#3126,#3127,#3128,#3129,#3130,#3131,#3132,#3133));
#684=EDGE_LOOP('',(#3134,#3135,#3136,#3137,#3138,#3139,#3140,#3141));
#685=EDGE_LOOP('',(#3142,#3143,#3144,#3145,#3146,#3147,#3148,#3149));
#686=EDGE_LOOP('',(#3150,#3151,#3152,#3153));
#687=EDGE_LOOP('',(#3154,#3155,#3156,#3157));
#688=EDGE_LOOP('',(#3158,#3159,#3160,#3161));
#689=EDGE_LOOP('',(#3162,#3163,#3164,#3165));
#690=EDGE_LOOP('',(#3166,#3167,#3168,#3169));
#691=EDGE_LOOP('',(#3170,#3171,#3172,#3173));
#692=EDGE_LOOP('',(#3174,#3175,#3176,#3177));
#693=EDGE_LOOP('',(#3178,#3179,#3180,#3181));
#694=EDGE_LOOP('',(#3182));
#695=EDGE_LOOP('',(#3183,#3184,#3185,#3186));
#696=EDGE_LOOP('',(#3187));
#697=EDGE_LOOP('',(#3188));
#698=EDGE_LOOP('',(#3189));
#699=LINE('',#4822,#1075);
#700=LINE('',#4824,#1076);
#701=LINE('',#4826,#1077);
#702=LINE('',#4827,#1078);
#703=LINE('',#4830,#1079);
#704=LINE('',#4832,#1080);
#705=LINE('',#4833,#1081);
#706=LINE('',#4836,#1082);
#707=LINE('',#4838,#1083);
#708=LINE('',#4839,#1084);
#709=LINE('',#4841,#1085);
#710=LINE('',#4842,#1086);
#711=LINE('',#4846,#1087);
#712=LINE('',#4848,#1088);
#713=LINE('',#4850,#1089);
#714=LINE('',#4851,#1090);
#715=LINE('',#4854,#1091);
#716=LINE('',#4856,#1092);
#717=LINE('',#4857,#1093);
#718=LINE('',#4860,#1094);
#719=LINE('',#4862,#1095);
#720=LINE('',#4863,#1096);
#721=LINE('',#4865,#1097);
#722=LINE('',#4866,#1098);
#723=LINE('',#4872,#1099);
#724=LINE('',#4878,#1100);
#725=LINE('',#4884,#1101);
#726=LINE('',#4890,#1102);
#727=LINE('',#4896,#1103);
#728=LINE('',#4902,#1104);
#729=LINE('',#4908,#1105);
#730=LINE('',#4914,#1106);
#731=LINE('',#4921,#1107);
#732=LINE('',#4923,#1108);
#733=LINE('',#4925,#1109);
#734=LINE('',#4926,#1110);
#735=LINE('',#4929,#1111);
#736=LINE('',#4931,#1112);
#737=LINE('',#4932,#1113);
#738=LINE('',#4935,#1114);
#739=LINE('',#4937,#1115);
#740=LINE('',#4938,#1116);
#741=LINE('',#4940,#1117);
#742=LINE('',#4941,#1118);
#743=LINE('',#4945,#1119);
#744=LINE('',#4947,#1120);
#745=LINE('',#4949,#1121);
#746=LINE('',#4950,#1122);
#747=LINE('',#4953,#1123);
#748=LINE('',#4955,#1124);
#749=LINE('',#4956,#1125);
#750=LINE('',#4959,#1126);
#751=LINE('',#4961,#1127);
#752=LINE('',#4962,#1128);
#753=LINE('',#4964,#1129);
#754=LINE('',#4965,#1130);
#755=LINE('',#4971,#1131);
#756=LINE('',#4977,#1132);
#757=LINE('',#4993,#1133);
#758=LINE('',#4994,#1134);
#759=LINE('',#4997,#1135);
#760=LINE('',#5000,#1136);
#761=LINE('',#5003,#1137);
#762=LINE('',#5004,#1138);
#763=LINE('',#5007,#1139);
#764=LINE('',#5011,#1140);
#765=LINE('',#5015,#1141);
#766=LINE('',#5017,#1142);
#767=LINE('',#5019,#1143);
#768=LINE('',#5021,#1144);
#769=LINE('',#5023,#1145);
#770=LINE('',#5025,#1146);
#771=LINE('',#5027,#1147);
#772=LINE('',#5029,#1148);
#773=LINE('',#5031,#1149);
#774=LINE('',#5033,#1150);
#775=LINE('',#5040,#1151);
#776=LINE('',#5043,#1152);
#777=LINE('',#5047,#1153);
#778=LINE('',#5050,#1154);
#779=LINE('',#5053,#1155);
#780=LINE('',#5055,#1156);
#781=LINE('',#5057,#1157);
#782=LINE('',#5059,#1158);
#783=LINE('',#5060,#1159);
#784=LINE('',#5069,#1160);
#785=LINE('',#5070,#1161);
#786=LINE('',#5072,#1162);
#787=LINE('',#5073,#1163);
#788=LINE('',#5082,#1164);
#789=LINE('',#5083,#1165);
#790=LINE('',#5085,#1166);
#791=LINE('',#5086,#1167);
#792=LINE('',#5089,#1168);
#793=LINE('',#5090,#1169);
#794=LINE('',#5093,#1170);
#795=LINE('',#5095,#1171);
#796=LINE('',#5097,#1172);
#797=LINE('',#5099,#1173);
#798=LINE('',#5101,#1174);
#799=LINE('',#5103,#1175);
#800=LINE('',#5105,#1176);
#801=LINE('',#5106,#1177);
#802=LINE('',#5109,#1178);
#803=LINE('',#5111,#1179);
#804=LINE('',#5113,#1180);
#805=LINE('',#5114,#1181);
#806=LINE('',#5137,#1182);
#807=LINE('',#5138,#1183);
#808=LINE('',#5162,#1184);
#809=LINE('',#5164,#1185);
#810=LINE('',#5166,#1186);
#811=LINE('',#5167,#1187);
#812=LINE('',#5170,#1188);
#813=LINE('',#5171,#1189);
#814=LINE('',#5174,#1190);
#815=LINE('',#5176,#1191);
#816=LINE('',#5177,#1192);
#817=LINE('',#5179,#1193);
#818=LINE('',#5181,#1194);
#819=LINE('',#5182,#1195);
#820=LINE('',#5184,#1196);
#821=LINE('',#5186,#1197);
#822=LINE('',#5189,#1198);
#823=LINE('',#5191,#1199);
#824=LINE('',#5192,#1200);
#825=LINE('',#5194,#1201);
#826=LINE('',#5196,#1202);
#827=LINE('',#5199,#1203);
#828=LINE('',#5201,#1204);
#829=LINE('',#5203,#1205);
#830=LINE('',#5205,#1206);
#831=LINE('',#5207,#1207);
#832=LINE('',#5209,#1208);
#833=LINE('',#5211,#1209);
#834=LINE('',#5213,#1210);
#835=LINE('',#5215,#1211);
#836=LINE('',#5217,#1212);
#837=LINE('',#5219,#1213);
#838=LINE('',#5221,#1214);
#839=LINE('',#5236,#1215);
#840=LINE('',#5237,#1216);
#841=LINE('',#5240,#1217);
#842=LINE('',#5242,#1218);
#843=LINE('',#5244,#1219);
#844=LINE('',#5246,#1220);
#845=LINE('',#5248,#1221);
#846=LINE('',#5250,#1222);
#847=LINE('',#5251,#1223);
#848=LINE('',#5254,#1224);
#849=LINE('',#5258,#1225);
#850=LINE('',#5261,#1226);
#851=LINE('',#5272,#1227);
#852=LINE('',#5273,#1228);
#853=LINE('',#5276,#1229);
#854=LINE('',#5278,#1230);
#855=LINE('',#5280,#1231);
#856=LINE('',#5282,#1232);
#857=LINE('',#5283,#1233);
#858=LINE('',#5286,#1234);
#859=LINE('',#5290,#1235);
#860=LINE('',#5294,#1236);
#861=LINE('',#5297,#1237);
#862=LINE('',#5309,#1238);
#863=LINE('',#5310,#1239);
#864=LINE('',#5313,#1240);
#865=LINE('',#5315,#1241);
#866=LINE('',#5317,#1242);
#867=LINE('',#5319,#1243);
#868=LINE('',#5321,#1244);
#869=LINE('',#5323,#1245);
#870=LINE('',#5324,#1246);
#871=LINE('',#5327,#1247);
#872=LINE('',#5331,#1248);
#873=LINE('',#5334,#1249);
#874=LINE('',#5341,#1250);
#875=LINE('',#5343,#1251);
#876=LINE('',#5347,#1252);
#877=LINE('',#5360,#1253);
#878=LINE('',#5361,#1254);
#879=LINE('',#5365,#1255);
#880=LINE('',#5367,#1256);
#881=LINE('',#5369,#1257);
#882=LINE('',#5371,#1258);
#883=LINE('',#5373,#1259);
#884=LINE('',#5375,#1260);
#885=LINE('',#5376,#1261);
#886=LINE('',#5379,#1262);
#887=LINE('',#5380,#1263);
#888=LINE('',#5381,#1264);
#889=LINE('',#5384,#1265);
#890=LINE('',#5389,#1266);
#891=LINE('',#5396,#1267);
#892=LINE('',#5401,#1268);
#893=LINE('',#5403,#1269);
#894=LINE('',#5404,#1270);
#895=LINE('',#5412,#1271);
#896=LINE('',#5415,#1272);
#897=LINE('',#5417,#1273);
#898=LINE('',#5418,#1274);
#899=LINE('',#5421,#1275);
#900=LINE('',#5423,#1276);
#901=LINE('',#5425,#1277);
#902=LINE('',#5426,#1278);
#903=LINE('',#5429,#1279);
#904=LINE('',#5431,#1280);
#905=LINE('',#5433,#1281);
#906=LINE('',#5434,#1282);
#907=LINE('',#5437,#1283);
#908=LINE('',#5438,#1284);
#909=LINE('',#5440,#1285);
#910=LINE('',#5442,#1286);
#911=LINE('',#5446,#1287);
#912=LINE('',#5448,#1288);
#913=LINE('',#5450,#1289);
#914=LINE('',#5452,#1290);
#915=LINE('',#5454,#1291);
#916=LINE('',#5455,#1292);
#917=LINE('',#5458,#1293);
#918=LINE('',#5460,#1294);
#919=LINE('',#5462,#1295);
#920=LINE('',#5464,#1296);
#921=LINE('',#5466,#1297);
#922=LINE('',#5467,#1298);
#923=LINE('',#5470,#1299);
#924=LINE('',#5472,#1300);
#925=LINE('',#5474,#1301);
#926=LINE('',#5476,#1302);
#927=LINE('',#5478,#1303);
#928=LINE('',#5479,#1304);
#929=LINE('',#5482,#1305);
#930=LINE('',#5484,#1306);
#931=LINE('',#5486,#1307);
#932=LINE('',#5488,#1308);
#933=LINE('',#5490,#1309);
#934=LINE('',#5491,#1310);
#935=LINE('',#5494,#1311);
#936=LINE('',#5496,#1312);
#937=LINE('',#5498,#1313);
#938=LINE('',#5500,#1314);
#939=LINE('',#5502,#1315);
#940=LINE('',#5503,#1316);
#941=LINE('',#5506,#1317);
#942=LINE('',#5508,#1318);
#943=LINE('',#5510,#1319);
#944=LINE('',#5512,#1320);
#945=LINE('',#5514,#1321);
#946=LINE('',#5515,#1322);
#947=LINE('',#5518,#1323);
#948=LINE('',#5520,#1324);
#949=LINE('',#5522,#1325);
#950=LINE('',#5524,#1326);
#951=LINE('',#5526,#1327);
#952=LINE('',#5527,#1328);
#953=LINE('',#5530,#1329);
#954=LINE('',#5532,#1330);
#955=LINE('',#5533,#1331);
#956=LINE('',#5536,#1332);
#957=LINE('',#5537,#1333);
#958=LINE('',#5540,#1334);
#959=LINE('',#5541,#1335);
#960=LINE('',#5544,#1336);
#961=LINE('',#5545,#1337);
#962=LINE('',#5548,#1338);
#963=LINE('',#5549,#1339);
#964=LINE('',#5551,#1340);
#965=LINE('',#5554,#1341);
#966=LINE('',#5556,#1342);
#967=LINE('',#5557,#1343);
#968=LINE('',#5560,#1344);
#969=LINE('',#5561,#1345);
#970=LINE('',#5564,#1346);
#971=LINE('',#5565,#1347);
#972=LINE('',#5568,#1348);
#973=LINE('',#5569,#1349);
#974=LINE('',#5572,#1350);
#975=LINE('',#5573,#1351);
#976=LINE('',#5575,#1352);
#977=LINE('',#5578,#1353);
#978=LINE('',#5580,#1354);
#979=LINE('',#5581,#1355);
#980=LINE('',#5584,#1356);
#981=LINE('',#5585,#1357);
#982=LINE('',#5588,#1358);
#983=LINE('',#5589,#1359);
#984=LINE('',#5592,#1360);
#985=LINE('',#5593,#1361);
#986=LINE('',#5596,#1362);
#987=LINE('',#5597,#1363);
#988=LINE('',#5599,#1364);
#989=LINE('',#5602,#1365);
#990=LINE('',#5604,#1366);
#991=LINE('',#5605,#1367);
#992=LINE('',#5608,#1368);
#993=LINE('',#5609,#1369);
#994=LINE('',#5612,#1370);
#995=LINE('',#5613,#1371);
#996=LINE('',#5616,#1372);
#997=LINE('',#5617,#1373);
#998=LINE('',#5620,#1374);
#999=LINE('',#5621,#1375);
#1000=LINE('',#5623,#1376);
#1001=LINE('',#5626,#1377);
#1002=LINE('',#5628,#1378);
#1003=LINE('',#5629,#1379);
#1004=LINE('',#5632,#1380);
#1005=LINE('',#5633,#1381);
#1006=LINE('',#5636,#1382);
#1007=LINE('',#5637,#1383);
#1008=LINE('',#5640,#1384);
#1009=LINE('',#5641,#1385);
#1010=LINE('',#5644,#1386);
#1011=LINE('',#5645,#1387);
#1012=LINE('',#5647,#1388);
#1013=LINE('',#5650,#1389);
#1014=LINE('',#5652,#1390);
#1015=LINE('',#5653,#1391);
#1016=LINE('',#5656,#1392);
#1017=LINE('',#5657,#1393);
#1018=LINE('',#5660,#1394);
#1019=LINE('',#5661,#1395);
#1020=LINE('',#5664,#1396);
#1021=LINE('',#5665,#1397);
#1022=LINE('',#5668,#1398);
#1023=LINE('',#5669,#1399);
#1024=LINE('',#5671,#1400);
#1025=LINE('',#5674,#1401);
#1026=LINE('',#5676,#1402);
#1027=LINE('',#5677,#1403);
#1028=LINE('',#5680,#1404);
#1029=LINE('',#5681,#1405);
#1030=LINE('',#5684,#1406);
#1031=LINE('',#5685,#1407);
#1032=LINE('',#5688,#1408);
#1033=LINE('',#5689,#1409);
#1034=LINE('',#5692,#1410);
#1035=LINE('',#5693,#1411);
#1036=LINE('',#5695,#1412);
#1037=LINE('',#5699,#1413);
#1038=LINE('',#5701,#1414);
#1039=LINE('',#5703,#1415);
#1040=LINE('',#5704,#1416);
#1041=LINE('',#5707,#1417);
#1042=LINE('',#5709,#1418);
#1043=LINE('',#5710,#1419);
#1044=LINE('',#5712,#1420);
#1045=LINE('',#5714,#1421);
#1046=LINE('',#5716,#1422);
#1047=LINE('',#5718,#1423);
#1048=LINE('',#5719,#1424);
#1049=LINE('',#5725,#1425);
#1050=LINE('',#5726,#1426);
#1051=LINE('',#5727,#1427);
#1052=LINE('',#5730,#1428);
#1053=LINE('',#5731,#1429);
#1054=LINE('',#5734,#1430);
#1055=LINE('',#5735,#1431);
#1056=LINE('',#5737,#1432);
#1057=LINE('',#5739,#1433);
#1058=LINE('',#5740,#1434);
#1059=LINE('',#5743,#1435);
#1060=LINE('',#5745,#1436);
#1061=LINE('',#5746,#1437);
#1062=LINE('',#5748,#1438);
#1063=LINE('',#5751,#1439);
#1064=LINE('',#5752,#1440);
#1065=LINE('',#5753,#1441);
#1066=LINE('',#5755,#1442);
#1067=LINE('',#5757,#1443);
#1068=LINE('',#5758,#1444);
#1069=LINE('',#5761,#1445);
#1070=LINE('',#5762,#1446);
#1071=LINE('',#5764,#1447);
#1072=LINE('',#5769,#1448);
#1073=LINE('',#5780,#1449);
#1074=LINE('',#5787,#1450);
#1075=VECTOR('',#3853,10.);
#1076=VECTOR('',#3854,10.);
#1077=VECTOR('',#3855,10.);
#1078=VECTOR('',#3856,10.);
#1079=VECTOR('',#3859,10.);
#1080=VECTOR('',#3860,10.);
#1081=VECTOR('',#3861,10.);
#1082=VECTOR('',#3864,10.);
#1083=VECTOR('',#3865,10.);
#1084=VECTOR('',#3866,10.);
#1085=VECTOR('',#3869,10.);
#1086=VECTOR('',#3870,10.);
#1087=VECTOR('',#3873,10.);
#1088=VECTOR('',#3874,10.);
#1089=VECTOR('',#3875,10.);
#1090=VECTOR('',#3876,10.);
#1091=VECTOR('',#3879,10.);
#1092=VECTOR('',#3880,10.);
#1093=VECTOR('',#3881,10.);
#1094=VECTOR('',#3884,10.);
#1095=VECTOR('',#3885,10.);
#1096=VECTOR('',#3886,10.);
#1097=VECTOR('',#3889,10.);
#1098=VECTOR('',#3890,10.);
#1099=VECTOR('',#3897,0.5);
#1100=VECTOR('',#3904,0.5);
#1101=VECTOR('',#3911,0.5);
#1102=VECTOR('',#3918,0.5);
#1103=VECTOR('',#3925,0.5);
#1104=VECTOR('',#3932,0.5);
#1105=VECTOR('',#3939,0.5);
#1106=VECTOR('',#3946,0.5);
#1107=VECTOR('',#3955,10.);
#1108=VECTOR('',#3956,10.);
#1109=VECTOR('',#3957,10.);
#1110=VECTOR('',#3958,10.);
#1111=VECTOR('',#3961,10.);
#1112=VECTOR('',#3962,10.);
#1113=VECTOR('',#3963,10.);
#1114=VECTOR('',#3966,10.);
#1115=VECTOR('',#3967,10.);
#1116=VECTOR('',#3968,10.);
#1117=VECTOR('',#3971,10.);
#1118=VECTOR('',#3972,10.);
#1119=VECTOR('',#3975,10.);
#1120=VECTOR('',#3976,10.);
#1121=VECTOR('',#3977,10.);
#1122=VECTOR('',#3978,10.);
#1123=VECTOR('',#3981,10.);
#1124=VECTOR('',#3982,10.);
#1125=VECTOR('',#3983,10.);
#1126=VECTOR('',#3986,10.);
#1127=VECTOR('',#3987,10.);
#1128=VECTOR('',#3988,10.);
#1129=VECTOR('',#3991,10.);
#1130=VECTOR('',#3992,10.);
#1131=VECTOR('',#3999,0.499999999999998);
#1132=VECTOR('',#4006,0.499999999999998);
#1133=VECTOR('',#4027,10.);
#1134=VECTOR('',#4028,10.);
#1135=VECTOR('',#4031,10.);
#1136=VECTOR('',#4034,10.);
#1137=VECTOR('',#4037,10.);
#1138=VECTOR('',#4038,10.);
#1139=VECTOR('',#4041,10.);
#1140=VECTOR('',#4044,10.);
#1141=VECTOR('',#4047,10.);
#1142=VECTOR('',#4048,10.);
#1143=VECTOR('',#4049,10.);
#1144=VECTOR('',#4050,10.);
#1145=VECTOR('',#4051,10.);
#1146=VECTOR('',#4052,10.);
#1147=VECTOR('',#4053,10.);
#1148=VECTOR('',#4054,10.);
#1149=VECTOR('',#4055,10.);
#1150=VECTOR('',#4056,10.);
#1151=VECTOR('',#4067,10.);
#1152=VECTOR('',#4070,10.);
#1153=VECTOR('',#4073,10.);
#1154=VECTOR('',#4076,10.);
#1155=VECTOR('',#4079,10.);
#1156=VECTOR('',#4080,10.);
#1157=VECTOR('',#4081,10.);
#1158=VECTOR('',#4082,10.);
#1159=VECTOR('',#4083,10.);
#1160=VECTOR('',#4094,10.);
#1161=VECTOR('',#4095,10.);
#1162=VECTOR('',#4098,10.);
#1163=VECTOR('',#4099,10.);
#1164=VECTOR('',#4112,10.);
#1165=VECTOR('',#4113,10.);
#1166=VECTOR('',#4116,10.);
#1167=VECTOR('',#4117,10.);
#1168=VECTOR('',#4120,10.);
#1169=VECTOR('',#4121,10.);
#1170=VECTOR('',#4124,10.);
#1171=VECTOR('',#4125,10.);
#1172=VECTOR('',#4126,10.);
#1173=VECTOR('',#4127,10.);
#1174=VECTOR('',#4128,10.);
#1175=VECTOR('',#4129,10.);
#1176=VECTOR('',#4130,10.);
#1177=VECTOR('',#4131,10.);
#1178=VECTOR('',#4132,10.);
#1179=VECTOR('',#4133,10.);
#1180=VECTOR('',#4134,10.);
#1181=VECTOR('',#4135,10.);
#1182=VECTOR('',#4158,10.);
#1183=VECTOR('',#4159,10.);
#1184=VECTOR('',#4182,10.);
#1185=VECTOR('',#4183,10.);
#1186=VECTOR('',#4184,10.);
#1187=VECTOR('',#4185,10.);
#1188=VECTOR('',#4188,10.);
#1189=VECTOR('',#4189,10.);
#1190=VECTOR('',#4192,10.);
#1191=VECTOR('',#4193,10.);
#1192=VECTOR('',#4194,10.);
#1193=VECTOR('',#4197,10.);
#1194=VECTOR('',#4200,10.);
#1195=VECTOR('',#4201,10.);
#1196=VECTOR('',#4204,10.);
#1197=VECTOR('',#4207,10.);
#1198=VECTOR('',#4212,10.);
#1199=VECTOR('',#4215,10.);
#1200=VECTOR('',#4216,10.);
#1201=VECTOR('',#4219,10.);
#1202=VECTOR('',#4222,10.);
#1203=VECTOR('',#4227,5.);
#1204=VECTOR('',#4230,5.);
#1205=VECTOR('',#4233,5.);
#1206=VECTOR('',#4236,5.);
#1207=VECTOR('',#4239,5.);
#1208=VECTOR('',#4242,5.);
#1209=VECTOR('',#4245,5.);
#1210=VECTOR('',#4248,5.);
#1211=VECTOR('',#4251,5.);
#1212=VECTOR('',#4254,5.);
#1213=VECTOR('',#4257,10.);
#1214=VECTOR('',#4260,10.);
#1215=VECTOR('',#4279,10.);
#1216=VECTOR('',#4280,10.);
#1217=VECTOR('',#4283,10.);
#1218=VECTOR('',#4284,10.);
#1219=VECTOR('',#4285,10.);
#1220=VECTOR('',#4286,10.);
#1221=VECTOR('',#4287,10.);
#1222=VECTOR('',#4288,10.);
#1223=VECTOR('',#4289,10.);
#1224=VECTOR('',#4292,10.);
#1225=VECTOR('',#4297,10.);
#1226=VECTOR('',#4300,10.);
#1227=VECTOR('',#4313,10.);
#1228=VECTOR('',#4314,10.);
#1229=VECTOR('',#4317,10.);
#1230=VECTOR('',#4318,10.);
#1231=VECTOR('',#4319,10.);
#1232=VECTOR('',#4320,10.);
#1233=VECTOR('',#4321,10.);
#1234=VECTOR('',#4324,10.);
#1235=VECTOR('',#4327,10.);
#1236=VECTOR('',#4330,10.);
#1237=VECTOR('',#4333,10.);
#1238=VECTOR('',#4346,10.);
#1239=VECTOR('',#4347,10.);
#1240=VECTOR('',#4350,10.);
#1241=VECTOR('',#4351,10.);
#1242=VECTOR('',#4352,10.);
#1243=VECTOR('',#4353,10.);
#1244=VECTOR('',#4354,10.);
#1245=VECTOR('',#4355,10.);
#1246=VECTOR('',#4356,10.);
#1247=VECTOR('',#4359,10.);
#1248=VECTOR('',#4364,10.);
#1249=VECTOR('',#4367,10.);
#1250=VECTOR('',#4378,10.);
#1251=VECTOR('',#4381,10.);
#1252=VECTOR('',#4386,10.);
#1253=VECTOR('',#4403,10.);
#1254=VECTOR('',#4404,10.);
#1255=VECTOR('',#4409,10.);
#1256=VECTOR('',#4410,10.);
#1257=VECTOR('',#4411,10.);
#1258=VECTOR('',#4412,10.);
#1259=VECTOR('',#4413,10.);
#1260=VECTOR('',#4414,10.);
#1261=VECTOR('',#4415,10.);
#1262=VECTOR('',#4418,10.);
#1263=VECTOR('',#4419,10.);
#1264=VECTOR('',#4420,10.);
#1265=VECTOR('',#4423,10.);
#1266=VECTOR('',#4430,10.);
#1267=VECTOR('',#4441,10.);
#1268=VECTOR('',#4450,10.);
#1269=VECTOR('',#4451,10.);
#1270=VECTOR('',#4452,10.);
#1271=VECTOR('',#4465,10.);
#1272=VECTOR('',#4468,10.);
#1273=VECTOR('',#4469,10.);
#1274=VECTOR('',#4470,10.);
#1275=VECTOR('',#4473,10.);
#1276=VECTOR('',#4474,10.);
#1277=VECTOR('',#4475,10.);
#1278=VECTOR('',#4476,10.);
#1279=VECTOR('',#4479,10.);
#1280=VECTOR('',#4480,10.);
#1281=VECTOR('',#4481,10.);
#1282=VECTOR('',#4482,10.);
#1283=VECTOR('',#4485,10.);
#1284=VECTOR('',#4486,10.);
#1285=VECTOR('',#4489,10.);
#1286=VECTOR('',#4492,10.);
#1287=VECTOR('',#4495,10.);
#1288=VECTOR('',#4496,10.);
#1289=VECTOR('',#4497,10.);
#1290=VECTOR('',#4498,10.);
#1291=VECTOR('',#4499,10.);
#1292=VECTOR('',#4500,10.);
#1293=VECTOR('',#4501,10.);
#1294=VECTOR('',#4502,10.);
#1295=VECTOR('',#4503,10.);
#1296=VECTOR('',#4504,10.);
#1297=VECTOR('',#4505,10.);
#1298=VECTOR('',#4506,10.);
#1299=VECTOR('',#4507,10.);
#1300=VECTOR('',#4508,10.);
#1301=VECTOR('',#4509,10.);
#1302=VECTOR('',#4510,10.);
#1303=VECTOR('',#4511,10.);
#1304=VECTOR('',#4512,10.);
#1305=VECTOR('',#4513,10.);
#1306=VECTOR('',#4514,10.);
#1307=VECTOR('',#4515,10.);
#1308=VECTOR('',#4516,10.);
#1309=VECTOR('',#4517,10.);
#1310=VECTOR('',#4518,10.);
#1311=VECTOR('',#4519,10.);
#1312=VECTOR('',#4520,10.);
#1313=VECTOR('',#4521,10.);
#1314=VECTOR('',#4522,10.);
#1315=VECTOR('',#4523,10.);
#1316=VECTOR('',#4524,10.);
#1317=VECTOR('',#4525,10.);
#1318=VECTOR('',#4526,10.);
#1319=VECTOR('',#4527,10.);
#1320=VECTOR('',#4528,10.);
#1321=VECTOR('',#4529,10.);
#1322=VECTOR('',#4530,10.);
#1323=VECTOR('',#4531,10.);
#1324=VECTOR('',#4532,10.);
#1325=VECTOR('',#4533,10.);
#1326=VECTOR('',#4534,10.);
#1327=VECTOR('',#4535,10.);
#1328=VECTOR('',#4536,10.);
#1329=VECTOR('',#4539,10.);
#1330=VECTOR('',#4540,10.);
#1331=VECTOR('',#4541,10.);
#1332=VECTOR('',#4544,10.);
#1333=VECTOR('',#4545,10.);
#1334=VECTOR('',#4548,10.);
#1335=VECTOR('',#4549,10.);
#1336=VECTOR('',#4552,10.);
#1337=VECTOR('',#4553,10.);
#1338=VECTOR('',#4556,10.);
#1339=VECTOR('',#4557,10.);
#1340=VECTOR('',#4560,10.);
#1341=VECTOR('',#4563,10.);
#1342=VECTOR('',#4564,10.);
#1343=VECTOR('',#4565,10.);
#1344=VECTOR('',#4568,10.);
#1345=VECTOR('',#4569,10.);
#1346=VECTOR('',#4572,10.);
#1347=VECTOR('',#4573,10.);
#1348=VECTOR('',#4576,10.);
#1349=VECTOR('',#4577,10.);
#1350=VECTOR('',#4580,10.);
#1351=VECTOR('',#4581,10.);
#1352=VECTOR('',#4584,10.);
#1353=VECTOR('',#4587,10.);
#1354=VECTOR('',#4588,10.);
#1355=VECTOR('',#4589,10.);
#1356=VECTOR('',#4592,10.);
#1357=VECTOR('',#4593,10.);
#1358=VECTOR('',#4596,10.);
#1359=VECTOR('',#4597,10.);
#1360=VECTOR('',#4600,10.);
#1361=VECTOR('',#4601,10.);
#1362=VECTOR('',#4604,10.);
#1363=VECTOR('',#4605,10.);
#1364=VECTOR('',#4608,10.);
#1365=VECTOR('',#4611,10.);
#1366=VECTOR('',#4612,10.);
#1367=VECTOR('',#4613,10.);
#1368=VECTOR('',#4616,10.);
#1369=VECTOR('',#4617,10.);
#1370=VECTOR('',#4620,10.);
#1371=VECTOR('',#4621,10.);
#1372=VECTOR('',#4624,10.);
#1373=VECTOR('',#4625,10.);
#1374=VECTOR('',#4628,10.);
#1375=VECTOR('',#4629,10.);
#1376=VECTOR('',#4632,10.);
#1377=VECTOR('',#4635,10.);
#1378=VECTOR('',#4636,10.);
#1379=VECTOR('',#4637,10.);
#1380=VECTOR('',#4640,10.);
#1381=VECTOR('',#4641,10.);
#1382=VECTOR('',#4644,10.);
#1383=VECTOR('',#4645,10.);
#1384=VECTOR('',#4648,10.);
#1385=VECTOR('',#4649,10.);
#1386=VECTOR('',#4652,10.);
#1387=VECTOR('',#4653,10.);
#1388=VECTOR('',#4656,10.);
#1389=VECTOR('',#4659,10.);
#1390=VECTOR('',#4660,10.);
#1391=VECTOR('',#4661,10.);
#1392=VECTOR('',#4664,10.);
#1393=VECTOR('',#4665,10.);
#1394=VECTOR('',#4668,10.);
#1395=VECTOR('',#4669,10.);
#1396=VECTOR('',#4672,10.);
#1397=VECTOR('',#4673,10.);
#1398=VECTOR('',#4676,10.);
#1399=VECTOR('',#4677,10.);
#1400=VECTOR('',#4680,10.);
#1401=VECTOR('',#4683,10.);
#1402=VECTOR('',#4684,10.);
#1403=VECTOR('',#4685,10.);
#1404=VECTOR('',#4688,10.);
#1405=VECTOR('',#4689,10.);
#1406=VECTOR('',#4692,10.);
#1407=VECTOR('',#4693,10.);
#1408=VECTOR('',#4696,10.);
#1409=VECTOR('',#4697,10.);
#1410=VECTOR('',#4700,10.);
#1411=VECTOR('',#4701,10.);
#1412=VECTOR('',#4704,10.);
#1413=VECTOR('',#4707,10.);
#1414=VECTOR('',#4708,10.);
#1415=VECTOR('',#4709,10.);
#1416=VECTOR('',#4710,10.);
#1417=VECTOR('',#4713,10.);
#1418=VECTOR('',#4714,10.);
#1419=VECTOR('',#4715,10.);
#1420=VECTOR('',#4718,10.);
#1421=VECTOR('',#4719,10.);
#1422=VECTOR('',#4720,10.);
#1423=VECTOR('',#4721,10.);
#1424=VECTOR('',#4722,10.);
#1425=VECTOR('',#4729,10.);
#1426=VECTOR('',#4730,10.);
#1427=VECTOR('',#4731,10.);
#1428=VECTOR('',#4734,10.);
#1429=VECTOR('',#4735,10.);
#1430=VECTOR('',#4738,10.);
#1431=VECTOR('',#4739,10.);
#1432=VECTOR('',#4742,10.);
#1433=VECTOR('',#4743,10.);
#1434=VECTOR('',#4744,10.);
#1435=VECTOR('',#4747,10.);
#1436=VECTOR('',#4748,10.);
#1437=VECTOR('',#4749,10.);
#1438=VECTOR('',#4752,10.);
#1439=VECTOR('',#4755,10.);
#1440=VECTOR('',#4756,10.);
#1441=VECTOR('',#4757,10.);
#1442=VECTOR('',#4760,10.);
#1443=VECTOR('',#4761,10.);
#1444=VECTOR('',#4762,10.);
#1445=VECTOR('',#4765,10.);
#1446=VECTOR('',#4766,10.);
#1447=VECTOR('',#4769,10.);
#1448=VECTOR('',#4778,10.);
#1449=VECTOR('',#4793,4.5);
#1450=VECTOR('',#4802,7.);
#1451=VERTEX_POINT('',#4820);
#1452=VERTEX_POINT('',#4821);
#1453=VERTEX_POINT('',#4823);
#1454=VERTEX_POINT('',#4825);
#1455=VERTEX_POINT('',#4829);
#1456=VERTEX_POINT('',#4831);
#1457=VERTEX_POINT('',#4835);
#1458=VERTEX_POINT('',#4837);
#1459=VERTEX_POINT('',#4844);
#1460=VERTEX_POINT('',#4845);
#1461=VERTEX_POINT('',#4847);
#1462=VERTEX_POINT('',#4849);
#1463=VERTEX_POINT('',#4853);
#1464=VERTEX_POINT('',#4855);
#1465=VERTEX_POINT('',#4859);
#1466=VERTEX_POINT('',#4861);
#1467=VERTEX_POINT('',#4869);
#1468=VERTEX_POINT('',#4871);
#1469=VERTEX_POINT('',#4875);
#1470=VERTEX_POINT('',#4877);
#1471=VERTEX_POINT('',#4881);
#1472=VERTEX_POINT('',#4883);
#1473=VERTEX_POINT('',#4887);
#1474=VERTEX_POINT('',#4889);
#1475=VERTEX_POINT('',#4893);
#1476=VERTEX_POINT('',#4895);
#1477=VERTEX_POINT('',#4899);
#1478=VERTEX_POINT('',#4901);
#1479=VERTEX_POINT('',#4905);
#1480=VERTEX_POINT('',#4907);
#1481=VERTEX_POINT('',#4911);
#1482=VERTEX_POINT('',#4913);
#1483=VERTEX_POINT('',#4919);
#1484=VERTEX_POINT('',#4920);
#1485=VERTEX_POINT('',#4922);
#1486=VERTEX_POINT('',#4924);
#1487=VERTEX_POINT('',#4928);
#1488=VERTEX_POINT('',#4930);
#1489=VERTEX_POINT('',#4934);
#1490=VERTEX_POINT('',#4936);
#1491=VERTEX_POINT('',#4943);
#1492=VERTEX_POINT('',#4944);
#1493=VERTEX_POINT('',#4946);
#1494=VERTEX_POINT('',#4948);
#1495=VERTEX_POINT('',#4952);
#1496=VERTEX_POINT('',#4954);
#1497=VERTEX_POINT('',#4958);
#1498=VERTEX_POINT('',#4960);
#1499=VERTEX_POINT('',#4968);
#1500=VERTEX_POINT('',#4970);
#1501=VERTEX_POINT('',#4974);
#1502=VERTEX_POINT('',#4976);
#1503=VERTEX_POINT('',#4983);
#1504=VERTEX_POINT('',#4984);
#1505=VERTEX_POINT('',#4986);
#1506=VERTEX_POINT('',#4990);
#1507=VERTEX_POINT('',#4991);
#1508=VERTEX_POINT('',#4996);
#1509=VERTEX_POINT('',#4998);
#1510=VERTEX_POINT('',#5002);
#1511=VERTEX_POINT('',#5006);
#1512=VERTEX_POINT('',#5008);
#1513=VERTEX_POINT('',#5010);
#1514=VERTEX_POINT('',#5012);
#1515=VERTEX_POINT('',#5014);
#1516=VERTEX_POINT('',#5016);
#1517=VERTEX_POINT('',#5018);
#1518=VERTEX_POINT('',#5020);
#1519=VERTEX_POINT('',#5022);
#1520=VERTEX_POINT('',#5024);
#1521=VERTEX_POINT('',#5026);
#1522=VERTEX_POINT('',#5028);
#1523=VERTEX_POINT('',#5030);
#1524=VERTEX_POINT('',#5032);
#1525=VERTEX_POINT('',#5036);
#1526=VERTEX_POINT('',#5042);
#1527=VERTEX_POINT('',#5044);
#1528=VERTEX_POINT('',#5046);
#1529=VERTEX_POINT('',#5048);
#1530=VERTEX_POINT('',#5052);
#1531=VERTEX_POINT('',#5054);
#1532=VERTEX_POINT('',#5056);
#1533=VERTEX_POINT('',#5058);
#1534=VERTEX_POINT('',#5062);
#1535=VERTEX_POINT('',#5063);
#1536=VERTEX_POINT('',#5065);
#1537=VERTEX_POINT('',#5076);
#1538=VERTEX_POINT('',#5077);
#1539=VERTEX_POINT('',#5088);
#1540=VERTEX_POINT('',#5092);
#1541=VERTEX_POINT('',#5094);
#1542=VERTEX_POINT('',#5096);
#1543=VERTEX_POINT('',#5098);
#1544=VERTEX_POINT('',#5100);
#1545=VERTEX_POINT('',#5102);
#1546=VERTEX_POINT('',#5104);
#1547=VERTEX_POINT('',#5107);
#1548=VERTEX_POINT('',#5108);
#1549=VERTEX_POINT('',#5110);
#1550=VERTEX_POINT('',#5112);
#1551=VERTEX_POINT('',#5115);
#1552=VERTEX_POINT('',#5117);
#1553=VERTEX_POINT('',#5119);
#1554=VERTEX_POINT('',#5121);
#1555=VERTEX_POINT('',#5123);
#1556=VERTEX_POINT('',#5125);
#1557=VERTEX_POINT('',#5127);
#1558=VERTEX_POINT('',#5129);
#1559=VERTEX_POINT('',#5131);
#1560=VERTEX_POINT('',#5133);
#1561=VERTEX_POINT('',#5136);
#1562=VERTEX_POINT('',#5140);
#1563=VERTEX_POINT('',#5142);
#1564=VERTEX_POINT('',#5144);
#1565=VERTEX_POINT('',#5146);
#1566=VERTEX_POINT('',#5148);
#1567=VERTEX_POINT('',#5150);
#1568=VERTEX_POINT('',#5152);
#1569=VERTEX_POINT('',#5154);
#1570=VERTEX_POINT('',#5156);
#1571=VERTEX_POINT('',#5158);
#1572=VERTEX_POINT('',#5160);
#1573=VERTEX_POINT('',#5161);
#1574=VERTEX_POINT('',#5163);
#1575=VERTEX_POINT('',#5165);
#1576=VERTEX_POINT('',#5169);
#1577=VERTEX_POINT('',#5173);
#1578=VERTEX_POINT('',#5175);
#1579=VERTEX_POINT('',#5226);
#1580=VERTEX_POINT('',#5227);
#1581=VERTEX_POINT('',#5229);
#1582=VERTEX_POINT('',#5233);
#1583=VERTEX_POINT('',#5234);
#1584=VERTEX_POINT('',#5239);
#1585=VERTEX_POINT('',#5241);
#1586=VERTEX_POINT('',#5243);
#1587=VERTEX_POINT('',#5245);
#1588=VERTEX_POINT('',#5247);
#1589=VERTEX_POINT('',#5249);
#1590=VERTEX_POINT('',#5253);
#1591=VERTEX_POINT('',#5257);
#1592=VERTEX_POINT('',#5259);
#1593=VERTEX_POINT('',#5263);
#1594=VERTEX_POINT('',#5265);
#1595=VERTEX_POINT('',#5269);
#1596=VERTEX_POINT('',#5270);
#1597=VERTEX_POINT('',#5275);
#1598=VERTEX_POINT('',#5277);
#1599=VERTEX_POINT('',#5279);
#1600=VERTEX_POINT('',#5281);
#1601=VERTEX_POINT('',#5285);
#1602=VERTEX_POINT('',#5287);
#1603=VERTEX_POINT('',#5289);
#1604=VERTEX_POINT('',#5291);
#1605=VERTEX_POINT('',#5293);
#1606=VERTEX_POINT('',#5295);
#1607=VERTEX_POINT('',#5299);
#1608=VERTEX_POINT('',#5300);
#1609=VERTEX_POINT('',#5302);
#1610=VERTEX_POINT('',#5306);
#1611=VERTEX_POINT('',#5307);
#1612=VERTEX_POINT('',#5312);
#1613=VERTEX_POINT('',#5314);
#1614=VERTEX_POINT('',#5316);
#1615=VERTEX_POINT('',#5318);
#1616=VERTEX_POINT('',#5320);
#1617=VERTEX_POINT('',#5322);
#1618=VERTEX_POINT('',#5326);
#1619=VERTEX_POINT('',#5330);
#1620=VERTEX_POINT('',#5332);
#1621=VERTEX_POINT('',#5339);
#1622=VERTEX_POINT('',#5345);
#1623=VERTEX_POINT('',#5349);
#1624=VERTEX_POINT('',#5353);
#1625=VERTEX_POINT('',#5355);
#1626=VERTEX_POINT('',#5359);
#1627=VERTEX_POINT('',#5364);
#1628=VERTEX_POINT('',#5366);
#1629=VERTEX_POINT('',#5368);
#1630=VERTEX_POINT('',#5370);
#1631=VERTEX_POINT('',#5372);
#1632=VERTEX_POINT('',#5374);
#1633=VERTEX_POINT('',#5378);
#1634=VERTEX_POINT('',#5383);
#1635=VERTEX_POINT('',#5387);
#1636=VERTEX_POINT('',#5395);
#1637=VERTEX_POINT('',#5402);
#1638=VERTEX_POINT('',#5408);
#1639=VERTEX_POINT('',#5414);
#1640=VERTEX_POINT('',#5416);
#1641=VERTEX_POINT('',#5420);
#1642=VERTEX_POINT('',#5422);
#1643=VERTEX_POINT('',#5424);
#1644=VERTEX_POINT('',#5428);
#1645=VERTEX_POINT('',#5430);
#1646=VERTEX_POINT('',#5432);
#1647=VERTEX_POINT('',#5436);
#1648=VERTEX_POINT('',#5444);
#1649=VERTEX_POINT('',#5445);
#1650=VERTEX_POINT('',#5447);
#1651=VERTEX_POINT('',#5449);
#1652=VERTEX_POINT('',#5451);
#1653=VERTEX_POINT('',#5453);
#1654=VERTEX_POINT('',#5456);
#1655=VERTEX_POINT('',#5457);
#1656=VERTEX_POINT('',#5459);
#1657=VERTEX_POINT('',#5461);
#1658=VERTEX_POINT('',#5463);
#1659=VERTEX_POINT('',#5465);
#1660=VERTEX_POINT('',#5468);
#1661=VERTEX_POINT('',#5469);
#1662=VERTEX_POINT('',#5471);
#1663=VERTEX_POINT('',#5473);
#1664=VERTEX_POINT('',#5475);
#1665=VERTEX_POINT('',#5477);
#1666=VERTEX_POINT('',#5480);
#1667=VERTEX_POINT('',#5481);
#1668=VERTEX_POINT('',#5483);
#1669=VERTEX_POINT('',#5485);
#1670=VERTEX_POINT('',#5487);
#1671=VERTEX_POINT('',#5489);
#1672=VERTEX_POINT('',#5492);
#1673=VERTEX_POINT('',#5493);
#1674=VERTEX_POINT('',#5495);
#1675=VERTEX_POINT('',#5497);
#1676=VERTEX_POINT('',#5499);
#1677=VERTEX_POINT('',#5501);
#1678=VERTEX_POINT('',#5504);
#1679=VERTEX_POINT('',#5505);
#1680=VERTEX_POINT('',#5507);
#1681=VERTEX_POINT('',#5509);
#1682=VERTEX_POINT('',#5511);
#1683=VERTEX_POINT('',#5513);
#1684=VERTEX_POINT('',#5516);
#1685=VERTEX_POINT('',#5517);
#1686=VERTEX_POINT('',#5519);
#1687=VERTEX_POINT('',#5521);
#1688=VERTEX_POINT('',#5523);
#1689=VERTEX_POINT('',#5525);
#1690=VERTEX_POINT('',#5529);
#1691=VERTEX_POINT('',#5531);
#1692=VERTEX_POINT('',#5535);
#1693=VERTEX_POINT('',#5539);
#1694=VERTEX_POINT('',#5543);
#1695=VERTEX_POINT('',#5547);
#1696=VERTEX_POINT('',#5553);
#1697=VERTEX_POINT('',#5555);
#1698=VERTEX_POINT('',#5559);
#1699=VERTEX_POINT('',#5563);
#1700=VERTEX_POINT('',#5567);
#1701=VERTEX_POINT('',#5571);
#1702=VERTEX_POINT('',#5577);
#1703=VERTEX_POINT('',#5579);
#1704=VERTEX_POINT('',#5583);
#1705=VERTEX_POINT('',#5587);
#1706=VERTEX_POINT('',#5591);
#1707=VERTEX_POINT('',#5595);
#1708=VERTEX_POINT('',#5601);
#1709=VERTEX_POINT('',#5603);
#1710=VERTEX_POINT('',#5607);
#1711=VERTEX_POINT('',#5611);
#1712=VERTEX_POINT('',#5615);
#1713=VERTEX_POINT('',#5619);
#1714=VERTEX_POINT('',#5625);
#1715=VERTEX_POINT('',#5627);
#1716=VERTEX_POINT('',#5631);
#1717=VERTEX_POINT('',#5635);
#1718=VERTEX_POINT('',#5639);
#1719=VERTEX_POINT('',#5643);
#1720=VERTEX_POINT('',#5649);
#1721=VERTEX_POINT('',#5651);
#1722=VERTEX_POINT('',#5655);
#1723=VERTEX_POINT('',#5659);
#1724=VERTEX_POINT('',#5663);
#1725=VERTEX_POINT('',#5667);
#1726=VERTEX_POINT('',#5673);
#1727=VERTEX_POINT('',#5675);
#1728=VERTEX_POINT('',#5679);
#1729=VERTEX_POINT('',#5683);
#1730=VERTEX_POINT('',#5687);
#1731=VERTEX_POINT('',#5691);
#1732=VERTEX_POINT('',#5697);
#1733=VERTEX_POINT('',#5698);
#1734=VERTEX_POINT('',#5700);
#1735=VERTEX_POINT('',#5702);
#1736=VERTEX_POINT('',#5706);
#1737=VERTEX_POINT('',#5708);
#1738=VERTEX_POINT('',#5713);
#1739=VERTEX_POINT('',#5715);
#1740=VERTEX_POINT('',#5717);
#1741=VERTEX_POINT('',#5723);
#1742=VERTEX_POINT('',#5724);
#1743=VERTEX_POINT('',#5729);
#1744=VERTEX_POINT('',#5733);
#1745=VERTEX_POINT('',#5738);
#1746=VERTEX_POINT('',#5742);
#1747=VERTEX_POINT('',#5744);
#1748=VERTEX_POINT('',#5750);
#1749=VERTEX_POINT('',#5756);
#1750=VERTEX_POINT('',#5760);
#1751=VERTEX_POINT('',#5773);
#1752=VERTEX_POINT('',#5775);
#1753=VERTEX_POINT('',#5779);
#1754=VERTEX_POINT('',#5784);
#1755=VERTEX_POINT('',#5786);
#1756=EDGE_CURVE('',#1451,#1452,#699,.T.);
#1757=EDGE_CURVE('',#1451,#1453,#700,.T.);
#1758=EDGE_CURVE('',#1454,#1453,#701,.T.);
#1759=EDGE_CURVE('',#1452,#1454,#702,.T.);
#1760=EDGE_CURVE('',#1455,#1451,#703,.T.);
#1761=EDGE_CURVE('',#1455,#1456,#704,.T.);
#1762=EDGE_CURVE('',#1453,#1456,#705,.T.);
#1763=EDGE_CURVE('',#1452,#1457,#706,.T.);
#1764=EDGE_CURVE('',#1458,#1454,#707,.T.);
#1765=EDGE_CURVE('',#1457,#1458,#708,.T.);
#1766=EDGE_CURVE('',#1457,#1455,#709,.T.);
#1767=EDGE_CURVE('',#1456,#1458,#710,.T.);
#1768=EDGE_CURVE('',#1459,#1460,#711,.T.);
#1769=EDGE_CURVE('',#1459,#1461,#712,.T.);
#1770=EDGE_CURVE('',#1462,#1461,#713,.T.);
#1771=EDGE_CURVE('',#1460,#1462,#714,.T.);
#1772=EDGE_CURVE('',#1460,#1463,#715,.T.);
#1773=EDGE_CURVE('',#1464,#1462,#716,.T.);
#1774=EDGE_CURVE('',#1463,#1464,#717,.T.);
#1775=EDGE_CURVE('',#1463,#1465,#718,.T.);
#1776=EDGE_CURVE('',#1466,#1464,#719,.T.);
#1777=EDGE_CURVE('',#1465,#1466,#720,.T.);
#1778=EDGE_CURVE('',#1465,#1459,#721,.T.);
#1779=EDGE_CURVE('',#1461,#1466,#722,.T.);
#1780=EDGE_CURVE('',#1467,#1467,#63,.T.);
#1781=EDGE_CURVE('',#1467,#1468,#723,.T.);
#1782=EDGE_CURVE('',#1468,#1468,#64,.T.);
#1783=EDGE_CURVE('',#1469,#1469,#65,.T.);
#1784=EDGE_CURVE('',#1469,#1470,#724,.T.);
#1785=EDGE_CURVE('',#1470,#1470,#66,.T.);
#1786=EDGE_CURVE('',#1471,#1471,#67,.T.);
#1787=EDGE_CURVE('',#1471,#1472,#725,.T.);
#1788=EDGE_CURVE('',#1472,#1472,#68,.T.);
#1789=EDGE_CURVE('',#1473,#1473,#69,.T.);
#1790=EDGE_CURVE('',#1473,#1474,#726,.T.);
#1791=EDGE_CURVE('',#1474,#1474,#70,.T.);
#1792=EDGE_CURVE('',#1475,#1475,#71,.T.);
#1793=EDGE_CURVE('',#1475,#1476,#727,.T.);
#1794=EDGE_CURVE('',#1476,#1476,#72,.T.);
#1795=EDGE_CURVE('',#1477,#1477,#73,.T.);
#1796=EDGE_CURVE('',#1477,#1478,#728,.T.);
#1797=EDGE_CURVE('',#1478,#1478,#74,.T.);
#1798=EDGE_CURVE('',#1479,#1479,#75,.T.);
#1799=EDGE_CURVE('',#1479,#1480,#729,.T.);
#1800=EDGE_CURVE('',#1480,#1480,#76,.T.);
#1801=EDGE_CURVE('',#1481,#1481,#77,.T.);
#1802=EDGE_CURVE('',#1481,#1482,#730,.T.);
#1803=EDGE_CURVE('',#1482,#1482,#78,.T.);
#1804=EDGE_CURVE('',#1483,#1484,#731,.T.);
#1805=EDGE_CURVE('',#1483,#1485,#732,.T.);
#1806=EDGE_CURVE('',#1486,#1485,#733,.T.);
#1807=EDGE_CURVE('',#1484,#1486,#734,.T.);
#1808=EDGE_CURVE('',#1487,#1483,#735,.T.);
#1809=EDGE_CURVE('',#1487,#1488,#736,.T.);
#1810=EDGE_CURVE('',#1485,#1488,#737,.T.);
#1811=EDGE_CURVE('',#1484,#1489,#738,.T.);
#1812=EDGE_CURVE('',#1490,#1486,#739,.T.);
#1813=EDGE_CURVE('',#1489,#1490,#740,.T.);
#1814=EDGE_CURVE('',#1489,#1487,#741,.T.);
#1815=EDGE_CURVE('',#1488,#1490,#742,.T.);
#1816=EDGE_CURVE('',#1491,#1492,#743,.T.);
#1817=EDGE_CURVE('',#1491,#1493,#744,.T.);
#1818=EDGE_CURVE('',#1494,#1493,#745,.T.);
#1819=EDGE_CURVE('',#1492,#1494,#746,.T.);
#1820=EDGE_CURVE('',#1492,#1495,#747,.T.);
#1821=EDGE_CURVE('',#1496,#1494,#748,.T.);
#1822=EDGE_CURVE('',#1495,#1496,#749,.T.);
#1823=EDGE_CURVE('',#1495,#1497,#750,.T.);
#1824=EDGE_CURVE('',#1498,#1496,#751,.T.);
#1825=EDGE_CURVE('',#1497,#1498,#752,.T.);
#1826=EDGE_CURVE('',#1497,#1491,#753,.T.);
#1827=EDGE_CURVE('',#1493,#1498,#754,.T.);
#1828=EDGE_CURVE('',#1499,#1499,#79,.T.);
#1829=EDGE_CURVE('',#1499,#1500,#755,.T.);
#1830=EDGE_CURVE('',#1500,#1500,#80,.T.);
#1831=EDGE_CURVE('',#1501,#1501,#81,.T.);
#1832=EDGE_CURVE('',#1501,#1502,#756,.T.);
#1833=EDGE_CURVE('',#1502,#1502,#82,.T.);
#1834=EDGE_CURVE('',#1503,#1504,#83,.T.);
#1835=EDGE_CURVE('',#1504,#1505,#84,.T.);
#1836=EDGE_CURVE('',#1505,#1503,#85,.T.);
#1837=EDGE_CURVE('',#1506,#1507,#86,.T.);
#1838=EDGE_CURVE('',#1507,#1504,#757,.T.);
#1839=EDGE_CURVE('',#1503,#1506,#758,.T.);
#1840=EDGE_CURVE('',#1504,#1508,#759,.T.);
#1841=EDGE_CURVE('',#1509,#1508,#87,.T.);
#1842=EDGE_CURVE('',#1509,#1505,#760,.T.);
#1843=EDGE_CURVE('',#1510,#1507,#761,.T.);
#1844=EDGE_CURVE('',#1508,#1510,#762,.T.);
#1845=EDGE_CURVE('',#1506,#1511,#763,.T.);
#1846=EDGE_CURVE('',#1512,#1511,#88,.T.);
#1847=EDGE_CURVE('',#1512,#1513,#764,.T.);
#1848=EDGE_CURVE('',#1514,#1513,#89,.T.);
#1849=EDGE_CURVE('',#1514,#1515,#765,.T.);
#1850=EDGE_CURVE('',#1515,#1516,#766,.T.);
#1851=EDGE_CURVE('',#1516,#1517,#767,.T.);
#1852=EDGE_CURVE('',#1517,#1518,#768,.T.);
#1853=EDGE_CURVE('',#1518,#1519,#769,.T.);
#1854=EDGE_CURVE('',#1519,#1520,#770,.T.);
#1855=EDGE_CURVE('',#1520,#1521,#771,.T.);
#1856=EDGE_CURVE('',#1521,#1522,#772,.T.);
#1857=EDGE_CURVE('',#1522,#1523,#773,.T.);
#1858=EDGE_CURVE('',#1523,#1524,#774,.T.);
#1859=EDGE_CURVE('',#1510,#1524,#90,.T.);
#1860=EDGE_CURVE('',#1508,#1525,#91,.T.);
#1861=EDGE_CURVE('',#1525,#1509,#92,.T.);
#1862=EDGE_CURVE('',#1524,#1525,#775,.T.);
#1863=EDGE_CURVE('',#1525,#1526,#776,.T.);
#1864=EDGE_CURVE('',#1526,#1527,#93,.T.);
#1865=EDGE_CURVE('',#1527,#1528,#777,.T.);
#1866=EDGE_CURVE('',#1529,#1528,#94,.T.);
#1867=EDGE_CURVE('',#1529,#1509,#778,.T.);
#1868=EDGE_CURVE('',#1523,#1530,#779,.T.);
#1869=EDGE_CURVE('',#1530,#1531,#780,.T.);
#1870=EDGE_CURVE('',#1531,#1532,#781,.T.);
#1871=EDGE_CURVE('',#1533,#1532,#782,.T.);
#1872=EDGE_CURVE('',#1533,#1526,#783,.T.);
#1873=EDGE_CURVE('',#1534,#1535,#95,.T.);
#1874=EDGE_CURVE('',#1535,#1536,#96,.T.);
#1875=EDGE_CURVE('',#1536,#1534,#97,.T.);
#1876=EDGE_CURVE('',#1511,#1535,#784,.T.);
#1877=EDGE_CURVE('',#1534,#1512,#785,.T.);
#1878=EDGE_CURVE('',#1505,#1536,#786,.T.);
#1879=EDGE_CURVE('',#1535,#1503,#787,.T.);
#1880=EDGE_CURVE('',#1537,#1538,#98,.T.);
#1881=EDGE_CURVE('',#1538,#1529,#99,.T.);
#1882=EDGE_CURVE('',#1528,#1537,#100,.T.);
#1883=EDGE_CURVE('',#1513,#1538,#788,.T.);
#1884=EDGE_CURVE('',#1537,#1514,#789,.T.);
#1885=EDGE_CURVE('',#1536,#1529,#790,.T.);
#1886=EDGE_CURVE('',#1538,#1534,#791,.T.);
#1887=EDGE_CURVE('',#1528,#1539,#792,.T.);
#1888=EDGE_CURVE('',#1515,#1539,#793,.T.);
#1889=EDGE_CURVE('',#1540,#1527,#794,.T.);
#1890=EDGE_CURVE('',#1541,#1540,#795,.T.);
#1891=EDGE_CURVE('',#1542,#1541,#796,.T.);
#1892=EDGE_CURVE('',#1543,#1542,#797,.T.);
#1893=EDGE_CURVE('',#1544,#1543,#798,.T.);
#1894=EDGE_CURVE('',#1545,#1544,#799,.T.);
#1895=EDGE_CURVE('',#1546,#1545,#800,.T.);
#1896=EDGE_CURVE('',#1539,#1546,#801,.T.);
#1897=EDGE_CURVE('',#1547,#1548,#802,.T.);
#1898=EDGE_CURVE('',#1549,#1547,#803,.T.);
#1899=EDGE_CURVE('',#1550,#1549,#804,.T.);
#1900=EDGE_CURVE('',#1548,#1550,#805,.T.);
#1901=EDGE_CURVE('',#1551,#1551,#101,.T.);
#1902=EDGE_CURVE('',#1552,#1552,#102,.T.);
#1903=EDGE_CURVE('',#1553,#1553,#103,.T.);
#1904=EDGE_CURVE('',#1554,#1554,#104,.T.);
#1905=EDGE_CURVE('',#1555,#1555,#105,.T.);
#1906=EDGE_CURVE('',#1556,#1556,#106,.T.);
#1907=EDGE_CURVE('',#1557,#1557,#107,.T.);
#1908=EDGE_CURVE('',#1558,#1558,#108,.T.);
#1909=EDGE_CURVE('',#1559,#1559,#109,.T.);
#1910=EDGE_CURVE('',#1560,#1560,#110,.T.);
#1911=EDGE_CURVE('',#1561,#1533,#806,.T.);
#1912=EDGE_CURVE('',#1540,#1561,#807,.T.);
#1913=EDGE_CURVE('',#1562,#1562,#111,.T.);
#1914=EDGE_CURVE('',#1563,#1563,#112,.T.);
#1915=EDGE_CURVE('',#1564,#1564,#113,.T.);
#1916=EDGE_CURVE('',#1565,#1565,#114,.T.);
#1917=EDGE_CURVE('',#1566,#1566,#115,.T.);
#1918=EDGE_CURVE('',#1567,#1567,#116,.T.);
#1919=EDGE_CURVE('',#1568,#1568,#117,.T.);
#1920=EDGE_CURVE('',#1569,#1569,#118,.T.);
#1921=EDGE_CURVE('',#1570,#1570,#119,.T.);
#1922=EDGE_CURVE('',#1571,#1571,#120,.T.);
#1923=EDGE_CURVE('',#1572,#1573,#808,.T.);
#1924=EDGE_CURVE('',#1573,#1574,#809,.T.);
#1925=EDGE_CURVE('',#1574,#1575,#810,.T.);
#1926=EDGE_CURVE('',#1575,#1572,#811,.T.);
#1927=EDGE_CURVE('',#1576,#1522,#812,.T.);
#1928=EDGE_CURVE('',#1576,#1530,#813,.T.);
#1929=EDGE_CURVE('',#1532,#1577,#814,.T.);
#1930=EDGE_CURVE('',#1531,#1578,#815,.T.);
#1931=EDGE_CURVE('',#1577,#1578,#816,.T.);
#1932=EDGE_CURVE('',#1578,#1576,#817,.T.);
#1933=EDGE_CURVE('',#1521,#1541,#818,.T.);
#1934=EDGE_CURVE('',#1577,#1561,#819,.T.);
#1935=EDGE_CURVE('',#1516,#1546,#820,.T.);
#1936=EDGE_CURVE('',#1517,#1545,#821,.T.);
#1937=EDGE_CURVE('',#1518,#1544,#822,.T.);
#1938=EDGE_CURVE('',#1547,#1572,#823,.T.);
#1939=EDGE_CURVE('',#1549,#1575,#824,.T.);
#1940=EDGE_CURVE('',#1550,#1574,#825,.T.);
#1941=EDGE_CURVE('',#1548,#1573,#826,.T.);
#1942=EDGE_CURVE('',#1571,#1551,#827,.T.);
#1943=EDGE_CURVE('',#1570,#1552,#828,.T.);
#1944=EDGE_CURVE('',#1569,#1553,#829,.T.);
#1945=EDGE_CURVE('',#1568,#1554,#830,.T.);
#1946=EDGE_CURVE('',#1567,#1555,#831,.T.);
#1947=EDGE_CURVE('',#1566,#1556,#832,.T.);
#1948=EDGE_CURVE('',#1565,#1557,#833,.T.);
#1949=EDGE_CURVE('',#1564,#1558,#834,.T.);
#1950=EDGE_CURVE('',#1563,#1559,#835,.T.);
#1951=EDGE_CURVE('',#1562,#1560,#836,.T.);
#1952=EDGE_CURVE('',#1542,#1520,#837,.T.);
#1953=EDGE_CURVE('',#1519,#1543,#838,.T.);
#1954=EDGE_CURVE('',#1579,#1580,#121,.T.);
#1955=EDGE_CURVE('',#1580,#1581,#122,.T.);
#1956=EDGE_CURVE('',#1581,#1579,#123,.T.);
#1957=EDGE_CURVE('',#1582,#1583,#124,.T.);
#1958=EDGE_CURVE('',#1583,#1580,#839,.T.);
#1959=EDGE_CURVE('',#1579,#1582,#840,.T.);
#1960=EDGE_CURVE('',#1584,#1579,#841,.T.);
#1961=EDGE_CURVE('',#1585,#1584,#842,.T.);
#1962=EDGE_CURVE('',#1586,#1585,#843,.T.);
#1963=EDGE_CURVE('',#1587,#1586,#844,.T.);
#1964=EDGE_CURVE('',#1588,#1587,#845,.T.);
#1965=EDGE_CURVE('',#1589,#1588,#846,.T.);
#1966=EDGE_CURVE('',#1582,#1589,#847,.T.);
#1967=EDGE_CURVE('',#1581,#1590,#848,.T.);
#1968=EDGE_CURVE('',#1584,#1590,#28,.F.);
#1969=EDGE_CURVE('',#1580,#1591,#849,.T.);
#1970=EDGE_CURVE('',#1592,#1591,#125,.T.);
#1971=EDGE_CURVE('',#1592,#1581,#850,.T.);
#1972=EDGE_CURVE('',#1591,#1593,#126,.T.);
#1973=EDGE_CURVE('',#1593,#1594,#127,.T.);
#1974=EDGE_CURVE('',#1594,#1592,#128,.T.);
#1975=EDGE_CURVE('',#1595,#1596,#129,.T.);
#1976=EDGE_CURVE('',#1596,#1593,#851,.T.);
#1977=EDGE_CURVE('',#1591,#1595,#852,.T.);
#1978=EDGE_CURVE('',#1597,#1583,#853,.T.);
#1979=EDGE_CURVE('',#1597,#1598,#854,.T.);
#1980=EDGE_CURVE('',#1598,#1599,#855,.T.);
#1981=EDGE_CURVE('',#1599,#1600,#856,.T.);
#1982=EDGE_CURVE('',#1595,#1600,#857,.T.);
#1983=EDGE_CURVE('',#1594,#1601,#858,.T.);
#1984=EDGE_CURVE('',#1601,#1602,#130,.T.);
#1985=EDGE_CURVE('',#1602,#1603,#859,.T.);
#1986=EDGE_CURVE('',#1603,#1604,#131,.T.);
#1987=EDGE_CURVE('',#1604,#1605,#860,.T.);
#1988=EDGE_CURVE('',#1605,#1606,#29,.T.);
#1989=EDGE_CURVE('',#1606,#1592,#861,.T.);
#1990=EDGE_CURVE('',#1607,#1608,#132,.T.);
#1991=EDGE_CURVE('',#1608,#1609,#133,.T.);
#1992=EDGE_CURVE('',#1609,#1607,#134,.T.);
#1993=EDGE_CURVE('',#1610,#1611,#135,.T.);
#1994=EDGE_CURVE('',#1611,#1608,#862,.T.);
#1995=EDGE_CURVE('',#1607,#1610,#863,.T.);
#1996=EDGE_CURVE('',#1612,#1607,#864,.T.);
#1997=EDGE_CURVE('',#1613,#1612,#865,.T.);
#1998=EDGE_CURVE('',#1614,#1613,#866,.T.);
#1999=EDGE_CURVE('',#1615,#1614,#867,.T.);
#2000=EDGE_CURVE('',#1616,#1615,#868,.T.);
#2001=EDGE_CURVE('',#1616,#1617,#869,.T.);
#2002=EDGE_CURVE('',#1610,#1617,#870,.T.);
#2003=EDGE_CURVE('',#1609,#1618,#871,.T.);
#2004=EDGE_CURVE('',#1612,#1618,#30,.F.);
#2005=EDGE_CURVE('',#1608,#1619,#872,.T.);
#2006=EDGE_CURVE('',#1620,#1619,#136,.T.);
#2007=EDGE_CURVE('',#1620,#1609,#873,.T.);
#2008=EDGE_CURVE('',#1619,#1588,#137,.T.);
#2009=EDGE_CURVE('',#1588,#1620,#138,.T.);
#2010=EDGE_CURVE('',#1621,#1589,#139,.T.);
#2011=EDGE_CURVE('',#1619,#1621,#874,.T.);
#2012=EDGE_CURVE('',#1621,#1611,#875,.T.);
#2013=EDGE_CURVE('',#1622,#1587,#31,.F.);
#2014=EDGE_CURVE('',#1622,#1620,#876,.T.);
#2015=EDGE_CURVE('',#1615,#1623,#32,.T.);
#2016=EDGE_CURVE('',#1623,#1616,#140,.T.);
#2017=EDGE_CURVE('',#1624,#1614,#141,.T.);
#2018=EDGE_CURVE('',#1614,#1625,#142,.T.);
#2019=EDGE_CURVE('',#1625,#1624,#143,.T.);
#2020=EDGE_CURVE('',#1626,#1623,#877,.T.);
#2021=EDGE_CURVE('',#1624,#1606,#878,.T.);
#2022=EDGE_CURVE('',#1605,#1626,#144,.T.);
#2023=EDGE_CURVE('',#1627,#1604,#879,.T.);
#2024=EDGE_CURVE('',#1628,#1627,#880,.T.);
#2025=EDGE_CURVE('',#1628,#1629,#881,.T.);
#2026=EDGE_CURVE('',#1630,#1629,#882,.T.);
#2027=EDGE_CURVE('',#1630,#1631,#883,.T.);
#2028=EDGE_CURVE('',#1632,#1631,#884,.T.);
#2029=EDGE_CURVE('',#1626,#1632,#885,.T.);
#2030=EDGE_CURVE('',#1633,#1624,#886,.T.);
#2031=EDGE_CURVE('',#1590,#1633,#887,.T.);
#2032=EDGE_CURVE('',#1606,#1590,#888,.T.);
#2033=EDGE_CURVE('',#1625,#1634,#889,.T.);
#2034=EDGE_CURVE('',#1633,#1634,#145,.T.);
#2035=EDGE_CURVE('',#1635,#1613,#146,.T.);
#2036=EDGE_CURVE('',#1635,#1625,#890,.T.);
#2037=EDGE_CURVE('',#1633,#1585,#147,.T.);
#2038=EDGE_CURVE('',#1634,#1585,#148,.T.);
#2039=EDGE_CURVE('',#1618,#1636,#891,.T.);
#2040=EDGE_CURVE('',#1636,#1613,#149,.T.);
#2041=EDGE_CURVE('',#1636,#1635,#150,.T.);
#2042=EDGE_CURVE('',#1622,#1618,#892,.T.);
#2043=EDGE_CURVE('',#1637,#1622,#893,.T.);
#2044=EDGE_CURVE('',#1636,#1637,#894,.T.);
#2045=EDGE_CURVE('',#1586,#1637,#151,.T.);
#2046=EDGE_CURVE('',#1586,#1638,#152,.T.);
#2047=EDGE_CURVE('',#1638,#1637,#153,.T.);
#2048=EDGE_CURVE('',#1634,#1638,#895,.T.);
#2049=EDGE_CURVE('',#1639,#1603,#896,.T.);
#2050=EDGE_CURVE('',#1640,#1639,#897,.T.);
#2051=EDGE_CURVE('',#1627,#1640,#898,.T.);
#2052=EDGE_CURVE('',#1601,#1641,#899,.T.);
#2053=EDGE_CURVE('',#1642,#1641,#900,.T.);
#2054=EDGE_CURVE('',#1643,#1642,#901,.T.);
#2055=EDGE_CURVE('',#1602,#1643,#902,.T.);
#2056=EDGE_CURVE('',#1644,#1594,#903,.T.);
#2057=EDGE_CURVE('',#1645,#1644,#904,.T.);
#2058=EDGE_CURVE('',#1646,#1645,#905,.T.);
#2059=EDGE_CURVE('',#1641,#1646,#906,.T.);
#2060=EDGE_CURVE('',#1647,#1596,#907,.T.);
#2061=EDGE_CURVE('',#1647,#1644,#908,.T.);
#2062=EDGE_CURVE('',#1639,#1643,#909,.T.);
#2063=EDGE_CURVE('',#1638,#1635,#910,.T.);
#2064=EDGE_CURVE('',#1648,#1649,#911,.T.);
#2065=EDGE_CURVE('',#1649,#1650,#912,.T.);
#2066=EDGE_CURVE('',#1650,#1651,#913,.T.);
#2067=EDGE_CURVE('',#1651,#1652,#914,.T.);
#2068=EDGE_CURVE('',#1652,#1653,#915,.T.);
#2069=EDGE_CURVE('',#1653,#1648,#916,.T.);
#2070=EDGE_CURVE('',#1654,#1655,#917,.T.);
#2071=EDGE_CURVE('',#1655,#1656,#918,.T.);
#2072=EDGE_CURVE('',#1656,#1657,#919,.T.);
#2073=EDGE_CURVE('',#1657,#1658,#920,.T.);
#2074=EDGE_CURVE('',#1658,#1659,#921,.T.);
#2075=EDGE_CURVE('',#1659,#1654,#922,.T.);
#2076=EDGE_CURVE('',#1660,#1661,#923,.T.);
#2077=EDGE_CURVE('',#1661,#1662,#924,.T.);
#2078=EDGE_CURVE('',#1662,#1663,#925,.T.);
#2079=EDGE_CURVE('',#1663,#1664,#926,.T.);
#2080=EDGE_CURVE('',#1664,#1665,#927,.T.);
#2081=EDGE_CURVE('',#1665,#1660,#928,.T.);
#2082=EDGE_CURVE('',#1666,#1667,#929,.T.);
#2083=EDGE_CURVE('',#1667,#1668,#930,.T.);
#2084=EDGE_CURVE('',#1668,#1669,#931,.T.);
#2085=EDGE_CURVE('',#1669,#1670,#932,.T.);
#2086=EDGE_CURVE('',#1670,#1671,#933,.T.);
#2087=EDGE_CURVE('',#1671,#1666,#934,.T.);
#2088=EDGE_CURVE('',#1672,#1673,#935,.T.);
#2089=EDGE_CURVE('',#1673,#1674,#936,.T.);
#2090=EDGE_CURVE('',#1674,#1675,#937,.T.);
#2091=EDGE_CURVE('',#1675,#1676,#938,.T.);
#2092=EDGE_CURVE('',#1676,#1677,#939,.T.);
#2093=EDGE_CURVE('',#1677,#1672,#940,.T.);
#2094=EDGE_CURVE('',#1678,#1679,#941,.T.);
#2095=EDGE_CURVE('',#1679,#1680,#942,.T.);
#2096=EDGE_CURVE('',#1680,#1681,#943,.T.);
#2097=EDGE_CURVE('',#1681,#1682,#944,.T.);
#2098=EDGE_CURVE('',#1682,#1683,#945,.T.);
#2099=EDGE_CURVE('',#1683,#1678,#946,.T.);
#2100=EDGE_CURVE('',#1684,#1685,#947,.T.);
#2101=EDGE_CURVE('',#1685,#1686,#948,.T.);
#2102=EDGE_CURVE('',#1686,#1687,#949,.T.);
#2103=EDGE_CURVE('',#1687,#1688,#950,.T.);
#2104=EDGE_CURVE('',#1688,#1689,#951,.T.);
#2105=EDGE_CURVE('',#1689,#1684,#952,.T.);
#2106=EDGE_CURVE('',#1684,#1690,#953,.T.);
#2107=EDGE_CURVE('',#1691,#1690,#954,.T.);
#2108=EDGE_CURVE('',#1685,#1691,#955,.T.);
#2109=EDGE_CURVE('',#1689,#1692,#956,.T.);
#2110=EDGE_CURVE('',#1690,#1692,#957,.T.);
#2111=EDGE_CURVE('',#1688,#1693,#958,.T.);
#2112=EDGE_CURVE('',#1692,#1693,#959,.T.);
#2113=EDGE_CURVE('',#1687,#1694,#960,.T.);
#2114=EDGE_CURVE('',#1693,#1694,#961,.T.);
#2115=EDGE_CURVE('',#1686,#1695,#962,.T.);
#2116=EDGE_CURVE('',#1694,#1695,#963,.T.);
#2117=EDGE_CURVE('',#1695,#1691,#964,.T.);
#2118=EDGE_CURVE('',#1678,#1696,#965,.T.);
#2119=EDGE_CURVE('',#1697,#1696,#966,.T.);
#2120=EDGE_CURVE('',#1679,#1697,#967,.T.);
#2121=EDGE_CURVE('',#1683,#1698,#968,.T.);
#2122=EDGE_CURVE('',#1696,#1698,#969,.T.);
#2123=EDGE_CURVE('',#1682,#1699,#970,.T.);
#2124=EDGE_CURVE('',#1698,#1699,#971,.T.);
#2125=EDGE_CURVE('',#1681,#1700,#972,.T.);
#2126=EDGE_CURVE('',#1699,#1700,#973,.T.);
#2127=EDGE_CURVE('',#1680,#1701,#974,.T.);
#2128=EDGE_CURVE('',#1700,#1701,#975,.T.);
#2129=EDGE_CURVE('',#1701,#1697,#976,.T.);
#2130=EDGE_CURVE('',#1672,#1702,#977,.T.);
#2131=EDGE_CURVE('',#1703,#1702,#978,.T.);
#2132=EDGE_CURVE('',#1673,#1703,#979,.T.);
#2133=EDGE_CURVE('',#1677,#1704,#980,.T.);
#2134=EDGE_CURVE('',#1702,#1704,#981,.T.);
#2135=EDGE_CURVE('',#1676,#1705,#982,.T.);
#2136=EDGE_CURVE('',#1704,#1705,#983,.T.);
#2137=EDGE_CURVE('',#1675,#1706,#984,.T.);
#2138=EDGE_CURVE('',#1705,#1706,#985,.T.);
#2139=EDGE_CURVE('',#1674,#1707,#986,.T.);
#2140=EDGE_CURVE('',#1706,#1707,#987,.T.);
#2141=EDGE_CURVE('',#1707,#1703,#988,.T.);
#2142=EDGE_CURVE('',#1666,#1708,#989,.T.);
#2143=EDGE_CURVE('',#1709,#1708,#990,.T.);
#2144=EDGE_CURVE('',#1667,#1709,#991,.T.);
#2145=EDGE_CURVE('',#1671,#1710,#992,.T.);
#2146=EDGE_CURVE('',#1708,#1710,#993,.T.);
#2147=EDGE_CURVE('',#1670,#1711,#994,.T.);
#2148=EDGE_CURVE('',#1710,#1711,#995,.T.);
#2149=EDGE_CURVE('',#1669,#1712,#996,.T.);
#2150=EDGE_CURVE('',#1711,#1712,#997,.T.);
#2151=EDGE_CURVE('',#1668,#1713,#998,.T.);
#2152=EDGE_CURVE('',#1712,#1713,#999,.T.);
#2153=EDGE_CURVE('',#1713,#1709,#1000,.T.);
#2154=EDGE_CURVE('',#1660,#1714,#1001,.T.);
#2155=EDGE_CURVE('',#1715,#1714,#1002,.T.);
#2156=EDGE_CURVE('',#1661,#1715,#1003,.T.);
#2157=EDGE_CURVE('',#1665,#1716,#1004,.T.);
#2158=EDGE_CURVE('',#1714,#1716,#1005,.T.);
#2159=EDGE_CURVE('',#1664,#1717,#1006,.T.);
#2160=EDGE_CURVE('',#1716,#1717,#1007,.T.);
#2161=EDGE_CURVE('',#1663,#1718,#1008,.T.);
#2162=EDGE_CURVE('',#1717,#1718,#1009,.T.);
#2163=EDGE_CURVE('',#1662,#1719,#1010,.T.);
#2164=EDGE_CURVE('',#1718,#1719,#1011,.T.);
#2165=EDGE_CURVE('',#1719,#1715,#1012,.T.);
#2166=EDGE_CURVE('',#1654,#1720,#1013,.T.);
#2167=EDGE_CURVE('',#1721,#1720,#1014,.T.);
#2168=EDGE_CURVE('',#1655,#1721,#1015,.T.);
#2169=EDGE_CURVE('',#1659,#1722,#1016,.T.);
#2170=EDGE_CURVE('',#1720,#1722,#1017,.T.);
#2171=EDGE_CURVE('',#1658,#1723,#1018,.T.);
#2172=EDGE_CURVE('',#1722,#1723,#1019,.T.);
#2173=EDGE_CURVE('',#1657,#1724,#1020,.T.);
#2174=EDGE_CURVE('',#1723,#1724,#1021,.T.);
#2175=EDGE_CURVE('',#1656,#1725,#1022,.T.);
#2176=EDGE_CURVE('',#1724,#1725,#1023,.T.);
#2177=EDGE_CURVE('',#1725,#1721,#1024,.T.);
#2178=EDGE_CURVE('',#1648,#1726,#1025,.T.);
#2179=EDGE_CURVE('',#1727,#1726,#1026,.T.);
#2180=EDGE_CURVE('',#1649,#1727,#1027,.T.);
#2181=EDGE_CURVE('',#1653,#1728,#1028,.T.);
#2182=EDGE_CURVE('',#1726,#1728,#1029,.T.);
#2183=EDGE_CURVE('',#1652,#1729,#1030,.T.);
#2184=EDGE_CURVE('',#1728,#1729,#1031,.T.);
#2185=EDGE_CURVE('',#1651,#1730,#1032,.T.);
#2186=EDGE_CURVE('',#1729,#1730,#1033,.T.);
#2187=EDGE_CURVE('',#1650,#1731,#1034,.T.);
#2188=EDGE_CURVE('',#1730,#1731,#1035,.T.);
#2189=EDGE_CURVE('',#1731,#1727,#1036,.T.);
#2190=EDGE_CURVE('',#1732,#1733,#1037,.T.);
#2191=EDGE_CURVE('',#1734,#1732,#1038,.T.);
#2192=EDGE_CURVE('',#1735,#1734,#1039,.T.);
#2193=EDGE_CURVE('',#1733,#1735,#1040,.T.);
#2194=EDGE_CURVE('',#1736,#1732,#1041,.T.);
#2195=EDGE_CURVE('',#1737,#1736,#1042,.T.);
#2196=EDGE_CURVE('',#1734,#1737,#1043,.T.);
#2197=EDGE_CURVE('',#1733,#1630,#1044,.T.);
#2198=EDGE_CURVE('',#1629,#1738,#1045,.T.);
#2199=EDGE_CURVE('',#1739,#1738,#1046,.T.);
#2200=EDGE_CURVE('',#1740,#1739,#1047,.T.);
#2201=EDGE_CURVE('',#1740,#1736,#1048,.T.);
#2202=EDGE_CURVE('',#1741,#1742,#1049,.T.);
#2203=EDGE_CURVE('',#1599,#1741,#1050,.T.);
#2204=EDGE_CURVE('',#1598,#1742,#1051,.T.);
#2205=EDGE_CURVE('',#1742,#1743,#1052,.T.);
#2206=EDGE_CURVE('',#1743,#1597,#1053,.T.);
#2207=EDGE_CURVE('',#1744,#1741,#1054,.T.);
#2208=EDGE_CURVE('',#1600,#1744,#1055,.T.);
#2209=EDGE_CURVE('',#1738,#1743,#1056,.T.);
#2210=EDGE_CURVE('',#1628,#1745,#1057,.T.);
#2211=EDGE_CURVE('',#1744,#1745,#1058,.T.);
#2212=EDGE_CURVE('',#1617,#1746,#1059,.T.);
#2213=EDGE_CURVE('',#1746,#1747,#1060,.T.);
#2214=EDGE_CURVE('',#1747,#1739,#1061,.T.);
#2215=EDGE_CURVE('',#1746,#1632,#1062,.T.);
#2216=EDGE_CURVE('',#1737,#1748,#1063,.T.);
#2217=EDGE_CURVE('',#1748,#1747,#1064,.T.);
#2218=EDGE_CURVE('',#1631,#1735,#1065,.T.);
#2219=EDGE_CURVE('',#1642,#1640,#1066,.T.);
#2220=EDGE_CURVE('',#1646,#1749,#1067,.T.);
#2221=EDGE_CURVE('',#1745,#1749,#1068,.T.);
#2222=EDGE_CURVE('',#1749,#1750,#1069,.T.);
#2223=EDGE_CURVE('',#1750,#1647,#1070,.T.);
#2224=EDGE_CURVE('',#1750,#1645,#1071,.T.);
#2225=EDGE_CURVE('',#1740,#1748,#1072,.T.);
#2226=EDGE_CURVE('',#1751,#1751,#154,.T.);
#2227=EDGE_CURVE('',#1751,#1752,#155,.T.);
#2228=EDGE_CURVE('',#1752,#1752,#156,.T.);
#2229=EDGE_CURVE('',#1752,#1753,#1073,.T.);
#2230=EDGE_CURVE('',#1753,#1753,#157,.T.);
#2231=EDGE_CURVE('',#1754,#1754,#158,.T.);
#2232=EDGE_CURVE('',#1754,#1755,#1074,.T.);
#2233=EDGE_CURVE('',#1755,#1755,#159,.T.);
#2234=ORIENTED_EDGE('',*,*,#1756,.F.);
#2235=ORIENTED_EDGE('',*,*,#1757,.T.);
#2236=ORIENTED_EDGE('',*,*,#1758,.F.);
#2237=ORIENTED_EDGE('',*,*,#1759,.F.);
#2238=ORIENTED_EDGE('',*,*,#1760,.F.);
#2239=ORIENTED_EDGE('',*,*,#1761,.T.);
#2240=ORIENTED_EDGE('',*,*,#1762,.F.);
#2241=ORIENTED_EDGE('',*,*,#1757,.F.);
#2242=ORIENTED_EDGE('',*,*,#1763,.F.);
#2243=ORIENTED_EDGE('',*,*,#1759,.T.);
#2244=ORIENTED_EDGE('',*,*,#1764,.F.);
#2245=ORIENTED_EDGE('',*,*,#1765,.F.);
#2246=ORIENTED_EDGE('',*,*,#1766,.F.);
#2247=ORIENTED_EDGE('',*,*,#1765,.T.);
#2248=ORIENTED_EDGE('',*,*,#1767,.F.);
#2249=ORIENTED_EDGE('',*,*,#1761,.F.);
#2250=ORIENTED_EDGE('',*,*,#1768,.F.);
#2251=ORIENTED_EDGE('',*,*,#1769,.T.);
#2252=ORIENTED_EDGE('',*,*,#1770,.F.);
#2253=ORIENTED_EDGE('',*,*,#1771,.F.);
#2254=ORIENTED_EDGE('',*,*,#1772,.F.);
#2255=ORIENTED_EDGE('',*,*,#1771,.T.);
#2256=ORIENTED_EDGE('',*,*,#1773,.F.);
#2257=ORIENTED_EDGE('',*,*,#1774,.F.);
#2258=ORIENTED_EDGE('',*,*,#1775,.F.);
#2259=ORIENTED_EDGE('',*,*,#1774,.T.);
#2260=ORIENTED_EDGE('',*,*,#1776,.F.);
#2261=ORIENTED_EDGE('',*,*,#1777,.F.);
#2262=ORIENTED_EDGE('',*,*,#1778,.F.);
#2263=ORIENTED_EDGE('',*,*,#1777,.T.);
#2264=ORIENTED_EDGE('',*,*,#1779,.F.);
#2265=ORIENTED_EDGE('',*,*,#1769,.F.);
#2266=ORIENTED_EDGE('',*,*,#1779,.T.);
#2267=ORIENTED_EDGE('',*,*,#1776,.T.);
#2268=ORIENTED_EDGE('',*,*,#1773,.T.);
#2269=ORIENTED_EDGE('',*,*,#1770,.T.);
#2270=ORIENTED_EDGE('',*,*,#1762,.T.);
#2271=ORIENTED_EDGE('',*,*,#1767,.T.);
#2272=ORIENTED_EDGE('',*,*,#1764,.T.);
#2273=ORIENTED_EDGE('',*,*,#1758,.T.);
#2274=ORIENTED_EDGE('',*,*,#1780,.F.);
#2275=ORIENTED_EDGE('',*,*,#1781,.T.);
#2276=ORIENTED_EDGE('',*,*,#1782,.T.);
#2277=ORIENTED_EDGE('',*,*,#1781,.F.);
#2278=ORIENTED_EDGE('',*,*,#1783,.F.);
#2279=ORIENTED_EDGE('',*,*,#1784,.T.);
#2280=ORIENTED_EDGE('',*,*,#1785,.T.);
#2281=ORIENTED_EDGE('',*,*,#1784,.F.);
#2282=ORIENTED_EDGE('',*,*,#1786,.F.);
#2283=ORIENTED_EDGE('',*,*,#1787,.T.);
#2284=ORIENTED_EDGE('',*,*,#1788,.T.);
#2285=ORIENTED_EDGE('',*,*,#1787,.F.);
#2286=ORIENTED_EDGE('',*,*,#1789,.F.);
#2287=ORIENTED_EDGE('',*,*,#1790,.T.);
#2288=ORIENTED_EDGE('',*,*,#1791,.T.);
#2289=ORIENTED_EDGE('',*,*,#1790,.F.);
#2290=ORIENTED_EDGE('',*,*,#1792,.F.);
#2291=ORIENTED_EDGE('',*,*,#1793,.T.);
#2292=ORIENTED_EDGE('',*,*,#1794,.T.);
#2293=ORIENTED_EDGE('',*,*,#1793,.F.);
#2294=ORIENTED_EDGE('',*,*,#1795,.F.);
#2295=ORIENTED_EDGE('',*,*,#1796,.T.);
#2296=ORIENTED_EDGE('',*,*,#1797,.T.);
#2297=ORIENTED_EDGE('',*,*,#1796,.F.);
#2298=ORIENTED_EDGE('',*,*,#1798,.F.);
#2299=ORIENTED_EDGE('',*,*,#1799,.T.);
#2300=ORIENTED_EDGE('',*,*,#1800,.T.);
#2301=ORIENTED_EDGE('',*,*,#1799,.F.);
#2302=ORIENTED_EDGE('',*,*,#1801,.F.);
#2303=ORIENTED_EDGE('',*,*,#1802,.T.);
#2304=ORIENTED_EDGE('',*,*,#1803,.T.);
#2305=ORIENTED_EDGE('',*,*,#1802,.F.);
#2306=ORIENTED_EDGE('',*,*,#1760,.T.);
#2307=ORIENTED_EDGE('',*,*,#1756,.T.);
#2308=ORIENTED_EDGE('',*,*,#1763,.T.);
#2309=ORIENTED_EDGE('',*,*,#1766,.T.);
#2310=ORIENTED_EDGE('',*,*,#1801,.T.);
#2311=ORIENTED_EDGE('',*,*,#1798,.T.);
#2312=ORIENTED_EDGE('',*,*,#1795,.T.);
#2313=ORIENTED_EDGE('',*,*,#1792,.T.);
#2314=ORIENTED_EDGE('',*,*,#1789,.T.);
#2315=ORIENTED_EDGE('',*,*,#1786,.T.);
#2316=ORIENTED_EDGE('',*,*,#1783,.T.);
#2317=ORIENTED_EDGE('',*,*,#1780,.T.);
#2318=ORIENTED_EDGE('',*,*,#1778,.T.);
#2319=ORIENTED_EDGE('',*,*,#1768,.T.);
#2320=ORIENTED_EDGE('',*,*,#1772,.T.);
#2321=ORIENTED_EDGE('',*,*,#1775,.T.);
#2322=ORIENTED_EDGE('',*,*,#1803,.F.);
#2323=ORIENTED_EDGE('',*,*,#1800,.F.);
#2324=ORIENTED_EDGE('',*,*,#1797,.F.);
#2325=ORIENTED_EDGE('',*,*,#1794,.F.);
#2326=ORIENTED_EDGE('',*,*,#1791,.F.);
#2327=ORIENTED_EDGE('',*,*,#1788,.F.);
#2328=ORIENTED_EDGE('',*,*,#1785,.F.);
#2329=ORIENTED_EDGE('',*,*,#1782,.F.);
#2330=ORIENTED_EDGE('',*,*,#1804,.F.);
#2331=ORIENTED_EDGE('',*,*,#1805,.T.);
#2332=ORIENTED_EDGE('',*,*,#1806,.F.);
#2333=ORIENTED_EDGE('',*,*,#1807,.F.);
#2334=ORIENTED_EDGE('',*,*,#1808,.F.);
#2335=ORIENTED_EDGE('',*,*,#1809,.T.);
#2336=ORIENTED_EDGE('',*,*,#1810,.F.);
#2337=ORIENTED_EDGE('',*,*,#1805,.F.);
#2338=ORIENTED_EDGE('',*,*,#1811,.F.);
#2339=ORIENTED_EDGE('',*,*,#1807,.T.);
#2340=ORIENTED_EDGE('',*,*,#1812,.F.);
#2341=ORIENTED_EDGE('',*,*,#1813,.F.);
#2342=ORIENTED_EDGE('',*,*,#1814,.F.);
#2343=ORIENTED_EDGE('',*,*,#1813,.T.);
#2344=ORIENTED_EDGE('',*,*,#1815,.F.);
#2345=ORIENTED_EDGE('',*,*,#1809,.F.);
#2346=ORIENTED_EDGE('',*,*,#1816,.F.);
#2347=ORIENTED_EDGE('',*,*,#1817,.T.);
#2348=ORIENTED_EDGE('',*,*,#1818,.F.);
#2349=ORIENTED_EDGE('',*,*,#1819,.F.);
#2350=ORIENTED_EDGE('',*,*,#1820,.F.);
#2351=ORIENTED_EDGE('',*,*,#1819,.T.);
#2352=ORIENTED_EDGE('',*,*,#1821,.F.);
#2353=ORIENTED_EDGE('',*,*,#1822,.F.);
#2354=ORIENTED_EDGE('',*,*,#1823,.F.);
#2355=ORIENTED_EDGE('',*,*,#1822,.T.);
#2356=ORIENTED_EDGE('',*,*,#1824,.F.);
#2357=ORIENTED_EDGE('',*,*,#1825,.F.);
#2358=ORIENTED_EDGE('',*,*,#1826,.F.);
#2359=ORIENTED_EDGE('',*,*,#1825,.T.);
#2360=ORIENTED_EDGE('',*,*,#1827,.F.);
#2361=ORIENTED_EDGE('',*,*,#1817,.F.);
#2362=ORIENTED_EDGE('',*,*,#1827,.T.);
#2363=ORIENTED_EDGE('',*,*,#1824,.T.);
#2364=ORIENTED_EDGE('',*,*,#1821,.T.);
#2365=ORIENTED_EDGE('',*,*,#1818,.T.);
#2366=ORIENTED_EDGE('',*,*,#1810,.T.);
#2367=ORIENTED_EDGE('',*,*,#1815,.T.);
#2368=ORIENTED_EDGE('',*,*,#1812,.T.);
#2369=ORIENTED_EDGE('',*,*,#1806,.T.);
#2370=ORIENTED_EDGE('',*,*,#1828,.F.);
#2371=ORIENTED_EDGE('',*,*,#1829,.T.);
#2372=ORIENTED_EDGE('',*,*,#1830,.T.);
#2373=ORIENTED_EDGE('',*,*,#1829,.F.);
#2374=ORIENTED_EDGE('',*,*,#1831,.F.);
#2375=ORIENTED_EDGE('',*,*,#1832,.T.);
#2376=ORIENTED_EDGE('',*,*,#1833,.T.);
#2377=ORIENTED_EDGE('',*,*,#1832,.F.);
#2378=ORIENTED_EDGE('',*,*,#1808,.T.);
#2379=ORIENTED_EDGE('',*,*,#1804,.T.);
#2380=ORIENTED_EDGE('',*,*,#1811,.T.);
#2381=ORIENTED_EDGE('',*,*,#1814,.T.);
#2382=ORIENTED_EDGE('',*,*,#1831,.T.);
#2383=ORIENTED_EDGE('',*,*,#1828,.T.);
#2384=ORIENTED_EDGE('',*,*,#1826,.T.);
#2385=ORIENTED_EDGE('',*,*,#1816,.T.);
#2386=ORIENTED_EDGE('',*,*,#1820,.T.);
#2387=ORIENTED_EDGE('',*,*,#1823,.T.);
#2388=ORIENTED_EDGE('',*,*,#1833,.F.);
#2389=ORIENTED_EDGE('',*,*,#1830,.F.);
#2390=ORIENTED_EDGE('',*,*,#1834,.T.);
#2391=ORIENTED_EDGE('',*,*,#1835,.T.);
#2392=ORIENTED_EDGE('',*,*,#1836,.T.);
#2393=ORIENTED_EDGE('',*,*,#1837,.T.);
#2394=ORIENTED_EDGE('',*,*,#1838,.T.);
#2395=ORIENTED_EDGE('',*,*,#1834,.F.);
#2396=ORIENTED_EDGE('',*,*,#1839,.T.);
#2397=ORIENTED_EDGE('',*,*,#1835,.F.);
#2398=ORIENTED_EDGE('',*,*,#1840,.T.);
#2399=ORIENTED_EDGE('',*,*,#1841,.F.);
#2400=ORIENTED_EDGE('',*,*,#1842,.T.);
#2401=ORIENTED_EDGE('',*,*,#1838,.F.);
#2402=ORIENTED_EDGE('',*,*,#1843,.F.);
#2403=ORIENTED_EDGE('',*,*,#1844,.F.);
#2404=ORIENTED_EDGE('',*,*,#1840,.F.);
#2405=ORIENTED_EDGE('',*,*,#1837,.F.);
#2406=ORIENTED_EDGE('',*,*,#1845,.T.);
#2407=ORIENTED_EDGE('',*,*,#1846,.F.);
#2408=ORIENTED_EDGE('',*,*,#1847,.T.);
#2409=ORIENTED_EDGE('',*,*,#1848,.F.);
#2410=ORIENTED_EDGE('',*,*,#1849,.T.);
#2411=ORIENTED_EDGE('',*,*,#1850,.T.);
#2412=ORIENTED_EDGE('',*,*,#1851,.T.);
#2413=ORIENTED_EDGE('',*,*,#1852,.T.);
#2414=ORIENTED_EDGE('',*,*,#1853,.T.);
#2415=ORIENTED_EDGE('',*,*,#1854,.T.);
#2416=ORIENTED_EDGE('',*,*,#1855,.T.);
#2417=ORIENTED_EDGE('',*,*,#1856,.T.);
#2418=ORIENTED_EDGE('',*,*,#1857,.T.);
#2419=ORIENTED_EDGE('',*,*,#1858,.T.);
#2420=ORIENTED_EDGE('',*,*,#1859,.F.);
#2421=ORIENTED_EDGE('',*,*,#1843,.T.);
#2422=ORIENTED_EDGE('',*,*,#1860,.T.);
#2423=ORIENTED_EDGE('',*,*,#1861,.T.);
#2424=ORIENTED_EDGE('',*,*,#1841,.T.);
#2425=ORIENTED_EDGE('',*,*,#1859,.T.);
#2426=ORIENTED_EDGE('',*,*,#1862,.T.);
#2427=ORIENTED_EDGE('',*,*,#1860,.F.);
#2428=ORIENTED_EDGE('',*,*,#1844,.T.);
#2429=ORIENTED_EDGE('',*,*,#1861,.F.);
#2430=ORIENTED_EDGE('',*,*,#1863,.T.);
#2431=ORIENTED_EDGE('',*,*,#1864,.T.);
#2432=ORIENTED_EDGE('',*,*,#1865,.T.);
#2433=ORIENTED_EDGE('',*,*,#1866,.F.);
#2434=ORIENTED_EDGE('',*,*,#1867,.T.);
#2435=ORIENTED_EDGE('',*,*,#1862,.F.);
#2436=ORIENTED_EDGE('',*,*,#1858,.F.);
#2437=ORIENTED_EDGE('',*,*,#1868,.T.);
#2438=ORIENTED_EDGE('',*,*,#1869,.T.);
#2439=ORIENTED_EDGE('',*,*,#1870,.T.);
#2440=ORIENTED_EDGE('',*,*,#1871,.F.);
#2441=ORIENTED_EDGE('',*,*,#1872,.T.);
#2442=ORIENTED_EDGE('',*,*,#1863,.F.);
#2443=ORIENTED_EDGE('',*,*,#1873,.T.);
#2444=ORIENTED_EDGE('',*,*,#1874,.T.);
#2445=ORIENTED_EDGE('',*,*,#1875,.T.);
#2446=ORIENTED_EDGE('',*,*,#1846,.T.);
#2447=ORIENTED_EDGE('',*,*,#1876,.T.);
#2448=ORIENTED_EDGE('',*,*,#1873,.F.);
#2449=ORIENTED_EDGE('',*,*,#1877,.T.);
#2450=ORIENTED_EDGE('',*,*,#1836,.F.);
#2451=ORIENTED_EDGE('',*,*,#1878,.T.);
#2452=ORIENTED_EDGE('',*,*,#1874,.F.);
#2453=ORIENTED_EDGE('',*,*,#1879,.T.);
#2454=ORIENTED_EDGE('',*,*,#1839,.F.);
#2455=ORIENTED_EDGE('',*,*,#1879,.F.);
#2456=ORIENTED_EDGE('',*,*,#1876,.F.);
#2457=ORIENTED_EDGE('',*,*,#1845,.F.);
#2458=ORIENTED_EDGE('',*,*,#1880,.T.);
#2459=ORIENTED_EDGE('',*,*,#1881,.T.);
#2460=ORIENTED_EDGE('',*,*,#1866,.T.);
#2461=ORIENTED_EDGE('',*,*,#1882,.T.);
#2462=ORIENTED_EDGE('',*,*,#1848,.T.);
#2463=ORIENTED_EDGE('',*,*,#1883,.T.);
#2464=ORIENTED_EDGE('',*,*,#1880,.F.);
#2465=ORIENTED_EDGE('',*,*,#1884,.T.);
#2466=ORIENTED_EDGE('',*,*,#1875,.F.);
#2467=ORIENTED_EDGE('',*,*,#1885,.T.);
#2468=ORIENTED_EDGE('',*,*,#1881,.F.);
#2469=ORIENTED_EDGE('',*,*,#1886,.T.);
#2470=ORIENTED_EDGE('',*,*,#1882,.F.);
#2471=ORIENTED_EDGE('',*,*,#1887,.T.);
#2472=ORIENTED_EDGE('',*,*,#1888,.F.);
#2473=ORIENTED_EDGE('',*,*,#1849,.F.);
#2474=ORIENTED_EDGE('',*,*,#1884,.F.);
#2475=ORIENTED_EDGE('',*,*,#1865,.F.);
#2476=ORIENTED_EDGE('',*,*,#1889,.F.);
#2477=ORIENTED_EDGE('',*,*,#1890,.F.);
#2478=ORIENTED_EDGE('',*,*,#1891,.F.);
#2479=ORIENTED_EDGE('',*,*,#1892,.F.);
#2480=ORIENTED_EDGE('',*,*,#1893,.F.);
#2481=ORIENTED_EDGE('',*,*,#1894,.F.);
#2482=ORIENTED_EDGE('',*,*,#1895,.F.);
#2483=ORIENTED_EDGE('',*,*,#1896,.F.);
#2484=ORIENTED_EDGE('',*,*,#1887,.F.);
#2485=ORIENTED_EDGE('',*,*,#1897,.F.);
#2486=ORIENTED_EDGE('',*,*,#1898,.F.);
#2487=ORIENTED_EDGE('',*,*,#1899,.F.);
#2488=ORIENTED_EDGE('',*,*,#1900,.F.);
#2489=ORIENTED_EDGE('',*,*,#1901,.F.);
#2490=ORIENTED_EDGE('',*,*,#1902,.F.);
#2491=ORIENTED_EDGE('',*,*,#1903,.F.);
#2492=ORIENTED_EDGE('',*,*,#1904,.F.);
#2493=ORIENTED_EDGE('',*,*,#1905,.F.);
#2494=ORIENTED_EDGE('',*,*,#1906,.F.);
#2495=ORIENTED_EDGE('',*,*,#1907,.F.);
#2496=ORIENTED_EDGE('',*,*,#1908,.F.);
#2497=ORIENTED_EDGE('',*,*,#1909,.F.);
#2498=ORIENTED_EDGE('',*,*,#1910,.F.);
#2499=ORIENTED_EDGE('',*,*,#1864,.F.);
#2500=ORIENTED_EDGE('',*,*,#1872,.F.);
#2501=ORIENTED_EDGE('',*,*,#1911,.F.);
#2502=ORIENTED_EDGE('',*,*,#1912,.F.);
#2503=ORIENTED_EDGE('',*,*,#1889,.T.);
#2504=ORIENTED_EDGE('',*,*,#1842,.F.);
#2505=ORIENTED_EDGE('',*,*,#1867,.F.);
#2506=ORIENTED_EDGE('',*,*,#1885,.F.);
#2507=ORIENTED_EDGE('',*,*,#1878,.F.);
#2508=ORIENTED_EDGE('',*,*,#1913,.T.);
#2509=ORIENTED_EDGE('',*,*,#1914,.T.);
#2510=ORIENTED_EDGE('',*,*,#1915,.T.);
#2511=ORIENTED_EDGE('',*,*,#1916,.T.);
#2512=ORIENTED_EDGE('',*,*,#1917,.T.);
#2513=ORIENTED_EDGE('',*,*,#1918,.T.);
#2514=ORIENTED_EDGE('',*,*,#1919,.T.);
#2515=ORIENTED_EDGE('',*,*,#1920,.T.);
#2516=ORIENTED_EDGE('',*,*,#1921,.T.);
#2517=ORIENTED_EDGE('',*,*,#1922,.T.);
#2518=ORIENTED_EDGE('',*,*,#1923,.T.);
#2519=ORIENTED_EDGE('',*,*,#1924,.T.);
#2520=ORIENTED_EDGE('',*,*,#1925,.T.);
#2521=ORIENTED_EDGE('',*,*,#1926,.T.);
#2522=ORIENTED_EDGE('',*,*,#1857,.F.);
#2523=ORIENTED_EDGE('',*,*,#1927,.F.);
#2524=ORIENTED_EDGE('',*,*,#1928,.T.);
#2525=ORIENTED_EDGE('',*,*,#1868,.F.);
#2526=ORIENTED_EDGE('',*,*,#1929,.F.);
#2527=ORIENTED_EDGE('',*,*,#1870,.F.);
#2528=ORIENTED_EDGE('',*,*,#1930,.T.);
#2529=ORIENTED_EDGE('',*,*,#1931,.F.);
#2530=ORIENTED_EDGE('',*,*,#1869,.F.);
#2531=ORIENTED_EDGE('',*,*,#1928,.F.);
#2532=ORIENTED_EDGE('',*,*,#1932,.F.);
#2533=ORIENTED_EDGE('',*,*,#1930,.F.);
#2534=ORIENTED_EDGE('',*,*,#1931,.T.);
#2535=ORIENTED_EDGE('',*,*,#1932,.T.);
#2536=ORIENTED_EDGE('',*,*,#1927,.T.);
#2537=ORIENTED_EDGE('',*,*,#1856,.F.);
#2538=ORIENTED_EDGE('',*,*,#1933,.T.);
#2539=ORIENTED_EDGE('',*,*,#1890,.T.);
#2540=ORIENTED_EDGE('',*,*,#1912,.T.);
#2541=ORIENTED_EDGE('',*,*,#1934,.F.);
#2542=ORIENTED_EDGE('',*,*,#1850,.F.);
#2543=ORIENTED_EDGE('',*,*,#1888,.T.);
#2544=ORIENTED_EDGE('',*,*,#1896,.T.);
#2545=ORIENTED_EDGE('',*,*,#1935,.F.);
#2546=ORIENTED_EDGE('',*,*,#1851,.F.);
#2547=ORIENTED_EDGE('',*,*,#1935,.T.);
#2548=ORIENTED_EDGE('',*,*,#1895,.T.);
#2549=ORIENTED_EDGE('',*,*,#1936,.F.);
#2550=ORIENTED_EDGE('',*,*,#1929,.T.);
#2551=ORIENTED_EDGE('',*,*,#1934,.T.);
#2552=ORIENTED_EDGE('',*,*,#1911,.T.);
#2553=ORIENTED_EDGE('',*,*,#1871,.T.);
#2554=ORIENTED_EDGE('',*,*,#1936,.T.);
#2555=ORIENTED_EDGE('',*,*,#1894,.T.);
#2556=ORIENTED_EDGE('',*,*,#1937,.F.);
#2557=ORIENTED_EDGE('',*,*,#1852,.F.);
#2558=ORIENTED_EDGE('',*,*,#1898,.T.);
#2559=ORIENTED_EDGE('',*,*,#1938,.T.);
#2560=ORIENTED_EDGE('',*,*,#1926,.F.);
#2561=ORIENTED_EDGE('',*,*,#1939,.F.);
#2562=ORIENTED_EDGE('',*,*,#1899,.T.);
#2563=ORIENTED_EDGE('',*,*,#1939,.T.);
#2564=ORIENTED_EDGE('',*,*,#1925,.F.);
#2565=ORIENTED_EDGE('',*,*,#1940,.F.);
#2566=ORIENTED_EDGE('',*,*,#1900,.T.);
#2567=ORIENTED_EDGE('',*,*,#1940,.T.);
#2568=ORIENTED_EDGE('',*,*,#1924,.F.);
#2569=ORIENTED_EDGE('',*,*,#1941,.F.);
#2570=ORIENTED_EDGE('',*,*,#1897,.T.);
#2571=ORIENTED_EDGE('',*,*,#1941,.T.);
#2572=ORIENTED_EDGE('',*,*,#1923,.F.);
#2573=ORIENTED_EDGE('',*,*,#1938,.F.);
#2574=ORIENTED_EDGE('',*,*,#1922,.F.);
#2575=ORIENTED_EDGE('',*,*,#1942,.T.);
#2576=ORIENTED_EDGE('',*,*,#1901,.T.);
#2577=ORIENTED_EDGE('',*,*,#1942,.F.);
#2578=ORIENTED_EDGE('',*,*,#1921,.F.);
#2579=ORIENTED_EDGE('',*,*,#1943,.T.);
#2580=ORIENTED_EDGE('',*,*,#1902,.T.);
#2581=ORIENTED_EDGE('',*,*,#1943,.F.);
#2582=ORIENTED_EDGE('',*,*,#1920,.F.);
#2583=ORIENTED_EDGE('',*,*,#1944,.T.);
#2584=ORIENTED_EDGE('',*,*,#1903,.T.);
#2585=ORIENTED_EDGE('',*,*,#1944,.F.);
#2586=ORIENTED_EDGE('',*,*,#1919,.F.);
#2587=ORIENTED_EDGE('',*,*,#1945,.T.);
#2588=ORIENTED_EDGE('',*,*,#1904,.T.);
#2589=ORIENTED_EDGE('',*,*,#1945,.F.);
#2590=ORIENTED_EDGE('',*,*,#1918,.F.);
#2591=ORIENTED_EDGE('',*,*,#1946,.T.);
#2592=ORIENTED_EDGE('',*,*,#1905,.T.);
#2593=ORIENTED_EDGE('',*,*,#1946,.F.);
#2594=ORIENTED_EDGE('',*,*,#1917,.F.);
#2595=ORIENTED_EDGE('',*,*,#1947,.T.);
#2596=ORIENTED_EDGE('',*,*,#1906,.T.);
#2597=ORIENTED_EDGE('',*,*,#1947,.F.);
#2598=ORIENTED_EDGE('',*,*,#1916,.F.);
#2599=ORIENTED_EDGE('',*,*,#1948,.T.);
#2600=ORIENTED_EDGE('',*,*,#1907,.T.);
#2601=ORIENTED_EDGE('',*,*,#1948,.F.);
#2602=ORIENTED_EDGE('',*,*,#1915,.F.);
#2603=ORIENTED_EDGE('',*,*,#1949,.T.);
#2604=ORIENTED_EDGE('',*,*,#1908,.T.);
#2605=ORIENTED_EDGE('',*,*,#1949,.F.);
#2606=ORIENTED_EDGE('',*,*,#1914,.F.);
#2607=ORIENTED_EDGE('',*,*,#1950,.T.);
#2608=ORIENTED_EDGE('',*,*,#1909,.T.);
#2609=ORIENTED_EDGE('',*,*,#1950,.F.);
#2610=ORIENTED_EDGE('',*,*,#1913,.F.);
#2611=ORIENTED_EDGE('',*,*,#1951,.T.);
#2612=ORIENTED_EDGE('',*,*,#1910,.T.);
#2613=ORIENTED_EDGE('',*,*,#1951,.F.);
#2614=ORIENTED_EDGE('',*,*,#1891,.T.);
#2615=ORIENTED_EDGE('',*,*,#1933,.F.);
#2616=ORIENTED_EDGE('',*,*,#1855,.F.);
#2617=ORIENTED_EDGE('',*,*,#1952,.F.);
#2618=ORIENTED_EDGE('',*,*,#1893,.T.);
#2619=ORIENTED_EDGE('',*,*,#1953,.F.);
#2620=ORIENTED_EDGE('',*,*,#1853,.F.);
#2621=ORIENTED_EDGE('',*,*,#1937,.T.);
#2622=ORIENTED_EDGE('',*,*,#1892,.T.);
#2623=ORIENTED_EDGE('',*,*,#1952,.T.);
#2624=ORIENTED_EDGE('',*,*,#1854,.F.);
#2625=ORIENTED_EDGE('',*,*,#1953,.T.);
#2626=ORIENTED_EDGE('',*,*,#1877,.F.);
#2627=ORIENTED_EDGE('',*,*,#1886,.F.);
#2628=ORIENTED_EDGE('',*,*,#1883,.F.);
#2629=ORIENTED_EDGE('',*,*,#1847,.F.);
#2630=ORIENTED_EDGE('',*,*,#1954,.T.);
#2631=ORIENTED_EDGE('',*,*,#1955,.T.);
#2632=ORIENTED_EDGE('',*,*,#1956,.T.);
#2633=ORIENTED_EDGE('',*,*,#1957,.T.);
#2634=ORIENTED_EDGE('',*,*,#1958,.T.);
#2635=ORIENTED_EDGE('',*,*,#1954,.F.);
#2636=ORIENTED_EDGE('',*,*,#1959,.T.);
#2637=ORIENTED_EDGE('',*,*,#1959,.F.);
#2638=ORIENTED_EDGE('',*,*,#1960,.F.);
#2639=ORIENTED_EDGE('',*,*,#1961,.F.);
#2640=ORIENTED_EDGE('',*,*,#1962,.F.);
#2641=ORIENTED_EDGE('',*,*,#1963,.F.);
#2642=ORIENTED_EDGE('',*,*,#1964,.F.);
#2643=ORIENTED_EDGE('',*,*,#1965,.F.);
#2644=ORIENTED_EDGE('',*,*,#1966,.F.);
#2645=ORIENTED_EDGE('',*,*,#1956,.F.);
#2646=ORIENTED_EDGE('',*,*,#1967,.T.);
#2647=ORIENTED_EDGE('',*,*,#1968,.F.);
#2648=ORIENTED_EDGE('',*,*,#1960,.T.);
#2649=ORIENTED_EDGE('',*,*,#1955,.F.);
#2650=ORIENTED_EDGE('',*,*,#1969,.T.);
#2651=ORIENTED_EDGE('',*,*,#1970,.F.);
#2652=ORIENTED_EDGE('',*,*,#1971,.T.);
#2653=ORIENTED_EDGE('',*,*,#1972,.T.);
#2654=ORIENTED_EDGE('',*,*,#1973,.T.);
#2655=ORIENTED_EDGE('',*,*,#1974,.T.);
#2656=ORIENTED_EDGE('',*,*,#1970,.T.);
#2657=ORIENTED_EDGE('',*,*,#1975,.T.);
#2658=ORIENTED_EDGE('',*,*,#1976,.T.);
#2659=ORIENTED_EDGE('',*,*,#1972,.F.);
#2660=ORIENTED_EDGE('',*,*,#1977,.T.);
#2661=ORIENTED_EDGE('',*,*,#1958,.F.);
#2662=ORIENTED_EDGE('',*,*,#1978,.F.);
#2663=ORIENTED_EDGE('',*,*,#1979,.T.);
#2664=ORIENTED_EDGE('',*,*,#1980,.T.);
#2665=ORIENTED_EDGE('',*,*,#1981,.T.);
#2666=ORIENTED_EDGE('',*,*,#1982,.F.);
#2667=ORIENTED_EDGE('',*,*,#1977,.F.);
#2668=ORIENTED_EDGE('',*,*,#1969,.F.);
#2669=ORIENTED_EDGE('',*,*,#1974,.F.);
#2670=ORIENTED_EDGE('',*,*,#1983,.T.);
#2671=ORIENTED_EDGE('',*,*,#1984,.T.);
#2672=ORIENTED_EDGE('',*,*,#1985,.T.);
#2673=ORIENTED_EDGE('',*,*,#1986,.T.);
#2674=ORIENTED_EDGE('',*,*,#1987,.T.);
#2675=ORIENTED_EDGE('',*,*,#1988,.T.);
#2676=ORIENTED_EDGE('',*,*,#1989,.T.);
#2677=ORIENTED_EDGE('',*,*,#1990,.T.);
#2678=ORIENTED_EDGE('',*,*,#1991,.T.);
#2679=ORIENTED_EDGE('',*,*,#1992,.T.);
#2680=ORIENTED_EDGE('',*,*,#1993,.T.);
#2681=ORIENTED_EDGE('',*,*,#1994,.T.);
#2682=ORIENTED_EDGE('',*,*,#1990,.F.);
#2683=ORIENTED_EDGE('',*,*,#1995,.T.);
#2684=ORIENTED_EDGE('',*,*,#1995,.F.);
#2685=ORIENTED_EDGE('',*,*,#1996,.F.);
#2686=ORIENTED_EDGE('',*,*,#1997,.F.);
#2687=ORIENTED_EDGE('',*,*,#1998,.F.);
#2688=ORIENTED_EDGE('',*,*,#1999,.F.);
#2689=ORIENTED_EDGE('',*,*,#2000,.F.);
#2690=ORIENTED_EDGE('',*,*,#2001,.T.);
#2691=ORIENTED_EDGE('',*,*,#2002,.F.);
#2692=ORIENTED_EDGE('',*,*,#1992,.F.);
#2693=ORIENTED_EDGE('',*,*,#2003,.T.);
#2694=ORIENTED_EDGE('',*,*,#2004,.F.);
#2695=ORIENTED_EDGE('',*,*,#1996,.T.);
#2696=ORIENTED_EDGE('',*,*,#1991,.F.);
#2697=ORIENTED_EDGE('',*,*,#2005,.T.);
#2698=ORIENTED_EDGE('',*,*,#2006,.F.);
#2699=ORIENTED_EDGE('',*,*,#2007,.T.);
#2700=ORIENTED_EDGE('',*,*,#2008,.T.);
#2701=ORIENTED_EDGE('',*,*,#2009,.T.);
#2702=ORIENTED_EDGE('',*,*,#2006,.T.);
#2703=ORIENTED_EDGE('',*,*,#2010,.T.);
#2704=ORIENTED_EDGE('',*,*,#1965,.T.);
#2705=ORIENTED_EDGE('',*,*,#2008,.F.);
#2706=ORIENTED_EDGE('',*,*,#2011,.T.);
#2707=ORIENTED_EDGE('',*,*,#1994,.F.);
#2708=ORIENTED_EDGE('',*,*,#2012,.F.);
#2709=ORIENTED_EDGE('',*,*,#2011,.F.);
#2710=ORIENTED_EDGE('',*,*,#2005,.F.);
#2711=ORIENTED_EDGE('',*,*,#2009,.F.);
#2712=ORIENTED_EDGE('',*,*,#1964,.T.);
#2713=ORIENTED_EDGE('',*,*,#2013,.F.);
#2714=ORIENTED_EDGE('',*,*,#2014,.T.);
#2715=ORIENTED_EDGE('',*,*,#2015,.T.);
#2716=ORIENTED_EDGE('',*,*,#2016,.T.);
#2717=ORIENTED_EDGE('',*,*,#2000,.T.);
#2718=ORIENTED_EDGE('',*,*,#2017,.T.);
#2719=ORIENTED_EDGE('',*,*,#2018,.T.);
#2720=ORIENTED_EDGE('',*,*,#2019,.T.);
#2721=ORIENTED_EDGE('',*,*,#2020,.T.);
#2722=ORIENTED_EDGE('',*,*,#2015,.F.);
#2723=ORIENTED_EDGE('',*,*,#1999,.T.);
#2724=ORIENTED_EDGE('',*,*,#2017,.F.);
#2725=ORIENTED_EDGE('',*,*,#2021,.T.);
#2726=ORIENTED_EDGE('',*,*,#1988,.F.);
#2727=ORIENTED_EDGE('',*,*,#2022,.T.);
#2728=ORIENTED_EDGE('',*,*,#2022,.F.);
#2729=ORIENTED_EDGE('',*,*,#1987,.F.);
#2730=ORIENTED_EDGE('',*,*,#2023,.F.);
#2731=ORIENTED_EDGE('',*,*,#2024,.F.);
#2732=ORIENTED_EDGE('',*,*,#2025,.T.);
#2733=ORIENTED_EDGE('',*,*,#2026,.F.);
#2734=ORIENTED_EDGE('',*,*,#2027,.T.);
#2735=ORIENTED_EDGE('',*,*,#2028,.F.);
#2736=ORIENTED_EDGE('',*,*,#2029,.F.);
#2737=ORIENTED_EDGE('',*,*,#2021,.F.);
#2738=ORIENTED_EDGE('',*,*,#2030,.F.);
#2739=ORIENTED_EDGE('',*,*,#2031,.F.);
#2740=ORIENTED_EDGE('',*,*,#2032,.F.);
#2741=ORIENTED_EDGE('',*,*,#2019,.F.);
#2742=ORIENTED_EDGE('',*,*,#2033,.T.);
#2743=ORIENTED_EDGE('',*,*,#2034,.F.);
#2744=ORIENTED_EDGE('',*,*,#2030,.T.);
#2745=ORIENTED_EDGE('',*,*,#2018,.F.);
#2746=ORIENTED_EDGE('',*,*,#1998,.T.);
#2747=ORIENTED_EDGE('',*,*,#2035,.F.);
#2748=ORIENTED_EDGE('',*,*,#2036,.T.);
#2749=ORIENTED_EDGE('',*,*,#1968,.T.);
#2750=ORIENTED_EDGE('',*,*,#2031,.T.);
#2751=ORIENTED_EDGE('',*,*,#2037,.T.);
#2752=ORIENTED_EDGE('',*,*,#1961,.T.);
#2753=ORIENTED_EDGE('',*,*,#2037,.F.);
#2754=ORIENTED_EDGE('',*,*,#2034,.T.);
#2755=ORIENTED_EDGE('',*,*,#2038,.T.);
#2756=ORIENTED_EDGE('',*,*,#2004,.T.);
#2757=ORIENTED_EDGE('',*,*,#2039,.T.);
#2758=ORIENTED_EDGE('',*,*,#2040,.T.);
#2759=ORIENTED_EDGE('',*,*,#1997,.T.);
#2760=ORIENTED_EDGE('',*,*,#2040,.F.);
#2761=ORIENTED_EDGE('',*,*,#2041,.T.);
#2762=ORIENTED_EDGE('',*,*,#2035,.T.);
#2763=ORIENTED_EDGE('',*,*,#2039,.F.);
#2764=ORIENTED_EDGE('',*,*,#2042,.F.);
#2765=ORIENTED_EDGE('',*,*,#2043,.F.);
#2766=ORIENTED_EDGE('',*,*,#2044,.F.);
#2767=ORIENTED_EDGE('',*,*,#2013,.T.);
#2768=ORIENTED_EDGE('',*,*,#1963,.T.);
#2769=ORIENTED_EDGE('',*,*,#2045,.T.);
#2770=ORIENTED_EDGE('',*,*,#2043,.T.);
#2771=ORIENTED_EDGE('',*,*,#2045,.F.);
#2772=ORIENTED_EDGE('',*,*,#2046,.T.);
#2773=ORIENTED_EDGE('',*,*,#2047,.T.);
#2774=ORIENTED_EDGE('',*,*,#2038,.F.);
#2775=ORIENTED_EDGE('',*,*,#2048,.T.);
#2776=ORIENTED_EDGE('',*,*,#2046,.F.);
#2777=ORIENTED_EDGE('',*,*,#1962,.T.);
#2778=ORIENTED_EDGE('',*,*,#1986,.F.);
#2779=ORIENTED_EDGE('',*,*,#2049,.F.);
#2780=ORIENTED_EDGE('',*,*,#2050,.F.);
#2781=ORIENTED_EDGE('',*,*,#2051,.F.);
#2782=ORIENTED_EDGE('',*,*,#2023,.T.);
#2783=ORIENTED_EDGE('',*,*,#1984,.F.);
#2784=ORIENTED_EDGE('',*,*,#2052,.T.);
#2785=ORIENTED_EDGE('',*,*,#2053,.F.);
#2786=ORIENTED_EDGE('',*,*,#2054,.F.);
#2787=ORIENTED_EDGE('',*,*,#2055,.F.);
#2788=ORIENTED_EDGE('',*,*,#1983,.F.);
#2789=ORIENTED_EDGE('',*,*,#2056,.F.);
#2790=ORIENTED_EDGE('',*,*,#2057,.F.);
#2791=ORIENTED_EDGE('',*,*,#2058,.F.);
#2792=ORIENTED_EDGE('',*,*,#2059,.F.);
#2793=ORIENTED_EDGE('',*,*,#2052,.F.);
#2794=ORIENTED_EDGE('',*,*,#1973,.F.);
#2795=ORIENTED_EDGE('',*,*,#1976,.F.);
#2796=ORIENTED_EDGE('',*,*,#2060,.F.);
#2797=ORIENTED_EDGE('',*,*,#2061,.T.);
#2798=ORIENTED_EDGE('',*,*,#2056,.T.);
#2799=ORIENTED_EDGE('',*,*,#1985,.F.);
#2800=ORIENTED_EDGE('',*,*,#2055,.T.);
#2801=ORIENTED_EDGE('',*,*,#2062,.F.);
#2802=ORIENTED_EDGE('',*,*,#2049,.T.);
#2803=ORIENTED_EDGE('',*,*,#2041,.F.);
#2804=ORIENTED_EDGE('',*,*,#2044,.T.);
#2805=ORIENTED_EDGE('',*,*,#2047,.F.);
#2806=ORIENTED_EDGE('',*,*,#2063,.T.);
#2807=ORIENTED_EDGE('',*,*,#2048,.F.);
#2808=ORIENTED_EDGE('',*,*,#2033,.F.);
#2809=ORIENTED_EDGE('',*,*,#2036,.F.);
#2810=ORIENTED_EDGE('',*,*,#2063,.F.);
#2811=ORIENTED_EDGE('',*,*,#2064,.T.);
#2812=ORIENTED_EDGE('',*,*,#2065,.T.);
#2813=ORIENTED_EDGE('',*,*,#2066,.T.);
#2814=ORIENTED_EDGE('',*,*,#2067,.T.);
#2815=ORIENTED_EDGE('',*,*,#2068,.T.);
#2816=ORIENTED_EDGE('',*,*,#2069,.T.);
#2817=ORIENTED_EDGE('',*,*,#2070,.T.);
#2818=ORIENTED_EDGE('',*,*,#2071,.T.);
#2819=ORIENTED_EDGE('',*,*,#2072,.T.);
#2820=ORIENTED_EDGE('',*,*,#2073,.T.);
#2821=ORIENTED_EDGE('',*,*,#2074,.T.);
#2822=ORIENTED_EDGE('',*,*,#2075,.T.);
#2823=ORIENTED_EDGE('',*,*,#2076,.T.);
#2824=ORIENTED_EDGE('',*,*,#2077,.T.);
#2825=ORIENTED_EDGE('',*,*,#2078,.T.);
#2826=ORIENTED_EDGE('',*,*,#2079,.T.);
#2827=ORIENTED_EDGE('',*,*,#2080,.T.);
#2828=ORIENTED_EDGE('',*,*,#2081,.T.);
#2829=ORIENTED_EDGE('',*,*,#2082,.T.);
#2830=ORIENTED_EDGE('',*,*,#2083,.T.);
#2831=ORIENTED_EDGE('',*,*,#2084,.T.);
#2832=ORIENTED_EDGE('',*,*,#2085,.T.);
#2833=ORIENTED_EDGE('',*,*,#2086,.T.);
#2834=ORIENTED_EDGE('',*,*,#2087,.T.);
#2835=ORIENTED_EDGE('',*,*,#2088,.T.);
#2836=ORIENTED_EDGE('',*,*,#2089,.T.);
#2837=ORIENTED_EDGE('',*,*,#2090,.T.);
#2838=ORIENTED_EDGE('',*,*,#2091,.T.);
#2839=ORIENTED_EDGE('',*,*,#2092,.T.);
#2840=ORIENTED_EDGE('',*,*,#2093,.T.);
#2841=ORIENTED_EDGE('',*,*,#2094,.T.);
#2842=ORIENTED_EDGE('',*,*,#2095,.T.);
#2843=ORIENTED_EDGE('',*,*,#2096,.T.);
#2844=ORIENTED_EDGE('',*,*,#2097,.T.);
#2845=ORIENTED_EDGE('',*,*,#2098,.T.);
#2846=ORIENTED_EDGE('',*,*,#2099,.T.);
#2847=ORIENTED_EDGE('',*,*,#2100,.T.);
#2848=ORIENTED_EDGE('',*,*,#2101,.T.);
#2849=ORIENTED_EDGE('',*,*,#2102,.T.);
#2850=ORIENTED_EDGE('',*,*,#2103,.T.);
#2851=ORIENTED_EDGE('',*,*,#2104,.T.);
#2852=ORIENTED_EDGE('',*,*,#2105,.T.);
#2853=ORIENTED_EDGE('',*,*,#2100,.F.);
#2854=ORIENTED_EDGE('',*,*,#2106,.T.);
#2855=ORIENTED_EDGE('',*,*,#2107,.F.);
#2856=ORIENTED_EDGE('',*,*,#2108,.F.);
#2857=ORIENTED_EDGE('',*,*,#2105,.F.);
#2858=ORIENTED_EDGE('',*,*,#2109,.T.);
#2859=ORIENTED_EDGE('',*,*,#2110,.F.);
#2860=ORIENTED_EDGE('',*,*,#2106,.F.);
#2861=ORIENTED_EDGE('',*,*,#2104,.F.);
#2862=ORIENTED_EDGE('',*,*,#2111,.T.);
#2863=ORIENTED_EDGE('',*,*,#2112,.F.);
#2864=ORIENTED_EDGE('',*,*,#2109,.F.);
#2865=ORIENTED_EDGE('',*,*,#2103,.F.);
#2866=ORIENTED_EDGE('',*,*,#2113,.T.);
#2867=ORIENTED_EDGE('',*,*,#2114,.F.);
#2868=ORIENTED_EDGE('',*,*,#2111,.F.);
#2869=ORIENTED_EDGE('',*,*,#2102,.F.);
#2870=ORIENTED_EDGE('',*,*,#2115,.T.);
#2871=ORIENTED_EDGE('',*,*,#2116,.F.);
#2872=ORIENTED_EDGE('',*,*,#2113,.F.);
#2873=ORIENTED_EDGE('',*,*,#2101,.F.);
#2874=ORIENTED_EDGE('',*,*,#2108,.T.);
#2875=ORIENTED_EDGE('',*,*,#2117,.F.);
#2876=ORIENTED_EDGE('',*,*,#2115,.F.);
#2877=ORIENTED_EDGE('',*,*,#2094,.F.);
#2878=ORIENTED_EDGE('',*,*,#2118,.T.);
#2879=ORIENTED_EDGE('',*,*,#2119,.F.);
#2880=ORIENTED_EDGE('',*,*,#2120,.F.);
#2881=ORIENTED_EDGE('',*,*,#2099,.F.);
#2882=ORIENTED_EDGE('',*,*,#2121,.T.);
#2883=ORIENTED_EDGE('',*,*,#2122,.F.);
#2884=ORIENTED_EDGE('',*,*,#2118,.F.);
#2885=ORIENTED_EDGE('',*,*,#2098,.F.);
#2886=ORIENTED_EDGE('',*,*,#2123,.T.);
#2887=ORIENTED_EDGE('',*,*,#2124,.F.);
#2888=ORIENTED_EDGE('',*,*,#2121,.F.);
#2889=ORIENTED_EDGE('',*,*,#2097,.F.);
#2890=ORIENTED_EDGE('',*,*,#2125,.T.);
#2891=ORIENTED_EDGE('',*,*,#2126,.F.);
#2892=ORIENTED_EDGE('',*,*,#2123,.F.);
#2893=ORIENTED_EDGE('',*,*,#2096,.F.);
#2894=ORIENTED_EDGE('',*,*,#2127,.T.);
#2895=ORIENTED_EDGE('',*,*,#2128,.F.);
#2896=ORIENTED_EDGE('',*,*,#2125,.F.);
#2897=ORIENTED_EDGE('',*,*,#2095,.F.);
#2898=ORIENTED_EDGE('',*,*,#2120,.T.);
#2899=ORIENTED_EDGE('',*,*,#2129,.F.);
#2900=ORIENTED_EDGE('',*,*,#2127,.F.);
#2901=ORIENTED_EDGE('',*,*,#2088,.F.);
#2902=ORIENTED_EDGE('',*,*,#2130,.T.);
#2903=ORIENTED_EDGE('',*,*,#2131,.F.);
#2904=ORIENTED_EDGE('',*,*,#2132,.F.);
#2905=ORIENTED_EDGE('',*,*,#2093,.F.);
#2906=ORIENTED_EDGE('',*,*,#2133,.T.);
#2907=ORIENTED_EDGE('',*,*,#2134,.F.);
#2908=ORIENTED_EDGE('',*,*,#2130,.F.);
#2909=ORIENTED_EDGE('',*,*,#2092,.F.);
#2910=ORIENTED_EDGE('',*,*,#2135,.T.);
#2911=ORIENTED_EDGE('',*,*,#2136,.F.);
#2912=ORIENTED_EDGE('',*,*,#2133,.F.);
#2913=ORIENTED_EDGE('',*,*,#2091,.F.);
#2914=ORIENTED_EDGE('',*,*,#2137,.T.);
#2915=ORIENTED_EDGE('',*,*,#2138,.F.);
#2916=ORIENTED_EDGE('',*,*,#2135,.F.);
#2917=ORIENTED_EDGE('',*,*,#2090,.F.);
#2918=ORIENTED_EDGE('',*,*,#2139,.T.);
#2919=ORIENTED_EDGE('',*,*,#2140,.F.);
#2920=ORIENTED_EDGE('',*,*,#2137,.F.);
#2921=ORIENTED_EDGE('',*,*,#2089,.F.);
#2922=ORIENTED_EDGE('',*,*,#2132,.T.);
#2923=ORIENTED_EDGE('',*,*,#2141,.F.);
#2924=ORIENTED_EDGE('',*,*,#2139,.F.);
#2925=ORIENTED_EDGE('',*,*,#2082,.F.);
#2926=ORIENTED_EDGE('',*,*,#2142,.T.);
#2927=ORIENTED_EDGE('',*,*,#2143,.F.);
#2928=ORIENTED_EDGE('',*,*,#2144,.F.);
#2929=ORIENTED_EDGE('',*,*,#2087,.F.);
#2930=ORIENTED_EDGE('',*,*,#2145,.T.);
#2931=ORIENTED_EDGE('',*,*,#2146,.F.);
#2932=ORIENTED_EDGE('',*,*,#2142,.F.);
#2933=ORIENTED_EDGE('',*,*,#2086,.F.);
#2934=ORIENTED_EDGE('',*,*,#2147,.T.);
#2935=ORIENTED_EDGE('',*,*,#2148,.F.);
#2936=ORIENTED_EDGE('',*,*,#2145,.F.);
#2937=ORIENTED_EDGE('',*,*,#2085,.F.);
#2938=ORIENTED_EDGE('',*,*,#2149,.T.);
#2939=ORIENTED_EDGE('',*,*,#2150,.F.);
#2940=ORIENTED_EDGE('',*,*,#2147,.F.);
#2941=ORIENTED_EDGE('',*,*,#2084,.F.);
#2942=ORIENTED_EDGE('',*,*,#2151,.T.);
#2943=ORIENTED_EDGE('',*,*,#2152,.F.);
#2944=ORIENTED_EDGE('',*,*,#2149,.F.);
#2945=ORIENTED_EDGE('',*,*,#2083,.F.);
#2946=ORIENTED_EDGE('',*,*,#2144,.T.);
#2947=ORIENTED_EDGE('',*,*,#2153,.F.);
#2948=ORIENTED_EDGE('',*,*,#2151,.F.);
#2949=ORIENTED_EDGE('',*,*,#2076,.F.);
#2950=ORIENTED_EDGE('',*,*,#2154,.T.);
#2951=ORIENTED_EDGE('',*,*,#2155,.F.);
#2952=ORIENTED_EDGE('',*,*,#2156,.F.);
#2953=ORIENTED_EDGE('',*,*,#2081,.F.);
#2954=ORIENTED_EDGE('',*,*,#2157,.T.);
#2955=ORIENTED_EDGE('',*,*,#2158,.F.);
#2956=ORIENTED_EDGE('',*,*,#2154,.F.);
#2957=ORIENTED_EDGE('',*,*,#2080,.F.);
#2958=ORIENTED_EDGE('',*,*,#2159,.T.);
#2959=ORIENTED_EDGE('',*,*,#2160,.F.);
#2960=ORIENTED_EDGE('',*,*,#2157,.F.);
#2961=ORIENTED_EDGE('',*,*,#2079,.F.);
#2962=ORIENTED_EDGE('',*,*,#2161,.T.);
#2963=ORIENTED_EDGE('',*,*,#2162,.F.);
#2964=ORIENTED_EDGE('',*,*,#2159,.F.);
#2965=ORIENTED_EDGE('',*,*,#2078,.F.);
#2966=ORIENTED_EDGE('',*,*,#2163,.T.);
#2967=ORIENTED_EDGE('',*,*,#2164,.F.);
#2968=ORIENTED_EDGE('',*,*,#2161,.F.);
#2969=ORIENTED_EDGE('',*,*,#2077,.F.);
#2970=ORIENTED_EDGE('',*,*,#2156,.T.);
#2971=ORIENTED_EDGE('',*,*,#2165,.F.);
#2972=ORIENTED_EDGE('',*,*,#2163,.F.);
#2973=ORIENTED_EDGE('',*,*,#2070,.F.);
#2974=ORIENTED_EDGE('',*,*,#2166,.T.);
#2975=ORIENTED_EDGE('',*,*,#2167,.F.);
#2976=ORIENTED_EDGE('',*,*,#2168,.F.);
#2977=ORIENTED_EDGE('',*,*,#2075,.F.);
#2978=ORIENTED_EDGE('',*,*,#2169,.T.);
#2979=ORIENTED_EDGE('',*,*,#2170,.F.);
#2980=ORIENTED_EDGE('',*,*,#2166,.F.);
#2981=ORIENTED_EDGE('',*,*,#2074,.F.);
#2982=ORIENTED_EDGE('',*,*,#2171,.T.);
#2983=ORIENTED_EDGE('',*,*,#2172,.F.);
#2984=ORIENTED_EDGE('',*,*,#2169,.F.);
#2985=ORIENTED_EDGE('',*,*,#2073,.F.);
#2986=ORIENTED_EDGE('',*,*,#2173,.T.);
#2987=ORIENTED_EDGE('',*,*,#2174,.F.);
#2988=ORIENTED_EDGE('',*,*,#2171,.F.);
#2989=ORIENTED_EDGE('',*,*,#2072,.F.);
#2990=ORIENTED_EDGE('',*,*,#2175,.T.);
#2991=ORIENTED_EDGE('',*,*,#2176,.F.);
#2992=ORIENTED_EDGE('',*,*,#2173,.F.);
#2993=ORIENTED_EDGE('',*,*,#2071,.F.);
#2994=ORIENTED_EDGE('',*,*,#2168,.T.);
#2995=ORIENTED_EDGE('',*,*,#2177,.F.);
#2996=ORIENTED_EDGE('',*,*,#2175,.F.);
#2997=ORIENTED_EDGE('',*,*,#2064,.F.);
#2998=ORIENTED_EDGE('',*,*,#2178,.T.);
#2999=ORIENTED_EDGE('',*,*,#2179,.F.);
#3000=ORIENTED_EDGE('',*,*,#2180,.F.);
#3001=ORIENTED_EDGE('',*,*,#2069,.F.);
#3002=ORIENTED_EDGE('',*,*,#2181,.T.);
#3003=ORIENTED_EDGE('',*,*,#2182,.F.);
#3004=ORIENTED_EDGE('',*,*,#2178,.F.);
#3005=ORIENTED_EDGE('',*,*,#2068,.F.);
#3006=ORIENTED_EDGE('',*,*,#2183,.T.);
#3007=ORIENTED_EDGE('',*,*,#2184,.F.);
#3008=ORIENTED_EDGE('',*,*,#2181,.F.);
#3009=ORIENTED_EDGE('',*,*,#2067,.F.);
#3010=ORIENTED_EDGE('',*,*,#2185,.T.);
#3011=ORIENTED_EDGE('',*,*,#2186,.F.);
#3012=ORIENTED_EDGE('',*,*,#2183,.F.);
#3013=ORIENTED_EDGE('',*,*,#2066,.F.);
#3014=ORIENTED_EDGE('',*,*,#2187,.T.);
#3015=ORIENTED_EDGE('',*,*,#2188,.F.);
#3016=ORIENTED_EDGE('',*,*,#2185,.F.);
#3017=ORIENTED_EDGE('',*,*,#2065,.F.);
#3018=ORIENTED_EDGE('',*,*,#2180,.T.);
#3019=ORIENTED_EDGE('',*,*,#2189,.F.);
#3020=ORIENTED_EDGE('',*,*,#2187,.F.);
#3021=ORIENTED_EDGE('',*,*,#2190,.F.);
#3022=ORIENTED_EDGE('',*,*,#2191,.F.);
#3023=ORIENTED_EDGE('',*,*,#2192,.F.);
#3024=ORIENTED_EDGE('',*,*,#2193,.F.);
#3025=ORIENTED_EDGE('',*,*,#2107,.T.);
#3026=ORIENTED_EDGE('',*,*,#2110,.T.);
#3027=ORIENTED_EDGE('',*,*,#2112,.T.);
#3028=ORIENTED_EDGE('',*,*,#2114,.T.);
#3029=ORIENTED_EDGE('',*,*,#2116,.T.);
#3030=ORIENTED_EDGE('',*,*,#2117,.T.);
#3031=ORIENTED_EDGE('',*,*,#2119,.T.);
#3032=ORIENTED_EDGE('',*,*,#2122,.T.);
#3033=ORIENTED_EDGE('',*,*,#2124,.T.);
#3034=ORIENTED_EDGE('',*,*,#2126,.T.);
#3035=ORIENTED_EDGE('',*,*,#2128,.T.);
#3036=ORIENTED_EDGE('',*,*,#2129,.T.);
#3037=ORIENTED_EDGE('',*,*,#2131,.T.);
#3038=ORIENTED_EDGE('',*,*,#2134,.T.);
#3039=ORIENTED_EDGE('',*,*,#2136,.T.);
#3040=ORIENTED_EDGE('',*,*,#2138,.T.);
#3041=ORIENTED_EDGE('',*,*,#2140,.T.);
#3042=ORIENTED_EDGE('',*,*,#2141,.T.);
#3043=ORIENTED_EDGE('',*,*,#2143,.T.);
#3044=ORIENTED_EDGE('',*,*,#2146,.T.);
#3045=ORIENTED_EDGE('',*,*,#2148,.T.);
#3046=ORIENTED_EDGE('',*,*,#2150,.T.);
#3047=ORIENTED_EDGE('',*,*,#2152,.T.);
#3048=ORIENTED_EDGE('',*,*,#2153,.T.);
#3049=ORIENTED_EDGE('',*,*,#2155,.T.);
#3050=ORIENTED_EDGE('',*,*,#2158,.T.);
#3051=ORIENTED_EDGE('',*,*,#2160,.T.);
#3052=ORIENTED_EDGE('',*,*,#2162,.T.);
#3053=ORIENTED_EDGE('',*,*,#2164,.T.);
#3054=ORIENTED_EDGE('',*,*,#2165,.T.);
#3055=ORIENTED_EDGE('',*,*,#2167,.T.);
#3056=ORIENTED_EDGE('',*,*,#2170,.T.);
#3057=ORIENTED_EDGE('',*,*,#2172,.T.);
#3058=ORIENTED_EDGE('',*,*,#2174,.T.);
#3059=ORIENTED_EDGE('',*,*,#2176,.T.);
#3060=ORIENTED_EDGE('',*,*,#2177,.T.);
#3061=ORIENTED_EDGE('',*,*,#2179,.T.);
#3062=ORIENTED_EDGE('',*,*,#2182,.T.);
#3063=ORIENTED_EDGE('',*,*,#2184,.T.);
#3064=ORIENTED_EDGE('',*,*,#2186,.T.);
#3065=ORIENTED_EDGE('',*,*,#2188,.T.);
#3066=ORIENTED_EDGE('',*,*,#2189,.T.);
#3067=ORIENTED_EDGE('',*,*,#2191,.T.);
#3068=ORIENTED_EDGE('',*,*,#2194,.F.);
#3069=ORIENTED_EDGE('',*,*,#2195,.F.);
#3070=ORIENTED_EDGE('',*,*,#2196,.F.);
#3071=ORIENTED_EDGE('',*,*,#2190,.T.);
#3072=ORIENTED_EDGE('',*,*,#2197,.T.);
#3073=ORIENTED_EDGE('',*,*,#2026,.T.);
#3074=ORIENTED_EDGE('',*,*,#2198,.T.);
#3075=ORIENTED_EDGE('',*,*,#2199,.F.);
#3076=ORIENTED_EDGE('',*,*,#2200,.F.);
#3077=ORIENTED_EDGE('',*,*,#2201,.T.);
#3078=ORIENTED_EDGE('',*,*,#2194,.T.);
#3079=ORIENTED_EDGE('',*,*,#1989,.F.);
#3080=ORIENTED_EDGE('',*,*,#2032,.T.);
#3081=ORIENTED_EDGE('',*,*,#1967,.F.);
#3082=ORIENTED_EDGE('',*,*,#1971,.F.);
#3083=ORIENTED_EDGE('',*,*,#2014,.F.);
#3084=ORIENTED_EDGE('',*,*,#2042,.T.);
#3085=ORIENTED_EDGE('',*,*,#2003,.F.);
#3086=ORIENTED_EDGE('',*,*,#2007,.F.);
#3087=ORIENTED_EDGE('',*,*,#2202,.F.);
#3088=ORIENTED_EDGE('',*,*,#2203,.F.);
#3089=ORIENTED_EDGE('',*,*,#1980,.F.);
#3090=ORIENTED_EDGE('',*,*,#2204,.T.);
#3091=ORIENTED_EDGE('',*,*,#2205,.F.);
#3092=ORIENTED_EDGE('',*,*,#2204,.F.);
#3093=ORIENTED_EDGE('',*,*,#1979,.F.);
#3094=ORIENTED_EDGE('',*,*,#2206,.F.);
#3095=ORIENTED_EDGE('',*,*,#2207,.F.);
#3096=ORIENTED_EDGE('',*,*,#2208,.F.);
#3097=ORIENTED_EDGE('',*,*,#1981,.F.);
#3098=ORIENTED_EDGE('',*,*,#2203,.T.);
#3099=ORIENTED_EDGE('',*,*,#2207,.T.);
#3100=ORIENTED_EDGE('',*,*,#2202,.T.);
#3101=ORIENTED_EDGE('',*,*,#2205,.T.);
#3102=ORIENTED_EDGE('',*,*,#2209,.F.);
#3103=ORIENTED_EDGE('',*,*,#2198,.F.);
#3104=ORIENTED_EDGE('',*,*,#2025,.F.);
#3105=ORIENTED_EDGE('',*,*,#2210,.T.);
#3106=ORIENTED_EDGE('',*,*,#2211,.F.);
#3107=ORIENTED_EDGE('',*,*,#1957,.F.);
#3108=ORIENTED_EDGE('',*,*,#1966,.T.);
#3109=ORIENTED_EDGE('',*,*,#2010,.F.);
#3110=ORIENTED_EDGE('',*,*,#2012,.T.);
#3111=ORIENTED_EDGE('',*,*,#1993,.F.);
#3112=ORIENTED_EDGE('',*,*,#2002,.T.);
#3113=ORIENTED_EDGE('',*,*,#2212,.T.);
#3114=ORIENTED_EDGE('',*,*,#2213,.T.);
#3115=ORIENTED_EDGE('',*,*,#2214,.T.);
#3116=ORIENTED_EDGE('',*,*,#2199,.T.);
#3117=ORIENTED_EDGE('',*,*,#2209,.T.);
#3118=ORIENTED_EDGE('',*,*,#2206,.T.);
#3119=ORIENTED_EDGE('',*,*,#1978,.T.);
#3120=ORIENTED_EDGE('',*,*,#2020,.F.);
#3121=ORIENTED_EDGE('',*,*,#2029,.T.);
#3122=ORIENTED_EDGE('',*,*,#2215,.F.);
#3123=ORIENTED_EDGE('',*,*,#2212,.F.);
#3124=ORIENTED_EDGE('',*,*,#2001,.F.);
#3125=ORIENTED_EDGE('',*,*,#2016,.F.);
#3126=ORIENTED_EDGE('',*,*,#2192,.T.);
#3127=ORIENTED_EDGE('',*,*,#2196,.T.);
#3128=ORIENTED_EDGE('',*,*,#2216,.T.);
#3129=ORIENTED_EDGE('',*,*,#2217,.T.);
#3130=ORIENTED_EDGE('',*,*,#2213,.F.);
#3131=ORIENTED_EDGE('',*,*,#2215,.T.);
#3132=ORIENTED_EDGE('',*,*,#2028,.T.);
#3133=ORIENTED_EDGE('',*,*,#2218,.T.);
#3134=ORIENTED_EDGE('',*,*,#2051,.T.);
#3135=ORIENTED_EDGE('',*,*,#2219,.F.);
#3136=ORIENTED_EDGE('',*,*,#2053,.T.);
#3137=ORIENTED_EDGE('',*,*,#2059,.T.);
#3138=ORIENTED_EDGE('',*,*,#2220,.T.);
#3139=ORIENTED_EDGE('',*,*,#2221,.F.);
#3140=ORIENTED_EDGE('',*,*,#2210,.F.);
#3141=ORIENTED_EDGE('',*,*,#2024,.T.);
#3142=ORIENTED_EDGE('',*,*,#1975,.F.);
#3143=ORIENTED_EDGE('',*,*,#1982,.T.);
#3144=ORIENTED_EDGE('',*,*,#2208,.T.);
#3145=ORIENTED_EDGE('',*,*,#2211,.T.);
#3146=ORIENTED_EDGE('',*,*,#2221,.T.);
#3147=ORIENTED_EDGE('',*,*,#2222,.T.);
#3148=ORIENTED_EDGE('',*,*,#2223,.T.);
#3149=ORIENTED_EDGE('',*,*,#2060,.T.);
#3150=ORIENTED_EDGE('',*,*,#2223,.F.);
#3151=ORIENTED_EDGE('',*,*,#2224,.T.);
#3152=ORIENTED_EDGE('',*,*,#2057,.T.);
#3153=ORIENTED_EDGE('',*,*,#2061,.F.);
#3154=ORIENTED_EDGE('',*,*,#2222,.F.);
#3155=ORIENTED_EDGE('',*,*,#2220,.F.);
#3156=ORIENTED_EDGE('',*,*,#2058,.T.);
#3157=ORIENTED_EDGE('',*,*,#2224,.F.);
#3158=ORIENTED_EDGE('',*,*,#2050,.T.);
#3159=ORIENTED_EDGE('',*,*,#2062,.T.);
#3160=ORIENTED_EDGE('',*,*,#2054,.T.);
#3161=ORIENTED_EDGE('',*,*,#2219,.T.);
#3162=ORIENTED_EDGE('',*,*,#2193,.T.);
#3163=ORIENTED_EDGE('',*,*,#2218,.F.);
#3164=ORIENTED_EDGE('',*,*,#2027,.F.);
#3165=ORIENTED_EDGE('',*,*,#2197,.F.);
#3166=ORIENTED_EDGE('',*,*,#2225,.F.);
#3167=ORIENTED_EDGE('',*,*,#2200,.T.);
#3168=ORIENTED_EDGE('',*,*,#2214,.F.);
#3169=ORIENTED_EDGE('',*,*,#2217,.F.);
#3170=ORIENTED_EDGE('',*,*,#2201,.F.);
#3171=ORIENTED_EDGE('',*,*,#2225,.T.);
#3172=ORIENTED_EDGE('',*,*,#2216,.F.);
#3173=ORIENTED_EDGE('',*,*,#2195,.T.);
#3174=ORIENTED_EDGE('',*,*,#2226,.T.);
#3175=ORIENTED_EDGE('',*,*,#2227,.T.);
#3176=ORIENTED_EDGE('',*,*,#2228,.T.);
#3177=ORIENTED_EDGE('',*,*,#2227,.F.);
#3178=ORIENTED_EDGE('',*,*,#2228,.F.);
#3179=ORIENTED_EDGE('',*,*,#2229,.T.);
#3180=ORIENTED_EDGE('',*,*,#2230,.T.);
#3181=ORIENTED_EDGE('',*,*,#2229,.F.);
#3182=ORIENTED_EDGE('',*,*,#2226,.F.);
#3183=ORIENTED_EDGE('',*,*,#2231,.F.);
#3184=ORIENTED_EDGE('',*,*,#2232,.T.);
#3185=ORIENTED_EDGE('',*,*,#2233,.T.);
#3186=ORIENTED_EDGE('',*,*,#2232,.F.);
#3187=ORIENTED_EDGE('',*,*,#2231,.T.);
#3188=ORIENTED_EDGE('',*,*,#2230,.F.);
#3189=ORIENTED_EDGE('',*,*,#2233,.F.);
#3190=PLANE('',#3552);
#3191=PLANE('',#3553);
#3192=PLANE('',#3554);
#3193=PLANE('',#3555);
#3194=PLANE('',#3556);
#3195=PLANE('',#3557);
#3196=PLANE('',#3558);
#3197=PLANE('',#3559);
#3198=PLANE('',#3560);
#3199=PLANE('',#3585);
#3200=PLANE('',#3586);
#3201=PLANE('',#3587);
#3202=PLANE('',#3588);
#3203=PLANE('',#3589);
#3204=PLANE('',#3590);
#3205=PLANE('',#3591);
#3206=PLANE('',#3592);
#3207=PLANE('',#3593);
#3208=PLANE('',#3594);
#3209=PLANE('',#3595);
#3210=PLANE('',#3602);
#3211=PLANE('',#3603);
#3212=PLANE('',#3613);
#3213=PLANE('',#3614);
#3214=PLANE('',#3625);
#3215=PLANE('',#3632);
#3216=PLANE('',#3639);
#3217=PLANE('',#3640);
#3218=PLANE('',#3651);
#3219=PLANE('',#3652);
#3220=PLANE('',#3663);
#3221=PLANE('',#3664);
#3222=PLANE('',#3665);
#3223=PLANE('',#3666);
#3224=PLANE('',#3667);
#3225=PLANE('',#3668);
#3226=PLANE('',#3669);
#3227=PLANE('',#3670);
#3228=PLANE('',#3671);
#3229=PLANE('',#3672);
#3230=PLANE('',#3673);
#3231=PLANE('',#3674);
#3232=PLANE('',#3685);
#3233=PLANE('',#3686);
#3234=PLANE('',#3687);
#3235=PLANE('',#3688);
#3236=PLANE('',#3696);
#3237=PLANE('',#3707);
#3238=PLANE('',#3718);
#3239=PLANE('',#3728);
#3240=PLANE('',#3740);
#3241=PLANE('',#3741);
#3242=PLANE('',#3754);
#3243=PLANE('',#3761);
#3244=PLANE('',#3762);
#3245=PLANE('',#3763);
#3246=PLANE('',#3764);
#3247=PLANE('',#3765);
#3248=PLANE('',#3767);
#3249=PLANE('',#3768);
#3250=PLANE('',#3769);
#3251=PLANE('',#3770);
#3252=PLANE('',#3771);
#3253=PLANE('',#3772);
#3254=PLANE('',#3773);
#3255=PLANE('',#3774);
#3256=PLANE('',#3775);
#3257=PLANE('',#3776);
#3258=PLANE('',#3777);
#3259=PLANE('',#3778);
#3260=PLANE('',#3779);
#3261=PLANE('',#3780);
#3262=PLANE('',#3781);
#3263=PLANE('',#3782);
#3264=PLANE('',#3783);
#3265=PLANE('',#3784);
#3266=PLANE('',#3785);
#3267=PLANE('',#3786);
#3268=PLANE('',#3787);
#3269=PLANE('',#3788);
#3270=PLANE('',#3789);
#3271=PLANE('',#3790);
#3272=PLANE('',#3791);
#3273=PLANE('',#3792);
#3274=PLANE('',#3793);
#3275=PLANE('',#3794);
#3276=PLANE('',#3795);
#3277=PLANE('',#3796);
#3278=PLANE('',#3797);
#3279=PLANE('',#3798);
#3280=PLANE('',#3799);
#3281=PLANE('',#3800);
#3282=PLANE('',#3801);
#3283=PLANE('',#3802);
#3284=PLANE('',#3803);
#3285=PLANE('',#3804);
#3286=PLANE('',#3805);
#3287=PLANE('',#3806);
#3288=PLANE('',#3807);
#3289=PLANE('',#3808);
#3290=PLANE('',#3809);
#3291=PLANE('',#3810);
#3292=PLANE('',#3811);
#3293=PLANE('',#3812);
#3294=PLANE('',#3813);
#3295=PLANE('',#3814);
#3296=PLANE('',#3815);
#3297=PLANE('',#3816);
#3298=PLANE('',#3817);
#3299=PLANE('',#3818);
#3300=PLANE('',#3819);
#3301=PLANE('',#3820);
#3302=PLANE('',#3821);
#3303=PLANE('',#3822);
#3304=PLANE('',#3823);
#3305=PLANE('',#3824);
#3306=PLANE('',#3825);
#3307=PLANE('',#3826);
#3308=PLANE('',#3827);
#3309=PLANE('',#3828);
#3310=PLANE('',#3829);
#3311=PLANE('',#3837);
#3312=PLANE('',#3841);
#3313=PLANE('',#3842);
#3314=ADVANCED_FACE('',(#268),#3190,.T.);
#3315=ADVANCED_FACE('',(#269),#3191,.T.);
#3316=ADVANCED_FACE('',(#270),#3192,.T.);
#3317=ADVANCED_FACE('',(#271),#3193,.T.);
#3318=ADVANCED_FACE('',(#272),#3194,.T.);
#3319=ADVANCED_FACE('',(#273),#3195,.T.);
#3320=ADVANCED_FACE('',(#274),#3196,.T.);
#3321=ADVANCED_FACE('',(#275),#3197,.T.);
#3322=ADVANCED_FACE('',(#276,#209),#3198,.T.);
#3323=ADVANCED_FACE('',(#277),#160,.F.);
#3324=ADVANCED_FACE('',(#278),#161,.F.);
#3325=ADVANCED_FACE('',(#279),#162,.F.);
#3326=ADVANCED_FACE('',(#280),#163,.F.);
#3327=ADVANCED_FACE('',(#281),#164,.F.);
#3328=ADVANCED_FACE('',(#282),#165,.F.);
#3329=ADVANCED_FACE('',(#283),#166,.F.);
#3330=ADVANCED_FACE('',(#284),#167,.F.);
#3331=ADVANCED_FACE('',(#285,#210,#211,#212,#213,#214,#215,#216,#217),#3199,
 .T.);
#3332=ADVANCED_FACE('',(#286,#218,#219,#220,#221,#222,#223,#224,#225),#3200,
 .F.);
#3333=ADVANCED_FACE('',(#287),#3201,.T.);
#3334=ADVANCED_FACE('',(#288),#3202,.T.);
#3335=ADVANCED_FACE('',(#289),#3203,.T.);
#3336=ADVANCED_FACE('',(#290),#3204,.T.);
#3337=ADVANCED_FACE('',(#291),#3205,.T.);
#3338=ADVANCED_FACE('',(#292),#3206,.T.);
#3339=ADVANCED_FACE('',(#293),#3207,.T.);
#3340=ADVANCED_FACE('',(#294),#3208,.T.);
#3341=ADVANCED_FACE('',(#295,#226),#3209,.T.);
#3342=ADVANCED_FACE('',(#296),#168,.F.);
#3343=ADVANCED_FACE('',(#297),#169,.F.);
#3344=ADVANCED_FACE('',(#298,#227,#228),#3210,.T.);
#3345=ADVANCED_FACE('',(#299,#229,#230),#3211,.F.);
#3346=ADVANCED_FACE('',(#300),#33,.T.);
#3347=ADVANCED_FACE('',(#301),#170,.T.);
#3348=ADVANCED_FACE('',(#302),#171,.T.);
#3349=ADVANCED_FACE('',(#303),#3212,.T.);
#3350=ADVANCED_FACE('',(#304),#3213,.T.);
#3351=ADVANCED_FACE('',(#305),#34,.T.);
#3352=ADVANCED_FACE('',(#306),#172,.T.);
#3353=ADVANCED_FACE('',(#307),#173,.T.);
#3354=ADVANCED_FACE('',(#308),#3214,.T.);
#3355=ADVANCED_FACE('',(#309),#35,.T.);
#3356=ADVANCED_FACE('',(#310),#174,.T.);
#3357=ADVANCED_FACE('',(#311),#175,.T.);
#3358=ADVANCED_FACE('',(#312),#3215,.T.);
#3359=ADVANCED_FACE('',(#313),#36,.T.);
#3360=ADVANCED_FACE('',(#314),#176,.T.);
#3361=ADVANCED_FACE('',(#315),#177,.T.);
#3362=ADVANCED_FACE('',(#316),#3216,.F.);
#3363=ADVANCED_FACE('',(#317,#231,#232,#233,#234,#235,#236,#237,#238,#239,
#240,#241),#3217,.F.);
#3364=ADVANCED_FACE('',(#318),#3218,.F.);
#3365=ADVANCED_FACE('',(#319,#242,#243,#244,#245,#246,#247,#248,#249,#250,
#251,#252),#3219,.T.);
#3366=ADVANCED_FACE('',(#320),#3220,.F.);
#3367=ADVANCED_FACE('',(#321),#3221,.F.);
#3368=ADVANCED_FACE('',(#322),#3222,.F.);
#3369=ADVANCED_FACE('',(#323),#3223,.T.);
#3370=ADVANCED_FACE('',(#324),#3224,.F.);
#3371=ADVANCED_FACE('',(#325),#3225,.F.);
#3372=ADVANCED_FACE('',(#326),#3226,.T.);
#3373=ADVANCED_FACE('',(#327),#3227,.T.);
#3374=ADVANCED_FACE('',(#328),#3228,.T.);
#3375=ADVANCED_FACE('',(#329),#3229,.T.);
#3376=ADVANCED_FACE('',(#330),#3230,.T.);
#3377=ADVANCED_FACE('',(#331),#3231,.T.);
#3378=ADVANCED_FACE('',(#332),#178,.F.);
#3379=ADVANCED_FACE('',(#333),#179,.F.);
#3380=ADVANCED_FACE('',(#334),#180,.F.);
#3381=ADVANCED_FACE('',(#335),#181,.F.);
#3382=ADVANCED_FACE('',(#336),#182,.F.);
#3383=ADVANCED_FACE('',(#337),#183,.F.);
#3384=ADVANCED_FACE('',(#338),#184,.F.);
#3385=ADVANCED_FACE('',(#339),#185,.F.);
#3386=ADVANCED_FACE('',(#340),#186,.F.);
#3387=ADVANCED_FACE('',(#341),#187,.F.);
#3388=ADVANCED_FACE('',(#342),#3232,.T.);
#3389=ADVANCED_FACE('',(#343),#3233,.T.);
#3390=ADVANCED_FACE('',(#344),#3234,.T.);
#3391=ADVANCED_FACE('',(#345),#3235,.T.);
#3392=ADVANCED_FACE('',(#346),#37,.T.);
#3393=ADVANCED_FACE('',(#347),#188,.T.);
#3394=ADVANCED_FACE('',(#348),#3236,.T.);
#3395=ADVANCED_FACE('',(#349),#189,.T.);
#3396=ADVANCED_FACE('',(#350),#190,.T.);
#3397=ADVANCED_FACE('',(#351),#38,.T.);
#3398=ADVANCED_FACE('',(#352),#191,.T.);
#3399=ADVANCED_FACE('',(#353),#3237,.T.);
#3400=ADVANCED_FACE('',(#354),#192,.T.);
#3401=ADVANCED_FACE('',(#355),#39,.T.);
#3402=ADVANCED_FACE('',(#356),#193,.T.);
#3403=ADVANCED_FACE('',(#357),#3238,.T.);
#3404=ADVANCED_FACE('',(#358),#194,.T.);
#3405=ADVANCED_FACE('',(#359),#195,.T.);
#3406=ADVANCED_FACE('',(#360),#40,.T.);
#3407=ADVANCED_FACE('',(#361),#196,.T.);
#3408=ADVANCED_FACE('',(#362),#3239,.T.);
#3409=ADVANCED_FACE('',(#363),#197,.T.);
#3410=ADVANCED_FACE('',(#364),#198,.T.);
#3411=ADVANCED_FACE('',(#365),#41,.T.);
#3412=ADVANCED_FACE('',(#366),#199,.T.);
#3413=ADVANCED_FACE('',(#367),#3240,.T.);
#3414=ADVANCED_FACE('',(#368),#3241,.T.);
#3415=ADVANCED_FACE('',(#369),#200,.T.);
#3416=ADVANCED_FACE('',(#370),#201,.T.);
#3417=ADVANCED_FACE('',(#371),#202,.T.);
#3418=ADVANCED_FACE('',(#372),#42,.T.);
#3419=ADVANCED_FACE('',(#373),#203,.T.);
#3420=ADVANCED_FACE('',(#374),#43,.T.);
#3421=ADVANCED_FACE('',(#375),#3242,.T.);
#3422=ADVANCED_FACE('',(#376),#204,.T.);
#3423=ADVANCED_FACE('',(#377),#44,.T.);
#3424=ADVANCED_FACE('',(#378),#205,.T.);
#3425=ADVANCED_FACE('',(#379),#3243,.F.);
#3426=ADVANCED_FACE('',(#380),#3244,.F.);
#3427=ADVANCED_FACE('',(#381),#3245,.F.);
#3428=ADVANCED_FACE('',(#382),#3246,.F.);
#3429=ADVANCED_FACE('',(#383),#3247,.T.);
#3430=ADVANCED_FACE('',(#384),#206,.T.);
#3431=ADVANCED_FACE('',(#385,#253,#254,#255,#256,#257,#258,#259),#3248,
 .T.);
#3432=ADVANCED_FACE('',(#386),#3249,.F.);
#3433=ADVANCED_FACE('',(#387),#3250,.F.);
#3434=ADVANCED_FACE('',(#388),#3251,.F.);
#3435=ADVANCED_FACE('',(#389),#3252,.F.);
#3436=ADVANCED_FACE('',(#390),#3253,.F.);
#3437=ADVANCED_FACE('',(#391),#3254,.F.);
#3438=ADVANCED_FACE('',(#392),#3255,.F.);
#3439=ADVANCED_FACE('',(#393),#3256,.F.);
#3440=ADVANCED_FACE('',(#394),#3257,.F.);
#3441=ADVANCED_FACE('',(#395),#3258,.F.);
#3442=ADVANCED_FACE('',(#396),#3259,.F.);
#3443=ADVANCED_FACE('',(#397),#3260,.F.);
#3444=ADVANCED_FACE('',(#398),#3261,.F.);
#3445=ADVANCED_FACE('',(#399),#3262,.F.);
#3446=ADVANCED_FACE('',(#400),#3263,.F.);
#3447=ADVANCED_FACE('',(#401),#3264,.F.);
#3448=ADVANCED_FACE('',(#402),#3265,.F.);
#3449=ADVANCED_FACE('',(#403),#3266,.F.);
#3450=ADVANCED_FACE('',(#404),#3267,.F.);
#3451=ADVANCED_FACE('',(#405),#3268,.F.);
#3452=ADVANCED_FACE('',(#406),#3269,.F.);
#3453=ADVANCED_FACE('',(#407),#3270,.F.);
#3454=ADVANCED_FACE('',(#408),#3271,.F.);
#3455=ADVANCED_FACE('',(#409),#3272,.F.);
#3456=ADVANCED_FACE('',(#410),#3273,.F.);
#3457=ADVANCED_FACE('',(#411),#3274,.F.);
#3458=ADVANCED_FACE('',(#412),#3275,.F.);
#3459=ADVANCED_FACE('',(#413),#3276,.F.);
#3460=ADVANCED_FACE('',(#414),#3277,.F.);
#3461=ADVANCED_FACE('',(#415),#3278,.F.);
#3462=ADVANCED_FACE('',(#416),#3279,.F.);
#3463=ADVANCED_FACE('',(#417),#3280,.F.);
#3464=ADVANCED_FACE('',(#418),#3281,.F.);
#3465=ADVANCED_FACE('',(#419),#3282,.F.);
#3466=ADVANCED_FACE('',(#420),#3283,.F.);
#3467=ADVANCED_FACE('',(#421),#3284,.F.);
#3468=ADVANCED_FACE('',(#422),#3285,.F.);
#3469=ADVANCED_FACE('',(#423),#3286,.F.);
#3470=ADVANCED_FACE('',(#424),#3287,.F.);
#3471=ADVANCED_FACE('',(#425),#3288,.F.);
#3472=ADVANCED_FACE('',(#426),#3289,.F.);
#3473=ADVANCED_FACE('',(#427),#3290,.F.);
#3474=ADVANCED_FACE('',(#428,#260,#261,#262,#263,#264,#265,#266),#3291,
 .T.);
#3475=ADVANCED_FACE('',(#429),#3292,.T.);
#3476=ADVANCED_FACE('',(#430),#3293,.T.);
#3477=ADVANCED_FACE('',(#431),#3294,.F.);
#3478=ADVANCED_FACE('',(#432),#3295,.F.);
#3479=ADVANCED_FACE('',(#433),#3296,.F.);
#3480=ADVANCED_FACE('',(#434),#3297,.F.);
#3481=ADVANCED_FACE('',(#435),#3298,.F.);
#3482=ADVANCED_FACE('',(#436),#3299,.T.);
#3483=ADVANCED_FACE('',(#437),#3300,.T.);
#3484=ADVANCED_FACE('',(#438),#3301,.F.);
#3485=ADVANCED_FACE('',(#439),#3302,.T.);
#3486=ADVANCED_FACE('',(#440),#3303,.T.);
#3487=ADVANCED_FACE('',(#441),#3304,.T.);
#3488=ADVANCED_FACE('',(#442),#3305,.F.);
#3489=ADVANCED_FACE('',(#443),#3306,.F.);
#3490=ADVANCED_FACE('',(#444),#3307,.T.);
#3491=ADVANCED_FACE('',(#445),#3308,.T.);
#3492=ADVANCED_FACE('',(#446),#3309,.T.);
#3493=ADVANCED_FACE('',(#447),#3310,.T.);
#3494=ADVANCED_FACE('',(#448),#27,.T.);
#3495=ADVANCED_FACE('',(#449),#207,.T.);
#3496=ADVANCED_FACE('',(#450),#3311,.T.);
#3497=ADVANCED_FACE('',(#451),#208,.T.);
#3498=ADVANCED_FACE('',(#452,#267),#3312,.T.);
#3499=ADVANCED_FACE('',(#453),#3313,.F.);
#3500=CLOSED_SHELL('',(#3314,#3315,#3316,#3317,#3318,#3319,#3320,#3321,
#3322,#3323,#3324,#3325,#3326,#3327,#3328,#3329,#3330,#3331,#3332));
#3501=CLOSED_SHELL('',(#3333,#3334,#3335,#3336,#3337,#3338,#3339,#3340,
#3341,#3342,#3343,#3344,#3345));
#3502=CLOSED_SHELL('',(#3346,#3347,#3348,#3349,#3350,#3351,#3352,#3353,
#3354,#3355,#3356,#3357,#3358,#3359,#3360,#3361,#3362,#3363,#3364,#3365,
#3366,#3367,#3368,#3369,#3370,#3371,#3372,#3373,#3374,#3375,#3376,#3377,
#3378,#3379,#3380,#3381,#3382,#3383,#3384,#3385,#3386,#3387,#3388,#3389,
#3390,#3391));
#3503=CLOSED_SHELL('',(#3392,#3393,#3394,#3395,#3396,#3397,#3398,#3399,
#3400,#3401,#3402,#3403,#3404,#3405,#3406,#3407,#3408,#3409,#3410,#3411,
#3412,#3413,#3414,#3415,#3416,#3417,#3418,#3419,#3420,#3421,#3422,#3423,
#3424,#3425,#3426,#3427,#3428,#3429,#3430,#3431,#3432,#3433,#3434,#3435,
#3436,#3437,#3438,#3439,#3440,#3441,#3442,#3443,#3444,#3445,#3446,#3447,
#3448,#3449,#3450,#3451,#3452,#3453,#3454,#3455,#3456,#3457,#3458,#3459,
#3460,#3461,#3462,#3463,#3464,#3465,#3466,#3467,#3468,#3469,#3470,#3471,
#3472,#3473,#3474,#3475,#3476,#3477,#3478,#3479,#3480,#3481,#3482,#3483,
#3484,#3485,#3486,#3487,#3488,#3489,#3490,#3491,#3492,#3493));
#3504=CLOSED_SHELL('',(#3494,#3495,#3496,#3497,#3498,#3499));
#3505=DERIVED_UNIT_ELEMENT(#3513,1.);
#3506=DERIVED_UNIT_ELEMENT(#5808,-3.);
#3507=DERIVED_UNIT_ELEMENT(#3513,1.);
#3508=DERIVED_UNIT_ELEMENT(#5808,-3.);
#3509=DERIVED_UNIT_ELEMENT(#3513,1.);
#3510=DERIVED_UNIT_ELEMENT(#5808,-3.);
#3511=DERIVED_UNIT_ELEMENT(#3513,1.);
#3512=DERIVED_UNIT_ELEMENT(#5808,-3.);
#3513=(
MASS_UNIT()
NAMED_UNIT(*)
SI_UNIT(.KILO.,.GRAM.)
);
#3514=DERIVED_UNIT((#3505,#3506));
#3515=DERIVED_UNIT((#3507,#3508));
#3516=DERIVED_UNIT((#3509,#3510));
#3517=DERIVED_UNIT((#3511,#3512));
#3518=MEASURE_REPRESENTATION_ITEM('density measure',
POSITIVE_RATIO_MEASURE(7850.),#3514);
#3519=MEASURE_REPRESENTATION_ITEM('density measure',
POSITIVE_RATIO_MEASURE(7850.),#3515);
#3520=MEASURE_REPRESENTATION_ITEM('density measure',
POSITIVE_RATIO_MEASURE(7850.),#3516);
#3521=MEASURE_REPRESENTATION_ITEM('density measure',
POSITIVE_RATIO_MEASURE(7850.),#3517);
#3522=PROPERTY_DEFINITION_REPRESENTATION(#3542,#3530);
#3523=PROPERTY_DEFINITION_REPRESENTATION(#3543,#3531);
#3524=PROPERTY_DEFINITION_REPRESENTATION(#3544,#3532);
#3525=PROPERTY_DEFINITION_REPRESENTATION(#3545,#3533);
#3526=PROPERTY_DEFINITION_REPRESENTATION(#3546,#3534);
#3527=PROPERTY_DEFINITION_REPRESENTATION(#3547,#3535);
#3528=PROPERTY_DEFINITION_REPRESENTATION(#3548,#3536);
#3529=PROPERTY_DEFINITION_REPRESENTATION(#3549,#3537);
#3530=REPRESENTATION('material name',(#3538),#5802);
#3531=REPRESENTATION('density',(#3518),#5802);
#3532=REPRESENTATION('material name',(#3539),#5803);
#3533=REPRESENTATION('density',(#3519),#5803);
#3534=REPRESENTATION('material name',(#3540),#5804);
#3535=REPRESENTATION('density',(#3520),#5804);
#3536=REPRESENTATION('material name',(#3541),#5805);
#3537=REPRESENTATION('density',(#3521),#5805);
#3538=DESCRIPTIVE_REPRESENTATION_ITEM('Steel','Steel');
#3539=DESCRIPTIVE_REPRESENTATION_ITEM('Steel','Steel');
#3540=DESCRIPTIVE_REPRESENTATION_ITEM('Steel','Steel');
#3541=DESCRIPTIVE_REPRESENTATION_ITEM('Steel','Steel');
#3542=PROPERTY_DEFINITION('material property','material name',#5832);
#3543=PROPERTY_DEFINITION('material property','density of part',#5832);
#3544=PROPERTY_DEFINITION('material property','material name',#5833);
#3545=PROPERTY_DEFINITION('material property','density of part',#5833);
#3546=PROPERTY_DEFINITION('material property','material name',#5834);
#3547=PROPERTY_DEFINITION('material property','density of part',#5834);
#3548=PROPERTY_DEFINITION('material property','material name',#5835);
#3549=PROPERTY_DEFINITION('material property','density of part',#5835);
#3550=AXIS2_PLACEMENT_3D('',#4817,#3847,#3848);
#3551=AXIS2_PLACEMENT_3D('',#4818,#3849,#3850);
#3552=AXIS2_PLACEMENT_3D('',#4819,#3851,#3852);
#3553=AXIS2_PLACEMENT_3D('',#4828,#3857,#3858);
#3554=AXIS2_PLACEMENT_3D('',#4834,#3862,#3863);
#3555=AXIS2_PLACEMENT_3D('',#4840,#3867,#3868);
#3556=AXIS2_PLACEMENT_3D('',#4843,#3871,#3872);
#3557=AXIS2_PLACEMENT_3D('',#4852,#3877,#3878);
#3558=AXIS2_PLACEMENT_3D('',#4858,#3882,#3883);
#3559=AXIS2_PLACEMENT_3D('',#4864,#3887,#3888);
#3560=AXIS2_PLACEMENT_3D('',#4867,#3891,#3892);
#3561=AXIS2_PLACEMENT_3D('',#4868,#3893,#3894);
#3562=AXIS2_PLACEMENT_3D('',#4870,#3895,#3896);
#3563=AXIS2_PLACEMENT_3D('',#4873,#3898,#3899);
#3564=AXIS2_PLACEMENT_3D('',#4874,#3900,#3901);
#3565=AXIS2_PLACEMENT_3D('',#4876,#3902,#3903);
#3566=AXIS2_PLACEMENT_3D('',#4879,#3905,#3906);
#3567=AXIS2_PLACEMENT_3D('',#4880,#3907,#3908);
#3568=AXIS2_PLACEMENT_3D('',#4882,#3909,#3910);
#3569=AXIS2_PLACEMENT_3D('',#4885,#3912,#3913);
#3570=AXIS2_PLACEMENT_3D('',#4886,#3914,#3915);
#3571=AXIS2_PLACEMENT_3D('',#4888,#3916,#3917);
#3572=AXIS2_PLACEMENT_3D('',#4891,#3919,#3920);
#3573=AXIS2_PLACEMENT_3D('',#4892,#3921,#3922);
#3574=AXIS2_PLACEMENT_3D('',#4894,#3923,#3924);
#3575=AXIS2_PLACEMENT_3D('',#4897,#3926,#3927);
#3576=AXIS2_PLACEMENT_3D('',#4898,#3928,#3929);
#3577=AXIS2_PLACEMENT_3D('',#4900,#3930,#3931);
#3578=AXIS2_PLACEMENT_3D('',#4903,#3933,#3934);
#3579=AXIS2_PLACEMENT_3D('',#4904,#3935,#3936);
#3580=AXIS2_PLACEMENT_3D('',#4906,#3937,#3938);
#3581=AXIS2_PLACEMENT_3D('',#4909,#3940,#3941);
#3582=AXIS2_PLACEMENT_3D('',#4910,#3942,#3943);
#3583=AXIS2_PLACEMENT_3D('',#4912,#3944,#3945);
#3584=AXIS2_PLACEMENT_3D('',#4915,#3947,#3948);
#3585=AXIS2_PLACEMENT_3D('',#4916,#3949,#3950);
#3586=AXIS2_PLACEMENT_3D('',#4917,#3951,#3952);
#3587=AXIS2_PLACEMENT_3D('',#4918,#3953,#3954);
#3588=AXIS2_PLACEMENT_3D('',#4927,#3959,#3960);
#3589=AXIS2_PLACEMENT_3D('',#4933,#3964,#3965);
#3590=AXIS2_PLACEMENT_3D('',#4939,#3969,#3970);
#3591=AXIS2_PLACEMENT_3D('',#4942,#3973,#3974);
#3592=AXIS2_PLACEMENT_3D('',#4951,#3979,#3980);
#3593=AXIS2_PLACEMENT_3D('',#4957,#3984,#3985);
#3594=AXIS2_PLACEMENT_3D('',#4963,#3989,#3990);
#3595=AXIS2_PLACEMENT_3D('',#4966,#3993,#3994);
#3596=AXIS2_PLACEMENT_3D('',#4967,#3995,#3996);
#3597=AXIS2_PLACEMENT_3D('',#4969,#3997,#3998);
#3598=AXIS2_PLACEMENT_3D('',#4972,#4000,#4001);
#3599=AXIS2_PLACEMENT_3D('',#4973,#4002,#4003);
#3600=AXIS2_PLACEMENT_3D('',#4975,#4004,#4005);
#3601=AXIS2_PLACEMENT_3D('',#4978,#4007,#4008);
#3602=AXIS2_PLACEMENT_3D('',#4979,#4009,#4010);
#3603=AXIS2_PLACEMENT_3D('',#4980,#4011,#4012);
#3604=AXIS2_PLACEMENT_3D('',#4981,#4013,#4014);
#3605=AXIS2_PLACEMENT_3D('',#4982,#4015,#4016);
#3606=AXIS2_PLACEMENT_3D('',#4985,#4017,#4018);
#3607=AXIS2_PLACEMENT_3D('',#4987,#4019,#4020);
#3608=AXIS2_PLACEMENT_3D('',#4988,#4021,#4022);
#3609=AXIS2_PLACEMENT_3D('',#4989,#4023,#4024);
#3610=AXIS2_PLACEMENT_3D('',#4992,#4025,#4026);
#3611=AXIS2_PLACEMENT_3D('',#4995,#4029,#4030);
#3612=AXIS2_PLACEMENT_3D('',#4999,#4032,#4033);
#3613=AXIS2_PLACEMENT_3D('',#5001,#4035,#4036);
#3614=AXIS2_PLACEMENT_3D('',#5005,#4039,#4040);
#3615=AXIS2_PLACEMENT_3D('',#5009,#4042,#4043);
#3616=AXIS2_PLACEMENT_3D('',#5013,#4045,#4046);
#3617=AXIS2_PLACEMENT_3D('',#5034,#4057,#4058);
#3618=AXIS2_PLACEMENT_3D('',#5035,#4059,#4060);
#3619=AXIS2_PLACEMENT_3D('',#5037,#4061,#4062);
#3620=AXIS2_PLACEMENT_3D('',#5038,#4063,#4064);
#3621=AXIS2_PLACEMENT_3D('',#5039,#4065,#4066);
#3622=AXIS2_PLACEMENT_3D('',#5041,#4068,#4069);
#3623=AXIS2_PLACEMENT_3D('',#5045,#4071,#4072);
#3624=AXIS2_PLACEMENT_3D('',#5049,#4074,#4075);
#3625=AXIS2_PLACEMENT_3D('',#5051,#4077,#4078);
#3626=AXIS2_PLACEMENT_3D('',#5061,#4084,#4085);
#3627=AXIS2_PLACEMENT_3D('',#5064,#4086,#4087);
#3628=AXIS2_PLACEMENT_3D('',#5066,#4088,#4089);
#3629=AXIS2_PLACEMENT_3D('',#5067,#4090,#4091);
#3630=AXIS2_PLACEMENT_3D('',#5068,#4092,#4093);
#3631=AXIS2_PLACEMENT_3D('',#5071,#4096,#4097);
#3632=AXIS2_PLACEMENT_3D('',#5074,#4100,#4101);
#3633=AXIS2_PLACEMENT_3D('',#5075,#4102,#4103);
#3634=AXIS2_PLACEMENT_3D('',#5078,#4104,#4105);
#3635=AXIS2_PLACEMENT_3D('',#5079,#4106,#4107);
#3636=AXIS2_PLACEMENT_3D('',#5080,#4108,#4109);
#3637=AXIS2_PLACEMENT_3D('',#5081,#4110,#4111);
#3638=AXIS2_PLACEMENT_3D('',#5084,#4114,#4115);
#3639=AXIS2_PLACEMENT_3D('',#5087,#4118,#4119);
#3640=AXIS2_PLACEMENT_3D('',#5091,#4122,#4123);
#3641=AXIS2_PLACEMENT_3D('',#5116,#4136,#4137);
#3642=AXIS2_PLACEMENT_3D('',#5118,#4138,#4139);
#3643=AXIS2_PLACEMENT_3D('',#5120,#4140,#4141);
#3644=AXIS2_PLACEMENT_3D('',#5122,#4142,#4143);
#3645=AXIS2_PLACEMENT_3D('',#5124,#4144,#4145);
#3646=AXIS2_PLACEMENT_3D('',#5126,#4146,#4147);
#3647=AXIS2_PLACEMENT_3D('',#5128,#4148,#4149);
#3648=AXIS2_PLACEMENT_3D('',#5130,#4150,#4151);
#3649=AXIS2_PLACEMENT_3D('',#5132,#4152,#4153);
#3650=AXIS2_PLACEMENT_3D('',#5134,#4154,#4155);
#3651=AXIS2_PLACEMENT_3D('',#5135,#4156,#4157);
#3652=AXIS2_PLACEMENT_3D('',#5139,#4160,#4161);
#3653=AXIS2_PLACEMENT_3D('',#5141,#4162,#4163);
#3654=AXIS2_PLACEMENT_3D('',#5143,#4164,#4165);
#3655=AXIS2_PLACEMENT_3D('',#5145,#4166,#4167);
#3656=AXIS2_PLACEMENT_3D('',#5147,#4168,#4169);
#3657=AXIS2_PLACEMENT_3D('',#5149,#4170,#4171);
#3658=AXIS2_PLACEMENT_3D('',#5151,#4172,#4173);
#3659=AXIS2_PLACEMENT_3D('',#5153,#4174,#4175);
#3660=AXIS2_PLACEMENT_3D('',#5155,#4176,#4177);
#3661=AXIS2_PLACEMENT_3D('',#5157,#4178,#4179);
#3662=AXIS2_PLACEMENT_3D('',#5159,#4180,#4181);
#3663=AXIS2_PLACEMENT_3D('',#5168,#4186,#4187);
#3664=AXIS2_PLACEMENT_3D('',#5172,#4190,#4191);
#3665=AXIS2_PLACEMENT_3D('',#5178,#4195,#4196);
#3666=AXIS2_PLACEMENT_3D('',#5180,#4198,#4199);
#3667=AXIS2_PLACEMENT_3D('',#5183,#4202,#4203);
#3668=AXIS2_PLACEMENT_3D('',#5185,#4205,#4206);
#3669=AXIS2_PLACEMENT_3D('',#5187,#4208,#4209);
#3670=AXIS2_PLACEMENT_3D('',#5188,#4210,#4211);
#3671=AXIS2_PLACEMENT_3D('',#5190,#4213,#4214);
#3672=AXIS2_PLACEMENT_3D('',#5193,#4217,#4218);
#3673=AXIS2_PLACEMENT_3D('',#5195,#4220,#4221);
#3674=AXIS2_PLACEMENT_3D('',#5197,#4223,#4224);
#3675=AXIS2_PLACEMENT_3D('',#5198,#4225,#4226);
#3676=AXIS2_PLACEMENT_3D('',#5200,#4228,#4229);
#3677=AXIS2_PLACEMENT_3D('',#5202,#4231,#4232);
#3678=AXIS2_PLACEMENT_3D('',#5204,#4234,#4235);
#3679=AXIS2_PLACEMENT_3D('',#5206,#4237,#4238);
#3680=AXIS2_PLACEMENT_3D('',#5208,#4240,#4241);
#3681=AXIS2_PLACEMENT_3D('',#5210,#4243,#4244);
#3682=AXIS2_PLACEMENT_3D('',#5212,#4246,#4247);
#3683=AXIS2_PLACEMENT_3D('',#5214,#4249,#4250);
#3684=AXIS2_PLACEMENT_3D('',#5216,#4252,#4253);
#3685=AXIS2_PLACEMENT_3D('',#5218,#4255,#4256);
#3686=AXIS2_PLACEMENT_3D('',#5220,#4258,#4259);
#3687=AXIS2_PLACEMENT_3D('',#5222,#4261,#4262);
#3688=AXIS2_PLACEMENT_3D('',#5223,#4263,#4264);
#3689=AXIS2_PLACEMENT_3D('',#5224,#4265,#4266);
#3690=AXIS2_PLACEMENT_3D('',#5225,#4267,#4268);
#3691=AXIS2_PLACEMENT_3D('',#5228,#4269,#4270);
#3692=AXIS2_PLACEMENT_3D('',#5230,#4271,#4272);
#3693=AXIS2_PLACEMENT_3D('',#5231,#4273,#4274);
#3694=AXIS2_PLACEMENT_3D('',#5232,#4275,#4276);
#3695=AXIS2_PLACEMENT_3D('',#5235,#4277,#4278);
#3696=AXIS2_PLACEMENT_3D('',#5238,#4281,#4282);
#3697=AXIS2_PLACEMENT_3D('',#5252,#4290,#4291);
#3698=AXIS2_PLACEMENT_3D('',#5255,#4293,#4294);
#3699=AXIS2_PLACEMENT_3D('',#5256,#4295,#4296);
#3700=AXIS2_PLACEMENT_3D('',#5260,#4298,#4299);
#3701=AXIS2_PLACEMENT_3D('',#5262,#4301,#4302);
#3702=AXIS2_PLACEMENT_3D('',#5264,#4303,#4304);
#3703=AXIS2_PLACEMENT_3D('',#5266,#4305,#4306);
#3704=AXIS2_PLACEMENT_3D('',#5267,#4307,#4308);
#3705=AXIS2_PLACEMENT_3D('',#5268,#4309,#4310);
#3706=AXIS2_PLACEMENT_3D('',#5271,#4311,#4312);
#3707=AXIS2_PLACEMENT_3D('',#5274,#4315,#4316);
#3708=AXIS2_PLACEMENT_3D('',#5284,#4322,#4323);
#3709=AXIS2_PLACEMENT_3D('',#5288,#4325,#4326);
#3710=AXIS2_PLACEMENT_3D('',#5292,#4328,#4329);
#3711=AXIS2_PLACEMENT_3D('',#5296,#4331,#4332);
#3712=AXIS2_PLACEMENT_3D('',#5298,#4334,#4335);
#3713=AXIS2_PLACEMENT_3D('',#5301,#4336,#4337);
#3714=AXIS2_PLACEMENT_3D('',#5303,#4338,#4339);
#3715=AXIS2_PLACEMENT_3D('',#5304,#4340,#4341);
#3716=AXIS2_PLACEMENT_3D('',#5305,#4342,#4343);
#3717=AXIS2_PLACEMENT_3D('',#5308,#4344,#4345);
#3718=AXIS2_PLACEMENT_3D('',#5311,#4348,#4349);
#3719=AXIS2_PLACEMENT_3D('',#5325,#4357,#4358);
#3720=AXIS2_PLACEMENT_3D('',#5328,#4360,#4361);
#3721=AXIS2_PLACEMENT_3D('',#5329,#4362,#4363);
#3722=AXIS2_PLACEMENT_3D('',#5333,#4365,#4366);
#3723=AXIS2_PLACEMENT_3D('',#5335,#4368,#4369);
#3724=AXIS2_PLACEMENT_3D('',#5336,#4370,#4371);
#3725=AXIS2_PLACEMENT_3D('',#5337,#4372,#4373);
#3726=AXIS2_PLACEMENT_3D('',#5338,#4374,#4375);
#3727=AXIS2_PLACEMENT_3D('',#5340,#4376,#4377);
#3728=AXIS2_PLACEMENT_3D('',#5342,#4379,#4380);
#3729=AXIS2_PLACEMENT_3D('',#5344,#4382,#4383);
#3730=AXIS2_PLACEMENT_3D('',#5346,#4384,#4385);
#3731=AXIS2_PLACEMENT_3D('',#5348,#4387,#4388);
#3732=AXIS2_PLACEMENT_3D('',#5350,#4389,#4390);
#3733=AXIS2_PLACEMENT_3D('',#5351,#4391,#4392);
#3734=AXIS2_PLACEMENT_3D('',#5352,#4393,#4394);
#3735=AXIS2_PLACEMENT_3D('',#5354,#4395,#4396);
#3736=AXIS2_PLACEMENT_3D('',#5356,#4397,#4398);
#3737=AXIS2_PLACEMENT_3D('',#5357,#4399,#4400);
#3738=AXIS2_PLACEMENT_3D('',#5358,#4401,#4402);
#3739=AXIS2_PLACEMENT_3D('',#5362,#4405,#4406);
#3740=AXIS2_PLACEMENT_3D('',#5363,#4407,#4408);
#3741=AXIS2_PLACEMENT_3D('',#5377,#4416,#4417);
#3742=AXIS2_PLACEMENT_3D('',#5382,#4421,#4422);
#3743=AXIS2_PLACEMENT_3D('',#5385,#4424,#4425);
#3744=AXIS2_PLACEMENT_3D('',#5386,#4426,#4427);
#3745=AXIS2_PLACEMENT_3D('',#5388,#4428,#4429);
#3746=AXIS2_PLACEMENT_3D('',#5390,#4431,#4432);
#3747=AXIS2_PLACEMENT_3D('',#5391,#4433,#4434);
#3748=AXIS2_PLACEMENT_3D('',#5392,#4435,#4436);
#3749=AXIS2_PLACEMENT_3D('',#5393,#4437,#4438);
#3750=AXIS2_PLACEMENT_3D('',#5394,#4439,#4440);
#3751=AXIS2_PLACEMENT_3D('',#5397,#4442,#4443);
#3752=AXIS2_PLACEMENT_3D('',#5398,#4444,#4445);
#3753=AXIS2_PLACEMENT_3D('',#5399,#4446,#4447);
#3754=AXIS2_PLACEMENT_3D('',#5400,#4448,#4449);
#3755=AXIS2_PLACEMENT_3D('',#5405,#4453,#4454);
#3756=AXIS2_PLACEMENT_3D('',#5406,#4455,#4456);
#3757=AXIS2_PLACEMENT_3D('',#5407,#4457,#4458);
#3758=AXIS2_PLACEMENT_3D('',#5409,#4459,#4460);
#3759=AXIS2_PLACEMENT_3D('',#5410,#4461,#4462);
#3760=AXIS2_PLACEMENT_3D('',#5411,#4463,#4464);
#3761=AXIS2_PLACEMENT_3D('',#5413,#4466,#4467);
#3762=AXIS2_PLACEMENT_3D('',#5419,#4471,#4472);
#3763=AXIS2_PLACEMENT_3D('',#5427,#4477,#4478);
#3764=AXIS2_PLACEMENT_3D('',#5435,#4483,#4484);
#3765=AXIS2_PLACEMENT_3D('',#5439,#4487,#4488);
#3766=AXIS2_PLACEMENT_3D('',#5441,#4490,#4491);
#3767=AXIS2_PLACEMENT_3D('',#5443,#4493,#4494);
#3768=AXIS2_PLACEMENT_3D('',#5528,#4537,#4538);
#3769=AXIS2_PLACEMENT_3D('',#5534,#4542,#4543);
#3770=AXIS2_PLACEMENT_3D('',#5538,#4546,#4547);
#3771=AXIS2_PLACEMENT_3D('',#5542,#4550,#4551);
#3772=AXIS2_PLACEMENT_3D('',#5546,#4554,#4555);
#3773=AXIS2_PLACEMENT_3D('',#5550,#4558,#4559);
#3774=AXIS2_PLACEMENT_3D('',#5552,#4561,#4562);
#3775=AXIS2_PLACEMENT_3D('',#5558,#4566,#4567);
#3776=AXIS2_PLACEMENT_3D('',#5562,#4570,#4571);
#3777=AXIS2_PLACEMENT_3D('',#5566,#4574,#4575);
#3778=AXIS2_PLACEMENT_3D('',#5570,#4578,#4579);
#3779=AXIS2_PLACEMENT_3D('',#5574,#4582,#4583);
#3780=AXIS2_PLACEMENT_3D('',#5576,#4585,#4586);
#3781=AXIS2_PLACEMENT_3D('',#5582,#4590,#4591);
#3782=AXIS2_PLACEMENT_3D('',#5586,#4594,#4595);
#3783=AXIS2_PLACEMENT_3D('',#5590,#4598,#4599);
#3784=AXIS2_PLACEMENT_3D('',#5594,#4602,#4603);
#3785=AXIS2_PLACEMENT_3D('',#5598,#4606,#4607);
#3786=AXIS2_PLACEMENT_3D('',#5600,#4609,#4610);
#3787=AXIS2_PLACEMENT_3D('',#5606,#4614,#4615);
#3788=AXIS2_PLACEMENT_3D('',#5610,#4618,#4619);
#3789=AXIS2_PLACEMENT_3D('',#5614,#4622,#4623);
#3790=AXIS2_PLACEMENT_3D('',#5618,#4626,#4627);
#3791=AXIS2_PLACEMENT_3D('',#5622,#4630,#4631);
#3792=AXIS2_PLACEMENT_3D('',#5624,#4633,#4634);
#3793=AXIS2_PLACEMENT_3D('',#5630,#4638,#4639);
#3794=AXIS2_PLACEMENT_3D('',#5634,#4642,#4643);
#3795=AXIS2_PLACEMENT_3D('',#5638,#4646,#4647);
#3796=AXIS2_PLACEMENT_3D('',#5642,#4650,#4651);
#3797=AXIS2_PLACEMENT_3D('',#5646,#4654,#4655);
#3798=AXIS2_PLACEMENT_3D('',#5648,#4657,#4658);
#3799=AXIS2_PLACEMENT_3D('',#5654,#4662,#4663);
#3800=AXIS2_PLACEMENT_3D('',#5658,#4666,#4667);
#3801=AXIS2_PLACEMENT_3D('',#5662,#4670,#4671);
#3802=AXIS2_PLACEMENT_3D('',#5666,#4674,#4675);
#3803=AXIS2_PLACEMENT_3D('',#5670,#4678,#4679);
#3804=AXIS2_PLACEMENT_3D('',#5672,#4681,#4682);
#3805=AXIS2_PLACEMENT_3D('',#5678,#4686,#4687);
#3806=AXIS2_PLACEMENT_3D('',#5682,#4690,#4691);
#3807=AXIS2_PLACEMENT_3D('',#5686,#4694,#4695);
#3808=AXIS2_PLACEMENT_3D('',#5690,#4698,#4699);
#3809=AXIS2_PLACEMENT_3D('',#5694,#4702,#4703);
#3810=AXIS2_PLACEMENT_3D('',#5696,#4705,#4706);
#3811=AXIS2_PLACEMENT_3D('',#5705,#4711,#4712);
#3812=AXIS2_PLACEMENT_3D('',#5711,#4716,#4717);
#3813=AXIS2_PLACEMENT_3D('',#5720,#4723,#4724);
#3814=AXIS2_PLACEMENT_3D('',#5721,#4725,#4726);
#3815=AXIS2_PLACEMENT_3D('',#5722,#4727,#4728);
#3816=AXIS2_PLACEMENT_3D('',#5728,#4732,#4733);
#3817=AXIS2_PLACEMENT_3D('',#5732,#4736,#4737);
#3818=AXIS2_PLACEMENT_3D('',#5736,#4740,#4741);
#3819=AXIS2_PLACEMENT_3D('',#5741,#4745,#4746);
#3820=AXIS2_PLACEMENT_3D('',#5747,#4750,#4751);
#3821=AXIS2_PLACEMENT_3D('',#5749,#4753,#4754);
#3822=AXIS2_PLACEMENT_3D('',#5754,#4758,#4759);
#3823=AXIS2_PLACEMENT_3D('',#5759,#4763,#4764);
#3824=AXIS2_PLACEMENT_3D('',#5763,#4767,#4768);
#3825=AXIS2_PLACEMENT_3D('',#5765,#4770,#4771);
#3826=AXIS2_PLACEMENT_3D('',#5766,#4772,#4773);
#3827=AXIS2_PLACEMENT_3D('',#5767,#4774,#4775);
#3828=AXIS2_PLACEMENT_3D('',#5768,#4776,#4777);
#3829=AXIS2_PLACEMENT_3D('',#5770,#4779,#4780);
#3830=AXIS2_PLACEMENT_3D('',#5771,#4781,#4782);
#3831=AXIS2_PLACEMENT_3D('',#5772,#4783,#4784);
#3832=AXIS2_PLACEMENT_3D('',#5774,#4785,#4786);
#3833=AXIS2_PLACEMENT_3D('',#5776,#4787,#4788);
#3834=AXIS2_PLACEMENT_3D('',#5777,#4789,#4790);
#3835=AXIS2_PLACEMENT_3D('',#5778,#4791,#4792);
#3836=AXIS2_PLACEMENT_3D('',#5781,#4794,#4795);
#3837=AXIS2_PLACEMENT_3D('',#5782,#4796,#4797);
#3838=AXIS2_PLACEMENT_3D('',#5783,#4798,#4799);
#3839=AXIS2_PLACEMENT_3D('',#5785,#4800,#4801);
#3840=AXIS2_PLACEMENT_3D('',#5788,#4803,#4804);
#3841=AXIS2_PLACEMENT_3D('',#5789,#4805,#4806);
#3842=AXIS2_PLACEMENT_3D('',#5790,#4807,#4808);
#3843=AXIS2_PLACEMENT_3D('',#5791,#4809,#4810);
#3844=AXIS2_PLACEMENT_3D('',#5792,#4811,#4812);
#3845=AXIS2_PLACEMENT_3D('',#5793,#4813,#4814);
#3846=AXIS2_PLACEMENT_3D('',#5794,#4815,#4816);
#3847=DIRECTION('axis',(0.,0.,1.));
#3848=DIRECTION('refdir',(1.,0.,0.));
#3849=DIRECTION('axis',(0.,0.,1.));
#3850=DIRECTION('refdir',(1.,0.,0.));
#3851=DIRECTION('center_axis',(-1.,0.,0.));
#3852=DIRECTION('ref_axis',(0.,-1.,0.));
#3853=DIRECTION('',(0.,1.,0.));
#3854=DIRECTION('',(0.,0.,1.));
#3855=DIRECTION('',(0.,-1.,0.));
#3856=DIRECTION('',(0.,0.,1.));
#3857=DIRECTION('center_axis',(0.,1.,0.));
#3858=DIRECTION('ref_axis',(-1.,0.,0.));
#3859=DIRECTION('',(1.,0.,0.));
#3860=DIRECTION('',(0.,0.,1.));
#3861=DIRECTION('',(-1.,0.,0.));
#3862=DIRECTION('center_axis',(0.,-1.,0.));
#3863=DIRECTION('ref_axis',(1.,0.,0.));
#3864=DIRECTION('',(-1.,0.,0.));
#3865=DIRECTION('',(1.,0.,0.));
#3866=DIRECTION('',(0.,0.,1.));
#3867=DIRECTION('center_axis',(1.,0.,0.));
#3868=DIRECTION('ref_axis',(0.,1.,0.));
#3869=DIRECTION('',(0.,-1.,0.));
#3870=DIRECTION('',(0.,1.,0.));
#3871=DIRECTION('center_axis',(-1.,0.,0.));
#3872=DIRECTION('ref_axis',(0.,-1.,0.));
#3873=DIRECTION('',(0.,1.,0.));
#3874=DIRECTION('',(0.,0.,1.));
#3875=DIRECTION('',(0.,-1.,0.));
#3876=DIRECTION('',(0.,0.,1.));
#3877=DIRECTION('center_axis',(0.,1.,0.));
#3878=DIRECTION('ref_axis',(-1.,0.,0.));
#3879=DIRECTION('',(1.,0.,0.));
#3880=DIRECTION('',(-1.,0.,0.));
#3881=DIRECTION('',(0.,0.,1.));
#3882=DIRECTION('center_axis',(1.,0.,0.));
#3883=DIRECTION('ref_axis',(0.,1.,0.));
#3884=DIRECTION('',(0.,-1.,0.));
#3885=DIRECTION('',(0.,1.,0.));
#3886=DIRECTION('',(0.,0.,1.));
#3887=DIRECTION('center_axis',(0.,-1.,0.));
#3888=DIRECTION('ref_axis',(1.,0.,0.));
#3889=DIRECTION('',(-1.,0.,0.));
#3890=DIRECTION('',(1.,0.,0.));
#3891=DIRECTION('center_axis',(0.,0.,1.));
#3892=DIRECTION('ref_axis',(1.,0.,0.));
#3893=DIRECTION('center_axis',(0.,0.,1.));
#3894=DIRECTION('ref_axis',(1.,0.,0.));
#3895=DIRECTION('center_axis',(0.,0.,-1.));
#3896=DIRECTION('ref_axis',(1.,0.,0.));
#3897=DIRECTION('',(0.,0.,-1.));
#3898=DIRECTION('center_axis',(0.,0.,-1.));
#3899=DIRECTION('ref_axis',(1.,0.,0.));
#3900=DIRECTION('center_axis',(0.,0.,1.));
#3901=DIRECTION('ref_axis',(1.,0.,0.));
#3902=DIRECTION('center_axis',(0.,0.,-1.));
#3903=DIRECTION('ref_axis',(1.,0.,0.));
#3904=DIRECTION('',(0.,0.,-1.));
#3905=DIRECTION('center_axis',(0.,0.,-1.));
#3906=DIRECTION('ref_axis',(1.,0.,0.));
#3907=DIRECTION('center_axis',(0.,0.,1.));
#3908=DIRECTION('ref_axis',(1.,0.,0.));
#3909=DIRECTION('center_axis',(0.,0.,-1.));
#3910=DIRECTION('ref_axis',(1.,0.,0.));
#3911=DIRECTION('',(0.,0.,-1.));
#3912=DIRECTION('center_axis',(0.,0.,-1.));
#3913=DIRECTION('ref_axis',(1.,0.,0.));
#3914=DIRECTION('center_axis',(0.,0.,1.));
#3915=DIRECTION('ref_axis',(1.,0.,0.));
#3916=DIRECTION('center_axis',(0.,0.,-1.));
#3917=DIRECTION('ref_axis',(1.,0.,0.));
#3918=DIRECTION('',(0.,0.,-1.));
#3919=DIRECTION('center_axis',(0.,0.,-1.));
#3920=DIRECTION('ref_axis',(1.,0.,0.));
#3921=DIRECTION('center_axis',(0.,0.,1.));
#3922=DIRECTION('ref_axis',(1.,0.,0.));
#3923=DIRECTION('center_axis',(0.,0.,-1.));
#3924=DIRECTION('ref_axis',(1.,0.,0.));
#3925=DIRECTION('',(0.,0.,-1.));
#3926=DIRECTION('center_axis',(0.,0.,-1.));
#3927=DIRECTION('ref_axis',(1.,0.,0.));
#3928=DIRECTION('center_axis',(0.,0.,1.));
#3929=DIRECTION('ref_axis',(1.,0.,0.));
#3930=DIRECTION('center_axis',(0.,0.,-1.));
#3931=DIRECTION('ref_axis',(1.,0.,0.));
#3932=DIRECTION('',(0.,0.,-1.));
#3933=DIRECTION('center_axis',(0.,0.,-1.));
#3934=DIRECTION('ref_axis',(1.,0.,0.));
#3935=DIRECTION('center_axis',(0.,0.,1.));
#3936=DIRECTION('ref_axis',(1.,0.,0.));
#3937=DIRECTION('center_axis',(0.,0.,-1.));
#3938=DIRECTION('ref_axis',(1.,0.,0.));
#3939=DIRECTION('',(0.,0.,-1.));
#3940=DIRECTION('center_axis',(0.,0.,-1.));
#3941=DIRECTION('ref_axis',(1.,0.,0.));
#3942=DIRECTION('center_axis',(0.,0.,1.));
#3943=DIRECTION('ref_axis',(1.,0.,0.));
#3944=DIRECTION('center_axis',(0.,0.,-1.));
#3945=DIRECTION('ref_axis',(1.,0.,0.));
#3946=DIRECTION('',(0.,0.,-1.));
#3947=DIRECTION('center_axis',(0.,0.,-1.));
#3948=DIRECTION('ref_axis',(1.,0.,0.));
#3949=DIRECTION('center_axis',(0.,0.,1.));
#3950=DIRECTION('ref_axis',(1.,0.,0.));
#3951=DIRECTION('center_axis',(0.,0.,1.));
#3952=DIRECTION('ref_axis',(1.,0.,0.));
#3953=DIRECTION('center_axis',(-1.,0.,0.));
#3954=DIRECTION('ref_axis',(0.,-1.,3.70074341541719E-16));
#3955=DIRECTION('',(0.,1.,-3.70074341541719E-16));
#3956=DIRECTION('',(0.,1.85037170770859E-16,1.));
#3957=DIRECTION('',(0.,-1.,3.70074341541719E-16));
#3958=DIRECTION('',(0.,1.85037170770859E-16,1.));
#3959=DIRECTION('center_axis',(3.42387545668842E-32,1.,-1.85037170770859E-16));
#3960=DIRECTION('ref_axis',(-1.,0.,-1.8503717077086E-16));
#3961=DIRECTION('',(1.,0.,1.8503717077086E-16));
#3962=DIRECTION('',(0.,1.85037170770859E-16,1.));
#3963=DIRECTION('',(-1.,0.,-1.8503717077086E-16));
#3964=DIRECTION('center_axis',(2.28258363779228E-32,-1.,1.85037170770859E-16));
#3965=DIRECTION('ref_axis',(1.,0.,-1.2335811384724E-16));
#3966=DIRECTION('',(-1.,0.,1.2335811384724E-16));
#3967=DIRECTION('',(1.,0.,-1.2335811384724E-16));
#3968=DIRECTION('',(0.,1.85037170770859E-16,1.));
#3969=DIRECTION('center_axis',(1.,0.,0.));
#3970=DIRECTION('ref_axis',(0.,1.,-6.16790569236198E-17));
#3971=DIRECTION('',(0.,-1.,6.16790569236198E-17));
#3972=DIRECTION('',(0.,1.,-6.16790569236198E-17));
#3973=DIRECTION('center_axis',(-1.,0.,0.));
#3974=DIRECTION('ref_axis',(0.,-1.,0.));
#3975=DIRECTION('',(0.,1.,0.));
#3976=DIRECTION('',(0.,1.85037170770859E-16,1.));
#3977=DIRECTION('',(0.,-1.,0.));
#3978=DIRECTION('',(0.,1.85037170770859E-16,1.));
#3979=DIRECTION('center_axis',(-2.56790659251631E-32,1.,-1.85037170770859E-16));
#3980=DIRECTION('ref_axis',(-1.,0.,1.38777878078145E-16));
#3981=DIRECTION('',(1.,0.,-1.38777878078145E-16));
#3982=DIRECTION('',(-1.,0.,1.38777878078145E-16));
#3983=DIRECTION('',(0.,1.85037170770859E-16,1.));
#3984=DIRECTION('center_axis',(1.,0.,0.));
#3985=DIRECTION('ref_axis',(0.,1.,-2.31296463463574E-16));
#3986=DIRECTION('',(0.,-1.,2.31296463463574E-16));
#3987=DIRECTION('',(0.,1.,-2.31296463463574E-16));
#3988=DIRECTION('',(0.,1.85037170770859E-16,1.));
#3989=DIRECTION('center_axis',(-1.71193772834421E-32,-1.,1.85037170770859E-16));
#3990=DIRECTION('ref_axis',(1.,0.,9.25185853854297E-17));
#3991=DIRECTION('',(-1.,0.,-9.25185853854297E-17));
#3992=DIRECTION('',(1.,0.,9.25185853854297E-17));
#3993=DIRECTION('center_axis',(0.,1.85037170770859E-16,1.));
#3994=DIRECTION('ref_axis',(1.,0.,0.));
#3995=DIRECTION('center_axis',(0.,7.40148683083438E-16,1.));
#3996=DIRECTION('ref_axis',(-1.,0.,0.));
#3997=DIRECTION('center_axis',(0.,0.,-1.));
#3998=DIRECTION('ref_axis',(-1.,0.,0.));
#3999=DIRECTION('',(0.,-7.40148683083438E-16,-1.));
#4000=DIRECTION('center_axis',(0.,0.,-1.));
#4001=DIRECTION('ref_axis',(-1.,0.,0.));
#4002=DIRECTION('center_axis',(0.,7.40148683083438E-16,1.));
#4003=DIRECTION('ref_axis',(-1.,0.,0.));
#4004=DIRECTION('center_axis',(0.,0.,-1.));
#4005=DIRECTION('ref_axis',(-1.,0.,0.));
#4006=DIRECTION('',(0.,-7.40148683083438E-16,-1.));
#4007=DIRECTION('center_axis',(0.,0.,-1.));
#4008=DIRECTION('ref_axis',(-1.,0.,0.));
#4009=DIRECTION('center_axis',(1.2335811384724E-16,3.70074341541719E-16,
1.));
#4010=DIRECTION('ref_axis',(-1.,0.,1.2335811384724E-16));
#4011=DIRECTION('center_axis',(1.2335811384724E-16,3.70074341541719E-16,
1.));
#4012=DIRECTION('ref_axis',(-1.,0.,1.2335811384724E-16));
#4013=DIRECTION('axis',(0.,0.,1.));
#4014=DIRECTION('refdir',(1.,0.,0.));
#4015=DIRECTION('center_axis',(-0.408248290463863,-0.816496580927726,-0.408248290463864));
#4016=DIRECTION('ref_axis',(0.577350269189626,-0.577350269189626,0.577350269189626));
#4017=DIRECTION('center_axis',(0.,0.,1.));
#4018=DIRECTION('ref_axis',(0.,-1.,-5.55111512312578E-17));
#4019=DIRECTION('center_axis',(0.,-1.,0.));
#4020=DIRECTION('ref_axis',(0.707106781186548,0.,0.707106781186547));
#4021=DIRECTION('center_axis',(1.,0.,0.));
#4022=DIRECTION('ref_axis',(0.,-0.707106781186547,0.707106781186548));
#4023=DIRECTION('center_axis',(0.,0.,1.));
#4024=DIRECTION('ref_axis',(0.707106781186547,-0.707106781186547,0.));
#4025=DIRECTION('center_axis',(0.,0.,1.));
#4026=DIRECTION('ref_axis',(0.707106781186547,-0.707106781186547,0.));
#4027=DIRECTION('',(0.,0.,1.));
#4028=DIRECTION('',(0.,0.,-1.));
#4029=DIRECTION('center_axis',(0.,1.,0.));
#4030=DIRECTION('ref_axis',(0.707106781186547,0.,0.707106781186547));
#4031=DIRECTION('',(0.,1.,0.));
#4032=DIRECTION('center_axis',(0.,1.,0.));
#4033=DIRECTION('ref_axis',(0.707106781186548,0.,0.707106781186547));
#4034=DIRECTION('',(0.,-1.,0.));
#4035=DIRECTION('center_axis',(1.,0.,0.));
#4036=DIRECTION('ref_axis',(0.,-1.,0.));
#4037=DIRECTION('',(0.,-1.,0.));
#4038=DIRECTION('',(0.,0.,-1.));
#4039=DIRECTION('center_axis',(0.,0.,-1.));
#4040=DIRECTION('ref_axis',(-1.,0.,0.));
#4041=DIRECTION('',(-1.,0.,0.));
#4042=DIRECTION('center_axis',(0.,0.,1.));
#4043=DIRECTION('ref_axis',(-0.707106781186547,-0.707106781186547,0.));
#4044=DIRECTION('',(0.,1.,0.));
#4045=DIRECTION('center_axis',(0.,0.,1.));
#4046=DIRECTION('ref_axis',(-0.707106781186547,0.707106781186547,0.));
#4047=DIRECTION('',(0.,-1.,0.));
#4048=DIRECTION('',(1.,0.,0.));
#4049=DIRECTION('',(0.,-1.,0.));
#4050=DIRECTION('',(-1.,0.,0.));
#4051=DIRECTION('',(0.,-1.,0.));
#4052=DIRECTION('',(1.,0.,0.));
#4053=DIRECTION('',(0.,1.,0.));
#4054=DIRECTION('',(-1.,0.,0.));
#4055=DIRECTION('',(0.,1.,0.));
#4056=DIRECTION('',(1.,0.,0.));
#4057=DIRECTION('center_axis',(0.,0.,1.));
#4058=DIRECTION('ref_axis',(0.707106781186546,0.707106781186549,0.));
#4059=DIRECTION('center_axis',(0.408248290463862,-0.816496580927726,0.408248290463864));
#4060=DIRECTION('ref_axis',(0.577350269189625,0.577350269189626,0.577350269189626));
#4061=DIRECTION('center_axis',(0.,0.,1.));
#4062=DIRECTION('ref_axis',(1.,0.,0.));
#4063=DIRECTION('center_axis',(1.,0.,0.));
#4064=DIRECTION('ref_axis',(0.,0.707106781186548,0.707106781186547));
#4065=DIRECTION('center_axis',(0.,0.,1.));
#4066=DIRECTION('ref_axis',(0.707106781186546,0.707106781186549,0.));
#4067=DIRECTION('',(0.,0.,1.));
#4068=DIRECTION('center_axis',(-1.,0.,0.));
#4069=DIRECTION('ref_axis',(0.,0.707106781186547,0.707106781186547));
#4070=DIRECTION('',(-1.,0.,0.));
#4071=DIRECTION('center_axis',(1.,0.,0.));
#4072=DIRECTION('ref_axis',(0.,0.707106781186547,0.707106781186547));
#4073=DIRECTION('',(-1.,0.,0.));
#4074=DIRECTION('center_axis',(-1.,0.,0.));
#4075=DIRECTION('ref_axis',(0.,0.707106781186548,0.707106781186547));
#4076=DIRECTION('',(1.,0.,0.));
#4077=DIRECTION('center_axis',(0.,1.,0.));
#4078=DIRECTION('ref_axis',(1.,0.,0.));
#4079=DIRECTION('',(0.,0.,1.));
#4080=DIRECTION('',(-1.,0.,0.));
#4081=DIRECTION('',(0.,0.,-1.));
#4082=DIRECTION('',(1.,0.,0.));
#4083=DIRECTION('',(0.,0.,1.));
#4084=DIRECTION('center_axis',(0.408248290463861,-0.816496580927727,-0.408248290463864));
#4085=DIRECTION('ref_axis',(-0.577350269189628,-0.577350269189625,0.577350269189625));
#4086=DIRECTION('center_axis',(0.,0.,1.));
#4087=DIRECTION('ref_axis',(-1.,0.,0.));
#4088=DIRECTION('center_axis',(-1.,0.,0.));
#4089=DIRECTION('ref_axis',(0.,-0.707106781186547,0.707106781186548));
#4090=DIRECTION('center_axis',(0.,-1.,0.));
#4091=DIRECTION('ref_axis',(-0.70710678118655,0.,0.707106781186545));
#4092=DIRECTION('center_axis',(0.,0.,-1.));
#4093=DIRECTION('ref_axis',(-0.707106781186547,-0.707106781186547,0.));
#4094=DIRECTION('',(0.,0.,1.));
#4095=DIRECTION('',(0.,0.,-1.));
#4096=DIRECTION('center_axis',(1.,0.,0.));
#4097=DIRECTION('ref_axis',(0.,-0.707106781186547,0.707106781186547));
#4098=DIRECTION('',(-1.,0.,0.));
#4099=DIRECTION('',(1.,0.,0.));
#4100=DIRECTION('center_axis',(0.,-1.,0.));
#4101=DIRECTION('ref_axis',(-1.,0.,0.));
#4102=DIRECTION('center_axis',(-0.92154182943229,-0.313534417562762,-0.229034551127482));
#4103=DIRECTION('ref_axis',(-0.388279096278165,0.744142766170913,0.543590734789431));
#4104=DIRECTION('center_axis',(0.,0.,1.));
#4105=DIRECTION('ref_axis',(0.,1.,0.));
#4106=DIRECTION('center_axis',(0.,1.,0.));
#4107=DIRECTION('ref_axis',(-0.70710678118655,0.,0.707106781186545));
#4108=DIRECTION('center_axis',(-1.,0.,0.));
#4109=DIRECTION('ref_axis',(0.,0.707106781186547,0.707106781186547));
#4110=DIRECTION('center_axis',(0.,0.,1.));
#4111=DIRECTION('ref_axis',(-0.707106781186547,0.707106781186547,0.));
#4112=DIRECTION('',(0.,0.,1.));
#4113=DIRECTION('',(0.,0.,-1.));
#4114=DIRECTION('center_axis',(0.,-1.,0.));
#4115=DIRECTION('ref_axis',(-0.707106781186547,0.,0.707106781186547));
#4116=DIRECTION('',(0.,1.,0.));
#4117=DIRECTION('',(0.,-1.,0.));
#4118=DIRECTION('center_axis',(-1.,0.,0.));
#4119=DIRECTION('ref_axis',(0.,-1.,0.));
#4120=DIRECTION('',(0.,-1.,0.));
#4121=DIRECTION('',(0.,0.,1.));
#4122=DIRECTION('center_axis',(0.,0.,1.));
#4123=DIRECTION('ref_axis',(1.,0.,0.));
#4124=DIRECTION('',(0.,1.,0.));
#4125=DIRECTION('',(-1.,0.,0.));
#4126=DIRECTION('',(0.,1.,0.));
#4127=DIRECTION('',(1.,0.,0.));
#4128=DIRECTION('',(0.,-1.,0.));
#4129=DIRECTION('',(-1.,0.,0.));
#4130=DIRECTION('',(0.,-1.,0.));
#4131=DIRECTION('',(1.,0.,0.));
#4132=DIRECTION('',(-1.,-2.22044604925031E-16,0.));
#4133=DIRECTION('',(0.,-1.,0.));
#4134=DIRECTION('',(1.,0.,0.));
#4135=DIRECTION('',(0.,1.,0.));
#4136=DIRECTION('center_axis',(0.,0.,-1.));
#4137=DIRECTION('ref_axis',(1.,0.,0.));
#4138=DIRECTION('center_axis',(0.,0.,-1.));
#4139=DIRECTION('ref_axis',(1.,0.,0.));
#4140=DIRECTION('center_axis',(0.,0.,-1.));
#4141=DIRECTION('ref_axis',(1.,0.,0.));
#4142=DIRECTION('center_axis',(0.,0.,-1.));
#4143=DIRECTION('ref_axis',(1.,0.,0.));
#4144=DIRECTION('center_axis',(0.,0.,-1.));
#4145=DIRECTION('ref_axis',(1.,0.,0.));
#4146=DIRECTION('center_axis',(0.,0.,-1.));
#4147=DIRECTION('ref_axis',(1.,0.,0.));
#4148=DIRECTION('center_axis',(0.,0.,-1.));
#4149=DIRECTION('ref_axis',(1.,0.,0.));
#4150=DIRECTION('center_axis',(0.,0.,-1.));
#4151=DIRECTION('ref_axis',(1.,0.,0.));
#4152=DIRECTION('center_axis',(0.,0.,-1.));
#4153=DIRECTION('ref_axis',(1.,0.,0.));
#4154=DIRECTION('center_axis',(0.,0.,-1.));
#4155=DIRECTION('ref_axis',(1.,0.,0.));
#4156=DIRECTION('center_axis',(1.,0.,0.));
#4157=DIRECTION('ref_axis',(0.,1.,0.));
#4158=DIRECTION('',(0.,1.,0.));
#4159=DIRECTION('',(0.,0.,-1.));
#4160=DIRECTION('center_axis',(0.,0.,1.));
#4161=DIRECTION('ref_axis',(1.,0.,0.));
#4162=DIRECTION('center_axis',(0.,0.,-1.));
#4163=DIRECTION('ref_axis',(1.,0.,0.));
#4164=DIRECTION('center_axis',(0.,0.,-1.));
#4165=DIRECTION('ref_axis',(1.,0.,0.));
#4166=DIRECTION('center_axis',(0.,0.,-1.));
#4167=DIRECTION('ref_axis',(1.,0.,0.));
#4168=DIRECTION('center_axis',(0.,0.,-1.));
#4169=DIRECTION('ref_axis',(1.,0.,0.));
#4170=DIRECTION('center_axis',(0.,0.,-1.));
#4171=DIRECTION('ref_axis',(1.,0.,0.));
#4172=DIRECTION('center_axis',(0.,0.,-1.));
#4173=DIRECTION('ref_axis',(1.,0.,0.));
#4174=DIRECTION('center_axis',(0.,0.,-1.));
#4175=DIRECTION('ref_axis',(1.,0.,0.));
#4176=DIRECTION('center_axis',(0.,0.,-1.));
#4177=DIRECTION('ref_axis',(1.,0.,0.));
#4178=DIRECTION('center_axis',(0.,0.,-1.));
#4179=DIRECTION('ref_axis',(1.,0.,0.));
#4180=DIRECTION('center_axis',(0.,0.,-1.));
#4181=DIRECTION('ref_axis',(1.,0.,0.));
#4182=DIRECTION('',(-1.,-2.22044604925031E-16,0.));
#4183=DIRECTION('',(0.,1.,0.));
#4184=DIRECTION('',(1.,0.,0.));
#4185=DIRECTION('',(0.,-1.,0.));
#4186=DIRECTION('center_axis',(1.,0.,0.));
#4187=DIRECTION('ref_axis',(0.,1.,0.));
#4188=DIRECTION('',(0.,0.,-1.));
#4189=DIRECTION('',(0.,1.,0.));
#4190=DIRECTION('center_axis',(-1.,0.,0.));
#4191=DIRECTION('ref_axis',(0.,-1.,0.));
#4192=DIRECTION('',(0.,-1.,0.));
#4193=DIRECTION('',(0.,-1.,0.));
#4194=DIRECTION('',(0.,0.,1.));
#4195=DIRECTION('center_axis',(0.,0.,1.));
#4196=DIRECTION('ref_axis',(1.,0.,0.));
#4197=DIRECTION('',(1.,0.,0.));
#4198=DIRECTION('center_axis',(0.,-1.,0.));
#4199=DIRECTION('ref_axis',(-1.,0.,0.));
#4200=DIRECTION('',(0.,0.,1.));
#4201=DIRECTION('',(-1.,0.,0.));
#4202=DIRECTION('center_axis',(0.,-1.,0.));
#4203=DIRECTION('ref_axis',(1.,0.,0.));
#4204=DIRECTION('',(0.,0.,1.));
#4205=DIRECTION('center_axis',(-1.,0.,0.));
#4206=DIRECTION('ref_axis',(0.,-1.,0.));
#4207=DIRECTION('',(0.,0.,1.));
#4208=DIRECTION('center_axis',(0.,0.,-1.));
#4209=DIRECTION('ref_axis',(-1.,0.,0.));
#4210=DIRECTION('center_axis',(0.,-1.,0.));
#4211=DIRECTION('ref_axis',(-1.,0.,0.));
#4212=DIRECTION('',(0.,0.,1.));
#4213=DIRECTION('center_axis',(-1.,0.,0.));
#4214=DIRECTION('ref_axis',(0.,-1.,0.));
#4215=DIRECTION('',(0.,0.,1.));
#4216=DIRECTION('',(0.,0.,1.));
#4217=DIRECTION('center_axis',(0.,-1.,0.));
#4218=DIRECTION('ref_axis',(1.,0.,0.));
#4219=DIRECTION('',(0.,0.,1.));
#4220=DIRECTION('center_axis',(1.,0.,0.));
#4221=DIRECTION('ref_axis',(0.,1.,0.));
#4222=DIRECTION('',(0.,0.,1.));
#4223=DIRECTION('center_axis',(-2.22044604925031E-16,1.,0.));
#4224=DIRECTION('ref_axis',(-1.,-2.22044604925031E-16,0.));
#4225=DIRECTION('center_axis',(0.,0.,1.));
#4226=DIRECTION('ref_axis',(1.,0.,0.));
#4227=DIRECTION('',(0.,0.,-1.));
#4228=DIRECTION('center_axis',(0.,0.,1.));
#4229=DIRECTION('ref_axis',(1.,0.,0.));
#4230=DIRECTION('',(0.,0.,-1.));
#4231=DIRECTION('center_axis',(0.,0.,1.));
#4232=DIRECTION('ref_axis',(1.,0.,0.));
#4233=DIRECTION('',(0.,0.,-1.));
#4234=DIRECTION('center_axis',(0.,0.,1.));
#4235=DIRECTION('ref_axis',(1.,0.,0.));
#4236=DIRECTION('',(0.,0.,-1.));
#4237=DIRECTION('center_axis',(0.,0.,1.));
#4238=DIRECTION('ref_axis',(1.,0.,0.));
#4239=DIRECTION('',(0.,0.,-1.));
#4240=DIRECTION('center_axis',(0.,0.,1.));
#4241=DIRECTION('ref_axis',(1.,0.,0.));
#4242=DIRECTION('',(0.,0.,-1.));
#4243=DIRECTION('center_axis',(0.,0.,1.));
#4244=DIRECTION('ref_axis',(1.,0.,0.));
#4245=DIRECTION('',(0.,0.,-1.));
#4246=DIRECTION('center_axis',(0.,0.,1.));
#4247=DIRECTION('ref_axis',(1.,0.,0.));
#4248=DIRECTION('',(0.,0.,-1.));
#4249=DIRECTION('center_axis',(0.,0.,1.));
#4250=DIRECTION('ref_axis',(1.,0.,0.));
#4251=DIRECTION('',(0.,0.,-1.));
#4252=DIRECTION('center_axis',(0.,0.,1.));
#4253=DIRECTION('ref_axis',(1.,0.,0.));
#4254=DIRECTION('',(0.,0.,-1.));
#4255=DIRECTION('center_axis',(-1.,0.,0.));
#4256=DIRECTION('ref_axis',(0.,1.,0.));
#4257=DIRECTION('',(0.,0.,-1.));
#4258=DIRECTION('center_axis',(1.,0.,0.));
#4259=DIRECTION('ref_axis',(0.,-1.,0.));
#4260=DIRECTION('',(0.,0.,1.));
#4261=DIRECTION('center_axis',(0.,1.,0.));
#4262=DIRECTION('ref_axis',(1.,0.,0.));
#4263=DIRECTION('center_axis',(-1.,0.,0.));
#4264=DIRECTION('ref_axis',(0.,1.,0.));
#4265=DIRECTION('axis',(0.,0.,1.));
#4266=DIRECTION('refdir',(1.,0.,0.));
#4267=DIRECTION('center_axis',(0.408248290463863,-0.816496580927726,0.408248290463863));
#4268=DIRECTION('ref_axis',(-0.577350269189626,-0.577350269189626,-0.577350269189626));
#4269=DIRECTION('center_axis',(0.,0.,-1.));
#4270=DIRECTION('ref_axis',(0.,-1.,0.));
#4271=DIRECTION('center_axis',(0.,-1.,0.));
#4272=DIRECTION('ref_axis',(-0.707106781186548,0.,-0.707106781186547));
#4273=DIRECTION('center_axis',(-1.,0.,0.));
#4274=DIRECTION('ref_axis',(0.,-0.707106781186548,-0.707106781186547));
#4275=DIRECTION('center_axis',(0.,0.,1.));
#4276=DIRECTION('ref_axis',(-0.707106781186547,-0.707106781186547,0.));
#4277=DIRECTION('center_axis',(0.,0.,-1.));
#4278=DIRECTION('ref_axis',(-0.707106781186547,-0.707106781186547,0.));
#4279=DIRECTION('',(0.,0.,-1.));
#4280=DIRECTION('',(0.,0.,1.));
#4281=DIRECTION('center_axis',(0.,-1.,0.));
#4282=DIRECTION('ref_axis',(1.,0.,0.));
#4283=DIRECTION('',(-1.,0.,0.));
#4284=DIRECTION('',(0.,0.,1.));
#4285=DIRECTION('',(-1.,0.,0.));
#4286=DIRECTION('',(0.,0.,-1.));
#4287=DIRECTION('',(-1.,0.,0.));
#4288=DIRECTION('',(0.,0.,-1.));
#4289=DIRECTION('',(1.,0.,0.));
#4290=DIRECTION('center_axis',(-1.,0.,0.));
#4291=DIRECTION('ref_axis',(0.,-0.707106781186547,-0.707106781186547));
#4292=DIRECTION('',(1.,0.,0.));
#4293=DIRECTION('center_axis',(-0.707106781186547,0.,0.707106781186548));
#4294=DIRECTION('ref_axis',(-0.707106781186548,0.,-0.707106781186547));
#4295=DIRECTION('center_axis',(0.,1.,0.));
#4296=DIRECTION('ref_axis',(-0.707106781186547,0.,-0.707106781186547));
#4297=DIRECTION('',(0.,1.,0.));
#4298=DIRECTION('center_axis',(0.,1.,0.));
#4299=DIRECTION('ref_axis',(-0.707106781186548,0.,-0.707106781186547));
#4300=DIRECTION('',(0.,-1.,0.));
#4301=DIRECTION('center_axis',(-0.918018084373204,-0.339109489434566,0.205542090432061));
#4302=DIRECTION('ref_axis',(-0.396538518638169,0.785065332247222,-0.475846222365803));
#4303=DIRECTION('center_axis',(0.,0.,-1.));
#4304=DIRECTION('ref_axis',(-1.,0.,0.));
#4305=DIRECTION('center_axis',(-1.,0.,0.));
#4306=DIRECTION('ref_axis',(0.,0.707106781186547,-0.707106781186547));
#4307=DIRECTION('center_axis',(-1.,0.,0.));
#4308=DIRECTION('ref_axis',(0.,0.707106781186547,-0.707106781186548));
#4309=DIRECTION('center_axis',(0.,0.,1.));
#4310=DIRECTION('ref_axis',(-0.707106781186547,0.707106781186547,0.));
#4311=DIRECTION('center_axis',(0.,0.,-1.));
#4312=DIRECTION('ref_axis',(-0.707106781186547,0.707106781186547,0.));
#4313=DIRECTION('',(0.,0.,-1.));
#4314=DIRECTION('',(0.,0.,1.));
#4315=DIRECTION('center_axis',(-1.,0.,0.));
#4316=DIRECTION('ref_axis',(0.,-1.,0.));
#4317=DIRECTION('',(0.,-1.,0.));
#4318=DIRECTION('',(0.,0.,-1.));
#4319=DIRECTION('',(0.,1.,0.));
#4320=DIRECTION('',(0.,0.,1.));
#4321=DIRECTION('',(0.,-1.,0.));
#4322=DIRECTION('center_axis',(1.,0.,0.));
#4323=DIRECTION('ref_axis',(0.,0.707106781186547,-0.707106781186547));
#4324=DIRECTION('',(1.,0.,0.));
#4325=DIRECTION('center_axis',(1.,0.,0.));
#4326=DIRECTION('ref_axis',(0.,0.707106781186547,-0.707106781186547));
#4327=DIRECTION('',(1.,0.,0.));
#4328=DIRECTION('center_axis',(-1.,0.,0.));
#4329=DIRECTION('ref_axis',(0.,0.707106781186547,-0.707106781186547));
#4330=DIRECTION('',(1.,0.,0.));
#4331=DIRECTION('center_axis',(-0.707106781186548,0.,0.707106781186548));
#4332=DIRECTION('ref_axis',(-0.707106781186547,0.,-0.707106781186547));
#4333=DIRECTION('',(-1.,0.,0.));
#4334=DIRECTION('center_axis',(0.408248290463865,-0.816496580927725,-0.408248290463863));
#4335=DIRECTION('ref_axis',(0.577350269189627,0.577350269189627,-0.577350269189624));
#4336=DIRECTION('center_axis',(0.,0.,-1.));
#4337=DIRECTION('ref_axis',(0.,1.,0.));
#4338=DIRECTION('center_axis',(0.,1.,0.));
#4339=DIRECTION('ref_axis',(0.707106781186547,0.,-0.707106781186548));
#4340=DIRECTION('center_axis',(1.,0.,0.));
#4341=DIRECTION('ref_axis',(0.,0.707106781186547,-0.707106781186548));
#4342=DIRECTION('center_axis',(0.,0.,1.));
#4343=DIRECTION('ref_axis',(0.707106781186547,0.707106781186547,0.));
#4344=DIRECTION('center_axis',(0.,0.,-1.));
#4345=DIRECTION('ref_axis',(0.707106781186547,0.707106781186547,0.));
#4346=DIRECTION('',(0.,0.,-1.));
#4347=DIRECTION('',(0.,0.,1.));
#4348=DIRECTION('center_axis',(0.,1.,0.));
#4349=DIRECTION('ref_axis',(-1.,0.,0.));
#4350=DIRECTION('',(1.,0.,0.));
#4351=DIRECTION('',(0.,0.,1.));
#4352=DIRECTION('',(1.,0.,0.));
#4353=DIRECTION('',(0.,0.,-1.));
#4354=DIRECTION('',(1.,0.,0.));
#4355=DIRECTION('',(0.,0.,1.));
#4356=DIRECTION('',(-1.,0.,0.));
#4357=DIRECTION('center_axis',(1.,0.,0.));
#4358=DIRECTION('ref_axis',(0.,0.707106781186547,-0.707106781186547));
#4359=DIRECTION('',(-1.,0.,0.));
#4360=DIRECTION('center_axis',(0.707106781186547,0.,0.707106781186548));
#4361=DIRECTION('ref_axis',(0.707106781186548,0.,-0.707106781186547));
#4362=DIRECTION('center_axis',(0.,-1.,0.));
#4363=DIRECTION('ref_axis',(0.707106781186547,0.,-0.707106781186547));
#4364=DIRECTION('',(0.,-1.,0.));
#4365=DIRECTION('center_axis',(0.,-1.,0.));
#4366=DIRECTION('ref_axis',(0.707106781186547,0.,-0.707106781186548));
#4367=DIRECTION('',(0.,1.,0.));
#4368=DIRECTION('center_axis',(-0.408248290463865,-0.816496580927725,0.408248290463863));
#4369=DIRECTION('ref_axis',(0.577350269189628,-0.577350269189625,-0.577350269189625));
#4370=DIRECTION('center_axis',(0.,0.,-1.));
#4371=DIRECTION('ref_axis',(1.,0.,0.));
#4372=DIRECTION('center_axis',(1.,0.,0.));
#4373=DIRECTION('ref_axis',(0.,-0.707106781186548,-0.707106781186547));
#4374=DIRECTION('center_axis',(0.,0.,1.));
#4375=DIRECTION('ref_axis',(0.707106781186547,-0.707106781186547,0.));
#4376=DIRECTION('center_axis',(0.,0.,-1.));
#4377=DIRECTION('ref_axis',(0.707106781186547,-0.707106781186547,0.));
#4378=DIRECTION('',(0.,0.,1.));
#4379=DIRECTION('center_axis',(1.,0.,0.));
#4380=DIRECTION('ref_axis',(0.,1.,0.));
#4381=DIRECTION('',(0.,1.,0.));
#4382=DIRECTION('center_axis',(-1.,0.,0.));
#4383=DIRECTION('ref_axis',(0.,-0.707106781186547,-0.707106781186547));
#4384=DIRECTION('center_axis',(0.707106781186548,0.,0.707106781186548));
#4385=DIRECTION('ref_axis',(0.707106781186547,0.,-0.707106781186547));
#4386=DIRECTION('',(1.,0.,0.));
#4387=DIRECTION('center_axis',(1.,0.,0.));
#4388=DIRECTION('ref_axis',(0.,0.707106781186547,-0.707106781186547));
#4389=DIRECTION('center_axis',(-0.707106781186548,0.,0.707106781186548));
#4390=DIRECTION('ref_axis',(-0.707106781186547,0.,-0.707106781186547));
#4391=DIRECTION('center_axis',(1.,0.,0.));
#4392=DIRECTION('ref_axis',(0.,0.707106781186547,-0.707106781186547));
#4393=DIRECTION('center_axis',(-0.408248290463863,-0.816496580927726,-0.408248290463864));
#4394=DIRECTION('ref_axis',(-0.577350269189625,0.577350269189628,-0.577350269189625));
#4395=DIRECTION('center_axis',(0.,0.,-1.));
#4396=DIRECTION('ref_axis',(-1.,0.,0.));
#4397=DIRECTION('center_axis',(-1.,0.,0.));
#4398=DIRECTION('ref_axis',(0.,0.707106781186547,-0.707106781186548));
#4399=DIRECTION('center_axis',(0.,1.,0.));
#4400=DIRECTION('ref_axis',(-0.707106781186548,0.,-0.707106781186547));
#4401=DIRECTION('center_axis',(0.,0.,-1.));
#4402=DIRECTION('ref_axis',(-0.707106781186547,0.707106781186547,0.));
#4403=DIRECTION('',(0.,0.,1.));
#4404=DIRECTION('',(0.,0.,1.));
#4405=DIRECTION('center_axis',(0.,0.,-1.));
#4406=DIRECTION('ref_axis',(-0.707106781186547,0.707106781186547,0.));
#4407=DIRECTION('center_axis',(0.,0.,1.));
#4408=DIRECTION('ref_axis',(1.,0.,0.));
#4409=DIRECTION('',(0.,1.,0.));
#4410=DIRECTION('',(1.,0.,0.));
#4411=DIRECTION('',(0.,-1.,0.));
#4412=DIRECTION('',(-1.,0.,0.));
#4413=DIRECTION('',(0.,1.,0.));
#4414=DIRECTION('',(1.,0.,0.));
#4415=DIRECTION('',(0.,-1.,0.));
#4416=DIRECTION('center_axis',(-1.,0.,0.));
#4417=DIRECTION('ref_axis',(0.,1.,0.));
#4418=DIRECTION('',(0.,1.,0.));
#4419=DIRECTION('',(0.,0.,-1.));
#4420=DIRECTION('',(0.,-1.,0.));
#4421=DIRECTION('center_axis',(0.,1.,0.));
#4422=DIRECTION('ref_axis',(-0.707106781186547,0.,-0.707106781186547));
#4423=DIRECTION('',(0.,-1.,0.));
#4424=DIRECTION('center_axis',(0.,-1.,0.));
#4425=DIRECTION('ref_axis',(-0.707106781186548,0.,-0.707106781186547));
#4426=DIRECTION('center_axis',(1.,0.,0.));
#4427=DIRECTION('ref_axis',(0.,0.707106781186547,-0.707106781186547));
#4428=DIRECTION('center_axis',(1.,0.,0.));
#4429=DIRECTION('ref_axis',(0.,0.707106781186547,-0.707106781186548));
#4430=DIRECTION('',(-1.,0.,0.));
#4431=DIRECTION('center_axis',(0.,0.,-1.));
#4432=DIRECTION('ref_axis',(-0.707106781186547,-0.707106781186547,0.));
#4433=DIRECTION('center_axis',(0.,0.,1.));
#4434=DIRECTION('ref_axis',(-1.,0.,0.));
#4435=DIRECTION('center_axis',(0.408248290463862,-0.816496580927726,0.408248290463863));
#4436=DIRECTION('ref_axis',(-0.577350269189626,-0.577350269189626,-0.577350269189626));
#4437=DIRECTION('center_axis',(-1.,0.,0.));
#4438=DIRECTION('ref_axis',(0.,-0.707106781186548,-0.707106781186547));
#4439=DIRECTION('center_axis',(0.,0.,-1.));
#4440=DIRECTION('ref_axis',(0.707106781186547,0.707106781186547,0.));
#4441=DIRECTION('',(0.,0.,-1.));
#4442=DIRECTION('center_axis',(0.,0.,1.));
#4443=DIRECTION('ref_axis',(1.,0.,0.));
#4444=DIRECTION('center_axis',(0.408248290463865,-0.816496580927725,-0.408248290463863));
#4445=DIRECTION('ref_axis',(0.577350269189627,0.577350269189627,-0.577350269189624));
#4446=DIRECTION('center_axis',(0.,1.,0.));
#4447=DIRECTION('ref_axis',(0.707106781186547,0.,-0.707106781186548));
#4448=DIRECTION('center_axis',(1.,0.,0.));
#4449=DIRECTION('ref_axis',(0.,-1.,0.));
#4450=DIRECTION('',(0.,1.,0.));
#4451=DIRECTION('',(0.,0.,1.));
#4452=DIRECTION('',(0.,-1.,0.));
#4453=DIRECTION('center_axis',(0.,0.,-1.));
#4454=DIRECTION('ref_axis',(0.707106781186547,-0.707106781186547,0.));
#4455=DIRECTION('center_axis',(0.,0.,1.));
#4456=DIRECTION('ref_axis',(0.,-1.,0.));
#4457=DIRECTION('center_axis',(-0.408248290463865,-0.816496580927725,0.408248290463863));
#4458=DIRECTION('ref_axis',(0.577350269189628,-0.577350269189625,-0.577350269189625));
#4459=DIRECTION('center_axis',(1.,0.,0.));
#4460=DIRECTION('ref_axis',(0.,-0.707106781186548,-0.707106781186547));
#4461=DIRECTION('center_axis',(0.,-1.,0.));
#4462=DIRECTION('ref_axis',(0.707106781186547,0.,-0.707106781186548));
#4463=DIRECTION('center_axis',(-1.,0.,0.));
#4464=DIRECTION('ref_axis',(0.,-0.707106781186547,-0.707106781186547));
#4465=DIRECTION('',(1.,0.,0.));
#4466=DIRECTION('center_axis',(-1.,0.,0.));
#4467=DIRECTION('ref_axis',(0.,1.,0.));
#4468=DIRECTION('',(0.,0.,-1.));
#4469=DIRECTION('',(0.,1.,0.));
#4470=DIRECTION('',(0.,0.,1.));
#4471=DIRECTION('center_axis',(1.,0.,0.));
#4472=DIRECTION('ref_axis',(0.,-1.,0.));
#4473=DIRECTION('',(0.,-1.,0.));
#4474=DIRECTION('',(0.,0.,-1.));
#4475=DIRECTION('',(0.,-1.,0.));
#4476=DIRECTION('',(0.,0.,1.));
#4477=DIRECTION('center_axis',(0.,0.,-1.));
#4478=DIRECTION('ref_axis',(-1.,0.,0.));
#4479=DIRECTION('',(0.,1.,0.));
#4480=DIRECTION('',(-1.,0.,0.));
#4481=DIRECTION('',(0.,1.,0.));
#4482=DIRECTION('',(-1.,0.,0.));
#4483=DIRECTION('center_axis',(-1.,0.,0.));
#4484=DIRECTION('ref_axis',(0.,1.,0.));
#4485=DIRECTION('',(0.,1.,0.));
#4486=DIRECTION('',(0.,0.,-1.));
#4487=DIRECTION('center_axis',(0.,1.,0.));
#4488=DIRECTION('ref_axis',(-1.,0.,0.));
#4489=DIRECTION('',(-1.,0.,0.));
#4490=DIRECTION('center_axis',(0.,-1.,0.));
#4491=DIRECTION('ref_axis',(0.707106781186547,0.,-0.707106781186547));
#4492=DIRECTION('',(0.,1.,0.));
#4493=DIRECTION('center_axis',(0.,0.,-1.));
#4494=DIRECTION('ref_axis',(-1.,0.,0.));
#4495=DIRECTION('',(0.499999999999998,0.86602540378444,0.));
#4496=DIRECTION('',(-0.500000000000003,0.866025403784437,0.));
#4497=DIRECTION('',(-1.,0.,0.));
#4498=DIRECTION('',(-0.499999999999995,-0.866025403784441,0.));
#4499=DIRECTION('',(0.500000000000003,-0.866025403784437,0.));
#4500=DIRECTION('',(1.,6.1534805964274E-15,0.));
#4501=DIRECTION('',(0.499999999999996,0.866025403784441,0.));
#4502=DIRECTION('',(-0.500000000000005,0.866025403784435,0.));
#4503=DIRECTION('',(-1.,0.,0.));
#4504=DIRECTION('',(-0.499999999999998,-0.86602540378444,0.));
#4505=DIRECTION('',(0.500000000000002,-0.866025403784438,0.));
#4506=DIRECTION('',(1.,3.0767402982137E-15,0.));
#4507=DIRECTION('',(-1.,0.,0.));
#4508=DIRECTION('',(-0.499999999999998,-0.86602540378444,0.));
#4509=DIRECTION('',(0.500000000000003,-0.866025403784437,0.));
#4510=DIRECTION('',(1.,0.,0.));
#4511=DIRECTION('',(0.499999999999995,0.866025403784441,0.));
#4512=DIRECTION('',(-0.500000000000005,0.866025403784435,0.));
#4513=DIRECTION('',(-0.499999999999998,-0.86602540378444,0.));
#4514=DIRECTION('',(0.500000000000002,-0.866025403784438,0.));
#4515=DIRECTION('',(1.,3.0767402982137E-15,0.));
#4516=DIRECTION('',(0.499999999999996,0.866025403784441,0.));
#4517=DIRECTION('',(-0.500000000000005,0.866025403784435,0.));
#4518=DIRECTION('',(-1.,0.,0.));
#4519=DIRECTION('',(-0.500000000000003,0.866025403784437,0.));
#4520=DIRECTION('',(-1.,-6.1534805964274E-15,0.));
#4521=DIRECTION('',(-0.499999999999999,-0.866025403784439,0.));
#4522=DIRECTION('',(0.500000000000003,-0.866025403784437,0.));
#4523=DIRECTION('',(1.,6.15348059642742E-15,0.));
#4524=DIRECTION('',(0.5,0.866025403784438,0.));
#4525=DIRECTION('',(-1.,0.,0.));
#4526=DIRECTION('',(-0.499999999999993,-0.866025403784443,0.));
#4527=DIRECTION('',(0.5,-0.866025403784438,0.));
#4528=DIRECTION('',(1.,0.,0.));
#4529=DIRECTION('',(0.499999999999995,0.866025403784441,0.));
#4530=DIRECTION('',(-0.5,0.866025403784438,0.));
#4531=DIRECTION('',(1.,0.,0.));
#4532=DIRECTION('',(0.499999999999995,0.866025403784441,0.));
#4533=DIRECTION('',(-0.5,0.866025403784438,0.));
#4534=DIRECTION('',(-1.,0.,0.));
#4535=DIRECTION('',(-0.499999999999993,-0.866025403784443,0.));
#4536=DIRECTION('',(0.5,-0.866025403784438,0.));
#4537=DIRECTION('center_axis',(0.,-1.,0.));
#4538=DIRECTION('ref_axis',(1.,0.,0.));
#4539=DIRECTION('',(0.,0.,1.));
#4540=DIRECTION('',(-1.,0.,0.));
#4541=DIRECTION('',(0.,0.,1.));
#4542=DIRECTION('center_axis',(-0.866025403784438,-0.5,0.));
#4543=DIRECTION('ref_axis',(0.5,-0.866025403784438,0.));
#4544=DIRECTION('',(0.,0.,1.));
#4545=DIRECTION('',(-0.5,0.866025403784438,0.));
#4546=DIRECTION('center_axis',(-0.866025403784443,0.499999999999993,0.));
#4547=DIRECTION('ref_axis',(-0.499999999999993,-0.866025403784443,0.));
#4548=DIRECTION('',(0.,0.,1.));
#4549=DIRECTION('',(0.499999999999993,0.866025403784443,0.));
#4550=DIRECTION('center_axis',(0.,1.,0.));
#4551=DIRECTION('ref_axis',(-1.,0.,0.));
#4552=DIRECTION('',(0.,0.,1.));
#4553=DIRECTION('',(1.,0.,0.));
#4554=DIRECTION('center_axis',(0.866025403784438,0.5,0.));
#4555=DIRECTION('ref_axis',(-0.5,0.866025403784438,0.));
#4556=DIRECTION('',(0.,0.,1.));
#4557=DIRECTION('',(0.5,-0.866025403784438,0.));
#4558=DIRECTION('center_axis',(0.866025403784441,-0.499999999999995,0.));
#4559=DIRECTION('ref_axis',(0.499999999999995,0.866025403784441,0.));
#4560=DIRECTION('',(-0.499999999999995,-0.866025403784441,0.));
#4561=DIRECTION('center_axis',(0.,1.,0.));
#4562=DIRECTION('ref_axis',(-1.,0.,0.));
#4563=DIRECTION('',(0.,0.,1.));
#4564=DIRECTION('',(1.,0.,0.));
#4565=DIRECTION('',(0.,0.,1.));
#4566=DIRECTION('center_axis',(0.866025403784438,0.5,0.));
#4567=DIRECTION('ref_axis',(-0.5,0.866025403784438,0.));
#4568=DIRECTION('',(0.,0.,1.));
#4569=DIRECTION('',(0.5,-0.866025403784438,0.));
#4570=DIRECTION('center_axis',(0.866025403784441,-0.499999999999995,0.));
#4571=DIRECTION('ref_axis',(0.499999999999995,0.866025403784441,0.));
#4572=DIRECTION('',(0.,0.,1.));
#4573=DIRECTION('',(-0.499999999999995,-0.866025403784441,0.));
#4574=DIRECTION('center_axis',(0.,-1.,0.));
#4575=DIRECTION('ref_axis',(1.,0.,0.));
#4576=DIRECTION('',(0.,0.,1.));
#4577=DIRECTION('',(-1.,0.,0.));
#4578=DIRECTION('center_axis',(-0.866025403784438,-0.5,0.));
#4579=DIRECTION('ref_axis',(0.5,-0.866025403784438,0.));
#4580=DIRECTION('',(0.,0.,1.));
#4581=DIRECTION('',(-0.5,0.866025403784438,0.));
#4582=DIRECTION('center_axis',(-0.866025403784443,0.499999999999993,0.));
#4583=DIRECTION('ref_axis',(-0.499999999999993,-0.866025403784443,0.));
#4584=DIRECTION('',(0.499999999999993,0.866025403784443,0.));
#4585=DIRECTION('center_axis',(0.866025403784437,0.500000000000003,0.));
#4586=DIRECTION('ref_axis',(-0.500000000000003,0.866025403784437,0.));
#4587=DIRECTION('',(0.,0.,1.));
#4588=DIRECTION('',(0.500000000000003,-0.866025403784437,0.));
#4589=DIRECTION('',(0.,0.,1.));
#4590=DIRECTION('center_axis',(0.866025403784438,-0.5,0.));
#4591=DIRECTION('ref_axis',(0.5,0.866025403784438,0.));
#4592=DIRECTION('',(0.,0.,1.));
#4593=DIRECTION('',(-0.5,-0.866025403784438,0.));
#4594=DIRECTION('center_axis',(6.15348059642742E-15,-1.,0.));
#4595=DIRECTION('ref_axis',(1.,6.15348059642742E-15,0.));
#4596=DIRECTION('',(0.,0.,1.));
#4597=DIRECTION('',(-1.,-6.15348059642742E-15,0.));
#4598=DIRECTION('center_axis',(-0.866025403784437,-0.500000000000003,0.));
#4599=DIRECTION('ref_axis',(0.500000000000003,-0.866025403784437,0.));
#4600=DIRECTION('',(0.,0.,1.));
#4601=DIRECTION('',(-0.500000000000003,0.866025403784437,0.));
#4602=DIRECTION('center_axis',(-0.866025403784439,0.499999999999999,0.));
#4603=DIRECTION('ref_axis',(-0.499999999999999,-0.866025403784439,0.));
#4604=DIRECTION('',(0.,0.,1.));
#4605=DIRECTION('',(0.499999999999999,0.866025403784439,0.));
#4606=DIRECTION('center_axis',(-6.1534805964274E-15,1.,0.));
#4607=DIRECTION('ref_axis',(-1.,-6.1534805964274E-15,0.));
#4608=DIRECTION('',(1.,6.1534805964274E-15,0.));
#4609=DIRECTION('center_axis',(-0.86602540378444,0.499999999999998,0.));
#4610=DIRECTION('ref_axis',(-0.499999999999998,-0.86602540378444,0.));
#4611=DIRECTION('',(0.,0.,1.));
#4612=DIRECTION('',(0.499999999999998,0.86602540378444,0.));
#4613=DIRECTION('',(0.,0.,1.));
#4614=DIRECTION('center_axis',(0.,1.,0.));
#4615=DIRECTION('ref_axis',(-1.,0.,0.));
#4616=DIRECTION('',(0.,0.,1.));
#4617=DIRECTION('',(1.,0.,0.));
#4618=DIRECTION('center_axis',(0.866025403784436,0.500000000000005,0.));
#4619=DIRECTION('ref_axis',(-0.500000000000005,0.866025403784435,0.));
#4620=DIRECTION('',(0.,0.,1.));
#4621=DIRECTION('',(0.500000000000005,-0.866025403784435,0.));
#4622=DIRECTION('center_axis',(0.866025403784441,-0.499999999999996,0.));
#4623=DIRECTION('ref_axis',(0.499999999999996,0.866025403784441,0.));
#4624=DIRECTION('',(0.,0.,1.));
#4625=DIRECTION('',(-0.499999999999996,-0.866025403784441,0.));
#4626=DIRECTION('center_axis',(3.0767402982137E-15,-1.,0.));
#4627=DIRECTION('ref_axis',(1.,3.0767402982137E-15,0.));
#4628=DIRECTION('',(0.,0.,1.));
#4629=DIRECTION('',(-1.,-3.0767402982137E-15,0.));
#4630=DIRECTION('center_axis',(-0.866025403784438,-0.500000000000002,0.));
#4631=DIRECTION('ref_axis',(0.500000000000002,-0.866025403784438,0.));
#4632=DIRECTION('',(-0.500000000000002,0.866025403784438,0.));
#4633=DIRECTION('center_axis',(0.,1.,0.));
#4634=DIRECTION('ref_axis',(-1.,0.,0.));
#4635=DIRECTION('',(0.,0.,1.));
#4636=DIRECTION('',(1.,0.,0.));
#4637=DIRECTION('',(0.,0.,1.));
#4638=DIRECTION('center_axis',(0.866025403784436,0.500000000000005,0.));
#4639=DIRECTION('ref_axis',(-0.500000000000005,0.866025403784435,0.));
#4640=DIRECTION('',(0.,0.,1.));
#4641=DIRECTION('',(0.500000000000005,-0.866025403784435,0.));
#4642=DIRECTION('center_axis',(0.866025403784441,-0.499999999999995,0.));
#4643=DIRECTION('ref_axis',(0.499999999999995,0.866025403784441,0.));
#4644=DIRECTION('',(0.,0.,1.));
#4645=DIRECTION('',(-0.499999999999995,-0.866025403784441,0.));
#4646=DIRECTION('center_axis',(0.,-1.,0.));
#4647=DIRECTION('ref_axis',(1.,0.,0.));
#4648=DIRECTION('',(0.,0.,1.));
#4649=DIRECTION('',(-1.,0.,0.));
#4650=DIRECTION('center_axis',(-0.866025403784437,-0.500000000000003,0.));
#4651=DIRECTION('ref_axis',(0.500000000000003,-0.866025403784437,0.));
#4652=DIRECTION('',(0.,0.,1.));
#4653=DIRECTION('',(-0.500000000000003,0.866025403784437,0.));
#4654=DIRECTION('center_axis',(-0.86602540378444,0.499999999999998,0.));
#4655=DIRECTION('ref_axis',(-0.499999999999998,-0.86602540378444,0.));
#4656=DIRECTION('',(0.499999999999998,0.86602540378444,0.));
#4657=DIRECTION('center_axis',(0.866025403784441,-0.499999999999996,0.));
#4658=DIRECTION('ref_axis',(0.499999999999996,0.866025403784441,0.));
#4659=DIRECTION('',(0.,0.,1.));
#4660=DIRECTION('',(-0.499999999999996,-0.866025403784441,0.));
#4661=DIRECTION('',(0.,0.,1.));
#4662=DIRECTION('center_axis',(3.0767402982137E-15,-1.,0.));
#4663=DIRECTION('ref_axis',(1.,3.0767402982137E-15,0.));
#4664=DIRECTION('',(0.,0.,1.));
#4665=DIRECTION('',(-1.,-3.0767402982137E-15,0.));
#4666=DIRECTION('center_axis',(-0.866025403784438,-0.500000000000002,0.));
#4667=DIRECTION('ref_axis',(0.500000000000002,-0.866025403784438,0.));
#4668=DIRECTION('',(0.,0.,1.));
#4669=DIRECTION('',(-0.500000000000002,0.866025403784438,0.));
#4670=DIRECTION('center_axis',(-0.86602540378444,0.499999999999998,0.));
#4671=DIRECTION('ref_axis',(-0.499999999999998,-0.86602540378444,0.));
#4672=DIRECTION('',(0.,0.,1.));
#4673=DIRECTION('',(0.499999999999998,0.86602540378444,0.));
#4674=DIRECTION('center_axis',(0.,1.,0.));
#4675=DIRECTION('ref_axis',(-1.,0.,0.));
#4676=DIRECTION('',(0.,0.,1.));
#4677=DIRECTION('',(1.,0.,0.));
#4678=DIRECTION('center_axis',(0.866025403784436,0.500000000000005,0.));
#4679=DIRECTION('ref_axis',(-0.500000000000005,0.866025403784435,0.));
#4680=DIRECTION('',(0.500000000000005,-0.866025403784435,0.));
#4681=DIRECTION('center_axis',(0.86602540378444,-0.499999999999998,0.));
#4682=DIRECTION('ref_axis',(0.499999999999998,0.86602540378444,0.));
#4683=DIRECTION('',(0.,0.,1.));
#4684=DIRECTION('',(-0.499999999999998,-0.86602540378444,0.));
#4685=DIRECTION('',(0.,0.,1.));
#4686=DIRECTION('center_axis',(6.1534805964274E-15,-1.,0.));
#4687=DIRECTION('ref_axis',(1.,6.1534805964274E-15,0.));
#4688=DIRECTION('',(0.,0.,1.));
#4689=DIRECTION('',(-1.,-6.1534805964274E-15,0.));
#4690=DIRECTION('center_axis',(-0.866025403784437,-0.500000000000003,0.));
#4691=DIRECTION('ref_axis',(0.500000000000003,-0.866025403784437,0.));
#4692=DIRECTION('',(0.,0.,1.));
#4693=DIRECTION('',(-0.500000000000003,0.866025403784437,0.));
#4694=DIRECTION('center_axis',(-0.866025403784441,0.499999999999995,0.));
#4695=DIRECTION('ref_axis',(-0.499999999999995,-0.866025403784441,0.));
#4696=DIRECTION('',(0.,0.,1.));
#4697=DIRECTION('',(0.499999999999995,0.866025403784441,0.));
#4698=DIRECTION('center_axis',(0.,1.,0.));
#4699=DIRECTION('ref_axis',(-1.,0.,0.));
#4700=DIRECTION('',(0.,0.,1.));
#4701=DIRECTION('',(1.,0.,0.));
#4702=DIRECTION('center_axis',(0.866025403784437,0.500000000000003,0.));
#4703=DIRECTION('ref_axis',(-0.500000000000003,0.866025403784437,0.));
#4704=DIRECTION('',(0.500000000000003,-0.866025403784437,0.));
#4705=DIRECTION('center_axis',(0.,0.,1.));
#4706=DIRECTION('ref_axis',(1.,0.,0.));
#4707=DIRECTION('',(-1.,0.,0.));
#4708=DIRECTION('',(0.,-1.,0.));
#4709=DIRECTION('',(1.,0.,0.));
#4710=DIRECTION('',(0.,1.,0.));
#4711=DIRECTION('center_axis',(-1.,0.,0.));
#4712=DIRECTION('ref_axis',(0.,-1.,0.));
#4713=DIRECTION('',(0.,0.,-1.));
#4714=DIRECTION('',(0.,-1.,0.));
#4715=DIRECTION('',(0.,0.,1.));
#4716=DIRECTION('center_axis',(0.,1.,0.));
#4717=DIRECTION('ref_axis',(-1.,0.,0.));
#4718=DIRECTION('',(0.,0.,1.));
#4719=DIRECTION('',(0.,0.,1.));
#4720=DIRECTION('',(-1.,0.,0.));
#4721=DIRECTION('',(0.,0.,1.));
#4722=DIRECTION('',(-1.,0.,0.));
#4723=DIRECTION('center_axis',(0.,0.,1.));
#4724=DIRECTION('ref_axis',(1.,0.,0.));
#4725=DIRECTION('center_axis',(0.,0.,1.));
#4726=DIRECTION('ref_axis',(1.,0.,0.));
#4727=DIRECTION('center_axis',(0.,0.,-1.));
#4728=DIRECTION('ref_axis',(0.,1.,0.));
#4729=DIRECTION('',(0.,-1.,0.));
#4730=DIRECTION('',(1.,0.,0.));
#4731=DIRECTION('',(1.,0.,0.));
#4732=DIRECTION('center_axis',(0.,-1.,0.));
#4733=DIRECTION('ref_axis',(0.,0.,-1.));
#4734=DIRECTION('',(0.,0.,1.));
#4735=DIRECTION('',(-1.,0.,0.));
#4736=DIRECTION('center_axis',(0.,1.,0.));
#4737=DIRECTION('ref_axis',(0.,0.,1.));
#4738=DIRECTION('',(0.,0.,-1.));
#4739=DIRECTION('',(1.,0.,0.));
#4740=DIRECTION('center_axis',(1.,0.,0.));
#4741=DIRECTION('ref_axis',(0.,1.,0.));
#4742=DIRECTION('',(0.,1.,0.));
#4743=DIRECTION('',(0.,0.,1.));
#4744=DIRECTION('',(0.,1.,0.));
#4745=DIRECTION('center_axis',(0.,0.,1.));
#4746=DIRECTION('ref_axis',(1.,0.,0.));
#4747=DIRECTION('',(0.,-1.,0.));
#4748=DIRECTION('',(1.,0.,0.));
#4749=DIRECTION('',(0.,-1.,0.));
#4750=DIRECTION('center_axis',(1.,0.,0.));
#4751=DIRECTION('ref_axis',(0.,-1.,0.));
#4752=DIRECTION('',(0.,0.,-1.));
#4753=DIRECTION('center_axis',(0.,-1.,0.));
#4754=DIRECTION('ref_axis',(1.,0.,0.));
#4755=DIRECTION('',(1.,0.,0.));
#4756=DIRECTION('',(0.,0.,1.));
#4757=DIRECTION('',(0.,0.,-1.));
#4758=DIRECTION('center_axis',(0.,-1.,0.));
#4759=DIRECTION('ref_axis',(1.,0.,0.));
#4760=DIRECTION('',(1.,0.,0.));
#4761=DIRECTION('',(0.,0.,1.));
#4762=DIRECTION('',(1.,0.,0.));
#4763=DIRECTION('center_axis',(0.,0.,1.));
#4764=DIRECTION('ref_axis',(1.,0.,0.));
#4765=DIRECTION('',(0.,1.,0.));
#4766=DIRECTION('',(-1.,0.,0.));
#4767=DIRECTION('center_axis',(0.,-1.,0.));
#4768=DIRECTION('ref_axis',(-1.,0.,0.));
#4769=DIRECTION('',(0.,0.,-1.));
#4770=DIRECTION('center_axis',(-1.,0.,0.));
#4771=DIRECTION('ref_axis',(0.,1.,0.));
#4772=DIRECTION('center_axis',(0.,0.,1.));
#4773=DIRECTION('ref_axis',(1.,0.,0.));
#4774=DIRECTION('center_axis',(1.,0.,0.));
#4775=DIRECTION('ref_axis',(0.,1.,0.));
#4776=DIRECTION('center_axis',(-1.,0.,0.));
#4777=DIRECTION('ref_axis',(0.,-1.,0.));
#4778=DIRECTION('',(0.,1.,0.));
#4779=DIRECTION('center_axis',(0.,0.,1.));
#4780=DIRECTION('ref_axis',(1.,0.,0.));
#4781=DIRECTION('axis',(0.,0.,1.));
#4782=DIRECTION('refdir',(1.,0.,0.));
#4783=DIRECTION('center_axis',(0.,0.,1.));
#4784=DIRECTION('ref_axis',(1.,0.,0.));
#4785=DIRECTION('center_axis',(0.,0.,-1.));
#4786=DIRECTION('ref_axis',(1.,0.,0.));
#4787=DIRECTION('center_axis',(0.,-1.,0.));
#4788=DIRECTION('ref_axis',(-1.,0.,0.));
#4789=DIRECTION('center_axis',(0.,0.,1.));
#4790=DIRECTION('ref_axis',(1.,0.,0.));
#4791=DIRECTION('center_axis',(0.,0.,1.));
#4792=DIRECTION('ref_axis',(1.,0.,0.));
#4793=DIRECTION('',(0.,0.,-1.));
#4794=DIRECTION('center_axis',(0.,0.,1.));
#4795=DIRECTION('ref_axis',(1.,0.,0.));
#4796=DIRECTION('center_axis',(0.,0.,1.));
#4797=DIRECTION('ref_axis',(1.,0.,0.));
#4798=DIRECTION('center_axis',(0.,0.,1.));
#4799=DIRECTION('ref_axis',(1.,0.,0.));
#4800=DIRECTION('center_axis',(0.,0.,1.));
#4801=DIRECTION('ref_axis',(1.,0.,0.));
#4802=DIRECTION('',(0.,0.,-1.));
#4803=DIRECTION('center_axis',(0.,0.,1.));
#4804=DIRECTION('ref_axis',(1.,0.,0.));
#4805=DIRECTION('center_axis',(0.,0.,1.));
#4806=DIRECTION('ref_axis',(1.,0.,0.));
#4807=DIRECTION('center_axis',(0.,0.,1.));
#4808=DIRECTION('ref_axis',(1.,0.,0.));
#4809=DIRECTION('',(0.,0.,1.));
#4810=DIRECTION('',(1.,0.,0.));
#4811=DIRECTION('',(0.,0.,1.));
#4812=DIRECTION('',(1.,0.,0.));
#4813=DIRECTION('',(0.,0.,1.));
#4814=DIRECTION('',(1.,0.,0.));
#4815=DIRECTION('',(0.,0.,1.));
#4816=DIRECTION('',(1.,0.,0.));
#4817=CARTESIAN_POINT('',(0.,0.,0.));
#4818=CARTESIAN_POINT('',(0.,0.,0.));
#4819=CARTESIAN_POINT('Origin',(18.712996055735,15.4485694273146,0.));
#4820=CARTESIAN_POINT('',(18.712996055735,-19.5514305726854,3.));
#4821=CARTESIAN_POINT('',(18.712996055735,15.4485694273146,3.));
#4822=CARTESIAN_POINT('',(18.712996055735,15.4485694273146,3.));
#4823=CARTESIAN_POINT('',(18.712996055735,-19.5514305726854,12.));
#4824=CARTESIAN_POINT('',(18.712996055735,-19.5514305726854,0.));
#4825=CARTESIAN_POINT('',(18.712996055735,15.4485694273146,12.));
#4826=CARTESIAN_POINT('',(18.712996055735,15.4485694273146,12.));
#4827=CARTESIAN_POINT('',(18.712996055735,15.4485694273146,0.));
#4828=CARTESIAN_POINT('Origin',(18.712996055735,-19.5514305726854,0.));
#4829=CARTESIAN_POINT('',(-16.287003944265,-19.5514305726854,3.));
#4830=CARTESIAN_POINT('',(18.712996055735,-19.5514305726854,3.));
#4831=CARTESIAN_POINT('',(-16.287003944265,-19.5514305726854,12.));
#4832=CARTESIAN_POINT('',(-16.287003944265,-19.5514305726854,0.));
#4833=CARTESIAN_POINT('',(18.712996055735,-19.5514305726854,12.));
#4834=CARTESIAN_POINT('Origin',(-16.287003944265,15.4485694273146,0.));
#4835=CARTESIAN_POINT('',(-16.287003944265,15.4485694273146,3.));
#4836=CARTESIAN_POINT('',(-16.287003944265,15.4485694273146,3.));
#4837=CARTESIAN_POINT('',(-16.287003944265,15.4485694273146,12.));
#4838=CARTESIAN_POINT('',(-16.287003944265,15.4485694273146,12.));
#4839=CARTESIAN_POINT('',(-16.287003944265,15.4485694273146,0.));
#4840=CARTESIAN_POINT('Origin',(-16.287003944265,-19.5514305726854,0.));
#4841=CARTESIAN_POINT('',(-16.287003944265,-19.5514305726854,3.));
#4842=CARTESIAN_POINT('',(-16.287003944265,-19.5514305726854,12.));
#4843=CARTESIAN_POINT('Origin',(-17.787003944265,16.9485694273146,0.));
#4844=CARTESIAN_POINT('',(-17.787003944265,-21.0514305726854,0.));
#4845=CARTESIAN_POINT('',(-17.787003944265,16.9485694273146,0.));
#4846=CARTESIAN_POINT('',(-17.787003944265,-21.0514305726854,0.));
#4847=CARTESIAN_POINT('',(-17.787003944265,-21.0514305726854,12.));
#4848=CARTESIAN_POINT('',(-17.787003944265,-21.0514305726854,0.));
#4849=CARTESIAN_POINT('',(-17.787003944265,16.9485694273146,12.));
#4850=CARTESIAN_POINT('',(-17.787003944265,-21.0514305726854,12.));
#4851=CARTESIAN_POINT('',(-17.787003944265,16.9485694273146,0.));
#4852=CARTESIAN_POINT('Origin',(20.212996055735,16.9485694273146,0.));
#4853=CARTESIAN_POINT('',(20.212996055735,16.9485694273146,0.));
#4854=CARTESIAN_POINT('',(-17.787003944265,16.9485694273146,0.));
#4855=CARTESIAN_POINT('',(20.212996055735,16.9485694273146,12.));
#4856=CARTESIAN_POINT('',(-17.787003944265,16.9485694273146,12.));
#4857=CARTESIAN_POINT('',(20.212996055735,16.9485694273146,0.));
#4858=CARTESIAN_POINT('Origin',(20.212996055735,-21.0514305726854,0.));
#4859=CARTESIAN_POINT('',(20.212996055735,-21.0514305726854,0.));
#4860=CARTESIAN_POINT('',(20.212996055735,16.9485694273146,0.));
#4861=CARTESIAN_POINT('',(20.212996055735,-21.0514305726854,12.));
#4862=CARTESIAN_POINT('',(20.212996055735,16.9485694273146,12.));
#4863=CARTESIAN_POINT('',(20.212996055735,-21.0514305726854,0.));
#4864=CARTESIAN_POINT('Origin',(-17.787003944265,-21.0514305726854,0.));
#4865=CARTESIAN_POINT('',(20.212996055735,-21.0514305726854,0.));
#4866=CARTESIAN_POINT('',(20.212996055735,-21.0514305726854,12.));
#4867=CARTESIAN_POINT('Origin',(1.21299605573496,-2.0514305726854,12.));
#4868=CARTESIAN_POINT('Origin',(3.76299605573496,-14.5514305726854,0.));
#4869=CARTESIAN_POINT('',(3.26299605573496,-14.5514305726854,3.));
#4870=CARTESIAN_POINT('Origin',(3.76299605573496,-14.5514305726854,3.));
#4871=CARTESIAN_POINT('',(3.26299605573496,-14.5514305726854,0.));
#4872=CARTESIAN_POINT('',(3.26299605573496,-14.5514305726854,0.));
#4873=CARTESIAN_POINT('Origin',(3.76299605573496,-14.5514305726854,0.));
#4874=CARTESIAN_POINT('Origin',(3.76299605573496,10.4485694273146,0.));
#4875=CARTESIAN_POINT('',(3.26299605573496,10.4485694273146,3.));
#4876=CARTESIAN_POINT('Origin',(3.76299605573496,10.4485694273146,3.));
#4877=CARTESIAN_POINT('',(3.26299605573496,10.4485694273146,0.));
#4878=CARTESIAN_POINT('',(3.26299605573496,10.4485694273146,0.));
#4879=CARTESIAN_POINT('Origin',(3.76299605573496,10.4485694273146,0.));
#4880=CARTESIAN_POINT('Origin',(16.262996055735,-2.0514305726854,0.));
#4881=CARTESIAN_POINT('',(15.762996055735,-2.0514305726854,3.));
#4882=CARTESIAN_POINT('Origin',(16.262996055735,-2.0514305726854,3.));
#4883=CARTESIAN_POINT('',(15.762996055735,-2.0514305726854,0.));
#4884=CARTESIAN_POINT('',(15.762996055735,-2.0514305726854,0.));
#4885=CARTESIAN_POINT('Origin',(16.262996055735,-2.0514305726854,0.));
#4886=CARTESIAN_POINT('Origin',(-1.33700394426504,10.4485694273146,0.));
#4887=CARTESIAN_POINT('',(-1.83700394426504,10.4485694273146,3.));
#4888=CARTESIAN_POINT('Origin',(-1.33700394426504,10.4485694273146,3.));
#4889=CARTESIAN_POINT('',(-1.83700394426504,10.4485694273146,0.));
#4890=CARTESIAN_POINT('',(-1.83700394426504,10.4485694273146,0.));
#4891=CARTESIAN_POINT('Origin',(-1.33700394426504,10.4485694273146,0.));
#4892=CARTESIAN_POINT('Origin',(-1.33700394426504,-14.5514305726854,0.));
#4893=CARTESIAN_POINT('',(-1.83700394426504,-14.5514305726854,3.));
#4894=CARTESIAN_POINT('Origin',(-1.33700394426504,-14.5514305726854,3.));
#4895=CARTESIAN_POINT('',(-1.83700394426504,-14.5514305726854,0.));
#4896=CARTESIAN_POINT('',(-1.83700394426504,-14.5514305726854,0.));
#4897=CARTESIAN_POINT('Origin',(-1.33700394426504,-14.5514305726854,0.));
#4898=CARTESIAN_POINT('Origin',(-13.837003944265,-2.0514305726854,0.));
#4899=CARTESIAN_POINT('',(-14.337003944265,-2.0514305726854,3.));
#4900=CARTESIAN_POINT('Origin',(-13.837003944265,-2.0514305726854,3.));
#4901=CARTESIAN_POINT('',(-14.337003944265,-2.0514305726854,0.));
#4902=CARTESIAN_POINT('',(-14.337003944265,-2.0514305726854,0.));
#4903=CARTESIAN_POINT('Origin',(-13.837003944265,-2.0514305726854,0.));
#4904=CARTESIAN_POINT('Origin',(11.162996055735,-2.0514305726854,0.));
#4905=CARTESIAN_POINT('',(10.662996055735,-2.0514305726854,3.));
#4906=CARTESIAN_POINT('Origin',(11.162996055735,-2.0514305726854,3.));
#4907=CARTESIAN_POINT('',(10.662996055735,-2.0514305726854,0.));
#4908=CARTESIAN_POINT('',(10.662996055735,-2.0514305726854,0.));
#4909=CARTESIAN_POINT('Origin',(11.162996055735,-2.0514305726854,0.));
#4910=CARTESIAN_POINT('Origin',(-8.73700394426504,-2.0514305726854,0.));
#4911=CARTESIAN_POINT('',(-9.23700394426504,-2.0514305726854,3.));
#4912=CARTESIAN_POINT('Origin',(-8.73700394426504,-2.0514305726854,3.));
#4913=CARTESIAN_POINT('',(-9.23700394426504,-2.0514305726854,0.));
#4914=CARTESIAN_POINT('',(-9.23700394426504,-2.0514305726854,0.));
#4915=CARTESIAN_POINT('Origin',(-8.73700394426504,-2.0514305726854,0.));
#4916=CARTESIAN_POINT('Origin',(1.21299605573496,-2.0514305726854,3.));
#4917=CARTESIAN_POINT('Origin',(1.21299605573496,-2.0514305726854,0.));
#4918=CARTESIAN_POINT('Origin',(44.5000005364418,19.5000002831221,-5.55111512312578E-16));
#4919=CARTESIAN_POINT('',(44.5000005364418,10.5000002831221,3.));
#4920=CARTESIAN_POINT('',(44.5000005364418,19.5000002831221,3.));
#4921=CARTESIAN_POINT('',(44.5000005364418,19.5000002831221,3.));
#4922=CARTESIAN_POINT('',(44.5000005364418,10.5000002831221,12.));
#4923=CARTESIAN_POINT('',(44.5000005364418,10.5000002831221,2.77555756156289E-15));
#4924=CARTESIAN_POINT('',(44.5000005364418,19.5000002831221,12.));
#4925=CARTESIAN_POINT('',(44.5000005364418,19.5000002831221,12.));
#4926=CARTESIAN_POINT('',(44.5000005364418,19.5000002831221,-5.55111512312578E-16));
#4927=CARTESIAN_POINT('Origin',(44.5000005364418,10.5000002831221,2.77555756156289E-15));
#4928=CARTESIAN_POINT('',(35.5000005364418,10.5000002831221,3.));
#4929=CARTESIAN_POINT('',(44.5000005364418,10.5000002831221,3.));
#4930=CARTESIAN_POINT('',(35.5000005364418,10.5000002831221,12.));
#4931=CARTESIAN_POINT('',(35.5000005364418,10.5000002831221,1.11022302462516E-15));
#4932=CARTESIAN_POINT('',(44.5000005364418,10.5000002831221,12.));
#4933=CARTESIAN_POINT('Origin',(35.5000005364418,19.5000002831221,5.55111512312578E-16));
#4934=CARTESIAN_POINT('',(35.5000005364418,19.5000002831221,3.));
#4935=CARTESIAN_POINT('',(35.5000005364418,19.5000002831221,3.));
#4936=CARTESIAN_POINT('',(35.5000005364418,19.5000002831221,12.));
#4937=CARTESIAN_POINT('',(35.5000005364418,19.5000002831221,12.));
#4938=CARTESIAN_POINT('',(35.5000005364418,19.5000002831221,5.55111512312578E-16));
#4939=CARTESIAN_POINT('Origin',(35.5000005364418,10.5000002831221,1.11022302462516E-15));
#4940=CARTESIAN_POINT('',(35.5000005364418,10.5000002831221,3.));
#4941=CARTESIAN_POINT('',(35.5000005364418,10.5000002831221,12.));
#4942=CARTESIAN_POINT('Origin',(34.0000005364418,21.0000002831221,1.11022302462516E-15));
#4943=CARTESIAN_POINT('',(34.0000005364418,9.00000028312206,1.11022302462516E-15));
#4944=CARTESIAN_POINT('',(34.0000005364418,21.0000002831221,1.11022302462516E-15));
#4945=CARTESIAN_POINT('',(34.0000005364418,9.00000028312206,1.11022302462516E-15));
#4946=CARTESIAN_POINT('',(34.0000005364418,9.00000028312207,12.));
#4947=CARTESIAN_POINT('',(34.0000005364418,9.00000028312206,1.11022302462516E-15));
#4948=CARTESIAN_POINT('',(34.0000005364418,21.0000002831221,12.));
#4949=CARTESIAN_POINT('',(34.0000005364418,9.00000028312207,12.));
#4950=CARTESIAN_POINT('',(34.0000005364418,21.0000002831221,1.11022302462516E-15));
#4951=CARTESIAN_POINT('Origin',(46.0000005364418,21.0000002831221,-5.55111512312578E-16));
#4952=CARTESIAN_POINT('',(46.0000005364418,21.0000002831221,-5.55111512312578E-16));
#4953=CARTESIAN_POINT('',(34.0000005364418,21.0000002831221,1.11022302462516E-15));
#4954=CARTESIAN_POINT('',(46.0000005364418,21.0000002831221,12.));
#4955=CARTESIAN_POINT('',(34.0000005364418,21.0000002831221,12.));
#4956=CARTESIAN_POINT('',(46.0000005364418,21.0000002831221,-5.55111512312578E-16));
#4957=CARTESIAN_POINT('Origin',(46.0000005364418,9.00000028312206,2.22044604925031E-15));
#4958=CARTESIAN_POINT('',(46.0000005364418,9.00000028312206,2.22044604925031E-15));
#4959=CARTESIAN_POINT('',(46.0000005364418,21.0000002831221,-5.55111512312578E-16));
#4960=CARTESIAN_POINT('',(46.0000005364418,9.00000028312207,12.));
#4961=CARTESIAN_POINT('',(46.0000005364418,21.0000002831221,12.));
#4962=CARTESIAN_POINT('',(46.0000005364418,9.00000028312206,2.22044604925031E-15));
#4963=CARTESIAN_POINT('Origin',(34.0000005364418,9.00000028312206,1.11022302462516E-15));
#4964=CARTESIAN_POINT('',(46.0000005364418,9.00000028312206,2.22044604925031E-15));
#4965=CARTESIAN_POINT('',(46.0000005364418,9.00000028312207,12.));
#4966=CARTESIAN_POINT('Origin',(40.0000005364418,15.0000002831221,12.));
#4967=CARTESIAN_POINT('Origin',(42.5500005960464,15.0000002235174,3.88578058618805E-15));
#4968=CARTESIAN_POINT('',(43.0500005960464,15.0000002235174,3.));
#4969=CARTESIAN_POINT('Origin',(42.5500005960464,15.0000002235174,3.));
#4970=CARTESIAN_POINT('',(43.0500005960464,15.0000002235174,3.88578058618805E-15));
#4971=CARTESIAN_POINT('',(43.0500005960464,15.0000002235174,3.88578058618805E-15));
#4972=CARTESIAN_POINT('Origin',(42.5500005960464,15.0000002235174,3.88578058618805E-15));
#4973=CARTESIAN_POINT('Origin',(37.4500005960464,15.0000002235174,3.88578058618805E-15));
#4974=CARTESIAN_POINT('',(37.9500005960464,15.0000002235174,3.));
#4975=CARTESIAN_POINT('Origin',(37.4500005960464,15.0000002235174,3.));
#4976=CARTESIAN_POINT('',(37.9500005960464,15.0000002235174,3.88578058618805E-15));
#4977=CARTESIAN_POINT('',(37.9500005960464,15.0000002235174,3.88578058618805E-15));
#4978=CARTESIAN_POINT('Origin',(37.4500005960464,15.0000002235174,3.88578058618805E-15));
#4979=CARTESIAN_POINT('Origin',(40.0000005364418,15.0000002831221,3.));
#4980=CARTESIAN_POINT('Origin',(40.0000005364418,15.0000002831221,1.66533453693773E-15));
#4981=CARTESIAN_POINT('',(0.,0.,0.));
#4982=CARTESIAN_POINT('Origin',(-58.787003944265,-92.0514305726854,-2.));
#4983=CARTESIAN_POINT('',(-58.787003944265,-97.0514305726854,-2.));
#4984=CARTESIAN_POINT('',(-53.787003944265,-92.0514305726854,-2.));
#4985=CARTESIAN_POINT('Origin',(-58.787003944265,-92.0514305726854,-2.));
#4986=CARTESIAN_POINT('',(-58.787003944265,-92.0514305726854,3.));
#4987=CARTESIAN_POINT('Origin',(-58.787003944265,-92.0514305726854,-2.));
#4988=CARTESIAN_POINT('Origin',(-58.787003944265,-92.0514305726854,-2.));
#4989=CARTESIAN_POINT('Origin',(-58.787003944265,-92.0514305726854,0.));
#4990=CARTESIAN_POINT('',(-58.787003944265,-97.0514305726854,-5.));
#4991=CARTESIAN_POINT('',(-53.787003944265,-92.0514305726854,-5.));
#4992=CARTESIAN_POINT('Origin',(-58.787003944265,-92.0514305726854,-5.));
#4993=CARTESIAN_POINT('',(-53.787003944265,-92.0514305726854,0.));
#4994=CARTESIAN_POINT('',(-58.787003944265,-97.0514305726854,0.));
#4995=CARTESIAN_POINT('Origin',(-58.787003944265,0.448569427314602,-2.));
#4996=CARTESIAN_POINT('',(-53.787003944265,27.9485694273146,-2.));
#4997=CARTESIAN_POINT('',(-53.787003944265,0.448569427314602,-2.));
#4998=CARTESIAN_POINT('',(-58.787003944265,27.9485694273146,3.));
#4999=CARTESIAN_POINT('Origin',(-58.787003944265,27.9485694273146,-2.));
#5000=CARTESIAN_POINT('',(-58.787003944265,0.448569427314602,3.));
#5001=CARTESIAN_POINT('Origin',(-53.787003944265,32.9485694273146,0.));
#5002=CARTESIAN_POINT('',(-53.787003944265,27.9485694273146,-5.));
#5003=CARTESIAN_POINT('',(-53.787003944265,32.9485694273146,-5.));
#5004=CARTESIAN_POINT('',(-53.787003944265,27.9485694273146,0.));
#5005=CARTESIAN_POINT('Origin',(-193.787003944265,-32.0514305726854,-5.));
#5006=CARTESIAN_POINT('',(-328.787003944265,-97.0514305726854,-5.));
#5007=CARTESIAN_POINT('',(-53.787003944265,-97.0514305726854,-5.));
#5008=CARTESIAN_POINT('',(-333.787003944265,-92.0514305726854,-5.));
#5009=CARTESIAN_POINT('Origin',(-328.787003944265,-92.0514305726854,-5.));
#5010=CARTESIAN_POINT('',(-333.787003944265,27.9485694273146,-5.));
#5011=CARTESIAN_POINT('',(-333.787003944265,-97.0514305726854,-5.));
#5012=CARTESIAN_POINT('',(-328.787003944265,32.9485694273146,-5.));
#5013=CARTESIAN_POINT('Origin',(-328.787003944265,27.9485694273146,-5.));
#5014=CARTESIAN_POINT('',(-328.787003944265,29.9485694273146,-5.));
#5015=CARTESIAN_POINT('',(-328.787003944265,0.448569427314602,-5.));
#5016=CARTESIAN_POINT('',(-298.787003944265,29.9485694273146,-5.));
#5017=CARTESIAN_POINT('',(-261.287003944265,29.9485694273146,-5.));
#5018=CARTESIAN_POINT('',(-298.787003944265,27.9485694273146,-5.));
#5019=CARTESIAN_POINT('',(-298.787003944265,-1.0514305726854,-5.));
#5020=CARTESIAN_POINT('',(-328.787003944265,27.9485694273146,-5.));
#5021=CARTESIAN_POINT('',(-328.787003944265,27.9485694273146,-5.));
#5022=CARTESIAN_POINT('',(-328.787003944265,-92.0514305726854,-5.));
#5023=CARTESIAN_POINT('',(-328.787003944265,-92.0514305726854,-5.));
#5024=CARTESIAN_POINT('',(-58.787003944265,-92.0514305726854,-5.));
#5025=CARTESIAN_POINT('',(-58.787003944265,-92.0514305726854,-5.));
#5026=CARTESIAN_POINT('',(-58.787003944265,27.9485694273146,-5.));
#5027=CARTESIAN_POINT('',(-58.787003944265,27.9485694273146,-5.));
#5028=CARTESIAN_POINT('',(-264.287003944265,27.9485694273146,-5.));
#5029=CARTESIAN_POINT('',(-328.787003944265,27.9485694273146,-5.));
#5030=CARTESIAN_POINT('',(-264.287003944265,32.9485694273146,-5.));
#5031=CARTESIAN_POINT('',(-264.287003944265,-2.0514305726854,-5.));
#5032=CARTESIAN_POINT('',(-58.787003944265,32.9485694273146,-5.));
#5033=CARTESIAN_POINT('',(-333.787003944265,32.9485694273146,-5.));
#5034=CARTESIAN_POINT('Origin',(-58.787003944265,27.9485694273146,-5.));
#5035=CARTESIAN_POINT('Origin',(-58.787003944265,27.9485694273146,-2.));
#5036=CARTESIAN_POINT('',(-58.787003944265,32.9485694273146,-2.));
#5037=CARTESIAN_POINT('Origin',(-58.787003944265,27.9485694273146,-2.));
#5038=CARTESIAN_POINT('Origin',(-58.787003944265,27.9485694273146,-2.));
#5039=CARTESIAN_POINT('Origin',(-58.787003944265,27.9485694273146,0.));
#5040=CARTESIAN_POINT('',(-58.787003944265,32.9485694273146,0.));
#5041=CARTESIAN_POINT('Origin',(-263.787003944265,27.9485694273146,-2.));
#5042=CARTESIAN_POINT('',(-288.787003944265,32.9485694273146,-2.));
#5043=CARTESIAN_POINT('',(-263.787003944265,32.9485694273146,-2.));
#5044=CARTESIAN_POINT('',(-288.787003944265,32.5311451222704,0.));
#5045=CARTESIAN_POINT('Origin',(-288.787003944265,27.9485694273146,-2.));
#5046=CARTESIAN_POINT('',(-328.787003944265,32.5311451222704,0.));
#5047=CARTESIAN_POINT('',(-263.787003944265,32.5311451222704,0.));
#5048=CARTESIAN_POINT('',(-328.787003944265,27.9485694273146,3.));
#5049=CARTESIAN_POINT('Origin',(-328.787003944265,27.9485694273146,-2.));
#5050=CARTESIAN_POINT('',(-263.787003944265,27.9485694273146,3.));
#5051=CARTESIAN_POINT('Origin',(-333.787003944265,32.9485694273146,0.));
#5052=CARTESIAN_POINT('',(-264.287003944265,32.9485694273146,-3.5));
#5053=CARTESIAN_POINT('',(-264.287003944265,32.9485694273146,-2.5));
#5054=CARTESIAN_POINT('',(-283.787003944265,32.9485694273146,-3.5));
#5055=CARTESIAN_POINT('',(-303.912003944265,32.9485694273146,-3.5));
#5056=CARTESIAN_POINT('',(-283.787003944265,32.9485694273146,-5.));
#5057=CARTESIAN_POINT('',(-283.787003944265,32.9485694273146,-2.5));
#5058=CARTESIAN_POINT('',(-288.787003944265,32.9485694273146,-5.));
#5059=CARTESIAN_POINT('',(-333.787003944265,32.9485694273146,-5.));
#5060=CARTESIAN_POINT('',(-288.787003944265,32.9485694273146,-2.5));
#5061=CARTESIAN_POINT('Origin',(-328.787003944265,-92.0514305726854,-2.));
#5062=CARTESIAN_POINT('',(-333.787003944265,-92.0514305726854,-2.));
#5063=CARTESIAN_POINT('',(-328.787003944265,-97.0514305726854,-2.));
#5064=CARTESIAN_POINT('Origin',(-328.787003944265,-92.0514305726854,-2.));
#5065=CARTESIAN_POINT('',(-328.787003944265,-92.0514305726854,3.));
#5066=CARTESIAN_POINT('Origin',(-328.787003944265,-92.0514305726854,-2.));
#5067=CARTESIAN_POINT('Origin',(-328.787003944265,-92.0514305726854,-2.));
#5068=CARTESIAN_POINT('Origin',(-328.787003944265,-92.0514305726854,0.));
#5069=CARTESIAN_POINT('',(-328.787003944265,-97.0514305726854,0.));
#5070=CARTESIAN_POINT('',(-333.787003944265,-92.0514305726854,0.));
#5071=CARTESIAN_POINT('Origin',(-123.787003944265,-92.0514305726854,-2.));
#5072=CARTESIAN_POINT('',(-123.787003944265,-92.0514305726854,3.));
#5073=CARTESIAN_POINT('',(-123.787003944265,-97.0514305726854,-2.));
#5074=CARTESIAN_POINT('Origin',(-53.787003944265,-97.0514305726854,0.));
#5075=CARTESIAN_POINT('Origin',(-328.787003944265,27.9485694273146,-2.));
#5076=CARTESIAN_POINT('',(-328.787003944265,32.9485694273146,-2.));
#5077=CARTESIAN_POINT('',(-333.787003944265,27.9485694273146,-2.));
#5078=CARTESIAN_POINT('Origin',(-328.787003944265,27.9485694273146,-2.));
#5079=CARTESIAN_POINT('Origin',(-328.787003944265,27.9485694273146,-2.));
#5080=CARTESIAN_POINT('Origin',(-328.787003944265,27.9485694273146,-2.));
#5081=CARTESIAN_POINT('Origin',(-328.787003944265,27.9485694273146,0.));
#5082=CARTESIAN_POINT('',(-333.787003944265,27.9485694273146,0.));
#5083=CARTESIAN_POINT('',(-328.787003944265,32.9485694273146,-2.5));
#5084=CARTESIAN_POINT('Origin',(-328.787003944265,-64.5514305726854,-2.));
#5085=CARTESIAN_POINT('',(-328.787003944265,-64.5514305726854,3.));
#5086=CARTESIAN_POINT('',(-333.787003944265,-64.5514305726854,-2.));
#5087=CARTESIAN_POINT('Origin',(-328.787003944265,32.9485694273146,-5.));
#5088=CARTESIAN_POINT('',(-328.787003944265,29.9485694273146,0.));
#5089=CARTESIAN_POINT('',(-328.787003944265,32.9485694273146,0.));
#5090=CARTESIAN_POINT('',(-328.787003944265,29.9485694273146,-5.));
#5091=CARTESIAN_POINT('Origin',(-193.787003944265,-32.0514305726854,0.));
#5092=CARTESIAN_POINT('',(-288.787003944265,27.9485694273146,0.));
#5093=CARTESIAN_POINT('',(-288.787003944265,27.9485694273146,0.));
#5094=CARTESIAN_POINT('',(-58.787003944265,27.9485694273146,0.));
#5095=CARTESIAN_POINT('',(-126.287003944265,27.9485694273146,0.));
#5096=CARTESIAN_POINT('',(-58.787003944265,-92.0514305726854,0.));
#5097=CARTESIAN_POINT('',(-58.787003944265,-62.0514305726854,0.));
#5098=CARTESIAN_POINT('',(-328.787003944265,-92.0514305726854,0.));
#5099=CARTESIAN_POINT('',(-261.287003944265,-92.0514305726854,0.));
#5100=CARTESIAN_POINT('',(-328.787003944265,27.9485694273146,0.));
#5101=CARTESIAN_POINT('',(-328.787003944265,-2.0514305726854,0.));
#5102=CARTESIAN_POINT('',(-298.787003944265,27.9485694273146,0.));
#5103=CARTESIAN_POINT('',(-126.287003944265,27.9485694273146,0.));
#5104=CARTESIAN_POINT('',(-298.787003944265,29.9485694273146,0.));
#5105=CARTESIAN_POINT('',(-298.787003944265,27.9485694273146,0.));
#5106=CARTESIAN_POINT('',(-298.787003944265,29.9485694273146,0.));
#5107=CARTESIAN_POINT('',(-133.787003944265,-57.0514305726854,0.));
#5108=CARTESIAN_POINT('',(-253.787003944265,-57.0514305726854,0.));
#5109=CARTESIAN_POINT('',(-133.787003944265,-57.0514305726854,0.));
#5110=CARTESIAN_POINT('',(-133.787003944265,17.9485694273146,0.));
#5111=CARTESIAN_POINT('',(-133.787003944265,17.9485694273146,0.));
#5112=CARTESIAN_POINT('',(-253.787003944265,17.9485694273146,0.));
#5113=CARTESIAN_POINT('',(-253.787003944265,17.9485694273146,0.));
#5114=CARTESIAN_POINT('',(-253.787003944265,-57.0514305726854,0.));
#5115=CARTESIAN_POINT('',(-291.287003944265,-27.0514305726854,0.));
#5116=CARTESIAN_POINT('Origin',(-286.287003944265,-27.0514305726854,0.));
#5117=CARTESIAN_POINT('',(-148.787003944265,-72.0514305726854,0.));
#5118=CARTESIAN_POINT('Origin',(-143.787003944265,-72.0514305726854,0.));
#5119=CARTESIAN_POINT('',(-93.787003944265,-14.5514305726854,0.));
#5120=CARTESIAN_POINT('Origin',(-88.787003944265,-14.5514305726854,0.));
#5121=CARTESIAN_POINT('',(-303.787003944265,-39.5514305726854,0.));
#5122=CARTESIAN_POINT('Origin',(-298.787003944265,-39.5514305726854,0.));
#5123=CARTESIAN_POINT('',(-316.287003944265,-27.0514305726854,0.));
#5124=CARTESIAN_POINT('Origin',(-311.287003944265,-27.0514305726854,0.));
#5125=CARTESIAN_POINT('',(-303.787003944265,-14.5514305726854,0.));
#5126=CARTESIAN_POINT('Origin',(-298.787003944265,-14.5514305726854,0.));
#5127=CARTESIAN_POINT('',(-106.287003944265,-27.0514305726854,0.));
#5128=CARTESIAN_POINT('Origin',(-101.287003944265,-27.0514305726854,0.));
#5129=CARTESIAN_POINT('',(-93.787003944265,-39.5514305726854,0.));
#5130=CARTESIAN_POINT('Origin',(-88.787003944265,-39.5514305726854,0.));
#5131=CARTESIAN_POINT('',(-81.287003944265,-27.0514305726854,0.));
#5132=CARTESIAN_POINT('Origin',(-76.287003944265,-27.0514305726854,0.));
#5133=CARTESIAN_POINT('',(-248.787003944265,-72.0514305726854,0.));
#5134=CARTESIAN_POINT('Origin',(-243.787003944265,-72.0514305726854,0.));
#5135=CARTESIAN_POINT('Origin',(-288.787003944265,27.9485694273146,-5.));
#5136=CARTESIAN_POINT('',(-288.787003944265,27.9485694273146,-5.));
#5137=CARTESIAN_POINT('',(-288.787003944265,-2.0514305726854,-5.));
#5138=CARTESIAN_POINT('',(-288.787003944265,27.9485694273146,-2.5));
#5139=CARTESIAN_POINT('Origin',(-193.787003944265,-32.0514305726854,3.));
#5140=CARTESIAN_POINT('',(-248.787003944265,-72.0514305726854,3.));
#5141=CARTESIAN_POINT('Origin',(-243.787003944265,-72.0514305726854,3.));
#5142=CARTESIAN_POINT('',(-81.287003944265,-27.0514305726854,3.));
#5143=CARTESIAN_POINT('Origin',(-76.287003944265,-27.0514305726854,3.));
#5144=CARTESIAN_POINT('',(-93.787003944265,-39.5514305726854,3.));
#5145=CARTESIAN_POINT('Origin',(-88.787003944265,-39.5514305726854,3.));
#5146=CARTESIAN_POINT('',(-106.287003944265,-27.0514305726854,3.));
#5147=CARTESIAN_POINT('Origin',(-101.287003944265,-27.0514305726854,3.));
#5148=CARTESIAN_POINT('',(-303.787003944265,-14.5514305726854,3.));
#5149=CARTESIAN_POINT('Origin',(-298.787003944265,-14.5514305726854,3.));
#5150=CARTESIAN_POINT('',(-316.287003944265,-27.0514305726854,3.));
#5151=CARTESIAN_POINT('Origin',(-311.287003944265,-27.0514305726854,3.));
#5152=CARTESIAN_POINT('',(-303.787003944265,-39.5514305726854,3.));
#5153=CARTESIAN_POINT('Origin',(-298.787003944265,-39.5514305726854,3.));
#5154=CARTESIAN_POINT('',(-93.787003944265,-14.5514305726854,3.));
#5155=CARTESIAN_POINT('Origin',(-88.787003944265,-14.5514305726854,3.));
#5156=CARTESIAN_POINT('',(-148.787003944265,-72.0514305726854,3.));
#5157=CARTESIAN_POINT('Origin',(-143.787003944265,-72.0514305726854,3.));
#5158=CARTESIAN_POINT('',(-291.287003944265,-27.0514305726854,3.));
#5159=CARTESIAN_POINT('Origin',(-286.287003944265,-27.0514305726854,3.));
#5160=CARTESIAN_POINT('',(-133.787003944265,-57.0514305726854,3.));
#5161=CARTESIAN_POINT('',(-253.787003944265,-57.0514305726854,3.));
#5162=CARTESIAN_POINT('',(-133.787003944265,-57.0514305726854,3.));
#5163=CARTESIAN_POINT('',(-253.787003944265,17.9485694273146,3.));
#5164=CARTESIAN_POINT('',(-253.787003944265,-57.0514305726854,3.));
#5165=CARTESIAN_POINT('',(-133.787003944265,17.9485694273146,3.));
#5166=CARTESIAN_POINT('',(-253.787003944265,17.9485694273146,3.));
#5167=CARTESIAN_POINT('',(-133.787003944265,17.9485694273146,3.));
#5168=CARTESIAN_POINT('Origin',(-264.287003944265,27.9485694273146,-5.));
#5169=CARTESIAN_POINT('',(-264.287003944265,27.9485694273146,-3.5));
#5170=CARTESIAN_POINT('',(-264.287003944265,27.9485694273146,-2.5));
#5171=CARTESIAN_POINT('',(-264.287003944265,27.9485694273146,-3.5));
#5172=CARTESIAN_POINT('Origin',(-283.787003944265,32.9485694273146,-5.));
#5173=CARTESIAN_POINT('',(-283.787003944265,27.9485694273146,-5.));
#5174=CARTESIAN_POINT('',(-283.787003944265,0.448569427314602,-5.));
#5175=CARTESIAN_POINT('',(-283.787003944265,27.9485694273146,-3.5));
#5176=CARTESIAN_POINT('',(-283.787003944265,32.9485694273146,-3.5));
#5177=CARTESIAN_POINT('',(-283.787003944265,27.9485694273146,-2.5));
#5178=CARTESIAN_POINT('Origin',(-274.037003944265,30.4485694273146,-3.5));
#5179=CARTESIAN_POINT('',(-166.412003944265,27.9485694273146,-3.5));
#5180=CARTESIAN_POINT('Origin',(-58.787003944265,27.9485694273146,0.));
#5181=CARTESIAN_POINT('',(-58.787003944265,27.9485694273146,0.));
#5182=CARTESIAN_POINT('',(-328.787003944265,27.9485694273146,-5.));
#5183=CARTESIAN_POINT('Origin',(-328.787003944265,29.9485694273146,-5.));
#5184=CARTESIAN_POINT('',(-298.787003944265,29.9485694273146,-5.));
#5185=CARTESIAN_POINT('Origin',(-298.787003944265,29.9485694273146,-5.));
#5186=CARTESIAN_POINT('',(-298.787003944265,27.9485694273146,-2.5));
#5187=CARTESIAN_POINT('Origin',(-193.787003944265,-32.0514305726854,-5.));
#5188=CARTESIAN_POINT('Origin',(-58.787003944265,27.9485694273146,0.));
#5189=CARTESIAN_POINT('',(-328.787003944265,27.9485694273146,0.));
#5190=CARTESIAN_POINT('Origin',(-133.787003944265,17.9485694273146,0.));
#5191=CARTESIAN_POINT('',(-133.787003944265,-57.0514305726854,0.));
#5192=CARTESIAN_POINT('',(-133.787003944265,17.9485694273146,0.));
#5193=CARTESIAN_POINT('Origin',(-253.787003944265,17.9485694273146,0.));
#5194=CARTESIAN_POINT('',(-253.787003944265,17.9485694273146,0.));
#5195=CARTESIAN_POINT('Origin',(-253.787003944265,-57.0514305726854,0.));
#5196=CARTESIAN_POINT('',(-253.787003944265,-57.0514305726854,0.));
#5197=CARTESIAN_POINT('Origin',(-133.787003944265,-57.0514305726854,0.));
#5198=CARTESIAN_POINT('Origin',(-286.287003944265,-27.0514305726854,0.));
#5199=CARTESIAN_POINT('',(-291.287003944265,-27.0514305726854,0.));
#5200=CARTESIAN_POINT('Origin',(-143.787003944265,-72.0514305726854,0.));
#5201=CARTESIAN_POINT('',(-148.787003944265,-72.0514305726854,0.));
#5202=CARTESIAN_POINT('Origin',(-88.787003944265,-14.5514305726854,0.));
#5203=CARTESIAN_POINT('',(-93.787003944265,-14.5514305726854,0.));
#5204=CARTESIAN_POINT('Origin',(-298.787003944265,-39.5514305726854,0.));
#5205=CARTESIAN_POINT('',(-303.787003944265,-39.5514305726854,0.));
#5206=CARTESIAN_POINT('Origin',(-311.287003944265,-27.0514305726854,0.));
#5207=CARTESIAN_POINT('',(-316.287003944265,-27.0514305726854,0.));
#5208=CARTESIAN_POINT('Origin',(-298.787003944265,-14.5514305726854,0.));
#5209=CARTESIAN_POINT('',(-303.787003944265,-14.5514305726854,0.));
#5210=CARTESIAN_POINT('Origin',(-101.287003944265,-27.0514305726854,0.));
#5211=CARTESIAN_POINT('',(-106.287003944265,-27.0514305726854,0.));
#5212=CARTESIAN_POINT('Origin',(-88.787003944265,-39.5514305726854,0.));
#5213=CARTESIAN_POINT('',(-93.787003944265,-39.5514305726854,0.));
#5214=CARTESIAN_POINT('Origin',(-76.287003944265,-27.0514305726854,0.));
#5215=CARTESIAN_POINT('',(-81.287003944265,-27.0514305726854,0.));
#5216=CARTESIAN_POINT('Origin',(-243.787003944265,-72.0514305726854,0.));
#5217=CARTESIAN_POINT('',(-248.787003944265,-72.0514305726854,0.));
#5218=CARTESIAN_POINT('Origin',(-58.787003944265,-92.0514305726854,0.));
#5219=CARTESIAN_POINT('',(-58.787003944265,-92.0514305726854,0.));
#5220=CARTESIAN_POINT('Origin',(-328.787003944265,27.9485694273146,0.));
#5221=CARTESIAN_POINT('',(-328.787003944265,-92.0514305726854,0.));
#5222=CARTESIAN_POINT('Origin',(-328.787003944265,-92.0514305726854,0.));
#5223=CARTESIAN_POINT('Origin',(-333.787003944265,-97.0514305726854,0.));
#5224=CARTESIAN_POINT('',(0.,0.,0.));
#5225=CARTESIAN_POINT('Origin',(-20.,65.,5.));
#5226=CARTESIAN_POINT('',(-20.,60.,5.));
#5227=CARTESIAN_POINT('',(-25.,65.,5.));
#5228=CARTESIAN_POINT('Origin',(-20.,65.,5.));
#5229=CARTESIAN_POINT('',(-20.,65.,0.));
#5230=CARTESIAN_POINT('Origin',(-20.,65.,5.));
#5231=CARTESIAN_POINT('Origin',(-20.,65.,5.));
#5232=CARTESIAN_POINT('Origin',(-20.,65.,0.));
#5233=CARTESIAN_POINT('',(-20.,60.,14.));
#5234=CARTESIAN_POINT('',(-25.,65.,14.));
#5235=CARTESIAN_POINT('Origin',(-20.,65.,14.));
#5236=CARTESIAN_POINT('',(-25.,65.,0.));
#5237=CARTESIAN_POINT('',(-20.,60.,0.));
#5238=CARTESIAN_POINT('Origin',(-25.,60.,0.));
#5239=CARTESIAN_POINT('',(45.,60.,5.));
#5240=CARTESIAN_POINT('',(-7.5,60.,5.));
#5241=CARTESIAN_POINT('',(45.,60.,-13.));
#5242=CARTESIAN_POINT('',(45.,60.,0.));
#5243=CARTESIAN_POINT('',(185.,60.,-13.));
#5244=CARTESIAN_POINT('',(81.25,60.,-13.));
#5245=CARTESIAN_POINT('',(185.,60.,5.));
#5246=CARTESIAN_POINT('',(185.,60.,0.));
#5247=CARTESIAN_POINT('',(250.,60.,5.));
#5248=CARTESIAN_POINT('',(-7.5,60.,5.));
#5249=CARTESIAN_POINT('',(250.,60.,14.));
#5250=CARTESIAN_POINT('',(250.,60.,0.));
#5251=CARTESIAN_POINT('',(255.,60.,14.));
#5252=CARTESIAN_POINT('Origin',(-7.5,65.,5.));
#5253=CARTESIAN_POINT('',(40.,65.,0.));
#5254=CARTESIAN_POINT('',(-7.5,65.,0.));
#5255=CARTESIAN_POINT('Origin',(45.,65.,5.));
#5256=CARTESIAN_POINT('Origin',(-20.,157.5,5.));
#5257=CARTESIAN_POINT('',(-25.,185.,5.));
#5258=CARTESIAN_POINT('',(-25.,157.5,5.));
#5259=CARTESIAN_POINT('',(-20.,185.,0.));
#5260=CARTESIAN_POINT('Origin',(-20.,185.,5.));
#5261=CARTESIAN_POINT('',(-20.,157.5,0.));
#5262=CARTESIAN_POINT('Origin',(-20.,185.,5.));
#5263=CARTESIAN_POINT('',(-20.,190.,5.));
#5264=CARTESIAN_POINT('Origin',(-20.,185.,5.));
#5265=CARTESIAN_POINT('',(-20.,189.898979485566,4.));
#5266=CARTESIAN_POINT('Origin',(-20.,185.,5.));
#5267=CARTESIAN_POINT('Origin',(-20.,185.,5.));
#5268=CARTESIAN_POINT('Origin',(-20.,185.,0.));
#5269=CARTESIAN_POINT('',(-25.,185.,14.));
#5270=CARTESIAN_POINT('',(-20.,190.,14.));
#5271=CARTESIAN_POINT('Origin',(-20.,185.,14.));
#5272=CARTESIAN_POINT('',(-20.,190.,7.));
#5273=CARTESIAN_POINT('',(-25.,185.,0.));
#5274=CARTESIAN_POINT('Origin',(-25.,190.,0.));
#5275=CARTESIAN_POINT('',(-25.,166.,14.));
#5276=CARTESIAN_POINT('',(-25.,60.,14.));
#5277=CARTESIAN_POINT('',(-25.,166.,8.));
#5278=CARTESIAN_POINT('',(-25.,166.,7.));
#5279=CARTESIAN_POINT('',(-25.,180.,8.));
#5280=CARTESIAN_POINT('',(-25.,178.,8.));
#5281=CARTESIAN_POINT('',(-25.,180.,14.));
#5282=CARTESIAN_POINT('',(-25.,180.,4.));
#5283=CARTESIAN_POINT('',(-25.,60.,14.));
#5284=CARTESIAN_POINT('Origin',(132.5,185.,5.));
#5285=CARTESIAN_POINT('',(20.,189.898979485566,4.));
#5286=CARTESIAN_POINT('',(132.5,189.898979485566,4.));
#5287=CARTESIAN_POINT('',(20.,190.,5.));
#5288=CARTESIAN_POINT('Origin',(20.,185.,5.));
#5289=CARTESIAN_POINT('',(25.,190.,5.));
#5290=CARTESIAN_POINT('',(132.5,190.,5.));
#5291=CARTESIAN_POINT('',(25.,189.582575694956,3.));
#5292=CARTESIAN_POINT('Origin',(25.,185.,5.));
#5293=CARTESIAN_POINT('',(43.,189.582575694956,3.));
#5294=CARTESIAN_POINT('',(132.5,189.582575694956,3.));
#5295=CARTESIAN_POINT('',(40.,185.,0.));
#5296=CARTESIAN_POINT('Origin',(45.,185.,5.));
#5297=CARTESIAN_POINT('',(132.5,185.,0.));
#5298=CARTESIAN_POINT('Origin',(250.,185.,5.));
#5299=CARTESIAN_POINT('',(250.,190.,5.));
#5300=CARTESIAN_POINT('',(255.,185.,5.));
#5301=CARTESIAN_POINT('Origin',(250.,185.,5.));
#5302=CARTESIAN_POINT('',(250.,185.,0.));
#5303=CARTESIAN_POINT('Origin',(250.,185.,5.));
#5304=CARTESIAN_POINT('Origin',(250.,185.,5.));
#5305=CARTESIAN_POINT('Origin',(250.,185.,0.));
#5306=CARTESIAN_POINT('',(250.,190.,14.));
#5307=CARTESIAN_POINT('',(255.,185.,14.));
#5308=CARTESIAN_POINT('Origin',(250.,185.,14.));
#5309=CARTESIAN_POINT('',(255.,185.,0.));
#5310=CARTESIAN_POINT('',(250.,190.,0.));
#5311=CARTESIAN_POINT('Origin',(255.,190.,0.));
#5312=CARTESIAN_POINT('',(185.,190.,5.));
#5313=CARTESIAN_POINT('',(132.5,190.,5.));
#5314=CARTESIAN_POINT('',(185.,190.,-13.));
#5315=CARTESIAN_POINT('',(185.,190.,0.));
#5316=CARTESIAN_POINT('',(45.,190.,-13.));
#5317=CARTESIAN_POINT('',(221.25,190.,-13.));
#5318=CARTESIAN_POINT('',(45.,190.,5.));
#5319=CARTESIAN_POINT('',(45.,190.,0.));
#5320=CARTESIAN_POINT('',(44.5,190.,5.));
#5321=CARTESIAN_POINT('',(132.5,190.,5.));
#5322=CARTESIAN_POINT('',(44.5,190.000002831221,14.));
#5323=CARTESIAN_POINT('',(44.5,190.,7.));
#5324=CARTESIAN_POINT('',(-25.,190.,14.));
#5325=CARTESIAN_POINT('Origin',(132.5,185.,5.));
#5326=CARTESIAN_POINT('',(190.,185.,0.));
#5327=CARTESIAN_POINT('',(132.5,185.,0.));
#5328=CARTESIAN_POINT('Origin',(185.,185.,5.));
#5329=CARTESIAN_POINT('Origin',(250.,92.5,5.));
#5330=CARTESIAN_POINT('',(255.,65.,5.));
#5331=CARTESIAN_POINT('',(255.,92.5,5.));
#5332=CARTESIAN_POINT('',(250.,65.,0.));
#5333=CARTESIAN_POINT('Origin',(250.,65.,5.));
#5334=CARTESIAN_POINT('',(250.,92.5,0.));
#5335=CARTESIAN_POINT('Origin',(250.,65.,5.));
#5336=CARTESIAN_POINT('Origin',(250.,65.,5.));
#5337=CARTESIAN_POINT('Origin',(250.,65.,5.));
#5338=CARTESIAN_POINT('Origin',(250.,65.,0.));
#5339=CARTESIAN_POINT('',(255.,65.,14.));
#5340=CARTESIAN_POINT('Origin',(250.,65.,14.));
#5341=CARTESIAN_POINT('',(255.,65.,0.));
#5342=CARTESIAN_POINT('Origin',(255.,60.,0.));
#5343=CARTESIAN_POINT('',(255.,190.,14.));
#5344=CARTESIAN_POINT('Origin',(-7.5,65.,5.));
#5345=CARTESIAN_POINT('',(190.,65.,0.));
#5346=CARTESIAN_POINT('Origin',(185.,65.,5.));
#5347=CARTESIAN_POINT('',(-7.5,65.,0.));
#5348=CARTESIAN_POINT('Origin',(132.5,185.,5.));
#5349=CARTESIAN_POINT('',(44.5,189.974937185533,4.50000000000006));
#5350=CARTESIAN_POINT('Origin',(45.,185.,5.));
#5351=CARTESIAN_POINT('Origin',(44.5,185.,5.));
#5352=CARTESIAN_POINT('Origin',(45.,185.,-13.));
#5353=CARTESIAN_POINT('',(40.,185.,-13.));
#5354=CARTESIAN_POINT('Origin',(45.,185.,-13.));
#5355=CARTESIAN_POINT('',(45.,185.,-18.));
#5356=CARTESIAN_POINT('Origin',(45.,185.,-13.));
#5357=CARTESIAN_POINT('Origin',(45.,185.,-13.));
#5358=CARTESIAN_POINT('Origin',(45.,185.,0.));
#5359=CARTESIAN_POINT('',(44.5,189.974937185533,3.));
#5360=CARTESIAN_POINT('',(44.5,189.974937185533,0.));
#5361=CARTESIAN_POINT('',(40.,185.,0.));
#5362=CARTESIAN_POINT('Origin',(45.,185.,3.));
#5363=CARTESIAN_POINT('Origin',(10.,125.,3.));
#5364=CARTESIAN_POINT('',(25.,185.000002756715,3.));
#5365=CARTESIAN_POINT('',(25.,185.000002756715,3.));
#5366=CARTESIAN_POINT('',(-20.,185.,3.));
#5367=CARTESIAN_POINT('',(11.25,185.,3.));
#5368=CARTESIAN_POINT('',(-20.,65.,3.));
#5369=CARTESIAN_POINT('',(-20.,65.,3.));
#5370=CARTESIAN_POINT('',(45.,65.,3.));
#5371=CARTESIAN_POINT('',(146.25,65.,3.));
#5372=CARTESIAN_POINT('',(45.,185.,3.));
#5373=CARTESIAN_POINT('',(45.,185.,3.));
#5374=CARTESIAN_POINT('',(44.5,185.000002756715,3.));
#5375=CARTESIAN_POINT('',(11.25,185.,3.));
#5376=CARTESIAN_POINT('',(44.5,190.000002831221,3.));
#5377=CARTESIAN_POINT('Origin',(40.,60.,0.));
#5378=CARTESIAN_POINT('',(40.,65.,-13.));
#5379=CARTESIAN_POINT('',(40.,92.5,-13.));
#5380=CARTESIAN_POINT('',(40.,65.,0.));
#5381=CARTESIAN_POINT('',(40.,92.5,0.));
#5382=CARTESIAN_POINT('Origin',(45.,92.5,-13.));
#5383=CARTESIAN_POINT('',(45.,65.,-18.));
#5384=CARTESIAN_POINT('',(45.,92.5,-18.));
#5385=CARTESIAN_POINT('Origin',(45.,65.,-13.));
#5386=CARTESIAN_POINT('Origin',(221.25,185.,-13.));
#5387=CARTESIAN_POINT('',(185.,185.,-18.));
#5388=CARTESIAN_POINT('Origin',(185.,185.,-13.));
#5389=CARTESIAN_POINT('',(221.25,185.,-18.));
#5390=CARTESIAN_POINT('Origin',(45.,65.,0.));
#5391=CARTESIAN_POINT('Origin',(45.,65.,-13.));
#5392=CARTESIAN_POINT('Origin',(45.,65.,-13.));
#5393=CARTESIAN_POINT('Origin',(45.,65.,-13.));
#5394=CARTESIAN_POINT('Origin',(185.,185.,0.));
#5395=CARTESIAN_POINT('',(190.,185.,-13.));
#5396=CARTESIAN_POINT('',(190.,185.,0.));
#5397=CARTESIAN_POINT('Origin',(185.,185.,-13.));
#5398=CARTESIAN_POINT('Origin',(185.,185.,-13.));
#5399=CARTESIAN_POINT('Origin',(185.,185.,-13.));
#5400=CARTESIAN_POINT('Origin',(190.,185.,0.));
#5401=CARTESIAN_POINT('',(190.,95.,0.));
#5402=CARTESIAN_POINT('',(190.,65.,-13.));
#5403=CARTESIAN_POINT('',(190.,65.,0.));
#5404=CARTESIAN_POINT('',(190.,155.,-13.));
#5405=CARTESIAN_POINT('Origin',(185.,65.,0.));
#5406=CARTESIAN_POINT('Origin',(185.,65.,-13.));
#5407=CARTESIAN_POINT('Origin',(185.,65.,-13.));
#5408=CARTESIAN_POINT('',(185.,65.,-18.));
#5409=CARTESIAN_POINT('Origin',(185.,65.,-13.));
#5410=CARTESIAN_POINT('Origin',(185.,65.,-13.));
#5411=CARTESIAN_POINT('Origin',(81.25,65.,-13.));
#5412=CARTESIAN_POINT('',(81.25,65.,-18.));
#5413=CARTESIAN_POINT('Origin',(25.,185.000002756715,14.));
#5414=CARTESIAN_POINT('',(25.,190.000002831221,14.));
#5415=CARTESIAN_POINT('',(25.,190.,7.));
#5416=CARTESIAN_POINT('',(25.,185.000002756715,14.));
#5417=CARTESIAN_POINT('',(25.,155.000001378357,14.));
#5418=CARTESIAN_POINT('',(25.,185.,7.));
#5419=CARTESIAN_POINT('Origin',(20.,190.,14.));
#5420=CARTESIAN_POINT('',(20.,185.,4.));
#5421=CARTESIAN_POINT('',(20.,190.,4.));
#5422=CARTESIAN_POINT('',(20.,185.,14.));
#5423=CARTESIAN_POINT('',(20.,185.,7.));
#5424=CARTESIAN_POINT('',(20.,190.,14.));
#5425=CARTESIAN_POINT('',(20.,157.5,14.));
#5426=CARTESIAN_POINT('',(20.,190.,7.));
#5427=CARTESIAN_POINT('Origin',(0.,187.5,4.));
#5428=CARTESIAN_POINT('',(-20.,187.,4.));
#5429=CARTESIAN_POINT('',(-20.,187.,4.));
#5430=CARTESIAN_POINT('',(10.,187.,4.));
#5431=CARTESIAN_POINT('',(10.,187.,4.));
#5432=CARTESIAN_POINT('',(10.,185.,4.));
#5433=CARTESIAN_POINT('',(10.,185.,4.));
#5434=CARTESIAN_POINT('',(-10.,185.,4.));
#5435=CARTESIAN_POINT('Origin',(-20.,187.,14.));
#5436=CARTESIAN_POINT('',(-20.,187.,14.));
#5437=CARTESIAN_POINT('',(-20.,156.,14.));
#5438=CARTESIAN_POINT('',(-20.,187.,14.));
#5439=CARTESIAN_POINT('Origin',(255.,190.,0.));
#5440=CARTESIAN_POINT('',(-25.,190.,14.));
#5441=CARTESIAN_POINT('Origin',(185.,155.,-13.));
#5442=CARTESIAN_POINT('',(185.,155.,-18.));
#5443=CARTESIAN_POINT('Origin',(187.5,125.,-18.));
#5444=CARTESIAN_POINT('',(128.386749259786,89.,-18.));
#5445=CARTESIAN_POINT('',(131.273500605734,94.,-18.));
#5446=CARTESIAN_POINT('',(143.570134236372,115.298394210326,-18.));
#5447=CARTESIAN_POINT('',(128.386749259786,99.,-18.));
#5448=CARTESIAN_POINT('',(131.590116150688,93.4516057896737,-18.));
#5449=CARTESIAN_POINT('',(122.613246567889,99.,-18.));
#5450=CARTESIAN_POINT('',(157.943374629893,99.,-18.));
#5451=CARTESIAN_POINT('',(119.726495221941,94.,-18.));
#5452=CARTESIAN_POINT('',(136.353255871502,122.798394210326,-18.));
#5453=CARTESIAN_POINT('',(122.613246567889,89.,-18.));
#5454=CARTESIAN_POINT('',(121.486486439869,90.9516057896736,-18.));
#5455=CARTESIAN_POINT('',(155.056623283945,89.0000000000002,-18.));
#5456=CARTESIAN_POINT('',(107.386749259786,77.,-18.));
#5457=CARTESIAN_POINT('',(110.273500605734,82.,-18.));
#5458=CARTESIAN_POINT('',(127.793210447725,112.345027580195,-18.));
#5459=CARTESIAN_POINT('',(107.386749259786,87.,-18.));
#5460=CARTESIAN_POINT('',(110.617039939334,81.4049724198052,-18.));
#5461=CARTESIAN_POINT('',(101.613246567889,87.,-18.));
#5462=CARTESIAN_POINT('',(147.443374629893,87.,-18.));
#5463=CARTESIAN_POINT('',(98.7264952219412,82.,-18.));
#5464=CARTESIAN_POINT('',(120.576332082855,119.845027580195,-18.));
#5465=CARTESIAN_POINT('',(101.613246567889,77.,-18.));
#5466=CARTESIAN_POINT('',(100.513410228516,78.9049724198053,-18.));
#5467=CARTESIAN_POINT('',(144.556623283945,77.0000000000001,-18.));
#5468=CARTESIAN_POINT('',(107.386749259786,99.,-18.));
#5469=CARTESIAN_POINT('',(101.613246567889,99.,-18.));
#5470=CARTESIAN_POINT('',(147.443374629893,99.,-18.));
#5471=CARTESIAN_POINT('',(98.7264952219412,94.,-18.));
#5472=CARTESIAN_POINT('',(117.978255871502,127.345027580195,-18.));
#5473=CARTESIAN_POINT('',(101.613246567889,89.,-18.));
#5474=CARTESIAN_POINT('',(103.111486439869,86.4049724198053,-18.));
#5475=CARTESIAN_POINT('',(107.386749259786,89.,-18.));
#5476=CARTESIAN_POINT('',(144.556623283945,89.,-18.));
#5477=CARTESIAN_POINT('',(110.273500605734,94.,-18.));
#5478=CARTESIAN_POINT('',(125.195134236372,119.845027580195,-18.));
#5479=CARTESIAN_POINT('',(113.215116150688,88.9049724198053,-18.));
#5480=CARTESIAN_POINT('',(122.613246567889,87.,-18.));
#5481=CARTESIAN_POINT('',(119.726495221941,82.,-18.));
#5482=CARTESIAN_POINT('',(138.951332082855,115.298394210326,-18.));
#5483=CARTESIAN_POINT('',(122.613246567889,77.,-18.));
#5484=CARTESIAN_POINT('',(118.888410228516,83.4516057896737,-18.));
#5485=CARTESIAN_POINT('',(128.386749259786,77.,-18.));
#5486=CARTESIAN_POINT('',(155.056623283945,77.0000000000001,-18.));
#5487=CARTESIAN_POINT('',(131.273500605734,82.,-18.));
#5488=CARTESIAN_POINT('',(146.168210447725,107.798394210326,-18.));
#5489=CARTESIAN_POINT('',(128.386749259786,87.,-18.));
#5490=CARTESIAN_POINT('',(128.992039939334,85.9516057896736,-18.));
#5491=CARTESIAN_POINT('',(157.943374629893,87.,-18.));
#5492=CARTESIAN_POINT('',(120.773502573547,75.9378259918355,-18.));
#5493=CARTESIAN_POINT('',(117.886751227599,80.9378259918355,-18.));
#5494=CARTESIAN_POINT('',(118.492042487863,79.8894307756807,-18.));
#5495=CARTESIAN_POINT('',(112.113248535703,80.9378259918354,-18.));
#5496=CARTESIAN_POINT('',(152.6933756138,80.9378259918357,-18.));
#5497=CARTESIAN_POINT('',(109.226497189754,75.9378259918355,-18.));
#5498=CARTESIAN_POINT('',(131.076332978,113.782851714113,-18.));
#5499=CARTESIAN_POINT('',(112.113248535703,70.9378259918355,-18.));
#5500=CARTESIAN_POINT('',(108.388412777044,77.3894307756807,-18.));
#5501=CARTESIAN_POINT('',(117.886751227599,70.9378259918355,-18.));
#5502=CARTESIAN_POINT('',(149.806624267851,70.9378259918357,-18.));
#5503=CARTESIAN_POINT('',(138.29321134287,106.282851714113,-18.));
#5504=CARTESIAN_POINT('',(117.88675355046,105.062178031478,-18.));
#5505=CARTESIAN_POINT('',(112.113250858564,105.062178031478,-18.));
#5506=CARTESIAN_POINT('',(152.69337677523,105.062178031478,-18.));
#5507=CARTESIAN_POINT('',(109.226499512616,100.062178031478,-18.));
#5508=CARTESIAN_POINT('',(125.853259581461,128.860571235976,-18.));
#5509=CARTESIAN_POINT('',(112.113250858564,95.062178031478,-18.));
#5510=CARTESIAN_POINT('',(113.61149023859,92.4671513033716,-18.));
#5511=CARTESIAN_POINT('',(117.88675355046,95.062178031478,-18.));
#5512=CARTESIAN_POINT('',(149.806625429282,95.062178031478,-18.));
#5513=CARTESIAN_POINT('',(120.773504896408,100.062178031478,-18.));
#5514=CARTESIAN_POINT('',(133.070137946331,121.360571235976,-18.));
#5515=CARTESIAN_POINT('',(123.715119949409,94.9671513033716,-18.));
#5516=CARTESIAN_POINT('',(112.113250858564,83.062178031478,-18.));
#5517=CARTESIAN_POINT('',(117.88675355046,83.062178031478,-18.));
#5518=CARTESIAN_POINT('',(149.806625429282,83.062178031478,-18.));
#5519=CARTESIAN_POINT('',(120.773504896408,88.0621780314781,-18.));
#5520=CARTESIAN_POINT('',(135.668214157685,113.860571235976,-18.));
#5521=CARTESIAN_POINT('',(117.88675355046,93.0621780314781,-18.));
#5522=CARTESIAN_POINT('',(121.117043738055,87.4671513033716,-18.));
#5523=CARTESIAN_POINT('',(112.113250858564,93.0621780314781,-18.));
#5524=CARTESIAN_POINT('',(152.69337677523,93.0621780314781,-18.));
#5525=CARTESIAN_POINT('',(109.226499512616,88.062178031478,-18.));
#5526=CARTESIAN_POINT('',(128.451335792814,121.360571235976,-18.));
#5527=CARTESIAN_POINT('',(111.013414027237,84.9671513033716,-18.));
#5528=CARTESIAN_POINT('Origin',(112.113250858564,83.062178031478,-18.));
#5529=CARTESIAN_POINT('',(112.113250858564,83.062178031478,-15.));
#5530=CARTESIAN_POINT('',(112.113250858564,83.062178031478,-18.));
#5531=CARTESIAN_POINT('',(117.88675355046,83.062178031478,-15.));
#5532=CARTESIAN_POINT('',(113.556625429282,83.062178031478,-15.));
#5533=CARTESIAN_POINT('',(117.88675355046,83.062178031478,-18.));
#5534=CARTESIAN_POINT('Origin',(109.226499512616,88.062178031478,-18.));
#5535=CARTESIAN_POINT('',(109.226499512616,88.062178031478,-15.));
#5536=CARTESIAN_POINT('',(109.226499512616,88.062178031478,-18.));
#5537=CARTESIAN_POINT('',(101.950914027237,100.663861746965,-15.));
#5538=CARTESIAN_POINT('Origin',(112.113250858564,93.0621780314781,-18.));
#5539=CARTESIAN_POINT('',(112.113250858564,93.0621780314781,-15.));
#5540=CARTESIAN_POINT('',(112.113250858564,93.0621780314781,-18.));
#5541=CARTESIAN_POINT('',(119.388835792814,105.663860792383,-15.));
#5542=CARTESIAN_POINT('Origin',(117.88675355046,93.0621780314781,-18.));
#5543=CARTESIAN_POINT('',(117.88675355046,93.0621780314781,-15.));
#5544=CARTESIAN_POINT('',(117.88675355046,93.0621780314781,-18.));
#5545=CARTESIAN_POINT('',(116.44337677523,93.0621780314781,-15.));
#5546=CARTESIAN_POINT('Origin',(120.773504896408,88.0621780314781,-18.));
#5547=CARTESIAN_POINT('',(120.773504896408,88.0621780314781,-15.));
#5548=CARTESIAN_POINT('',(120.773504896408,88.0621780314781,-18.));
#5549=CARTESIAN_POINT('',(112.054543738055,103.163861746965,-15.));
#5550=CARTESIAN_POINT('Origin',(117.88675355046,83.062178031478,-18.));
#5551=CARTESIAN_POINT('',(126.605714157685,98.1638607923831,-15.));
#5552=CARTESIAN_POINT('Origin',(117.88675355046,105.062178031478,-18.));
#5553=CARTESIAN_POINT('',(117.88675355046,105.062178031478,-15.));
#5554=CARTESIAN_POINT('',(117.88675355046,105.062178031478,-18.));
#5555=CARTESIAN_POINT('',(112.113250858564,105.062178031478,-15.));
#5556=CARTESIAN_POINT('',(116.44337677523,105.062178031478,-15.));
#5557=CARTESIAN_POINT('',(112.113250858564,105.062178031478,-18.));
#5558=CARTESIAN_POINT('Origin',(120.773504896408,100.062178031478,-18.));
#5559=CARTESIAN_POINT('',(120.773504896408,100.062178031478,-15.));
#5560=CARTESIAN_POINT('',(120.773504896408,100.062178031478,-18.));
#5561=CARTESIAN_POINT('',(114.652619949409,110.663861746965,-15.));
#5562=CARTESIAN_POINT('Origin',(117.88675355046,95.062178031478,-18.));
#5563=CARTESIAN_POINT('',(117.88675355046,95.062178031478,-15.));
#5564=CARTESIAN_POINT('',(117.88675355046,95.062178031478,-18.));
#5565=CARTESIAN_POINT('',(124.007637946331,105.663860792383,-15.));
#5566=CARTESIAN_POINT('Origin',(112.113250858564,95.062178031478,-18.));
#5567=CARTESIAN_POINT('',(112.113250858564,95.062178031478,-15.));
#5568=CARTESIAN_POINT('',(112.113250858564,95.062178031478,-18.));
#5569=CARTESIAN_POINT('',(113.556625429282,95.062178031478,-15.));
#5570=CARTESIAN_POINT('Origin',(109.226499512616,100.062178031478,-18.));
#5571=CARTESIAN_POINT('',(109.226499512616,100.062178031478,-15.));
#5572=CARTESIAN_POINT('',(109.226499512616,100.062178031478,-18.));
#5573=CARTESIAN_POINT('',(104.54899023859,108.163861746965,-15.));
#5574=CARTESIAN_POINT('Origin',(112.113250858564,105.062178031478,-18.));
#5575=CARTESIAN_POINT('',(116.790759581461,113.163860792383,-15.));
#5576=CARTESIAN_POINT('Origin',(120.773502573547,75.9378259918355,-18.));
#5577=CARTESIAN_POINT('',(120.773502573547,75.9378259918355,-15.));
#5578=CARTESIAN_POINT('',(120.773502573547,75.9378259918355,-18.));
#5579=CARTESIAN_POINT('',(117.886751227599,80.9378259918355,-15.));
#5580=CARTESIAN_POINT('',(109.429542487863,95.5861412192737,-15.));
#5581=CARTESIAN_POINT('',(117.886751227599,80.9378259918355,-18.));
#5582=CARTESIAN_POINT('Origin',(117.886751227599,70.9378259918355,-18.));
#5583=CARTESIAN_POINT('',(117.886751227599,70.9378259918355,-15.));
#5584=CARTESIAN_POINT('',(117.886751227599,70.9378259918355,-18.));
#5585=CARTESIAN_POINT('',(129.23071134287,90.5861412705205,-15.));
#5586=CARTESIAN_POINT('Origin',(112.113248535703,70.9378259918355,-18.));
#5587=CARTESIAN_POINT('',(112.113248535703,70.9378259918355,-15.));
#5588=CARTESIAN_POINT('',(112.113248535703,70.9378259918355,-18.));
#5589=CARTESIAN_POINT('',(113.556624267851,70.9378259918355,-15.));
#5590=CARTESIAN_POINT('Origin',(109.226497189754,75.9378259918355,-18.));
#5591=CARTESIAN_POINT('',(109.226497189754,75.9378259918355,-15.));
#5592=CARTESIAN_POINT('',(109.226497189754,75.9378259918355,-18.));
#5593=CARTESIAN_POINT('',(99.3259127770443,93.0861412192737,-15.));
#5594=CARTESIAN_POINT('Origin',(112.113248535703,80.9378259918354,-18.));
#5595=CARTESIAN_POINT('',(112.113248535703,80.9378259918354,-15.));
#5596=CARTESIAN_POINT('',(112.113248535703,80.9378259918354,-18.));
#5597=CARTESIAN_POINT('',(122.013832978,98.0861412705206,-15.));
#5598=CARTESIAN_POINT('Origin',(117.886751227599,80.9378259918355,-18.));
#5599=CARTESIAN_POINT('',(116.4433756138,80.9378259918355,-15.));
#5600=CARTESIAN_POINT('Origin',(122.613246567889,87.,-18.));
#5601=CARTESIAN_POINT('',(122.613246567889,87.,-15.));
#5602=CARTESIAN_POINT('',(122.613246567889,87.,-18.));
#5603=CARTESIAN_POINT('',(119.726495221941,82.,-15.));
#5604=CARTESIAN_POINT('',(129.888832082855,99.6016837667333,-15.));
#5605=CARTESIAN_POINT('',(119.726495221941,82.,-18.));
#5606=CARTESIAN_POINT('Origin',(128.386749259786,87.,-18.));
#5607=CARTESIAN_POINT('',(128.386749259786,87.,-15.));
#5608=CARTESIAN_POINT('',(128.386749259786,87.,-18.));
#5609=CARTESIAN_POINT('',(121.693374629893,87.,-15.));
#5610=CARTESIAN_POINT('Origin',(131.273500605734,82.,-18.));
#5611=CARTESIAN_POINT('',(131.273500605734,82.,-15.));
#5612=CARTESIAN_POINT('',(131.273500605734,82.,-18.));
#5613=CARTESIAN_POINT('',(119.929539939334,101.648316233267,-15.));
#5614=CARTESIAN_POINT('Origin',(128.386749259786,77.,-18.));
#5615=CARTESIAN_POINT('',(128.386749259786,77.,-15.));
#5616=CARTESIAN_POINT('',(128.386749259786,77.,-18.));
#5617=CARTESIAN_POINT('',(137.105710447726,92.1016837667334,-15.));
#5618=CARTESIAN_POINT('Origin',(122.613246567889,77.,-18.));
#5619=CARTESIAN_POINT('',(122.613246567889,77.,-15.));
#5620=CARTESIAN_POINT('',(122.613246567889,77.,-18.));
#5621=CARTESIAN_POINT('',(118.806623283945,77.,-15.));
#5622=CARTESIAN_POINT('Origin',(119.726495221941,82.,-18.));
#5623=CARTESIAN_POINT('',(109.825910228516,99.1483162332667,-15.));
#5624=CARTESIAN_POINT('Origin',(107.386749259786,99.,-18.));
#5625=CARTESIAN_POINT('',(107.386749259786,99.,-15.));
#5626=CARTESIAN_POINT('',(107.386749259786,99.,-18.));
#5627=CARTESIAN_POINT('',(101.613246567889,99.,-15.));
#5628=CARTESIAN_POINT('',(111.193374629893,99.,-15.));
#5629=CARTESIAN_POINT('',(101.613246567889,99.,-18.));
#5630=CARTESIAN_POINT('Origin',(110.273500605734,94.,-18.));
#5631=CARTESIAN_POINT('',(110.273500605734,94.,-15.));
#5632=CARTESIAN_POINT('',(110.273500605734,94.,-18.));
#5633=CARTESIAN_POINT('',(104.152616150688,104.601682863398,-15.));
#5634=CARTESIAN_POINT('Origin',(107.386749259786,89.,-18.));
#5635=CARTESIAN_POINT('',(107.386749259786,89.,-15.));
#5636=CARTESIAN_POINT('',(107.386749259786,89.,-18.));
#5637=CARTESIAN_POINT('',(116.132634236372,104.148317136602,-15.));
#5638=CARTESIAN_POINT('Origin',(101.613246567889,89.,-18.));
#5639=CARTESIAN_POINT('',(101.613246567889,89.,-15.));
#5640=CARTESIAN_POINT('',(101.613246567889,89.,-18.));
#5641=CARTESIAN_POINT('',(108.306623283945,89.,-15.));
#5642=CARTESIAN_POINT('Origin',(98.7264952219412,94.,-18.));
#5643=CARTESIAN_POINT('',(98.7264952219412,94.,-15.));
#5644=CARTESIAN_POINT('',(98.7264952219412,94.,-18.));
#5645=CARTESIAN_POINT('',(94.0489864398691,102.101682863398,-15.));
#5646=CARTESIAN_POINT('Origin',(101.613246567889,99.,-18.));
#5647=CARTESIAN_POINT('',(108.915755871502,111.648317136602,-15.));
#5648=CARTESIAN_POINT('Origin',(107.386749259786,77.,-18.));
#5649=CARTESIAN_POINT('',(107.386749259786,77.,-15.));
#5650=CARTESIAN_POINT('',(107.386749259786,77.,-18.));
#5651=CARTESIAN_POINT('',(110.273500605734,82.,-15.));
#5652=CARTESIAN_POINT('',(118.730710447726,96.6483171366017,-15.));
#5653=CARTESIAN_POINT('',(110.273500605734,82.,-18.));
#5654=CARTESIAN_POINT('Origin',(101.613246567889,77.,-18.));
#5655=CARTESIAN_POINT('',(101.613246567889,77.,-15.));
#5656=CARTESIAN_POINT('',(101.613246567889,77.,-18.));
#5657=CARTESIAN_POINT('',(108.306623283945,77.,-15.));
#5658=CARTESIAN_POINT('Origin',(98.7264952219412,82.,-18.));
#5659=CARTESIAN_POINT('',(98.7264952219412,82.,-15.));
#5660=CARTESIAN_POINT('',(98.7264952219412,82.,-18.));
#5661=CARTESIAN_POINT('',(91.4509102285158,94.6016828633984,-15.));
#5662=CARTESIAN_POINT('Origin',(101.613246567889,87.,-18.));
#5663=CARTESIAN_POINT('',(101.613246567889,87.,-15.));
#5664=CARTESIAN_POINT('',(101.613246567889,87.,-18.));
#5665=CARTESIAN_POINT('',(111.513832082855,104.148317136602,-15.));
#5666=CARTESIAN_POINT('Origin',(107.386749259786,87.,-18.));
#5667=CARTESIAN_POINT('',(107.386749259786,87.,-15.));
#5668=CARTESIAN_POINT('',(107.386749259786,87.,-18.));
#5669=CARTESIAN_POINT('',(111.193374629893,87.,-15.));
#5670=CARTESIAN_POINT('Origin',(110.273500605734,82.,-18.));
#5671=CARTESIAN_POINT('',(101.554539939334,97.1016828633983,-15.));
#5672=CARTESIAN_POINT('Origin',(128.386749259786,89.,-18.));
#5673=CARTESIAN_POINT('',(128.386749259786,89.,-15.));
#5674=CARTESIAN_POINT('',(128.386749259786,89.,-18.));
#5675=CARTESIAN_POINT('',(131.273500605734,94.,-15.));
#5676=CARTESIAN_POINT('',(134.507634236372,99.6016837667334,-15.));
#5677=CARTESIAN_POINT('',(131.273500605734,94.,-18.));
#5678=CARTESIAN_POINT('Origin',(122.613246567889,89.,-18.));
#5679=CARTESIAN_POINT('',(122.613246567889,89.,-15.));
#5680=CARTESIAN_POINT('',(122.613246567889,89.,-18.));
#5681=CARTESIAN_POINT('',(118.806623283945,89.,-15.));
#5682=CARTESIAN_POINT('Origin',(119.726495221941,94.,-18.));
#5683=CARTESIAN_POINT('',(119.726495221941,94.,-15.));
#5684=CARTESIAN_POINT('',(119.726495221941,94.,-18.));
#5685=CARTESIAN_POINT('',(112.423986439869,106.648316233267,-15.));
#5686=CARTESIAN_POINT('Origin',(122.613246567889,99.,-18.));
#5687=CARTESIAN_POINT('',(122.613246567889,99.,-15.));
#5688=CARTESIAN_POINT('',(122.613246567889,99.,-18.));
#5689=CARTESIAN_POINT('',(127.290755871502,107.101683766733,-15.));
#5690=CARTESIAN_POINT('Origin',(128.386749259786,99.,-18.));
#5691=CARTESIAN_POINT('',(128.386749259786,99.,-15.));
#5692=CARTESIAN_POINT('',(128.386749259786,99.,-18.));
#5693=CARTESIAN_POINT('',(121.693374629893,99.,-15.));
#5694=CARTESIAN_POINT('Origin',(131.273500605734,94.,-18.));
#5695=CARTESIAN_POINT('',(122.527616150688,109.148316233267,-15.));
#5696=CARTESIAN_POINT('Origin',(115.,125.,-15.));
#5697=CARTESIAN_POINT('',(185.,65.,-15.));
#5698=CARTESIAN_POINT('',(45.,65.,-15.));
#5699=CARTESIAN_POINT('',(182.5,65.,-15.));
#5700=CARTESIAN_POINT('',(185.,185.,-15.));
#5701=CARTESIAN_POINT('',(185.,155.,-15.));
#5702=CARTESIAN_POINT('',(45.,185.,-15.));
#5703=CARTESIAN_POINT('',(47.5,185.,-15.));
#5704=CARTESIAN_POINT('',(45.,95.,-15.));
#5705=CARTESIAN_POINT('Origin',(185.,185.,0.));
#5706=CARTESIAN_POINT('',(185.,65.,3.));
#5707=CARTESIAN_POINT('',(185.,65.,0.));
#5708=CARTESIAN_POINT('',(185.,185.,3.));
#5709=CARTESIAN_POINT('',(185.,65.,3.));
#5710=CARTESIAN_POINT('',(185.,185.,0.));
#5711=CARTESIAN_POINT('Origin',(250.,65.,0.));
#5712=CARTESIAN_POINT('',(45.,65.,0.));
#5713=CARTESIAN_POINT('',(-20.,65.,14.));
#5714=CARTESIAN_POINT('',(-20.,65.,0.));
#5715=CARTESIAN_POINT('',(250.,65.,14.));
#5716=CARTESIAN_POINT('',(40.,65.,14.));
#5717=CARTESIAN_POINT('',(250.,65.,3.));
#5718=CARTESIAN_POINT('',(250.,65.,0.));
#5719=CARTESIAN_POINT('',(218.75,65.,3.));
#5720=CARTESIAN_POINT('Origin',(10.,125.,0.));
#5721=CARTESIAN_POINT('Origin',(10.,125.,0.));
#5722=CARTESIAN_POINT('Origin',(-25.,166.,8.));
#5723=CARTESIAN_POINT('',(-20.,180.,8.));
#5724=CARTESIAN_POINT('',(-20.,166.,8.));
#5725=CARTESIAN_POINT('',(-20.,115.5,8.));
#5726=CARTESIAN_POINT('',(-25.,180.,8.));
#5727=CARTESIAN_POINT('',(-25.,166.,8.));
#5728=CARTESIAN_POINT('Origin',(-25.,166.,14.));
#5729=CARTESIAN_POINT('',(-20.,166.,14.));
#5730=CARTESIAN_POINT('',(-20.,166.,7.));
#5731=CARTESIAN_POINT('',(45.,166.,14.));
#5732=CARTESIAN_POINT('Origin',(-25.,180.,8.));
#5733=CARTESIAN_POINT('',(-20.,180.,14.));
#5734=CARTESIAN_POINT('',(-20.,180.,4.));
#5735=CARTESIAN_POINT('',(45.,180.,14.));
#5736=CARTESIAN_POINT('Origin',(-20.,65.,0.));
#5737=CARTESIAN_POINT('',(-20.,65.,14.));
#5738=CARTESIAN_POINT('',(-20.,185.,14.));
#5739=CARTESIAN_POINT('',(-20.,185.,0.));
#5740=CARTESIAN_POINT('',(-20.,65.,14.));
#5741=CARTESIAN_POINT('Origin',(115.,125.,14.));
#5742=CARTESIAN_POINT('',(44.5,185.000002756715,14.));
#5743=CARTESIAN_POINT('',(44.5,157.50000141561,14.));
#5744=CARTESIAN_POINT('',(250.,185.,14.));
#5745=CARTESIAN_POINT('',(190.,185.,14.));
#5746=CARTESIAN_POINT('',(250.,185.,14.));
#5747=CARTESIAN_POINT('Origin',(44.5,190.000002831221,14.));
#5748=CARTESIAN_POINT('',(44.5,185.,7.));
#5749=CARTESIAN_POINT('Origin',(-20.,185.,0.));
#5750=CARTESIAN_POINT('',(250.,185.,3.));
#5751=CARTESIAN_POINT('',(83.75,185.,3.));
#5752=CARTESIAN_POINT('',(250.,185.,0.));
#5753=CARTESIAN_POINT('',(45.,185.,0.));
#5754=CARTESIAN_POINT('Origin',(-20.,185.,0.));
#5755=CARTESIAN_POINT('',(190.,185.,14.));
#5756=CARTESIAN_POINT('',(10.,185.,14.));
#5757=CARTESIAN_POINT('',(10.,185.,7.));
#5758=CARTESIAN_POINT('',(190.,185.,14.));
#5759=CARTESIAN_POINT('Origin',(115.,125.,14.));
#5760=CARTESIAN_POINT('',(10.,187.,14.));
#5761=CARTESIAN_POINT('',(10.,155.,14.));
#5762=CARTESIAN_POINT('',(62.5,187.,14.));
#5763=CARTESIAN_POINT('Origin',(10.,187.,14.));
#5764=CARTESIAN_POINT('',(10.,187.,14.));
#5765=CARTESIAN_POINT('Origin',(10.,185.,14.));
#5766=CARTESIAN_POINT('Origin',(115.,125.,14.));
#5767=CARTESIAN_POINT('Origin',(45.,65.,0.));
#5768=CARTESIAN_POINT('Origin',(250.,185.,0.));
#5769=CARTESIAN_POINT('',(250.,185.,3.));
#5770=CARTESIAN_POINT('Origin',(220.,125.,3.));
#5771=CARTESIAN_POINT('',(0.,0.,0.));
#5772=CARTESIAN_POINT('Origin',(25.,-75.,9.5));
#5773=CARTESIAN_POINT('',(22.,-75.,11.));
#5774=CARTESIAN_POINT('Origin',(25.,-75.,11.));
#5775=CARTESIAN_POINT('',(20.5,-75.,9.5));
#5776=CARTESIAN_POINT('Origin',(22.,-75.,9.5));
#5777=CARTESIAN_POINT('Origin',(25.,-75.,9.5));
#5778=CARTESIAN_POINT('Origin',(25.,-75.,0.));
#5779=CARTESIAN_POINT('',(20.5,-75.,3.));
#5780=CARTESIAN_POINT('',(20.5,-75.,0.));
#5781=CARTESIAN_POINT('Origin',(25.,-75.,3.));
#5782=CARTESIAN_POINT('Origin',(25.,-75.,11.));
#5783=CARTESIAN_POINT('Origin',(25.,-75.,0.));
#5784=CARTESIAN_POINT('',(18.,-75.,3.));
#5785=CARTESIAN_POINT('Origin',(25.,-75.,3.));
#5786=CARTESIAN_POINT('',(18.,-75.,0.));
#5787=CARTESIAN_POINT('',(18.,-75.,0.));
#5788=CARTESIAN_POINT('Origin',(25.,-75.,0.));
#5789=CARTESIAN_POINT('Origin',(25.,-75.,3.));
#5790=CARTESIAN_POINT('Origin',(25.,-75.,0.));
#5791=CARTESIAN_POINT('',(0.,0.,0.));
#5792=CARTESIAN_POINT('',(0.,0.,0.));
#5793=CARTESIAN_POINT('',(0.,0.,0.));
#5794=CARTESIAN_POINT('',(0.,0.,0.));
#5795=UNCERTAINTY_MEASURE_WITH_UNIT(LENGTH_MEASURE(0.01),#5807,
'DISTANCE_ACCURACY_VALUE',
'Maximum model space distance between geometric entities at asserted c
onnectivities');
#5796=UNCERTAINTY_MEASURE_WITH_UNIT(LENGTH_MEASURE(0.01),#5807,
'DISTANCE_ACCURACY_VALUE',
'Maximum model space distance between geometric entities at asserted c
onnectivities');
#5797=UNCERTAINTY_MEASURE_WITH_UNIT(LENGTH_MEASURE(0.01),#5807,
'DISTANCE_ACCURACY_VALUE',
'Maximum model space distance between geometric entities at asserted c
onnectivities');
#5798=UNCERTAINTY_MEASURE_WITH_UNIT(LENGTH_MEASURE(0.01),#5807,
'DISTANCE_ACCURACY_VALUE',
'Maximum model space distance between geometric entities at asserted c
onnectivities');
#5799=UNCERTAINTY_MEASURE_WITH_UNIT(LENGTH_MEASURE(0.01),#5807,
'DISTANCE_ACCURACY_VALUE',
'Maximum model space distance between geometric entities at asserted c
onnectivities');
#5800=UNCERTAINTY_MEASURE_WITH_UNIT(LENGTH_MEASURE(0.01),#5807,
'DISTANCE_ACCURACY_VALUE',
'Maximum model space distance between geometric entities at asserted c
onnectivities');
#5801=(
GEOMETRIC_REPRESENTATION_CONTEXT(3)
GLOBAL_UNCERTAINTY_ASSIGNED_CONTEXT((#5795))
GLOBAL_UNIT_ASSIGNED_CONTEXT((#5807,#5809,#5810))
REPRESENTATION_CONTEXT('','3D')
);
#5802=(
GEOMETRIC_REPRESENTATION_CONTEXT(3)
GLOBAL_UNCERTAINTY_ASSIGNED_CONTEXT((#5796))
GLOBAL_UNIT_ASSIGNED_CONTEXT((#5807,#5809,#5810))
REPRESENTATION_CONTEXT('','3D')
);
#5803=(
GEOMETRIC_REPRESENTATION_CONTEXT(3)
GLOBAL_UNCERTAINTY_ASSIGNED_CONTEXT((#5797))
GLOBAL_UNIT_ASSIGNED_CONTEXT((#5807,#5809,#5810))
REPRESENTATION_CONTEXT('','3D')
);
#5804=(
GEOMETRIC_REPRESENTATION_CONTEXT(3)
GLOBAL_UNCERTAINTY_ASSIGNED_CONTEXT((#5798))
GLOBAL_UNIT_ASSIGNED_CONTEXT((#5807,#5809,#5810))
REPRESENTATION_CONTEXT('','3D')
);
#5805=(
GEOMETRIC_REPRESENTATION_CONTEXT(3)
GLOBAL_UNCERTAINTY_ASSIGNED_CONTEXT((#5799))
GLOBAL_UNIT_ASSIGNED_CONTEXT((#5807,#5809,#5810))
REPRESENTATION_CONTEXT('','3D')
);
#5806=(
GEOMETRIC_REPRESENTATION_CONTEXT(3)
GLOBAL_UNCERTAINTY_ASSIGNED_CONTEXT((#5800))
GLOBAL_UNIT_ASSIGNED_CONTEXT((#5807,#5809,#5810))
REPRESENTATION_CONTEXT('','3D')
);
#5807=(
LENGTH_UNIT()
NAMED_UNIT(*)
SI_UNIT(.MILLI.,.METRE.)
);
#5808=(
LENGTH_UNIT()
NAMED_UNIT(*)
SI_UNIT($,.METRE.)
);
#5809=(
NAMED_UNIT(*)
PLANE_ANGLE_UNIT()
SI_UNIT($,.RADIAN.)
);
#5810=(
NAMED_UNIT(*)
SI_UNIT($,.STERADIAN.)
SOLID_ANGLE_UNIT()
);
#5811=SHAPE_DEFINITION_REPRESENTATION(#5816,#5825);
#5812=SHAPE_DEFINITION_REPRESENTATION(#5817,#5826);
#5813=SHAPE_DEFINITION_REPRESENTATION(#5818,#5827);
#5814=SHAPE_DEFINITION_REPRESENTATION(#5819,#5828);
#5815=SHAPE_DEFINITION_REPRESENTATION(#5820,#5829);
#5816=PRODUCT_DEFINITION_SHAPE('',$,#5831);
#5817=PRODUCT_DEFINITION_SHAPE('',$,#5832);
#5818=PRODUCT_DEFINITION_SHAPE('',$,#5833);
#5819=PRODUCT_DEFINITION_SHAPE('',$,#5834);
#5820=PRODUCT_DEFINITION_SHAPE('',$,#5835);
#5821=PRODUCT_DEFINITION_SHAPE($,$,#23);
#5822=PRODUCT_DEFINITION_SHAPE($,$,#24);
#5823=PRODUCT_DEFINITION_SHAPE($,$,#25);
#5824=PRODUCT_DEFINITION_SHAPE($,$,#26);
#5825=SHAPE_REPRESENTATION('',(#3550,#3843,#3844,#3845,#3846),#5801);
#5826=SHAPE_REPRESENTATION('',(#3551),#5802);
#5827=SHAPE_REPRESENTATION('',(#3604),#5803);
#5828=SHAPE_REPRESENTATION('',(#3689),#5804);
#5829=SHAPE_REPRESENTATION('',(#3830),#5805);
#5830=PRODUCT_DEFINITION_CONTEXT('part definition',#5847,'design');
#5831=PRODUCT_DEFINITION('RP0 - V2','RP0 - V2 v14',#5836,#5830);
#5832=PRODUCT_DEFINITION('Button holder','Button holder',#5837,#5830);
#5833=PRODUCT_DEFINITION('Top Cover','Top Cover',#5838,#5830);
#5834=PRODUCT_DEFINITION('Bottom Cover','Bottom Cover',#5839,#5830);
#5835=PRODUCT_DEFINITION('Button','Button',#5840,#5830);
#5836=PRODUCT_DEFINITION_FORMATION('',$,#5849);
#5837=PRODUCT_DEFINITION_FORMATION('',$,#5850);
#5838=PRODUCT_DEFINITION_FORMATION('',$,#5851);
#5839=PRODUCT_DEFINITION_FORMATION('',$,#5852);
#5840=PRODUCT_DEFINITION_FORMATION('',$,#5853);
#5841=PRODUCT_RELATED_PRODUCT_CATEGORY('RP0 - V2 v14','RP0 - V2 v14',(#5849));
#5842=PRODUCT_RELATED_PRODUCT_CATEGORY('Button holder','Button holder',
(#5850));
#5843=PRODUCT_RELATED_PRODUCT_CATEGORY('Top Cover','Top Cover',(#5851));
#5844=PRODUCT_RELATED_PRODUCT_CATEGORY('Bottom Cover','Bottom Cover',(#5852));
#5845=PRODUCT_RELATED_PRODUCT_CATEGORY('Button','Button',(#5853));
#5846=APPLICATION_PROTOCOL_DEFINITION('international standard',
'automotive_design',2009,#5847);
#5847=APPLICATION_CONTEXT(
'Core Data for Automotive Mechanical Design Process');
#5848=PRODUCT_CONTEXT('part definition',#5847,'mechanical');
#5849=PRODUCT('RP0 - V2','RP0 - V2 v14',$,(#5848));
#5850=PRODUCT('Button holder','Button holder',$,(#5848));
#5851=PRODUCT('Top Cover','Top Cover',$,(#5848));
#5852=PRODUCT('Bottom Cover','Bottom Cover',$,(#5848));
#5853=PRODUCT('Button','Button',$,(#5848));
#5854=PRESENTATION_STYLE_ASSIGNMENT((#5855));
#5855=SURFACE_STYLE_USAGE(.BOTH.,#5856);
#5856=SURFACE_SIDE_STYLE('',(#5857));
#5857=SURFACE_STYLE_FILL_AREA(#5858);
#5858=FILL_AREA_STYLE('Steel - Satin',(#5859));
#5859=FILL_AREA_STYLE_COLOUR('Steel - Satin',#5860);
#5860=COLOUR_RGB('Steel - Satin',0.627450980392157,0.627450980392157,0.627450980392157);
ENDSEC;
END-ISO-10303-21;
