ISO-10303-21;
HEADER;
FILE_DESCRIPTION(('KiCad electronic assembly'),'2;1');
FILE_NAME('RP0-HandHeld.step','2025-06-26T16:03:54',('Pcbnew'),('Kicad')
  ,'Open CASCADE STEP processor 7.8','KiCad to STEP converter','Unknown'
  );
FILE_SCHEMA(('AUTOMOTIVE_DESIGN { 1 0 10303 214 1 1 1 1 }'));
ENDSEC;
DATA;
#1 = APPLICATION_PROTOCOL_DEFINITION('international standard',
  'automotive_design',2000,#2);
#2 = APPLICATION_CONTEXT(
  'core data for automotive mechanical design processes');
#3 = SHAPE_DEFINITION_REPRESENTATION(#4,#10);
#4 = PRODUCT_DEFINITION_SHAPE('','',#5);
#5 = PRODUCT_DEFINITION('design','',#6,#9);
#6 = PRODUCT_DEFINITION_FORMATION('','',#7);
#7 = PRODUCT('RP0-HandHeld 1','RP0-HandHeld 1','',(#8));
#8 = PRODUCT_CONTEXT('',#2,'mechanical');
#9 = PRODUCT_DEFINITION_CONTEXT('part definition',#2,'design');
#10 = SHAPE_REPRESENTATION('',(#11,#15,#19,#23,#27,#31,#35,#39,#43,#47),
  #51);
#11 = AXIS2_PLACEMENT_3D('',#12,#13,#14);
#12 = CARTESIAN_POINT('',(0.,0.,0.));
#13 = DIRECTION('',(0.,0.,1.));
#14 = DIRECTION('',(1.,0.,-0.));
#15 = AXIS2_PLACEMENT_3D('',#16,#17,#18);
#16 = CARTESIAN_POINT('',(139.,-72.,1.595));
#17 = DIRECTION('',(-0.,0.,1.));
#18 = DIRECTION('',(1.110223024625E-16,-1.,0.));
#19 = AXIS2_PLACEMENT_3D('',#20,#21,#22);
#20 = CARTESIAN_POINT('',(139.527401,-88.,1.595));
#21 = DIRECTION('',(0.,0.,1.));
#22 = DIRECTION('',(1.,0.,0.));
#23 = AXIS2_PLACEMENT_3D('',#24,#25,#26);
#24 = CARTESIAN_POINT('',(164.62,-88.5,1.595));
#25 = DIRECTION('',(0.,0.,1.));
#26 = DIRECTION('',(-1.,1.224646799147E-16,0.));
#27 = AXIS2_PLACEMENT_3D('',#28,#29,#30);
#28 = CARTESIAN_POINT('',(149.38,-75.5,1.595));
#29 = DIRECTION('',(0.,0.,1.));
#30 = DIRECTION('',(1.,0.,0.));
#31 = AXIS2_PLACEMENT_3D('',#32,#33,#34);
#32 = CARTESIAN_POINT('',(145.,-72.,1.595));
#33 = DIRECTION('',(-0.,0.,1.));
#34 = DIRECTION('',(1.110223024625E-16,-1.,0.));
#35 = AXIS2_PLACEMENT_3D('',#36,#37,#38);
#36 = CARTESIAN_POINT('',(164.62,-95.,1.595));
#37 = DIRECTION('',(0.,0.,1.));
#38 = DIRECTION('',(-1.,1.224646799147E-16,0.));
#39 = AXIS2_PLACEMENT_3D('',#40,#41,#42);
#40 = CARTESIAN_POINT('',(139.527401,-95.5,1.595));
#41 = DIRECTION('',(0.,0.,1.));
#42 = DIRECTION('',(1.,0.,0.));
#43 = AXIS2_PLACEMENT_3D('',#44,#45,#46);
#44 = CARTESIAN_POINT('',(149.38,-82.,1.595));
#45 = DIRECTION('',(0.,0.,1.));
#46 = DIRECTION('',(1.,0.,0.));
#47 = AXIS2_PLACEMENT_3D('',#48,#49,#50);
#48 = CARTESIAN_POINT('',(0.,0.,0.));
#49 = DIRECTION('',(0.,0.,1.));
#50 = DIRECTION('',(1.,0.,-0.));
#51 = ( GEOMETRIC_REPRESENTATION_CONTEXT(3) 
GLOBAL_UNCERTAINTY_ASSIGNED_CONTEXT((#55)) GLOBAL_UNIT_ASSIGNED_CONTEXT(
(#52,#53,#54)) REPRESENTATION_CONTEXT('Context #1',
  '3D Context with UNIT and UNCERTAINTY') );
#52 = ( LENGTH_UNIT() NAMED_UNIT(*) SI_UNIT(.MILLI.,.METRE.) );
#53 = ( NAMED_UNIT(*) PLANE_ANGLE_UNIT() SI_UNIT($,.RADIAN.) );
#54 = ( NAMED_UNIT(*) SI_UNIT($,.STERADIAN.) SOLID_ANGLE_UNIT() );
#55 = UNCERTAINTY_MEASURE_WITH_UNIT(LENGTH_MEASURE(2.E-06),#52,
  'distance_accuracy_value','confusion accuracy');
#56 = PRODUCT_RELATED_PRODUCT_CATEGORY('part',$,(#7));
#57 = SHAPE_DEFINITION_REPRESENTATION(#58,#64);
#58 = PRODUCT_DEFINITION_SHAPE('','',#59);
#59 = PRODUCT_DEFINITION('design','',#60,#63);
#60 = PRODUCT_DEFINITION_FORMATION('','',#61);
#61 = PRODUCT('C_Disc_D5.0mm_W2.5mm_P5.00mm',
  'C_Disc_D5.0mm_W2.5mm_P5.00mm','',(#62));
#62 = PRODUCT_CONTEXT('',#2,'mechanical');
#63 = PRODUCT_DEFINITION_CONTEXT('part definition',#2,'design');
#64 = ADVANCED_BREP_SHAPE_REPRESENTATION('',(#11,#65),#547);
#65 = MANIFOLD_SOLID_BREP('',#66);
#66 = CLOSED_SHELL('',(#67,#84,#109,#139,#273,#374,#456,#483,#513,#538)
  );
#67 = ADVANCED_FACE('',(#68),#79,.T.);
#68 = FACE_BOUND('',#69,.F.);
#69 = EDGE_LOOP('',(#70));
#70 = ORIENTED_EDGE('',*,*,#71,.T.);
#71 = EDGE_CURVE('',#72,#72,#74,.T.);
#72 = VERTEX_POINT('',#73);
#73 = CARTESIAN_POINT('',(5.,0.25,-2.));
#74 = CIRCLE('',#75,0.25);
#75 = AXIS2_PLACEMENT_3D('',#76,#77,#78);
#76 = CARTESIAN_POINT('',(5.,0.,-2.));
#77 = DIRECTION('',(0.,-0.,1.));
#78 = DIRECTION('',(1.144237745222E-17,1.,0.));
#79 = PLANE('',#80);
#80 = AXIS2_PLACEMENT_3D('',#81,#82,#83);
#81 = CARTESIAN_POINT('',(5.,0.25,-2.));
#82 = DIRECTION('',(-0.,0.,-1.));
#83 = DIRECTION('',(-1.144237745222E-17,-1.,0.));
#84 = ADVANCED_FACE('',(#85),#104,.T.);
#85 = FACE_BOUND('',#86,.T.);
#86 = EDGE_LOOP('',(#87,#95,#102,#103));
#87 = ORIENTED_EDGE('',*,*,#88,.T.);
#88 = EDGE_CURVE('',#72,#89,#91,.T.);
#89 = VERTEX_POINT('',#90);
#90 = CARTESIAN_POINT('',(5.,0.25,0.85));
#91 = LINE('',#92,#93);
#92 = CARTESIAN_POINT('',(5.,0.25,-2.));
#93 = VECTOR('',#94,1.);
#94 = DIRECTION('',(0.,0.,1.));
#95 = ORIENTED_EDGE('',*,*,#96,.F.);
#96 = EDGE_CURVE('',#89,#89,#97,.T.);
#97 = CIRCLE('',#98,0.25);
#98 = AXIS2_PLACEMENT_3D('',#99,#100,#101);
#99 = CARTESIAN_POINT('',(5.,0.,0.85));
#100 = DIRECTION('',(0.,-0.,1.));
#101 = DIRECTION('',(1.144237745222E-17,1.,0.));
#102 = ORIENTED_EDGE('',*,*,#88,.F.);
#103 = ORIENTED_EDGE('',*,*,#71,.T.);
#104 = CYLINDRICAL_SURFACE('',#105,0.25);
#105 = AXIS2_PLACEMENT_3D('',#106,#107,#108);
#106 = CARTESIAN_POINT('',(5.,0.,-2.));
#107 = DIRECTION('',(0.,-0.,-1.));
#108 = DIRECTION('',(1.144237745222E-17,1.,0.));
#109 = ADVANCED_FACE('',(#110),#130,.F.);
#110 = FACE_BOUND('',#111,.F.);
#111 = EDGE_LOOP('',(#112,#121,#122,#123));
#112 = ORIENTED_EDGE('',*,*,#113,.F.);
#113 = EDGE_CURVE('',#89,#114,#116,.T.);
#114 = VERTEX_POINT('',#115);
#115 = CARTESIAN_POINT('',(4.933012701892,0.25,1.1));
#116 = CIRCLE('',#117,0.5);
#117 = AXIS2_PLACEMENT_3D('',#118,#119,#120);
#118 = CARTESIAN_POINT('',(4.5,0.25,0.85));
#119 = DIRECTION('',(-1.144237745222E-17,-1.,0.));
#120 = DIRECTION('',(1.,-1.144237745222E-17,0.));
#121 = ORIENTED_EDGE('',*,*,#96,.F.);
#122 = ORIENTED_EDGE('',*,*,#113,.T.);
#123 = ORIENTED_EDGE('',*,*,#124,.T.);
#124 = EDGE_CURVE('',#114,#114,#125,.T.);
#125 = CIRCLE('',#126,0.25);
#126 = AXIS2_PLACEMENT_3D('',#127,#128,#129);
#127 = CARTESIAN_POINT('',(4.933012701892,5.500816221034E-34,1.1));
#128 = DIRECTION('',(-0.5,5.721188726112E-18,0.866025403784));
#129 = DIRECTION('',(1.144237745222E-17,1.,0.));
#130 = SURFACE_OF_REVOLUTION('',#131,#136);
#131 = CIRCLE('',#132,0.25);
#132 = AXIS2_PLACEMENT_3D('',#133,#134,#135);
#133 = CARTESIAN_POINT('',(5.,0.,0.85));
#134 = DIRECTION('',(0.,-0.,1.));
#135 = DIRECTION('',(1.144237745222E-17,1.,0.));
#136 = AXIS1_PLACEMENT('',#137,#138);
#137 = CARTESIAN_POINT('',(4.5,-4.,0.85));
#138 = DIRECTION('',(-1.144237745222E-17,-1.,0.));
#139 = ADVANCED_FACE('',(#140),#268,.T.);
#140 = FACE_BOUND('',#141,.T.);
#141 = EDGE_LOOP('',(#142,#150,#187,#243,#266,#267));
#142 = ORIENTED_EDGE('',*,*,#143,.T.);
#143 = EDGE_CURVE('',#114,#144,#146,.T.);
#144 = VERTEX_POINT('',#145);
#145 = CARTESIAN_POINT('',(4.598334876348,0.25,1.67967899801));
#146 = LINE('',#147,#148);
#147 = CARTESIAN_POINT('',(4.933012701892,0.25,1.1));
#148 = VECTOR('',#149,1.);
#149 = DIRECTION('',(-0.5,5.721188726112E-18,0.866025403784));
#150 = ORIENTED_EDGE('',*,*,#151,.F.);
#151 = EDGE_CURVE('',#152,#144,#154,.T.);
#152 = VERTEX_POINT('',#153);
#153 = CARTESIAN_POINT('',(4.849268064747,2.22044604925E-16,
    1.745049966396));
#154 = B_SPLINE_CURVE_WITH_KNOTS('',7,(#155,#156,#157,#158,#159,#160,
    #161,#162,#163,#164,#165,#166,#167,#168,#169,#170,#171,#172,#173,
    #174,#175,#176,#177,#178,#179,#180,#181,#182,#183,#184,#185,#186),
  .UNSPECIFIED.,.F.,.F.,(8,6,6,6,6,8),(0.,0.241763709565,0.410219393977,
    0.53652090117,0.746819928834,1.),.UNSPECIFIED.);
#155 = CARTESIAN_POINT('',(4.849268064747,2.22044604925E-16,
    1.745049966396));
#156 = CARTESIAN_POINT('',(4.844364001498,1.001758874615E-02,
    1.753544053108));
#157 = CARTESIAN_POINT('',(4.839050542048,2.032222277663E-02,
    1.761810882376));
#158 = CARTESIAN_POINT('',(4.833282119644,3.09553234543E-02,
    1.769830860094));
#159 = CARTESIAN_POINT('',(4.827007808277,4.19533636841E-02,
    1.777563706468));
#160 = CARTESIAN_POINT('',(4.820156869887,5.335972239721E-02,
    1.784937757425));
#161 = CARTESIAN_POINT('',(4.812654445026,6.521344490044E-02,
    1.791860790374));
#162 = CARTESIAN_POINT('',(4.798541655418,8.626048624641E-02,
    1.802556496601));
#163 = CARTESIAN_POINT('',(4.792502758244,9.494432076344E-02,
    1.80653384436));
#164 = CARTESIAN_POINT('',(4.786214684815,0.103658414056,1.810054547962)
  );
#165 = CARTESIAN_POINT('',(4.779676548822,0.112384519975,1.813070715723)
  );
#166 = CARTESIAN_POINT('',(4.772892242487,0.121096801108,1.815528388152)
  );
#167 = CARTESIAN_POINT('',(4.765870436561,0.129761828785,1.817367537947)
  );
#168 = CARTESIAN_POINT('',(4.753191919698,0.144769099183,1.819387693132)
  );
#169 = CARTESIAN_POINT('',(4.747633142674,0.151151003548,1.819870466346)
  );
#170 = CARTESIAN_POINT('',(4.741957304551,0.157462287585,1.819940124931)
  );
#171 = CARTESIAN_POINT('',(4.736177207874,0.16367854908,1.819570425239)
  );
#172 = CARTESIAN_POINT('',(4.730309402433,0.169772992177,1.818739144678)
  );
#173 = CARTESIAN_POINT('',(4.724374185264,0.175716427387,1.817428081711)
  );
#174 = CARTESIAN_POINT('',(4.708440925053,0.191069397272,1.812617587517)
  );
#175 = CARTESIAN_POINT('',(4.698342251762,0.200179567672,1.808239048518)
  );
#176 = CARTESIAN_POINT('',(4.688276068011,0.208600246808,1.802446960471)
  );
#177 = CARTESIAN_POINT('',(4.678382446843,0.216203663219,1.795293526394)
  );
#178 = CARTESIAN_POINT('',(4.668780572755,0.222911046087,1.786901062703)
  );
#179 = CARTESIAN_POINT('',(4.659576067045,0.228682208447,1.777454057665)
  );
#180 = CARTESIAN_POINT('',(4.640366931202,0.239356313732,1.754867994485)
  );
#181 = CARTESIAN_POINT('',(4.631423567489,0.24337539305,1.742360451828)
  );
#182 = CARTESIAN_POINT('',(4.623444904041,0.246276217548,1.729806365285)
  );
#183 = CARTESIAN_POINT('',(4.616297148448,0.248221538981,1.717250157528)
  );
#184 = CARTESIAN_POINT('',(4.60978615485,0.249434404961,1.704718873159)
  );
#185 = CARTESIAN_POINT('',(4.603828651289,0.249999998934,1.692204820721)
  );
#186 = CARTESIAN_POINT('',(4.598334876348,0.25,1.67967899801));
#187 = ORIENTED_EDGE('',*,*,#188,.F.);
#188 = EDGE_CURVE('',#189,#152,#191,.T.);
#189 = VERTEX_POINT('',#190);
#190 = CARTESIAN_POINT('',(4.579497089263,2.22044604925E-16,
    1.212307002343));
#191 = B_SPLINE_CURVE_WITH_KNOTS('',8,(#192,#193,#194,#195,#196,#197,
    #198,#199,#200,#201,#202,#203,#204,#205,#206,#207,#208,#209,#210,
    #211,#212,#213,#214,#215,#216,#217,#218,#219,#220,#221,#222,#223,
    #224,#225,#226,#227,#228,#229,#230,#231,#232,#233,#234,#235,#236,
    #237,#238,#239,#240,#241,#242),.UNSPECIFIED.,.F.,.F.,(9,7,7,7,7,7,7,
    9),(0.,0.19078736286,0.369786424479,0.513703292981,0.651485740399,
    0.719841574329,0.850671073529,1.),.UNSPECIFIED.);
#192 = CARTESIAN_POINT('',(4.579497089263,2.498001805407E-16,
    1.212307002343));
#193 = CARTESIAN_POINT('',(4.573387972941,-1.460665884341E-02,
    1.222888302202));
#194 = CARTESIAN_POINT('',(4.567872793808,-2.901585421323E-02,
    1.234391492263));
#195 = CARTESIAN_POINT('',(4.562924967853,-4.321614467519E-02,
    1.246770598809));
#196 = CARTESIAN_POINT('',(4.558529269717,-5.719266388664E-02,
    1.259994825522));
#197 = CARTESIAN_POINT('',(4.554678380237,-7.092786565873E-02,
    1.274043557557));
#198 = CARTESIAN_POINT('',(4.551371358063,-8.440178729829E-02,
    1.288904308098));
#199 = CARTESIAN_POINT('',(4.54861403534,-9.75918312297E-02,
    1.304573607428));
#200 = CARTESIAN_POINT('',(4.544364121213,-0.122556459299,1.336529354653
    ));
#201 = CARTESIAN_POINT('',(4.54280525738,-0.134360058047,1.352707443955)
  );
#202 = CARTESIAN_POINT('',(4.541755282839,-0.145866851387,1.369607709551
    ));
#203 = CARTESIAN_POINT('',(4.541233573854,-0.157050082566,1.387243425374
    ));
#204 = CARTESIAN_POINT('',(4.541269384929,-0.167871628778,1.405629460697
    ));
#205 = CARTESIAN_POINT('',(4.541900768006,-0.178282922567,1.424780748836
    ));
#206 = CARTESIAN_POINT('',(4.543178413136,-0.188223408141,1.444716731634
    ));
#207 = CARTESIAN_POINT('',(4.546791913086,-0.205161463833,1.482174244549
    ));
#208 = CARTESIAN_POINT('',(4.548867568358,-0.212336815491,1.499365112402
    ));
#209 = CARTESIAN_POINT('',(4.551449322994,-0.21911262951,1.517101248612)
  );
#210 = CARTESIAN_POINT('',(4.554588949033,-0.225434790367,1.535405455025
    ));
#211 = CARTESIAN_POINT('',(4.558351203287,-0.23121980149,1.554273840107)
  );
#212 = CARTESIAN_POINT('',(4.562809380792,-0.236360279408,1.57367194637)
  );
#213 = CARTESIAN_POINT('',(4.56804938678,-0.240723818141,1.593536348114)
  );
#214 = CARTESIAN_POINT('',(4.580083375897,-0.247394677691,1.633180338834
    ));
#215 = CARTESIAN_POINT('',(4.586845109335,-0.249805464857,1.65307009704)
  );
#216 = CARTESIAN_POINT('',(4.594548081019,-0.25114837322,1.673181590757)
  );
#217 = CARTESIAN_POINT('',(4.603234095602,-0.251199397317,1.693144207547
    ));
#218 = CARTESIAN_POINT('',(4.612904709005,-0.249766604459,1.712525487432
    ));
#219 = CARTESIAN_POINT('',(4.623510669589,-0.246703489644,1.730835828697
    ));
#220 = CARTESIAN_POINT('',(4.634913431764,-0.241958998128,1.747561890486
    ));
#221 = CARTESIAN_POINT('',(4.652674340329,-0.232636318869,1.769587500065
    ));
#222 = CARTESIAN_POINT('',(4.658793561142,-0.229121074946,1.776545002843
    ));
#223 = CARTESIAN_POINT('',(4.665132494898,-0.225165084099,1.78308873275)
  );
#224 = CARTESIAN_POINT('',(4.671673437455,-0.220762392381,1.789157782984
    ));
#225 = CARTESIAN_POINT('',(4.678390938392,-0.215918012519,1.794697882872
    ));
#226 = CARTESIAN_POINT('',(4.685251801011,-0.210647923916,1.79966139787)
  );
#227 = CARTESIAN_POINT('',(4.692215082337,-0.204979072648,1.80400732956)
  );
#228 = CARTESIAN_POINT('',(4.712662285579,-0.187408838047,1.814771412284
    ));
#229 = CARTESIAN_POINT('',(4.725089984166,-0.175584738619,1.818840798146
    ));
#230 = CARTESIAN_POINT('',(4.736706919844,-0.16366938184,1.820787771474)
  );
#231 = CARTESIAN_POINT('',(4.747577380936,-0.151759451498,1.821004004895
    ));
#232 = CARTESIAN_POINT('',(4.757786419455,-0.13992141729,1.819855513126)
  );
#233 = CARTESIAN_POINT('',(4.767404145421,-0.128164571922,1.817548969936
    ));
#234 = CARTESIAN_POINT('',(4.776513227192,-0.116465113698,1.814245747812
    ));
#235 = CARTESIAN_POINT('',(4.795110133981,-9.138315207225E-02,
    1.805184241801));
#236 = CARTESIAN_POINT('',(4.804401047084,-7.808906169928E-02,
    1.79917878212));
#237 = CARTESIAN_POINT('',(4.813131750415,-6.487082818957E-02,
    1.792169953268));
#238 = CARTESIAN_POINT('',(4.821336999308,-5.173108947652E-02,
    1.784267640052));
#239 = CARTESIAN_POINT('',(4.829040151353,-3.867252726795E-02,
    1.77555243203));
#240 = CARTESIAN_POINT('',(4.836257613555,-2.569717297862E-02,
    1.766085410303));
#241 = CARTESIAN_POINT('',(4.842998828532,-1.280624391766E-02,
    1.755908602047));
#242 = CARTESIAN_POINT('',(4.849268064747,2.498001805407E-16,
    1.745049966396));
#243 = ORIENTED_EDGE('',*,*,#244,.F.);
#244 = EDGE_CURVE('',#144,#189,#245,.T.);
#245 = B_SPLINE_CURVE_WITH_KNOTS('',7,(#246,#247,#248,#249,#250,#251,
    #252,#253,#254,#255,#256,#257,#258,#259,#260,#261,#262,#263,#264,
    #265),.UNSPECIFIED.,.F.,.F.,(8,6,6,8),(0.,0.281994812219,
    0.607907449028,1.),.UNSPECIFIED.);
#246 = CARTESIAN_POINT('',(4.598334876348,0.25,1.67967899801));
#247 = CARTESIAN_POINT('',(4.59140316225,0.249999998655,1.663874664792)
  );
#248 = CARTESIAN_POINT('',(4.584779319419,0.249097702928,1.647066430358)
  );
#249 = CARTESIAN_POINT('',(4.57848797922,0.247237965056,1.629245900853)
  );
#250 = CARTESIAN_POINT('',(4.572567416869,0.244351132052,1.610414633265)
  );
#251 = CARTESIAN_POINT('',(4.567069136716,0.240354966676,1.590588712837)
  );
#252 = CARTESIAN_POINT('',(4.562056059024,0.235162078935,1.569806567483)
  );
#253 = CARTESIAN_POINT('',(4.552465184222,0.221156737986,1.523036611148)
  );
#254 = CARTESIAN_POINT('',(4.548017978227,0.211820586954,1.496455272772)
  );
#255 = CARTESIAN_POINT('',(4.544499521247,0.2005382536,1.468779146536));
#256 = CARTESIAN_POINT('',(4.542122564392,0.187310533223,1.440582892474)
  );
#257 = CARTESIAN_POINT('',(4.541040445648,0.172323535548,1.41259935383)
  );
#258 = CARTESIAN_POINT('',(4.541313919702,0.156017752716,1.385700124238)
  );
#259 = CARTESIAN_POINT('',(4.54438761915,0.119293483306,1.331066240948)
  );
#260 = CARTESIAN_POINT('',(4.547692372034,9.868060220454E-02,
    1.304224275262));
#261 = CARTESIAN_POINT('',(4.552320107241,7.804002353955E-02,
    1.280481999293));
#262 = CARTESIAN_POINT('',(4.557990364705,5.773102402524E-02,
    1.259686288118));
#263 = CARTESIAN_POINT('',(4.564484824922,3.794535222575E-02,
    1.241582242932));
#264 = CARTESIAN_POINT('',(4.571664728431,1.872686925256E-02,
    1.225873049248));
#265 = CARTESIAN_POINT('',(4.579497089263,2.22044604925E-16,
    1.212307002343));
#266 = ORIENTED_EDGE('',*,*,#143,.F.);
#267 = ORIENTED_EDGE('',*,*,#124,.T.);
#268 = CYLINDRICAL_SURFACE('',#269,0.25);
#269 = AXIS2_PLACEMENT_3D('',#270,#271,#272);
#270 = CARTESIAN_POINT('',(4.933012701892,0.,1.1));
#271 = DIRECTION('',(0.5,-5.721188726112E-18,-0.866025403784));
#272 = DIRECTION('',(1.144237745222E-17,1.,0.));
#273 = ADVANCED_FACE('',(#274),#369,.T.);
#274 = FACE_BOUND('',#275,.T.);
#275 = EDGE_LOOP('',(#276,#287,#288,#295,#296,#297,#306,#362));
#276 = ORIENTED_EDGE('',*,*,#277,.F.);
#277 = EDGE_CURVE('',#278,#280,#282,.T.);
#278 = VERTEX_POINT('',#279);
#279 = CARTESIAN_POINT('',(2.5,1.25,2.6));
#280 = VERTEX_POINT('',#281);
#281 = CARTESIAN_POINT('',(-8.881784197001E-16,2.22044604925E-16,2.6));
#282 = CIRCLE('',#283,3.125);
#283 = AXIS2_PLACEMENT_3D('',#284,#285,#286);
#284 = CARTESIAN_POINT('',(2.5,-1.875,2.6));
#285 = DIRECTION('',(0.,0.,1.));
#286 = DIRECTION('',(-7.105427357601E-16,1.,0.));
#287 = ORIENTED_EDGE('',*,*,#277,.T.);
#288 = ORIENTED_EDGE('',*,*,#289,.F.);
#289 = EDGE_CURVE('',#152,#280,#290,.T.);
#290 = CIRCLE('',#291,2.5);
#291 = AXIS2_PLACEMENT_3D('',#292,#293,#294);
#292 = CARTESIAN_POINT('',(2.5,2.22044604925E-16,2.6));
#293 = DIRECTION('',(0.,-1.,0.));
#294 = DIRECTION('',(-1.,0.,0.));
#295 = ORIENTED_EDGE('',*,*,#151,.T.);
#296 = ORIENTED_EDGE('',*,*,#244,.T.);
#297 = ORIENTED_EDGE('',*,*,#298,.F.);
#298 = EDGE_CURVE('',#299,#189,#301,.T.);
#299 = VERTEX_POINT('',#300);
#300 = CARTESIAN_POINT('',(0.420502910737,2.22044604925E-16,
    1.212307002343));
#301 = CIRCLE('',#302,2.5);
#302 = AXIS2_PLACEMENT_3D('',#303,#304,#305);
#303 = CARTESIAN_POINT('',(2.5,2.22044604925E-16,2.6));
#304 = DIRECTION('',(0.,-1.,0.));
#305 = DIRECTION('',(-1.,0.,0.));
#306 = ORIENTED_EDGE('',*,*,#307,.T.);
#307 = EDGE_CURVE('',#299,#308,#310,.T.);
#308 = VERTEX_POINT('',#309);
#309 = CARTESIAN_POINT('',(0.150731935253,2.22044604925E-16,
    1.745049966396));
#310 = B_SPLINE_CURVE_WITH_KNOTS('',8,(#311,#312,#313,#314,#315,#316,
    #317,#318,#319,#320,#321,#322,#323,#324,#325,#326,#327,#328,#329,
    #330,#331,#332,#333,#334,#335,#336,#337,#338,#339,#340,#341,#342,
    #343,#344,#345,#346,#347,#348,#349,#350,#351,#352,#353,#354,#355,
    #356,#357,#358,#359,#360,#361),.UNSPECIFIED.,.F.,.F.,(9,7,7,7,7,7,7,
    9),(0.,0.190787362857,0.369786424466,0.513703292965,0.651485740381,
    0.719841574311,0.85067107352,1.),.UNSPECIFIED.);
#311 = CARTESIAN_POINT('',(0.420502910737,2.22044604925E-16,
    1.212307002343));
#312 = CARTESIAN_POINT('',(0.426612027059,1.460665884349E-02,
    1.222888302202));
#313 = CARTESIAN_POINT('',(0.432127206192,2.90158542134E-02,
    1.234391492264));
#314 = CARTESIAN_POINT('',(0.437075032147,4.321614467543E-02,
    1.246770598809));
#315 = CARTESIAN_POINT('',(0.441470730283,5.719266388696E-02,
    1.259994825523));
#316 = CARTESIAN_POINT('',(0.445321619763,7.092786565911E-02,
    1.274043557557));
#317 = CARTESIAN_POINT('',(0.448628641937,8.440178729875E-02,
    1.288904308099));
#318 = CARTESIAN_POINT('',(0.45138596466,9.759183123022E-02,
    1.304573607429));
#319 = CARTESIAN_POINT('',(0.455635878787,0.122556459299,1.336529354654)
  );
#320 = CARTESIAN_POINT('',(0.45719474262,0.134360058047,1.352707443955)
  );
#321 = CARTESIAN_POINT('',(0.458244717161,0.145866851387,1.36960770955)
  );
#322 = CARTESIAN_POINT('',(0.458766426146,0.157050082565,1.387243425373)
  );
#323 = CARTESIAN_POINT('',(0.458730615071,0.167871628776,1.405629460695)
  );
#324 = CARTESIAN_POINT('',(0.458099231994,0.178282922565,1.424780748833)
  );
#325 = CARTESIAN_POINT('',(0.456821586864,0.188223408139,1.444716731629)
  );
#326 = CARTESIAN_POINT('',(0.453208086915,0.205161463831,1.482174244543)
  );
#327 = CARTESIAN_POINT('',(0.451132431643,0.212336815489,1.499365112397)
  );
#328 = CARTESIAN_POINT('',(0.448550677007,0.219112629508,1.517101248607)
  );
#329 = CARTESIAN_POINT('',(0.445411050968,0.225434790365,1.535405455019)
  );
#330 = CARTESIAN_POINT('',(0.441648796714,0.231219801489,1.554273840102)
  );
#331 = CARTESIAN_POINT('',(0.437190619209,0.236360279407,1.573671946365)
  );
#332 = CARTESIAN_POINT('',(0.431950613221,0.24072381814,1.593536348108)
  );
#333 = CARTESIAN_POINT('',(0.419916624105,0.24739467769,1.633180338828)
  );
#334 = CARTESIAN_POINT('',(0.413154890668,0.249805464856,1.653070097035)
  );
#335 = CARTESIAN_POINT('',(0.405451918983,0.25114837322,1.673181590751)
  );
#336 = CARTESIAN_POINT('',(0.396765904401,0.251199397317,1.693144207542)
  );
#337 = CARTESIAN_POINT('',(0.387095290998,0.249766604459,1.712525487427)
  );
#338 = CARTESIAN_POINT('',(0.376489330414,0.246703489645,1.730835828693)
  );
#339 = CARTESIAN_POINT('',(0.365086568239,0.24195899813,1.747561890482)
  );
#340 = CARTESIAN_POINT('',(0.347325659674,0.232636318871,1.769587500061)
  );
#341 = CARTESIAN_POINT('',(0.341206438861,0.229121074948,1.776545002841)
  );
#342 = CARTESIAN_POINT('',(0.334867505104,0.225165084101,1.783088732748)
  );
#343 = CARTESIAN_POINT('',(0.328326562548,0.220762392383,1.789157782982)
  );
#344 = CARTESIAN_POINT('',(0.321609061611,0.215918012521,1.79469788287)
  );
#345 = CARTESIAN_POINT('',(0.314748198992,0.210647923918,1.799661397867)
  );
#346 = CARTESIAN_POINT('',(0.307784917667,0.204979072651,1.804007329558)
  );
#347 = CARTESIAN_POINT('',(0.287337714424,0.187408838051,1.814771412283)
  );
#348 = CARTESIAN_POINT('',(0.274910015837,0.175584738623,1.818840798145)
  );
#349 = CARTESIAN_POINT('',(0.263293080159,0.163669381843,1.820787771474)
  );
#350 = CARTESIAN_POINT('',(0.252422619066,0.151759451501,1.821004004895)
  );
#351 = CARTESIAN_POINT('',(0.242213580548,0.139921417292,1.819855513126)
  );
#352 = CARTESIAN_POINT('',(0.23259585458,0.128164571924,1.817548969937)
  );
#353 = CARTESIAN_POINT('',(0.223486772809,0.1164651137,1.814245747813));
#354 = CARTESIAN_POINT('',(0.20488986602,9.138315207386E-02,
    1.805184241801));
#355 = CARTESIAN_POINT('',(0.195598952917,7.808906170067E-02,
    1.799178782121));
#356 = CARTESIAN_POINT('',(0.186868249586,6.487082819071E-02,
    1.792169953268));
#357 = CARTESIAN_POINT('',(0.178663000692,5.173108947742E-02,
    1.784267640052));
#358 = CARTESIAN_POINT('',(0.170959848647,3.867252726864E-02,
    1.775552432031));
#359 = CARTESIAN_POINT('',(0.163742386445,2.569717297907E-02,
    1.766085410303));
#360 = CARTESIAN_POINT('',(0.157001171468,1.280624391788E-02,
    1.755908602047));
#361 = CARTESIAN_POINT('',(0.150731935253,2.22044604925E-16,
    1.745049966396));
#362 = ORIENTED_EDGE('',*,*,#363,.F.);
#363 = EDGE_CURVE('',#280,#308,#364,.T.);
#364 = CIRCLE('',#365,2.5);
#365 = AXIS2_PLACEMENT_3D('',#366,#367,#368);
#366 = CARTESIAN_POINT('',(2.5,2.22044604925E-16,2.6));
#367 = DIRECTION('',(0.,-1.,0.));
#368 = DIRECTION('',(-1.,0.,0.));
#369 = SPHERICAL_SURFACE('',#370,3.125);
#370 = AXIS2_PLACEMENT_3D('',#371,#372,#373);
#371 = CARTESIAN_POINT('',(2.5,-1.875,2.6));
#372 = DIRECTION('',(0.,-1.,0.));
#373 = DIRECTION('',(-1.,0.,0.));
#374 = ADVANCED_FACE('',(#375),#451,.T.);
#375 = FACE_BOUND('',#376,.T.);
#376 = EDGE_LOOP('',(#377,#386,#387,#424,#447,#448,#449,#450));
#377 = ORIENTED_EDGE('',*,*,#378,.F.);
#378 = EDGE_CURVE('',#280,#379,#381,.T.);
#379 = VERTEX_POINT('',#380);
#380 = CARTESIAN_POINT('',(2.5,-1.25,2.6));
#381 = CIRCLE('',#382,3.125);
#382 = AXIS2_PLACEMENT_3D('',#383,#384,#385);
#383 = CARTESIAN_POINT('',(2.5,1.875,2.6));
#384 = DIRECTION('',(0.,0.,1.));
#385 = DIRECTION('',(-0.8,-0.6,0.));
#386 = ORIENTED_EDGE('',*,*,#363,.T.);
#387 = ORIENTED_EDGE('',*,*,#388,.T.);
#388 = EDGE_CURVE('',#308,#389,#391,.T.);
#389 = VERTEX_POINT('',#390);
#390 = CARTESIAN_POINT('',(0.401665123652,-0.25,1.67967899801));
#391 = B_SPLINE_CURVE_WITH_KNOTS('',7,(#392,#393,#394,#395,#396,#397,
    #398,#399,#400,#401,#402,#403,#404,#405,#406,#407,#408,#409,#410,
    #411,#412,#413,#414,#415,#416,#417,#418,#419,#420,#421,#422,#423),
  .UNSPECIFIED.,.F.,.F.,(8,6,6,6,6,8),(0.,0.241763709606,0.410219394067,
    0.536520901234,0.746819928873,1.),.UNSPECIFIED.);
#392 = CARTESIAN_POINT('',(0.150731935253,1.942890293094E-16,
    1.745049966396));
#393 = CARTESIAN_POINT('',(0.155635998502,-1.00175887458E-02,
    1.753544053108));
#394 = CARTESIAN_POINT('',(0.160949457952,-2.032222277588E-02,
    1.761810882375));
#395 = CARTESIAN_POINT('',(0.166717880356,-3.095532345321E-02,
    1.769830860093));
#396 = CARTESIAN_POINT('',(0.172992191722,-4.195336368249E-02,
    1.777563706467));
#397 = CARTESIAN_POINT('',(0.179843130112,-5.335972239521E-02,
    1.784937757424));
#398 = CARTESIAN_POINT('',(0.187345554972,-6.52134448979E-02,
    1.791860790373));
#399 = CARTESIAN_POINT('',(0.20145834458,-8.626048624403E-02,
    1.8025564966));
#400 = CARTESIAN_POINT('',(0.207497241755,-9.494432076174E-02,
    1.806533844359));
#401 = CARTESIAN_POINT('',(0.213785315184,-0.103658414054,1.810054547961
    ));
#402 = CARTESIAN_POINT('',(0.220323451176,-0.112384519971,1.813070715722
    ));
#403 = CARTESIAN_POINT('',(0.227107757509,-0.121096801103,1.815528388151
    ));
#404 = CARTESIAN_POINT('',(0.234129563435,-0.129761828779,1.817367537946
    ));
#405 = CARTESIAN_POINT('',(0.246808080298,-0.14476909918,1.819387693132)
  );
#406 = CARTESIAN_POINT('',(0.252366857324,-0.151151003546,1.819870466346
    ));
#407 = CARTESIAN_POINT('',(0.258042695449,-0.157462287585,1.819940124931
    ));
#408 = CARTESIAN_POINT('',(0.263822792127,-0.16367854908,1.819570425239)
  );
#409 = CARTESIAN_POINT('',(0.269690597568,-0.169772992178,1.818739144678
    ));
#410 = CARTESIAN_POINT('',(0.275625814735,-0.175716427386,1.817428081711
    ));
#411 = CARTESIAN_POINT('',(0.291559074948,-0.191069397273,1.812617587517
    ));
#412 = CARTESIAN_POINT('',(0.301657748239,-0.200179567672,1.808239048518
    ));
#413 = CARTESIAN_POINT('',(0.311723931989,-0.208600246808,1.802446960471
    ));
#414 = CARTESIAN_POINT('',(0.321617553155,-0.216203663218,1.795293526394
    ));
#415 = CARTESIAN_POINT('',(0.331219427242,-0.222911046085,1.786901062705
    ));
#416 = CARTESIAN_POINT('',(0.340423932952,-0.228682208446,1.777454057668
    ));
#417 = CARTESIAN_POINT('',(0.359633068796,-0.239356313731,1.754867994488
    ));
#418 = CARTESIAN_POINT('',(0.368576432509,-0.24337539305,1.74236045183)
  );
#419 = CARTESIAN_POINT('',(0.376555095958,-0.246276217548,1.729806365287
    ));
#420 = CARTESIAN_POINT('',(0.383702851552,-0.248221538981,1.717250157529
    ));
#421 = CARTESIAN_POINT('',(0.39021384515,-0.249434404961,1.70471887316)
  );
#422 = CARTESIAN_POINT('',(0.396171348711,-0.249999998934,1.692204820721
    ));
#423 = CARTESIAN_POINT('',(0.401665123652,-0.25,1.67967899801));
#424 = ORIENTED_EDGE('',*,*,#425,.T.);
#425 = EDGE_CURVE('',#389,#299,#426,.T.);
#426 = B_SPLINE_CURVE_WITH_KNOTS('',7,(#427,#428,#429,#430,#431,#432,
    #433,#434,#435,#436,#437,#438,#439,#440,#441,#442,#443,#444,#445,
    #446),.UNSPECIFIED.,.F.,.F.,(8,6,6,8),(0.,0.281994812224,
    0.607907449014,1.),.UNSPECIFIED.);
#427 = CARTESIAN_POINT('',(0.401665123652,-0.25,1.67967899801));
#428 = CARTESIAN_POINT('',(0.40859683775,-0.249999998655,1.663874664792)
  );
#429 = CARTESIAN_POINT('',(0.415220680581,-0.249097702928,1.647066430357
    ));
#430 = CARTESIAN_POINT('',(0.42151202078,-0.247237965056,1.629245900852)
  );
#431 = CARTESIAN_POINT('',(0.427432583132,-0.244351132051,1.610414633263
    ));
#432 = CARTESIAN_POINT('',(0.432930863285,-0.240354966676,1.590588712835
    ));
#433 = CARTESIAN_POINT('',(0.437943940976,-0.235162078934,1.569806567481
    ));
#434 = CARTESIAN_POINT('',(0.447534815778,-0.221156737985,1.523036611146
    ));
#435 = CARTESIAN_POINT('',(0.451982021773,-0.211820586954,1.496455272772
    ));
#436 = CARTESIAN_POINT('',(0.455500478753,-0.200538253601,1.468779146538
    ));
#437 = CARTESIAN_POINT('',(0.457877435607,-0.187310533225,1.440582892477
    ));
#438 = CARTESIAN_POINT('',(0.458959554352,-0.172323535551,1.412599353835
    ));
#439 = CARTESIAN_POINT('',(0.458686080298,-0.15601775272,1.385700124245)
  );
#440 = CARTESIAN_POINT('',(0.45561238085,-0.119293483311,1.331066240954)
  );
#441 = CARTESIAN_POINT('',(0.452307627967,-9.868060220835E-02,
    1.304224275266));
#442 = CARTESIAN_POINT('',(0.44767989276,-7.804002354262E-02,
    1.280481999297));
#443 = CARTESIAN_POINT('',(0.442009635296,-5.773102402739E-02,
    1.25968628812));
#444 = CARTESIAN_POINT('',(0.435515175078,-3.79453522272E-02,
    1.241582242933));
#445 = CARTESIAN_POINT('',(0.42833527157,-1.872686925325E-02,
    1.225873049248));
#446 = CARTESIAN_POINT('',(0.420502910737,1.942890293094E-16,
    1.212307002343));
#447 = ORIENTED_EDGE('',*,*,#298,.T.);
#448 = ORIENTED_EDGE('',*,*,#188,.T.);
#449 = ORIENTED_EDGE('',*,*,#289,.T.);
#450 = ORIENTED_EDGE('',*,*,#378,.T.);
#451 = SPHERICAL_SURFACE('',#452,3.125);
#452 = AXIS2_PLACEMENT_3D('',#453,#454,#455);
#453 = CARTESIAN_POINT('',(2.5,1.875,2.6));
#454 = DIRECTION('',(0.,-1.,0.));
#455 = DIRECTION('',(-1.,0.,0.));
#456 = ADVANCED_FACE('',(#457),#478,.T.);
#457 = FACE_BOUND('',#458,.T.);
#458 = EDGE_LOOP('',(#459,#467,#468,#469,#470,#471));
#459 = ORIENTED_EDGE('',*,*,#460,.T.);
#460 = EDGE_CURVE('',#461,#389,#463,.T.);
#461 = VERTEX_POINT('',#462);
#462 = CARTESIAN_POINT('',(6.698729810778E-02,-0.25,1.1));
#463 = LINE('',#464,#465);
#464 = CARTESIAN_POINT('',(6.698729810778E-02,-0.25,1.1));
#465 = VECTOR('',#466,1.);
#466 = DIRECTION('',(0.5,5.551115123128E-17,0.866025403784));
#467 = ORIENTED_EDGE('',*,*,#388,.F.);
#468 = ORIENTED_EDGE('',*,*,#307,.F.);
#469 = ORIENTED_EDGE('',*,*,#425,.F.);
#470 = ORIENTED_EDGE('',*,*,#460,.F.);
#471 = ORIENTED_EDGE('',*,*,#472,.T.);
#472 = EDGE_CURVE('',#461,#461,#473,.T.);
#473 = CIRCLE('',#474,0.25);
#474 = AXIS2_PLACEMENT_3D('',#475,#476,#477);
#475 = CARTESIAN_POINT('',(6.698729810778E-02,5.337293624795E-33,1.1));
#476 = DIRECTION('',(0.5,5.551115123128E-17,0.866025403784));
#477 = DIRECTION('',(1.110223024625E-16,-1.,8.646655078321E-30));
#478 = CYLINDRICAL_SURFACE('',#479,0.25);
#479 = AXIS2_PLACEMENT_3D('',#480,#481,#482);
#480 = CARTESIAN_POINT('',(6.698729810778E-02,0.,1.1));
#481 = DIRECTION('',(-0.5,-5.551115123128E-17,-0.866025403784));
#482 = DIRECTION('',(1.110223024625E-16,-1.,8.646655078321E-30));
#483 = ADVANCED_FACE('',(#484),#504,.F.);
#484 = FACE_BOUND('',#485,.F.);
#485 = EDGE_LOOP('',(#486,#495,#502,#503));
#486 = ORIENTED_EDGE('',*,*,#487,.F.);
#487 = EDGE_CURVE('',#488,#461,#490,.T.);
#488 = VERTEX_POINT('',#489);
#489 = CARTESIAN_POINT('',(1.942890293094E-16,-0.25,0.85));
#490 = CIRCLE('',#491,0.5);
#491 = AXIS2_PLACEMENT_3D('',#492,#493,#494);
#492 = CARTESIAN_POINT('',(0.5,-0.25,0.85));
#493 = DIRECTION('',(-1.110223024625E-16,1.,0.));
#494 = DIRECTION('',(-1.,-1.110223024625E-16,0.));
#495 = ORIENTED_EDGE('',*,*,#496,.F.);
#496 = EDGE_CURVE('',#488,#488,#497,.T.);
#497 = CIRCLE('',#498,0.25);
#498 = AXIS2_PLACEMENT_3D('',#499,#500,#501);
#499 = CARTESIAN_POINT('',(1.665334536938E-16,0.,0.85));
#500 = DIRECTION('',(-0.,0.,1.));
#501 = DIRECTION('',(1.110223024625E-16,-1.,0.));
#502 = ORIENTED_EDGE('',*,*,#487,.T.);
#503 = ORIENTED_EDGE('',*,*,#472,.T.);
#504 = SURFACE_OF_REVOLUTION('',#505,#510);
#505 = CIRCLE('',#506,0.25);
#506 = AXIS2_PLACEMENT_3D('',#507,#508,#509);
#507 = CARTESIAN_POINT('',(1.665334536938E-16,0.,0.85));
#508 = DIRECTION('',(-0.,0.,1.));
#509 = DIRECTION('',(1.110223024625E-16,-1.,0.));
#510 = AXIS1_PLACEMENT('',#511,#512);
#511 = CARTESIAN_POINT('',(0.5,4.,0.85));
#512 = DIRECTION('',(-1.110223024625E-16,1.,0.));
#513 = ADVANCED_FACE('',(#514),#533,.T.);
#514 = FACE_BOUND('',#515,.T.);
#515 = EDGE_LOOP('',(#516,#524,#525,#526));
#516 = ORIENTED_EDGE('',*,*,#517,.T.);
#517 = EDGE_CURVE('',#518,#488,#520,.T.);
#518 = VERTEX_POINT('',#519);
#519 = CARTESIAN_POINT('',(1.942890293094E-16,-0.25,-2.));
#520 = LINE('',#521,#522);
#521 = CARTESIAN_POINT('',(1.942890293094E-16,-0.25,-2.));
#522 = VECTOR('',#523,1.);
#523 = DIRECTION('',(0.,0.,1.));
#524 = ORIENTED_EDGE('',*,*,#496,.F.);
#525 = ORIENTED_EDGE('',*,*,#517,.F.);
#526 = ORIENTED_EDGE('',*,*,#527,.T.);
#527 = EDGE_CURVE('',#518,#518,#528,.T.);
#528 = CIRCLE('',#529,0.25);
#529 = AXIS2_PLACEMENT_3D('',#530,#531,#532);
#530 = CARTESIAN_POINT('',(1.665334536938E-16,0.,-2.));
#531 = DIRECTION('',(-0.,0.,1.));
#532 = DIRECTION('',(1.110223024625E-16,-1.,0.));
#533 = CYLINDRICAL_SURFACE('',#534,0.25);
#534 = AXIS2_PLACEMENT_3D('',#535,#536,#537);
#535 = CARTESIAN_POINT('',(1.665334536938E-16,0.,-2.));
#536 = DIRECTION('',(-0.,0.,-1.));
#537 = DIRECTION('',(1.110223024625E-16,-1.,-0.));
#538 = ADVANCED_FACE('',(#539),#542,.T.);
#539 = FACE_BOUND('',#540,.F.);
#540 = EDGE_LOOP('',(#541));
#541 = ORIENTED_EDGE('',*,*,#527,.T.);
#542 = PLANE('',#543);
#543 = AXIS2_PLACEMENT_3D('',#544,#545,#546);
#544 = CARTESIAN_POINT('',(1.942890293094E-16,-0.25,-2.));
#545 = DIRECTION('',(0.,0.,-1.));
#546 = DIRECTION('',(-1.110223024625E-16,1.,0.));
#547 = ( GEOMETRIC_REPRESENTATION_CONTEXT(3) 
GLOBAL_UNCERTAINTY_ASSIGNED_CONTEXT((#551)) GLOBAL_UNIT_ASSIGNED_CONTEXT
((#548,#549,#550)) REPRESENTATION_CONTEXT('Context #1',
  '3D Context with UNIT and UNCERTAINTY') );
#548 = ( LENGTH_UNIT() NAMED_UNIT(*) SI_UNIT(.MILLI.,.METRE.) );
#549 = ( NAMED_UNIT(*) PLANE_ANGLE_UNIT() SI_UNIT($,.RADIAN.) );
#550 = ( NAMED_UNIT(*) SI_UNIT($,.STERADIAN.) SOLID_ANGLE_UNIT() );
#551 = UNCERTAINTY_MEASURE_WITH_UNIT(LENGTH_MEASURE(2.E-07),#548,
  'distance_accuracy_value','confusion accuracy');
#552 = CONTEXT_DEPENDENT_SHAPE_REPRESENTATION(#553,#555);
#553 = ( REPRESENTATION_RELATIONSHIP('','',#64,#10) 
REPRESENTATION_RELATIONSHIP_WITH_TRANSFORMATION(#554) 
SHAPE_REPRESENTATION_RELATIONSHIP() );
#554 = ITEM_DEFINED_TRANSFORMATION('','',#11,#15);
#555 = PRODUCT_DEFINITION_SHAPE('Placement','Placement of an item',#556
  );
#556 = NEXT_ASSEMBLY_USAGE_OCCURRENCE('1','C2','',#5,#59,$);
#557 = PRODUCT_RELATED_PRODUCT_CATEGORY('part',$,(#61));
#558 = SHAPE_DEFINITION_REPRESENTATION(#559,#565);
#559 = PRODUCT_DEFINITION_SHAPE('','',#560);
#560 = PRODUCT_DEFINITION('design','',#561,#564);
#561 = PRODUCT_DEFINITION_FORMATION('','',#562);
#562 = PRODUCT('CP_Radial_D4.0mm_P2.00mm','CP_Radial_D4.0mm_P2.00mm','',
  (#563));
#563 = PRODUCT_CONTEXT('',#2,'mechanical');
#564 = PRODUCT_DEFINITION_CONTEXT('part definition',#2,'design');
#565 = ADVANCED_BREP_SHAPE_REPRESENTATION('',(#11,#566),#2798);
#566 = BREP_WITH_VOIDS('',#567,(#2642));
#567 = CLOSED_SHELL('',(#568,#585,#610,#659,#692,#710,#735,#767,#785,
    #794,#832,#854,#914,#988,#1154,#1231,#1256,#1333,#1399,#1455,#1506,
    #1557,#1723,#1752,#1820,#1888,#1920,#1974,#2051,#2085,#2100,#2118,
    #2150,#2168,#2311,#2363,#2387,#2411,#2435,#2497,#2514,#2538,#2554,
    #2578,#2590,#2606,#2618,#2630));
#568 = ADVANCED_FACE('',(#569),#580,.F.);
#569 = FACE_BOUND('',#570,.F.);
#570 = EDGE_LOOP('',(#571));
#571 = ORIENTED_EDGE('',*,*,#572,.T.);
#572 = EDGE_CURVE('',#573,#573,#575,.T.);
#573 = VERTEX_POINT('',#574);
#574 = CARTESIAN_POINT('',(1.85,-1.040949779275E-16,-1.9));
#575 = CIRCLE('',#576,0.15);
#576 = AXIS2_PLACEMENT_3D('',#577,#578,#579);
#577 = CARTESIAN_POINT('',(2.,-1.224646799147E-16,-1.9));
#578 = DIRECTION('',(0.,0.,1.));
#579 = DIRECTION('',(-1.,1.224646799147E-16,0.));
#580 = PLANE('',#581);
#581 = AXIS2_PLACEMENT_3D('',#582,#583,#584);
#582 = CARTESIAN_POINT('',(2.,-1.252440509486E-16,-1.9));
#583 = DIRECTION('',(0.,0.,1.));
#584 = DIRECTION('',(-1.,1.224646799147E-16,0.));
#585 = ADVANCED_FACE('',(#586),#605,.T.);
#586 = FACE_BOUND('',#587,.T.);
#587 = EDGE_LOOP('',(#588,#597,#603,#604));
#588 = ORIENTED_EDGE('',*,*,#589,.F.);
#589 = EDGE_CURVE('',#590,#590,#592,.T.);
#590 = VERTEX_POINT('',#591);
#591 = CARTESIAN_POINT('',(1.85,-1.040949779275E-16,0.2));
#592 = CIRCLE('',#593,0.15);
#593 = AXIS2_PLACEMENT_3D('',#594,#595,#596);
#594 = CARTESIAN_POINT('',(2.,-1.224646799147E-16,0.2));
#595 = DIRECTION('',(0.,0.,1.));
#596 = DIRECTION('',(-1.,1.224646799147E-16,0.));
#597 = ORIENTED_EDGE('',*,*,#598,.T.);
#598 = EDGE_CURVE('',#590,#573,#599,.T.);
#599 = LINE('',#600,#601);
#600 = CARTESIAN_POINT('',(1.85,-1.040949779275E-16,0.3));
#601 = VECTOR('',#602,1.);
#602 = DIRECTION('',(0.,0.,-1.));
#603 = ORIENTED_EDGE('',*,*,#572,.T.);
#604 = ORIENTED_EDGE('',*,*,#598,.F.);
#605 = CYLINDRICAL_SURFACE('',#606,0.15);
#606 = AXIS2_PLACEMENT_3D('',#607,#608,#609);
#607 = CARTESIAN_POINT('',(2.,-1.224646799147E-16,0.3));
#608 = DIRECTION('',(0.,0.,1.));
#609 = DIRECTION('',(-1.,1.224646799147E-16,0.));
#610 = ADVANCED_FACE('',(#611,#640,#643),#654,.F.);
#611 = FACE_BOUND('',#612,.F.);
#612 = EDGE_LOOP('',(#613,#624,#633));
#613 = ORIENTED_EDGE('',*,*,#614,.T.);
#614 = EDGE_CURVE('',#615,#617,#619,.T.);
#615 = VERTEX_POINT('',#616);
#616 = CARTESIAN_POINT('',(-0.4,1.714505518806E-16,0.2));
#617 = VERTEX_POINT('',#618);
#618 = CARTESIAN_POINT('',(2.293431345516,-0.535756805311,0.2));
#619 = CIRCLE('',#620,1.4);
#620 = AXIS2_PLACEMENT_3D('',#621,#622,#623);
#621 = CARTESIAN_POINT('',(1.,0.,0.2));
#622 = DIRECTION('',(0.,0.,1.));
#623 = DIRECTION('',(-1.,1.224646799147E-16,0.));
#624 = ORIENTED_EDGE('',*,*,#625,.T.);
#625 = EDGE_CURVE('',#617,#626,#628,.T.);
#626 = VERTEX_POINT('',#627);
#627 = CARTESIAN_POINT('',(2.293431345516,0.535756805311,0.2));
#628 = CIRCLE('',#629,1.4);
#629 = AXIS2_PLACEMENT_3D('',#630,#631,#632);
#630 = CARTESIAN_POINT('',(1.,0.,0.2));
#631 = DIRECTION('',(0.,0.,1.));
#632 = DIRECTION('',(-1.,1.224646799147E-16,0.));
#633 = ORIENTED_EDGE('',*,*,#634,.T.);
#634 = EDGE_CURVE('',#626,#615,#635,.T.);
#635 = CIRCLE('',#636,1.4);
#636 = AXIS2_PLACEMENT_3D('',#637,#638,#639);
#637 = CARTESIAN_POINT('',(1.,0.,0.2));
#638 = DIRECTION('',(0.,0.,1.));
#639 = DIRECTION('',(-1.,1.224646799147E-16,0.));
#640 = FACE_BOUND('',#641,.F.);
#641 = EDGE_LOOP('',(#642));
#642 = ORIENTED_EDGE('',*,*,#589,.F.);
#643 = FACE_BOUND('',#644,.F.);
#644 = EDGE_LOOP('',(#645));
#645 = ORIENTED_EDGE('',*,*,#646,.F.);
#646 = EDGE_CURVE('',#647,#647,#649,.T.);
#647 = VERTEX_POINT('',#648);
#648 = CARTESIAN_POINT('',(-0.15,1.408343819019E-16,0.2));
#649 = CIRCLE('',#650,0.15);
#650 = AXIS2_PLACEMENT_3D('',#651,#652,#653);
#651 = CARTESIAN_POINT('',(0.,1.224646799147E-16,0.2));
#652 = DIRECTION('',(0.,0.,1.));
#653 = DIRECTION('',(-1.,1.224646799147E-16,0.));
#654 = PLANE('',#655);
#655 = AXIS2_PLACEMENT_3D('',#656,#657,#658);
#656 = CARTESIAN_POINT('',(1.,-6.494268501652E-17,0.2));
#657 = DIRECTION('',(1.048125139803E-33,-1.710905655258E-34,1.));
#658 = DIRECTION('',(-1.,1.224646799147E-16,1.048125139803E-33));
#659 = ADVANCED_FACE('',(#660),#687,.F.);
#660 = FACE_BOUND('',#661,.F.);
#661 = EDGE_LOOP('',(#662,#670,#671,#672,#680));
#662 = ORIENTED_EDGE('',*,*,#663,.F.);
#663 = EDGE_CURVE('',#617,#664,#666,.T.);
#664 = VERTEX_POINT('',#665);
#665 = CARTESIAN_POINT('',(2.293431345516,-0.535756805311,0.));
#666 = LINE('',#667,#668);
#667 = CARTESIAN_POINT('',(2.293431345516,-0.535756805311,0.3));
#668 = VECTOR('',#669,1.);
#669 = DIRECTION('',(0.,0.,-1.));
#670 = ORIENTED_EDGE('',*,*,#614,.F.);
#671 = ORIENTED_EDGE('',*,*,#634,.F.);
#672 = ORIENTED_EDGE('',*,*,#673,.T.);
#673 = EDGE_CURVE('',#626,#674,#676,.T.);
#674 = VERTEX_POINT('',#675);
#675 = CARTESIAN_POINT('',(2.293431345516,0.535756805311,0.));
#676 = LINE('',#677,#678);
#677 = CARTESIAN_POINT('',(2.293431345516,0.535756805311,0.3));
#678 = VECTOR('',#679,1.);
#679 = DIRECTION('',(0.,0.,-1.));
#680 = ORIENTED_EDGE('',*,*,#681,.F.);
#681 = EDGE_CURVE('',#664,#674,#682,.T.);
#682 = CIRCLE('',#683,1.4);
#683 = AXIS2_PLACEMENT_3D('',#684,#685,#686);
#684 = CARTESIAN_POINT('',(1.,0.,0.));
#685 = DIRECTION('',(0.,-0.,-1.));
#686 = DIRECTION('',(0.923879532511,-0.382683432365,0.));
#687 = CYLINDRICAL_SURFACE('',#688,1.4);
#688 = AXIS2_PLACEMENT_3D('',#689,#690,#691);
#689 = CARTESIAN_POINT('',(1.,0.,0.3));
#690 = DIRECTION('',(0.,0.,-1.));
#691 = DIRECTION('',(0.923879532511,-0.382683432365,0.));
#692 = ADVANCED_FACE('',(#693),#705,.F.);
#693 = FACE_BOUND('',#694,.F.);
#694 = EDGE_LOOP('',(#695,#696,#697,#698));
#695 = ORIENTED_EDGE('',*,*,#673,.F.);
#696 = ORIENTED_EDGE('',*,*,#625,.F.);
#697 = ORIENTED_EDGE('',*,*,#663,.T.);
#698 = ORIENTED_EDGE('',*,*,#699,.F.);
#699 = EDGE_CURVE('',#674,#664,#700,.T.);
#700 = CIRCLE('',#701,1.4);
#701 = AXIS2_PLACEMENT_3D('',#702,#703,#704);
#702 = CARTESIAN_POINT('',(1.,0.,0.));
#703 = DIRECTION('',(0.,0.,-1.));
#704 = DIRECTION('',(0.923879532511,0.382683432365,0.));
#705 = CYLINDRICAL_SURFACE('',#706,1.4);
#706 = AXIS2_PLACEMENT_3D('',#707,#708,#709);
#707 = CARTESIAN_POINT('',(1.,0.,0.3));
#708 = DIRECTION('',(0.,0.,-1.));
#709 = DIRECTION('',(0.923879532511,0.382683432365,0.));
#710 = ADVANCED_FACE('',(#711),#730,.T.);
#711 = FACE_BOUND('',#712,.T.);
#712 = EDGE_LOOP('',(#713,#714,#722,#729));
#713 = ORIENTED_EDGE('',*,*,#646,.F.);
#714 = ORIENTED_EDGE('',*,*,#715,.T.);
#715 = EDGE_CURVE('',#647,#716,#718,.T.);
#716 = VERTEX_POINT('',#717);
#717 = CARTESIAN_POINT('',(-0.15,1.408343819019E-16,-2.));
#718 = LINE('',#719,#720);
#719 = CARTESIAN_POINT('',(-0.15,1.408343819019E-16,0.3));
#720 = VECTOR('',#721,1.);
#721 = DIRECTION('',(0.,0.,-1.));
#722 = ORIENTED_EDGE('',*,*,#723,.T.);
#723 = EDGE_CURVE('',#716,#716,#724,.T.);
#724 = CIRCLE('',#725,0.15);
#725 = AXIS2_PLACEMENT_3D('',#726,#727,#728);
#726 = CARTESIAN_POINT('',(0.,1.224646799147E-16,-2.));
#727 = DIRECTION('',(0.,0.,1.));
#728 = DIRECTION('',(-1.,1.224646799147E-16,0.));
#729 = ORIENTED_EDGE('',*,*,#715,.F.);
#730 = CYLINDRICAL_SURFACE('',#731,0.15);
#731 = AXIS2_PLACEMENT_3D('',#732,#733,#734);
#732 = CARTESIAN_POINT('',(0.,1.224646799147E-16,0.3));
#733 = DIRECTION('',(0.,0.,1.));
#734 = DIRECTION('',(-1.,1.224646799147E-16,0.));
#735 = ADVANCED_FACE('',(#736),#762,.T.);
#736 = FACE_BOUND('',#737,.F.);
#737 = EDGE_LOOP('',(#738,#739,#747,#756));
#738 = ORIENTED_EDGE('',*,*,#681,.T.);
#739 = ORIENTED_EDGE('',*,*,#740,.T.);
#740 = EDGE_CURVE('',#674,#741,#743,.T.);
#741 = VERTEX_POINT('',#742);
#742 = CARTESIAN_POINT('',(2.66298315852,0.688830178257,
    2.775557561563E-17));
#743 = LINE('',#744,#745);
#744 = CARTESIAN_POINT('',(2.293431345516,0.535756805311,0.));
#745 = VECTOR('',#746,1.);
#746 = DIRECTION('',(0.923879532511,0.382683432365,0.));
#747 = ORIENTED_EDGE('',*,*,#748,.F.);
#748 = EDGE_CURVE('',#749,#741,#751,.T.);
#749 = VERTEX_POINT('',#750);
#750 = CARTESIAN_POINT('',(2.66298315852,-0.688830178257,
    2.775557561563E-17));
#751 = CIRCLE('',#752,1.8);
#752 = AXIS2_PLACEMENT_3D('',#753,#754,#755);
#753 = CARTESIAN_POINT('',(1.,0.,2.775557561563E-17));
#754 = DIRECTION('',(0.,-0.,-1.));
#755 = DIRECTION('',(0.923879532511,-0.382683432365,0.));
#756 = ORIENTED_EDGE('',*,*,#757,.F.);
#757 = EDGE_CURVE('',#664,#749,#758,.T.);
#758 = LINE('',#759,#760);
#759 = CARTESIAN_POINT('',(2.293431345516,-0.535756805311,0.));
#760 = VECTOR('',#761,1.);
#761 = DIRECTION('',(0.923879532511,-0.382683432365,0.));
#762 = PLANE('',#763);
#763 = AXIS2_PLACEMENT_3D('',#764,#765,#766);
#764 = CARTESIAN_POINT('',(1.,0.,0.));
#765 = DIRECTION('',(0.,0.,-1.));
#766 = DIRECTION('',(0.923879532511,-0.382683432365,0.));
#767 = ADVANCED_FACE('',(#768),#780,.T.);
#768 = FACE_BOUND('',#769,.F.);
#769 = EDGE_LOOP('',(#770,#771,#772,#779));
#770 = ORIENTED_EDGE('',*,*,#699,.T.);
#771 = ORIENTED_EDGE('',*,*,#757,.T.);
#772 = ORIENTED_EDGE('',*,*,#773,.F.);
#773 = EDGE_CURVE('',#741,#749,#774,.T.);
#774 = CIRCLE('',#775,1.8);
#775 = AXIS2_PLACEMENT_3D('',#776,#777,#778);
#776 = CARTESIAN_POINT('',(1.,0.,2.775557561563E-17));
#777 = DIRECTION('',(0.,0.,-1.));
#778 = DIRECTION('',(0.923879532511,0.382683432365,0.));
#779 = ORIENTED_EDGE('',*,*,#740,.F.);
#780 = PLANE('',#781);
#781 = AXIS2_PLACEMENT_3D('',#782,#783,#784);
#782 = CARTESIAN_POINT('',(1.,0.,0.));
#783 = DIRECTION('',(0.,0.,-1.));
#784 = DIRECTION('',(0.923879532511,0.382683432365,0.));
#785 = ADVANCED_FACE('',(#786),#789,.F.);
#786 = FACE_BOUND('',#787,.F.);
#787 = EDGE_LOOP('',(#788));
#788 = ORIENTED_EDGE('',*,*,#723,.T.);
#789 = PLANE('',#790);
#790 = AXIS2_PLACEMENT_3D('',#791,#792,#793);
#791 = CARTESIAN_POINT('',(0.,1.196853088809E-16,-2.));
#792 = DIRECTION('',(9.130334551169E-32,-6.575964556024E-33,1.));
#793 = DIRECTION('',(-1.,1.224646799147E-16,9.130334551169E-32));
#794 = ADVANCED_FACE('',(#795),#823,.F.);
#795 = FACE_BOUND('',#796,.F.);
#796 = EDGE_LOOP('',(#797,#798,#807,#816));
#797 = ORIENTED_EDGE('',*,*,#748,.T.);
#798 = ORIENTED_EDGE('',*,*,#799,.T.);
#799 = EDGE_CURVE('',#741,#800,#802,.T.);
#800 = VERTEX_POINT('',#801);
#801 = CARTESIAN_POINT('',(2.847759065023,0.76536686473,0.2));
#802 = CIRCLE('',#803,0.2);
#803 = AXIS2_PLACEMENT_3D('',#804,#805,#806);
#804 = CARTESIAN_POINT('',(2.66298315852,0.688830178257,0.2));
#805 = DIRECTION('',(0.382683432365,-0.923879532511,0.));
#806 = DIRECTION('',(0.,0.,-1.));
#807 = ORIENTED_EDGE('',*,*,#808,.F.);
#808 = EDGE_CURVE('',#809,#800,#811,.T.);
#809 = VERTEX_POINT('',#810);
#810 = CARTESIAN_POINT('',(2.847759065023,-0.76536686473,0.2));
#811 = CIRCLE('',#812,2.);
#812 = AXIS2_PLACEMENT_3D('',#813,#814,#815);
#813 = CARTESIAN_POINT('',(1.,0.,0.2));
#814 = DIRECTION('',(0.,-0.,-1.));
#815 = DIRECTION('',(0.923879532511,-0.382683432365,0.));
#816 = ORIENTED_EDGE('',*,*,#817,.F.);
#817 = EDGE_CURVE('',#749,#809,#818,.T.);
#818 = CIRCLE('',#819,0.2);
#819 = AXIS2_PLACEMENT_3D('',#820,#821,#822);
#820 = CARTESIAN_POINT('',(2.66298315852,-0.688830178257,0.2));
#821 = DIRECTION('',(-0.382683432365,-0.923879532511,-0.));
#822 = DIRECTION('',(0.,0.,-1.));
#823 = SURFACE_OF_REVOLUTION('',#824,#829);
#824 = CIRCLE('',#825,0.2);
#825 = AXIS2_PLACEMENT_3D('',#826,#827,#828);
#826 = CARTESIAN_POINT('',(2.66298315852,-0.688830178257,0.2));
#827 = DIRECTION('',(-0.382683432365,-0.923879532511,-0.));
#828 = DIRECTION('',(0.,0.,-1.));
#829 = AXIS1_PLACEMENT('',#830,#831);
#830 = CARTESIAN_POINT('',(1.,0.,0.));
#831 = DIRECTION('',(0.,0.,-1.));
#832 = ADVANCED_FACE('',(#833),#845,.F.);
#833 = FACE_BOUND('',#834,.F.);
#834 = EDGE_LOOP('',(#835,#836,#837,#844));
#835 = ORIENTED_EDGE('',*,*,#773,.T.);
#836 = ORIENTED_EDGE('',*,*,#817,.T.);
#837 = ORIENTED_EDGE('',*,*,#838,.F.);
#838 = EDGE_CURVE('',#800,#809,#839,.T.);
#839 = CIRCLE('',#840,2.);
#840 = AXIS2_PLACEMENT_3D('',#841,#842,#843);
#841 = CARTESIAN_POINT('',(1.,0.,0.2));
#842 = DIRECTION('',(0.,0.,-1.));
#843 = DIRECTION('',(0.923879532511,0.382683432365,0.));
#844 = ORIENTED_EDGE('',*,*,#799,.F.);
#845 = SURFACE_OF_REVOLUTION('',#846,#851);
#846 = CIRCLE('',#847,0.2);
#847 = AXIS2_PLACEMENT_3D('',#848,#849,#850);
#848 = CARTESIAN_POINT('',(2.66298315852,0.688830178257,0.2));
#849 = DIRECTION('',(0.382683432365,-0.923879532511,0.));
#850 = DIRECTION('',(0.,0.,-1.));
#851 = AXIS1_PLACEMENT('',#852,#853);
#852 = CARTESIAN_POINT('',(1.,0.,0.));
#853 = DIRECTION('',(0.,0.,-1.));
#854 = ADVANCED_FACE('',(#855),#909,.T.);
#855 = FACE_BOUND('',#856,.T.);
#856 = EDGE_LOOP('',(#857,#896,#902,#903));
#857 = ORIENTED_EDGE('',*,*,#858,.T.);
#858 = EDGE_CURVE('',#859,#861,#863,.T.);
#859 = VERTEX_POINT('',#860);
#860 = CARTESIAN_POINT('',(2.847759065023,-0.76536686473,1.094848017031)
  );
#861 = VERTEX_POINT('',#862);
#862 = CARTESIAN_POINT('',(2.847759065023,0.76536686473,1.094848017031)
  );
#863 = B_SPLINE_CURVE_WITH_KNOTS('',11,(#864,#865,#866,#867,#868,#869,
    #870,#871,#872,#873,#874,#875,#876,#877,#878,#879,#880,#881,#882,
    #883,#884,#885,#886,#887,#888,#889,#890,#891,#892,#893,#894,#895),
  .UNSPECIFIED.,.F.,.F.,(12,10,10,12),(-0.468492513267,
    5.533303661371E-15,10.995574287564,11.464066800831),.UNSPECIFIED.);
#864 = CARTESIAN_POINT('',(3.027043388037,-0.332536220588,1.094848017031
    ));
#865 = CARTESIAN_POINT('',(3.010631863684,-0.372157145261,1.094848017031
    ));
#866 = CARTESIAN_POINT('',(2.994242929237,-0.411723533074,1.094848017031
    ));
#867 = CARTESIAN_POINT('',(2.977876584698,-0.451235384028,1.094848017031
    ));
#868 = CARTESIAN_POINT('',(2.961532830065,-0.490692698123,1.094848017031
    ));
#869 = CARTESIAN_POINT('',(2.945211665339,-0.530095475358,1.094848017031
    ));
#870 = CARTESIAN_POINT('',(2.928913090519,-0.569443715735,1.094848017031
    ));
#871 = CARTESIAN_POINT('',(2.912637105606,-0.608737419252,1.094848017031
    ));
#872 = CARTESIAN_POINT('',(2.8963837106,-0.64797658591,1.094848017031));
#873 = CARTESIAN_POINT('',(2.880152905501,-0.68716121571,1.094848017031)
  );
#874 = CARTESIAN_POINT('',(2.863944690308,-0.726291308649,1.094848017031
    ));
#875 = CARTESIAN_POINT('',(2.467880539364,-1.68247475343,1.094848017031)
  );
#876 = CARTESIAN_POINT('',(1.582069001996,-2.40755897959,1.094847945877)
  );
#877 = CARTESIAN_POINT('',(0.28468400956,-2.605971283044,1.094848163517)
  );
#878 = CARTESIAN_POINT('',(-0.980593039023,-2.005408000321,
    1.094847857485));
#879 = CARTESIAN_POINT('',(-1.870922646799,-0.847888767919,
    1.094848084307));
#880 = CARTESIAN_POINT('',(-1.870922646804,0.847888767919,1.094848084311
    ));
#881 = CARTESIAN_POINT('',(-0.98059303902,2.00540800032,1.094847857482)
  );
#882 = CARTESIAN_POINT('',(0.284684009557,2.605971283045,1.094848163519)
  );
#883 = CARTESIAN_POINT('',(1.582069001997,2.407558979589,1.094847945877)
  );
#884 = CARTESIAN_POINT('',(2.467880539364,1.68247475343,1.094848017031)
  );
#885 = CARTESIAN_POINT('',(2.863944690308,0.726291308649,1.094848017031)
  );
#886 = CARTESIAN_POINT('',(2.880152905501,0.68716121571,1.094848017031)
  );
#887 = CARTESIAN_POINT('',(2.8963837106,0.64797658591,1.094848017031));
#888 = CARTESIAN_POINT('',(2.912637105607,0.608737419252,1.094848017031)
  );
#889 = CARTESIAN_POINT('',(2.928913090519,0.569443715735,1.094848017031)
  );
#890 = CARTESIAN_POINT('',(2.945211665339,0.530095475358,1.094848017031)
  );
#891 = CARTESIAN_POINT('',(2.961532830065,0.490692698123,1.094848017031)
  );
#892 = CARTESIAN_POINT('',(2.977876584698,0.451235384028,1.094848017031)
  );
#893 = CARTESIAN_POINT('',(2.994242929237,0.411723533074,1.094848017031)
  );
#894 = CARTESIAN_POINT('',(3.010631863684,0.372157145261,1.094848017031)
  );
#895 = CARTESIAN_POINT('',(3.027043388037,0.332536220588,1.094848017031)
  );
#896 = ORIENTED_EDGE('',*,*,#897,.F.);
#897 = EDGE_CURVE('',#800,#861,#898,.T.);
#898 = LINE('',#899,#900);
#899 = CARTESIAN_POINT('',(2.847759065023,0.76536686473,0.2));
#900 = VECTOR('',#901,1.);
#901 = DIRECTION('',(0.,0.,1.));
#902 = ORIENTED_EDGE('',*,*,#808,.F.);
#903 = ORIENTED_EDGE('',*,*,#904,.T.);
#904 = EDGE_CURVE('',#809,#859,#905,.T.);
#905 = LINE('',#906,#907);
#906 = CARTESIAN_POINT('',(2.847759065023,-0.76536686473,0.2));
#907 = VECTOR('',#908,1.);
#908 = DIRECTION('',(0.,0.,1.));
#909 = CYLINDRICAL_SURFACE('',#910,2.);
#910 = AXIS2_PLACEMENT_3D('',#911,#912,#913);
#911 = CARTESIAN_POINT('',(1.,0.,0.2));
#912 = DIRECTION('',(0.,0.,1.));
#913 = DIRECTION('',(0.923879532511,-0.382683432365,0.));
#914 = ADVANCED_FACE('',(#915),#983,.T.);
#915 = FACE_BOUND('',#916,.T.);
#916 = EDGE_LOOP('',(#917,#931,#940,#952,#966,#967,#968,#969));
#917 = ORIENTED_EDGE('',*,*,#918,.T.);
#918 = EDGE_CURVE('',#919,#921,#923,.T.);
#919 = VERTEX_POINT('',#920);
#920 = CARTESIAN_POINT('',(2.990315371916,0.196545815978,1.094848017031)
  );
#921 = VERTEX_POINT('',#922);
#922 = CARTESIAN_POINT('',(2.99999975,9.999999999998E-04,1.));
#923 = B_SPLINE_CURVE_WITH_KNOTS('',6,(#924,#925,#926,#927,#928,#929,
    #930),.UNSPECIFIED.,.F.,.F.,(7,7),(0.,1.),.PIECEWISE_BEZIER_KNOTS.);
#924 = CARTESIAN_POINT('',(2.990318958432,0.196546288967,1.094848617031)
  );
#925 = CARTESIAN_POINT('',(2.992523128085,0.174225836078,1.066534373835)
  );
#926 = CARTESIAN_POINT('',(2.994956543816,0.146508543019,1.041493371792)
  );
#927 = CARTESIAN_POINT('',(2.99728804772,0.114008242054,1.021313505193)
  );
#928 = CARTESIAN_POINT('',(2.999063168634,7.791490811305E-02,
    1.007217855497));
#929 = CARTESIAN_POINT('',(2.999980400082,3.96998306269E-02,1.));
#930 = CARTESIAN_POINT('',(2.99999975,9.999999999996E-04,1.));
#931 = ORIENTED_EDGE('',*,*,#932,.F.);
#932 = EDGE_CURVE('',#933,#921,#935,.T.);
#933 = VERTEX_POINT('',#934);
#934 = CARTESIAN_POINT('',(2.99999975,-1.E-03,1.));
#935 = CIRCLE('',#936,2.);
#936 = AXIS2_PLACEMENT_3D('',#937,#938,#939);
#937 = CARTESIAN_POINT('',(1.,0.,1.));
#938 = DIRECTION('',(0.,-0.,1.));
#939 = DIRECTION('',(0.923879532511,0.382683432365,0.));
#940 = ORIENTED_EDGE('',*,*,#941,.T.);
#941 = EDGE_CURVE('',#933,#942,#944,.T.);
#942 = VERTEX_POINT('',#943);
#943 = CARTESIAN_POINT('',(2.990315362209,-0.196545815978,1.094848017031
    ));
#944 = B_SPLINE_CURVE_WITH_KNOTS('',6,(#945,#946,#947,#948,#949,#950,
    #951),.UNSPECIFIED.,.F.,.F.,(7,7),(0.,1.),.PIECEWISE_BEZIER_KNOTS.);
#945 = CARTESIAN_POINT('',(2.99999975,-1.E-03,1.));
#946 = CARTESIAN_POINT('',(2.999980397889,-3.970421708814E-02,1.));
#947 = CARTESIAN_POINT('',(2.999062972431,-7.791905863438E-02,
    1.007219492803));
#948 = CARTESIAN_POINT('',(2.997287840125,-0.114009486733,1.021315141638
    ));
#949 = CARTESIAN_POINT('',(2.99495663948,-0.146507249684,1.041493136225)
  );
#950 = CARTESIAN_POINT('',(2.992523281812,-0.174224279361,1.066532399088
    ));
#951 = CARTESIAN_POINT('',(2.990318958432,-0.196546288967,1.094848617031
    ));
#952 = ORIENTED_EDGE('',*,*,#953,.T.);
#953 = EDGE_CURVE('',#942,#859,#954,.T.);
#954 = B_SPLINE_CURVE_WITH_KNOTS('',4,(#955,#956,#957,#958,#959,#960,
    #961,#962,#963,#964,#965),.UNSPECIFIED.,.F.,.F.,(5,3,3,5),(
    -9.553077572578E-02,-1.07974614468E-07,1.570796434769,1.666326955105
    ),.UNSPECIFIED.);
#955 = CARTESIAN_POINT('',(2.811201060562,0.853625694727,1.094848017031)
  );
#956 = CARTESIAN_POINT('',(2.820340564306,0.831560980883,1.094848017031)
  );
#957 = CARTESIAN_POINT('',(2.829480066203,0.809496271496,1.094848017031)
  );
#958 = CARTESIAN_POINT('',(2.838619566254,0.787431566566,1.094848017031)
  );
#959 = CARTESIAN_POINT('',(2.998038472326,0.402560282228,1.094848017031)
  );
#960 = CARTESIAN_POINT('',(3.053359617628,6.446181634034E-07,
    1.094848017031));
#961 = CARTESIAN_POINT('',(2.998038749757,-0.402559612452,1.094848017031
    ));
#962 = CARTESIAN_POINT('',(2.838619563485,-0.787431573251,1.094848017031
    ));
#963 = CARTESIAN_POINT('',(2.829480062511,-0.809496280409,1.094848017031
    ));
#964 = CARTESIAN_POINT('',(2.820340561537,-0.831560987568,1.094848017031
    ));
#965 = CARTESIAN_POINT('',(2.811201060562,-0.853625694727,1.094848017031
    ));
#966 = ORIENTED_EDGE('',*,*,#904,.F.);
#967 = ORIENTED_EDGE('',*,*,#838,.F.);
#968 = ORIENTED_EDGE('',*,*,#897,.T.);
#969 = ORIENTED_EDGE('',*,*,#970,.T.);
#970 = EDGE_CURVE('',#861,#919,#971,.T.);
#971 = B_SPLINE_CURVE_WITH_KNOTS('',4,(#972,#973,#974,#975,#976,#977,
    #978,#979,#980,#981,#982),.UNSPECIFIED.,.F.,.F.,(5,3,3,5),(
    -9.553077572578E-02,-1.07974614468E-07,1.570796434769,1.666326955105
    ),.UNSPECIFIED.);
#972 = CARTESIAN_POINT('',(2.811201060562,0.853625694727,1.094848017031)
  );
#973 = CARTESIAN_POINT('',(2.820340564306,0.831560980883,1.094848017031)
  );
#974 = CARTESIAN_POINT('',(2.829480066203,0.809496271496,1.094848017031)
  );
#975 = CARTESIAN_POINT('',(2.838619566254,0.787431566566,1.094848017031)
  );
#976 = CARTESIAN_POINT('',(2.998038472326,0.402560282228,1.094848017031)
  );
#977 = CARTESIAN_POINT('',(3.053359617628,6.446181634034E-07,
    1.094848017031));
#978 = CARTESIAN_POINT('',(2.998038749757,-0.402559612452,1.094848017031
    ));
#979 = CARTESIAN_POINT('',(2.838619563485,-0.787431573251,1.094848017031
    ));
#980 = CARTESIAN_POINT('',(2.829480062511,-0.809496280409,1.094848017031
    ));
#981 = CARTESIAN_POINT('',(2.820340561537,-0.831560987568,1.094848017031
    ));
#982 = CARTESIAN_POINT('',(2.811201060562,-0.853625694727,1.094848017031
    ));
#983 = CYLINDRICAL_SURFACE('',#984,2.);
#984 = AXIS2_PLACEMENT_3D('',#985,#986,#987);
#985 = CARTESIAN_POINT('',(1.,0.,0.2));
#986 = DIRECTION('',(0.,0.,1.));
#987 = DIRECTION('',(0.923879532511,0.382683432365,-0.));
#988 = ADVANCED_FACE('',(#989),#1057,.T.);
#989 = FACE_BOUND('',#990,.T.);
#990 = EDGE_LOOP('',(#991,#1006,#1043,#1056));
#991 = ORIENTED_EDGE('',*,*,#992,.T.);
#992 = EDGE_CURVE('',#859,#993,#995,.T.);
#993 = VERTEX_POINT('',#994);
#994 = CARTESIAN_POINT('',(2.798002150484,-0.744756875906,1.266351298459
    ));
#995 = B_SPLINE_CURVE_WITH_KNOTS('',5,(#996,#997,#998,#999,#1000,#1001,
    #1002,#1003,#1004,#1005),.UNSPECIFIED.,.F.,.F.,(6,4,6),(0.,0.5,1.),
  .UNSPECIFIED.);
#996 = CARTESIAN_POINT('',(2.847759065023,-0.76536686473,1.094848017031)
  );
#997 = CARTESIAN_POINT('',(2.847759064388,-0.765366864467,1.11285288071)
  );
#998 = CARTESIAN_POINT('',(2.84651128182,-0.764850016005,1.131043526198)
  );
#999 = CARTESIAN_POINT('',(2.843963389687,-0.763794644528,1.149227910816
    ));
#1000 = CARTESIAN_POINT('',(2.840115953026,-0.762200984082,
    1.167189076109));
#1001 = CARTESIAN_POINT('',(2.829938885932,-0.757985504867,
    1.202267625854));
#1002 = CARTESIAN_POINT('',(2.823609233099,-0.755363676818,1.21938508752
    ));
#1003 = CARTESIAN_POINT('',(2.816095436326,-0.75225136029,1.235881564449
    ));
#1004 = CARTESIAN_POINT('',(2.807511621058,-0.748695827589,
    1.251578697295));
#1005 = CARTESIAN_POINT('',(2.798002150484,-0.744756875906,
    1.266351298459));
#1006 = ORIENTED_EDGE('',*,*,#1007,.T.);
#1007 = EDGE_CURVE('',#993,#1008,#1010,.T.);
#1008 = VERTEX_POINT('',#1009);
#1009 = CARTESIAN_POINT('',(2.798002150484,0.744756875906,1.266351298459
    ));
#1010 = B_SPLINE_CURVE_WITH_KNOTS('',11,(#1011,#1012,#1013,#1014,#1015,
    #1016,#1017,#1018,#1019,#1020,#1021,#1022,#1023,#1024,#1025,#1026,
    #1027,#1028,#1029,#1030,#1031,#1032,#1033,#1034,#1035,#1036,#1037,
    #1038,#1039,#1040,#1041,#1042),.UNSPECIFIED.,.F.,.F.,(12,10,10,12),(
    -0.468492513267,5.533303661371E-15,10.995574287564,11.464066800831),
  .UNSPECIFIED.);
#1011 = CARTESIAN_POINT('',(2.977286473498,-0.311926231764,
    1.266351298459));
#1012 = CARTESIAN_POINT('',(2.960439098611,-0.352599392706,
    1.266351298459));
#1013 = CARTESIAN_POINT('',(2.943701483738,-0.393007569534,
    1.266351298459));
#1014 = CARTESIAN_POINT('',(2.927073628879,-0.433150762249,
    1.266351298459));
#1015 = CARTESIAN_POINT('',(2.910555534032,-0.473028970852,
    1.266351298459));
#1016 = CARTESIAN_POINT('',(2.894147199199,-0.512642195341,
    1.266351298459));
#1017 = CARTESIAN_POINT('',(2.87784862438,-0.551990435718,1.266351298459
    ));
#1018 = CARTESIAN_POINT('',(2.861659809574,-0.591073691981,
    1.266351298459));
#1019 = CARTESIAN_POINT('',(2.845580754781,-0.629891964132,
    1.266351298459));
#1020 = CARTESIAN_POINT('',(2.829611460002,-0.66844525217,1.266351298459
    ));
#1021 = CARTESIAN_POINT('',(2.813751925236,-0.706733556095,
    1.266351298459));
#1022 = CARTESIAN_POINT('',(2.428353088013,-1.637168655841,
    1.266351298459));
#1023 = CARTESIAN_POINT('',(1.566325343396,-2.342881144812,
    1.266351323603));
#1024 = CARTESIAN_POINT('',(0.303785769283,-2.535487417582,
    1.266351246695));
#1025 = CARTESIAN_POINT('',(-0.926753241252,-1.951550860572,
    1.266351354839));
#1026 = CARTESIAN_POINT('',(-1.793910530243,-0.825355168884,
    1.266351274683));
#1027 = CARTESIAN_POINT('',(-1.793910530246,0.825355168885,
    1.266351274688));
#1028 = CARTESIAN_POINT('',(-0.926753241249,1.951550860571,
    1.266351354836));
#1029 = CARTESIAN_POINT('',(0.303785769281,2.535487417583,1.266351246697
    ));
#1030 = CARTESIAN_POINT('',(1.566325343396,2.342881144811,1.266351323602
    ));
#1031 = CARTESIAN_POINT('',(2.428353088013,1.637168655841,1.266351298459
    ));
#1032 = CARTESIAN_POINT('',(2.813751925236,0.706733556095,1.266351298459
    ));
#1033 = CARTESIAN_POINT('',(2.829611460002,0.66844525217,1.266351298459)
  );
#1034 = CARTESIAN_POINT('',(2.845580754781,0.629891964132,1.266351298459
    ));
#1035 = CARTESIAN_POINT('',(2.861659809574,0.591073691981,1.266351298459
    ));
#1036 = CARTESIAN_POINT('',(2.87784862438,0.551990435718,1.266351298459)
  );
#1037 = CARTESIAN_POINT('',(2.8941471992,0.512642195341,1.266351298459)
  );
#1038 = CARTESIAN_POINT('',(2.910555534032,0.473028970852,1.266351298459
    ));
#1039 = CARTESIAN_POINT('',(2.927073628879,0.433150762249,1.266351298459
    ));
#1040 = CARTESIAN_POINT('',(2.943701483738,0.393007569534,1.266351298459
    ));
#1041 = CARTESIAN_POINT('',(2.960439098611,0.352599392706,1.266351298459
    ));
#1042 = CARTESIAN_POINT('',(2.977286473498,0.311926231765,1.266351298459
    ));
#1043 = ORIENTED_EDGE('',*,*,#1044,.F.);
#1044 = EDGE_CURVE('',#861,#1008,#1045,.T.);
#1045 = B_SPLINE_CURVE_WITH_KNOTS('',5,(#1046,#1047,#1048,#1049,#1050,
    #1051,#1052,#1053,#1054,#1055),.UNSPECIFIED.,.F.,.F.,(6,4,6),(0.,0.5
    ,1.),.UNSPECIFIED.);
#1046 = CARTESIAN_POINT('',(2.847759065023,0.76536686473,1.094848017031)
  );
#1047 = CARTESIAN_POINT('',(2.847759064388,0.765366864467,1.11285288071)
  );
#1048 = CARTESIAN_POINT('',(2.84651128182,0.764850016005,1.131043526198)
  );
#1049 = CARTESIAN_POINT('',(2.843963389687,0.763794644528,1.149227910816
    ));
#1050 = CARTESIAN_POINT('',(2.840115953026,0.762200984082,1.167189076109
    ));
#1051 = CARTESIAN_POINT('',(2.829938885932,0.757985504867,1.202267625854
    ));
#1052 = CARTESIAN_POINT('',(2.823609233099,0.755363676818,1.21938508752)
  );
#1053 = CARTESIAN_POINT('',(2.816095436326,0.75225136029,1.235881564449)
  );
#1054 = CARTESIAN_POINT('',(2.807511621058,0.748695827589,1.251578697295
    ));
#1055 = CARTESIAN_POINT('',(2.798002150484,0.744756875906,1.266351298459
    ));
#1056 = ORIENTED_EDGE('',*,*,#858,.F.);
#1057 = ( BOUNDED_SURFACE() B_SPLINE_SURFACE(2,11,(
    (#1058,#1059,#1060,#1061,#1062,#1063,#1064,#1065,#1066,#1067,#1068
      ,#1069,#1070,#1071,#1072,#1073,#1074,#1075,#1076,#1077,#1078,#1079
      ,#1080,#1081,#1082,#1083,#1084,#1085,#1086,#1087,#1088,#1089)
    ,(#1090,#1091,#1092,#1093,#1094,#1095,#1096,#1097,#1098,#1099,#1100
      ,#1101,#1102,#1103,#1104,#1105,#1106,#1107,#1108,#1109,#1110,#1111
      ,#1112,#1113,#1114,#1115,#1116,#1117,#1118,#1119,#1120,#1121)
    ,(#1122,#1123,#1124,#1125,#1126,#1127,#1128,#1129,#1130,#1131,#1132
      ,#1133,#1134,#1135,#1136,#1137,#1138,#1139,#1140,#1141,#1142,#1143
      ,#1144,#1145,#1146,#1147,#1148,#1149,#1150,#1151,#1152,#1153
)),.UNSPECIFIED.,.F.,.F.,.F.) B_SPLINE_SURFACE_WITH_KNOTS((3,3),(12,10,
    10,12),(0.,10.995574287564),(-0.468492513267,5.533303661371E-15,
    10.995574287564,11.464066800831),.UNSPECIFIED.) 
GEOMETRIC_REPRESENTATION_ITEM() RATIONAL_B_SPLINE_SURFACE((
    (1.,1.,1.,1.,1.,1.,1.,1.,1.,1.,1.,1.,1.,1.,1.,1.,1.,1.,1.,1.,1.,1.
      ,1.,1.,1.,1.,1.,1.,1.,1.,1.,1.)
    ,(0.954064553889,0.954064553889,0.954064553889,0.954064553889
      ,0.954064553889,0.954064553889,0.954064553889,0.954064553889
      ,0.954064553889,0.954064553889,0.954064553889,0.954064553889
      ,0.954064495284,0.954064674542,0.954064422481,0.9540646093
      ,0.954064609304,0.954064422478,0.954064674543,0.954064495283
      ,0.954064553889,0.954064553889,0.954064553889,0.954064553889
      ,0.954064553889,0.954064553889,0.954064553889,0.954064553889
      ,0.954064553889,0.954064553889,0.954064553889,0.954064553889)
    ,(1.,1.,1.,1.,1.,1.,1.,1.,1.,1.,1.,1.,1.,1.,1.,1.,1.,1.,1.,1.,1.,1.
,1.,1.,1.,1.,1.,1.,1.,1.,1.,1.))) REPRESENTATION_ITEM('') SURFACE() );
#1058 = CARTESIAN_POINT('',(3.027043388037,-0.332536220588,
    1.094848017031));
#1059 = CARTESIAN_POINT('',(3.010631863684,-0.372157145261,
    1.094848017031));
#1060 = CARTESIAN_POINT('',(2.994242929237,-0.411723533074,
    1.094848017031));
#1061 = CARTESIAN_POINT('',(2.977876584698,-0.451235384028,
    1.094848017031));
#1062 = CARTESIAN_POINT('',(2.961532830065,-0.490692698123,
    1.094848017031));
#1063 = CARTESIAN_POINT('',(2.945211665339,-0.530095475358,
    1.094848017031));
#1064 = CARTESIAN_POINT('',(2.928913090519,-0.569443715735,
    1.094848017031));
#1065 = CARTESIAN_POINT('',(2.912637105606,-0.608737419252,
    1.094848017031));
#1066 = CARTESIAN_POINT('',(2.8963837106,-0.64797658591,1.094848017031)
  );
#1067 = CARTESIAN_POINT('',(2.880152905501,-0.68716121571,1.094848017031
    ));
#1068 = CARTESIAN_POINT('',(2.863944690308,-0.726291308649,
    1.094848017031));
#1069 = CARTESIAN_POINT('',(2.467880539364,-1.68247475343,1.094848017031
    ));
#1070 = CARTESIAN_POINT('',(1.582069001996,-2.40755897959,1.094847945877
    ));
#1071 = CARTESIAN_POINT('',(0.28468400956,-2.605971283044,1.094848163517
    ));
#1072 = CARTESIAN_POINT('',(-0.980593039023,-2.005408000321,
    1.094847857485));
#1073 = CARTESIAN_POINT('',(-1.870922646799,-0.847888767919,
    1.094848084307));
#1074 = CARTESIAN_POINT('',(-1.870922646804,0.847888767919,
    1.094848084311));
#1075 = CARTESIAN_POINT('',(-0.98059303902,2.00540800032,1.094847857482)
  );
#1076 = CARTESIAN_POINT('',(0.284684009557,2.605971283045,1.094848163519
    ));
#1077 = CARTESIAN_POINT('',(1.582069001997,2.407558979589,1.094847945877
    ));
#1078 = CARTESIAN_POINT('',(2.467880539364,1.68247475343,1.094848017031)
  );
#1079 = CARTESIAN_POINT('',(2.863944690308,0.726291308649,1.094848017031
    ));
#1080 = CARTESIAN_POINT('',(2.880152905501,0.68716121571,1.094848017031)
  );
#1081 = CARTESIAN_POINT('',(2.8963837106,0.64797658591,1.094848017031));
#1082 = CARTESIAN_POINT('',(2.912637105607,0.608737419252,1.094848017031
    ));
#1083 = CARTESIAN_POINT('',(2.928913090519,0.569443715735,1.094848017031
    ));
#1084 = CARTESIAN_POINT('',(2.945211665339,0.530095475358,1.094848017031
    ));
#1085 = CARTESIAN_POINT('',(2.961532830065,0.490692698123,1.094848017031
    ));
#1086 = CARTESIAN_POINT('',(2.977876584698,0.451235384028,1.094848017031
    ));
#1087 = CARTESIAN_POINT('',(2.994242929237,0.411723533074,1.094848017031
    ));
#1088 = CARTESIAN_POINT('',(3.010631863684,0.372157145261,1.094848017031
    ));
#1089 = CARTESIAN_POINT('',(3.027043388037,0.332536220588,1.094848017031
    ));
#1090 = CARTESIAN_POINT('',(3.027043388037,-0.332536220588,
    1.189055828844));
#1091 = CARTESIAN_POINT('',(3.010631863684,-0.372157145261,
    1.189055828844));
#1092 = CARTESIAN_POINT('',(2.994242929237,-0.411723533074,
    1.189055828844));
#1093 = CARTESIAN_POINT('',(2.977876584698,-0.451235384028,
    1.189055828844));
#1094 = CARTESIAN_POINT('',(2.961532830065,-0.490692698123,
    1.189055828844));
#1095 = CARTESIAN_POINT('',(2.945211665339,-0.530095475358,
    1.189055828844));
#1096 = CARTESIAN_POINT('',(2.928913090519,-0.569443715735,
    1.189055828844));
#1097 = CARTESIAN_POINT('',(2.912637105606,-0.608737419252,
    1.189055828844));
#1098 = CARTESIAN_POINT('',(2.8963837106,-0.64797658591,1.189055828844)
  );
#1099 = CARTESIAN_POINT('',(2.880152905501,-0.68716121571,1.189055828844
    ));
#1100 = CARTESIAN_POINT('',(2.863944690308,-0.726291308649,
    1.189055828844));
#1101 = CARTESIAN_POINT('',(2.467880539364,-1.68247475343,1.189055828844
    ));
#1102 = CARTESIAN_POINT('',(1.58206898013,-2.407559101995,1.189055822161
    ));
#1103 = CARTESIAN_POINT('',(0.284684199322,-2.605970766175,
    1.189055842604));
#1104 = CARTESIAN_POINT('',(-0.980593382664,-2.005409013611,
    1.189055813858));
#1105 = CARTESIAN_POINT('',(-1.870922454898,-0.847887430066,
    1.189055835164));
#1106 = CARTESIAN_POINT('',(-1.870922454891,0.847887430064,
    1.189055835164));
#1107 = CARTESIAN_POINT('',(-0.980593382667,2.005409013615,
    1.189055813858));
#1108 = CARTESIAN_POINT('',(0.284684199321,2.605970766172,1.189055842604
    ));
#1109 = CARTESIAN_POINT('',(1.582068980131,2.407559101996,1.189055822161
    ));
#1110 = CARTESIAN_POINT('',(2.467880539364,1.68247475343,1.189055828844)
  );
#1111 = CARTESIAN_POINT('',(2.863944690308,0.726291308649,1.189055828844
    ));
#1112 = CARTESIAN_POINT('',(2.880152905501,0.68716121571,1.189055828844)
  );
#1113 = CARTESIAN_POINT('',(2.8963837106,0.647976585911,1.189055828844)
  );
#1114 = CARTESIAN_POINT('',(2.912637105607,0.608737419252,1.189055828844
    ));
#1115 = CARTESIAN_POINT('',(2.928913090519,0.569443715735,1.189055828844
    ));
#1116 = CARTESIAN_POINT('',(2.945211665339,0.530095475358,1.189055828844
    ));
#1117 = CARTESIAN_POINT('',(2.961532830065,0.490692698123,1.189055828844
    ));
#1118 = CARTESIAN_POINT('',(2.977876584698,0.451235384028,1.189055828844
    ));
#1119 = CARTESIAN_POINT('',(2.994242929238,0.411723533074,1.189055828844
    ));
#1120 = CARTESIAN_POINT('',(3.010631863684,0.372157145261,1.189055828844
    ));
#1121 = CARTESIAN_POINT('',(3.027043388037,0.332536220588,1.189055828844
    ));
#1122 = CARTESIAN_POINT('',(2.977286473498,-0.311926231764,
    1.266351298459));
#1123 = CARTESIAN_POINT('',(2.960439098611,-0.352599392706,
    1.266351298459));
#1124 = CARTESIAN_POINT('',(2.943701483738,-0.393007569534,
    1.266351298459));
#1125 = CARTESIAN_POINT('',(2.927073628879,-0.433150762249,
    1.266351298459));
#1126 = CARTESIAN_POINT('',(2.910555534032,-0.473028970852,
    1.266351298459));
#1127 = CARTESIAN_POINT('',(2.894147199199,-0.512642195341,
    1.266351298459));
#1128 = CARTESIAN_POINT('',(2.87784862438,-0.551990435718,1.266351298459
    ));
#1129 = CARTESIAN_POINT('',(2.861659809574,-0.591073691981,
    1.266351298459));
#1130 = CARTESIAN_POINT('',(2.845580754781,-0.629891964132,
    1.266351298459));
#1131 = CARTESIAN_POINT('',(2.829611460002,-0.66844525217,1.266351298459
    ));
#1132 = CARTESIAN_POINT('',(2.813751925236,-0.706733556095,
    1.266351298459));
#1133 = CARTESIAN_POINT('',(2.428353088013,-1.637168655841,
    1.266351298459));
#1134 = CARTESIAN_POINT('',(1.566325343396,-2.342881144812,
    1.266351323603));
#1135 = CARTESIAN_POINT('',(0.303785769283,-2.535487417582,
    1.266351246695));
#1136 = CARTESIAN_POINT('',(-0.926753241252,-1.951550860572,
    1.266351354839));
#1137 = CARTESIAN_POINT('',(-1.793910530243,-0.825355168884,
    1.266351274683));
#1138 = CARTESIAN_POINT('',(-1.793910530246,0.825355168885,
    1.266351274688));
#1139 = CARTESIAN_POINT('',(-0.926753241249,1.951550860571,
    1.266351354836));
#1140 = CARTESIAN_POINT('',(0.303785769281,2.535487417583,1.266351246697
    ));
#1141 = CARTESIAN_POINT('',(1.566325343396,2.342881144811,1.266351323602
    ));
#1142 = CARTESIAN_POINT('',(2.428353088013,1.637168655841,1.266351298459
    ));
#1143 = CARTESIAN_POINT('',(2.813751925236,0.706733556095,1.266351298459
    ));
#1144 = CARTESIAN_POINT('',(2.829611460002,0.66844525217,1.266351298459)
  );
#1145 = CARTESIAN_POINT('',(2.845580754781,0.629891964132,1.266351298459
    ));
#1146 = CARTESIAN_POINT('',(2.861659809574,0.591073691981,1.266351298459
    ));
#1147 = CARTESIAN_POINT('',(2.87784862438,0.551990435718,1.266351298459)
  );
#1148 = CARTESIAN_POINT('',(2.8941471992,0.512642195341,1.266351298459)
  );
#1149 = CARTESIAN_POINT('',(2.910555534032,0.473028970852,1.266351298459
    ));
#1150 = CARTESIAN_POINT('',(2.927073628879,0.433150762249,1.266351298459
    ));
#1151 = CARTESIAN_POINT('',(2.943701483738,0.393007569534,1.266351298459
    ));
#1152 = CARTESIAN_POINT('',(2.960439098611,0.352599392706,1.266351298459
    ));
#1153 = CARTESIAN_POINT('',(2.977286473498,0.311926231765,1.266351298459
    ));
#1154 = ADVANCED_FACE('',(#1155),#1197,.T.);
#1155 = FACE_BOUND('',#1156,.T.);
#1156 = EDGE_LOOP('',(#1157,#1158,#1159,#1175,#1185));
#1157 = ORIENTED_EDGE('',*,*,#970,.F.);
#1158 = ORIENTED_EDGE('',*,*,#1044,.T.);
#1159 = ORIENTED_EDGE('',*,*,#1160,.T.);
#1160 = EDGE_CURVE('',#1008,#1161,#1163,.T.);
#1161 = VERTEX_POINT('',#1162);
#1162 = CARTESIAN_POINT('',(2.930014330522,0.25,1.266351298459));
#1163 = B_SPLINE_CURVE_WITH_KNOTS('',4,(#1164,#1165,#1166,#1167,#1168,
    #1169,#1170,#1171,#1172,#1173,#1174),.UNSPECIFIED.,.F.,.F.,(5,3,3,5)
  ,(-9.553077572578E-02,-1.07974614468E-07,1.570796434769,1.666326955105
    ),.UNSPECIFIED.);
#1164 = CARTESIAN_POINT('',(2.761444147266,0.833015703271,1.266351298459
    ));
#1165 = CARTESIAN_POINT('',(2.770829761858,0.810356825185,1.266351298459
    ));
#1166 = CARTESIAN_POINT('',(2.780051300683,0.788094061041,1.266351298459
    ));
#1167 = CARTESIAN_POINT('',(2.789108763741,0.76622741084,1.266351298459)
  );
#1168 = CARTESIAN_POINT('',(2.944234793798,0.39172004442,1.266351298459)
  );
#1169 = CARTESIAN_POINT('',(2.998066229427,5.781419734063E-07,
    1.266351298459));
#1170 = CARTESIAN_POINT('',(2.944235078699,-0.391719356608,
    1.266351298459));
#1171 = CARTESIAN_POINT('',(2.789108760138,-0.766227419539,
    1.266351298459));
#1172 = CARTESIAN_POINT('',(2.780051295879,-0.78809407264,1.266351298459
    ));
#1173 = CARTESIAN_POINT('',(2.770829758255,-0.810356833884,
    1.266351298459));
#1174 = CARTESIAN_POINT('',(2.761444147266,-0.833015703271,
    1.266351298459));
#1175 = ORIENTED_EDGE('',*,*,#1176,.T.);
#1176 = EDGE_CURVE('',#1161,#1177,#1179,.T.);
#1177 = VERTEX_POINT('',#1178);
#1178 = CARTESIAN_POINT('',(2.941329867846,0.25,1.249));
#1179 = B_SPLINE_CURVE_WITH_KNOTS('',4,(#1180,#1181,#1182,#1183,#1184),
  .UNSPECIFIED.,.F.,.F.,(5,5),(0.,1.),.PIECEWISE_BEZIER_KNOTS.);
#1180 = CARTESIAN_POINT('',(2.930014330522,0.25,1.266351298459));
#1181 = CARTESIAN_POINT('',(2.932979817693,0.25,1.262130461995));
#1182 = CARTESIAN_POINT('',(2.935857279027,0.25,1.257829031201));
#1183 = CARTESIAN_POINT('',(2.938642046356,0.25,1.253450720235));
#1184 = CARTESIAN_POINT('',(2.941329867846,0.25,1.249));
#1185 = ORIENTED_EDGE('',*,*,#1186,.T.);
#1186 = EDGE_CURVE('',#1177,#919,#1187,.T.);
#1187 = B_SPLINE_CURVE_WITH_KNOTS('',8,(#1188,#1189,#1190,#1191,#1192,
    #1193,#1194,#1195,#1196),.UNSPECIFIED.,.F.,.F.,(9,9),(0.,1.),
  .PIECEWISE_BEZIER_KNOTS.);
#1188 = CARTESIAN_POINT('',(2.941329867846,0.25,1.249));
#1189 = CARTESIAN_POINT('',(2.952358025067,0.25,1.230738651082));
#1190 = CARTESIAN_POINT('',(2.962018200884,0.248469313299,1.211707761376
    ));
#1191 = CARTESIAN_POINT('',(2.970254260307,0.245182932707,1.192117359562
    ));
#1192 = CARTESIAN_POINT('',(2.977033982846,0.239945047704,1.172209032942
    ));
#1193 = CARTESIAN_POINT('',(2.982358413097,0.232603463976,1.152249001793
    ));
#1194 = CARTESIAN_POINT('',(2.986275298918,0.223019291246,1.1325204691)
  );
#1195 = CARTESIAN_POINT('',(2.988879038589,0.211087334094,1.113294313604
    ));
#1196 = CARTESIAN_POINT('',(2.990315371916,0.196545815978,1.094848017031
    ));
#1197 = ( BOUNDED_SURFACE() B_SPLINE_SURFACE(2,4,(
    (#1198,#1199,#1200,#1201,#1202,#1203,#1204,#1205,#1206,#1207,#1208)
    ,(#1209,#1210,#1211,#1212,#1213,#1214,#1215,#1216,#1217,#1218,#1219)
    ,(#1220,#1221,#1222,#1223,#1224,#1225,#1226,#1227,#1228,#1229,#1230
)),.UNSPECIFIED.,.F.,.F.,.F.) B_SPLINE_SURFACE_WITH_KNOTS((3,3),(5,3,3,5
    ),(0.,1.570796542744),(-9.553077572578E-02,-1.07974614468E-07,
    1.570796434769,1.666326955105),.UNSPECIFIED.) 
GEOMETRIC_REPRESENTATION_ITEM() RATIONAL_B_SPLINE_SURFACE((
    (1.,1.,1.,1.,1.,1.,1.,1.,1.,1.,1.)
    ,(0.954064553889,0.954064553889,0.954064553889,0.954064553889
      ,0.954064553889,0.954064553889,0.954064553889,0.954064553889
      ,0.954064553889,0.954064553889,0.954064553889)
,(1.,1.,1.,1.,1.,1.,1.,1.,1.,1.,1.
  ))) REPRESENTATION_ITEM('') SURFACE() );
#1198 = CARTESIAN_POINT('',(2.811201060562,0.853625694727,1.094848017031
    ));
#1199 = CARTESIAN_POINT('',(2.820340564306,0.831560980883,1.094848017031
    ));
#1200 = CARTESIAN_POINT('',(2.829480066203,0.809496271496,1.094848017031
    ));
#1201 = CARTESIAN_POINT('',(2.838619566254,0.787431566566,1.094848017031
    ));
#1202 = CARTESIAN_POINT('',(2.998038472326,0.402560282228,1.094848017031
    ));
#1203 = CARTESIAN_POINT('',(3.053359617628,6.446181634034E-07,
    1.094848017031));
#1204 = CARTESIAN_POINT('',(2.998038749757,-0.402559612452,
    1.094848017031));
#1205 = CARTESIAN_POINT('',(2.838619563485,-0.787431573251,
    1.094848017031));
#1206 = CARTESIAN_POINT('',(2.829480062511,-0.809496280409,
    1.094848017031));
#1207 = CARTESIAN_POINT('',(2.820340561537,-0.831560987568,
    1.094848017031));
#1208 = CARTESIAN_POINT('',(2.811201060562,-0.853625694727,
    1.094848017031));
#1209 = CARTESIAN_POINT('',(2.811201060562,0.853625694727,1.189055828844
    ));
#1210 = CARTESIAN_POINT('',(2.820340564306,0.831560980883,1.189055828844
    ));
#1211 = CARTESIAN_POINT('',(2.829480066203,0.809496271496,1.189055828844
    ));
#1212 = CARTESIAN_POINT('',(2.838619566254,0.787431566566,1.189055828844
    ));
#1213 = CARTESIAN_POINT('',(2.998038472327,0.402560282228,1.189055828844
    ));
#1214 = CARTESIAN_POINT('',(3.053359617628,6.446181536335E-07,
    1.189055828844));
#1215 = CARTESIAN_POINT('',(2.998038749757,-0.402559612452,
    1.189055828844));
#1216 = CARTESIAN_POINT('',(2.838619563485,-0.787431573251,
    1.189055828844));
#1217 = CARTESIAN_POINT('',(2.829480062511,-0.809496280409,
    1.189055828844));
#1218 = CARTESIAN_POINT('',(2.820340561537,-0.831560987568,
    1.189055828844));
#1219 = CARTESIAN_POINT('',(2.811201060562,-0.853625694727,
    1.189055828844));
#1220 = CARTESIAN_POINT('',(2.761444147266,0.833015703271,1.266351298459
    ));
#1221 = CARTESIAN_POINT('',(2.770829761858,0.810356825185,1.266351298459
    ));
#1222 = CARTESIAN_POINT('',(2.780051300683,0.788094061041,1.266351298459
    ));
#1223 = CARTESIAN_POINT('',(2.789108763741,0.76622741084,1.266351298459)
  );
#1224 = CARTESIAN_POINT('',(2.944234793798,0.39172004442,1.266351298459)
  );
#1225 = CARTESIAN_POINT('',(2.998066229427,5.781419734063E-07,
    1.266351298459));
#1226 = CARTESIAN_POINT('',(2.944235078699,-0.391719356608,
    1.266351298459));
#1227 = CARTESIAN_POINT('',(2.789108760138,-0.766227419539,
    1.266351298459));
#1228 = CARTESIAN_POINT('',(2.780051295879,-0.78809407264,1.266351298459
    ));
#1229 = CARTESIAN_POINT('',(2.770829758255,-0.810356833884,
    1.266351298459));
#1230 = CARTESIAN_POINT('',(2.761444147266,-0.833015703271,
    1.266351298459));
#1231 = ADVANCED_FACE('',(#1232),#1251,.T.);
#1232 = FACE_BOUND('',#1233,.T.);
#1233 = EDGE_LOOP('',(#1234,#1235,#1236,#1237));
#1234 = ORIENTED_EDGE('',*,*,#941,.F.);
#1235 = ORIENTED_EDGE('',*,*,#932,.T.);
#1236 = ORIENTED_EDGE('',*,*,#918,.F.);
#1237 = ORIENTED_EDGE('',*,*,#1238,.T.);
#1238 = EDGE_CURVE('',#919,#942,#1239,.T.);
#1239 = B_SPLINE_CURVE_WITH_KNOTS('',4,(#1240,#1241,#1242,#1243,#1244,
    #1245,#1246,#1247,#1248,#1249,#1250),.UNSPECIFIED.,.F.,.F.,(5,3,3,5)
  ,(-9.553077572578E-02,-1.07974614468E-07,1.570796434769,1.666326955105
    ),.UNSPECIFIED.);
#1240 = CARTESIAN_POINT('',(2.811201060562,0.853625694727,1.094848017031
    ));
#1241 = CARTESIAN_POINT('',(2.820340564306,0.831560980883,1.094848017031
    ));
#1242 = CARTESIAN_POINT('',(2.829480066203,0.809496271496,1.094848017031
    ));
#1243 = CARTESIAN_POINT('',(2.838619566254,0.787431566566,1.094848017031
    ));
#1244 = CARTESIAN_POINT('',(2.998038472326,0.402560282228,1.094848017031
    ));
#1245 = CARTESIAN_POINT('',(3.053359617628,6.446181634034E-07,
    1.094848017031));
#1246 = CARTESIAN_POINT('',(2.998038749757,-0.402559612452,
    1.094848017031));
#1247 = CARTESIAN_POINT('',(2.838619563485,-0.787431573251,
    1.094848017031));
#1248 = CARTESIAN_POINT('',(2.829480062511,-0.809496280409,
    1.094848017031));
#1249 = CARTESIAN_POINT('',(2.820340561537,-0.831560987568,
    1.094848017031));
#1250 = CARTESIAN_POINT('',(2.811201060562,-0.853625694727,
    1.094848017031));
#1251 = CYLINDRICAL_SURFACE('',#1252,2.);
#1252 = AXIS2_PLACEMENT_3D('',#1253,#1254,#1255);
#1253 = CARTESIAN_POINT('',(1.,0.,0.2));
#1254 = DIRECTION('',(0.,0.,1.));
#1255 = DIRECTION('',(0.923879532511,0.382683432365,-0.));
#1256 = ADVANCED_FACE('',(#1257),#1299,.T.);
#1257 = FACE_BOUND('',#1258,.T.);
#1258 = EDGE_LOOP('',(#1259,#1260,#1274,#1284,#1298));
#1259 = ORIENTED_EDGE('',*,*,#953,.F.);
#1260 = ORIENTED_EDGE('',*,*,#1261,.F.);
#1261 = EDGE_CURVE('',#1262,#942,#1264,.T.);
#1262 = VERTEX_POINT('',#1263);
#1263 = CARTESIAN_POINT('',(2.941329861214,-0.25,1.249));
#1264 = B_SPLINE_CURVE_WITH_KNOTS('',8,(#1265,#1266,#1267,#1268,#1269,
    #1270,#1271,#1272,#1273),.UNSPECIFIED.,.F.,.F.,(9,9),(0.,1.),
  .PIECEWISE_BEZIER_KNOTS.);
#1265 = CARTESIAN_POINT('',(2.941329861214,-0.25,1.249));
#1266 = CARTESIAN_POINT('',(2.952358022197,-0.250000000301,
    1.230738644072));
#1267 = CARTESIAN_POINT('',(2.962018158386,-0.248469314381,
    1.211707816557));
#1268 = CARTESIAN_POINT('',(2.97025430723,-0.245182930841,1.192117266936
    ));
#1269 = CARTESIAN_POINT('',(2.977033912979,-0.239945053571,
    1.172209137016));
#1270 = CARTESIAN_POINT('',(2.982358433245,-0.232603463168,
    1.152248952018));
#1271 = CARTESIAN_POINT('',(2.986275280578,-0.223019294382,
    1.132520485002));
#1272 = CARTESIAN_POINT('',(2.988879028497,-0.211087332607,
    1.113294311717));
#1273 = CARTESIAN_POINT('',(2.990315362209,-0.196545815978,
    1.094848017031));
#1274 = ORIENTED_EDGE('',*,*,#1275,.F.);
#1275 = EDGE_CURVE('',#1276,#1262,#1278,.T.);
#1276 = VERTEX_POINT('',#1277);
#1277 = CARTESIAN_POINT('',(2.930014325157,-0.25,1.266351298459));
#1278 = B_SPLINE_CURVE_WITH_KNOTS('',4,(#1279,#1280,#1281,#1282,#1283),
  .UNSPECIFIED.,.F.,.F.,(5,5),(0.,1.),.PIECEWISE_BEZIER_KNOTS.);
#1279 = CARTESIAN_POINT('',(2.930014325157,-0.25,1.266351298459));
#1280 = CARTESIAN_POINT('',(2.932979811997,-0.25,1.262130461993));
#1281 = CARTESIAN_POINT('',(2.935857273008,-0.25,1.257829031199));
#1282 = CARTESIAN_POINT('',(2.938642040025,-0.25,1.253450720234));
#1283 = CARTESIAN_POINT('',(2.941329861214,-0.25,1.249));
#1284 = ORIENTED_EDGE('',*,*,#1285,.T.);
#1285 = EDGE_CURVE('',#1276,#993,#1286,.T.);
#1286 = B_SPLINE_CURVE_WITH_KNOTS('',4,(#1287,#1288,#1289,#1290,#1291,
    #1292,#1293,#1294,#1295,#1296,#1297),.UNSPECIFIED.,.F.,.F.,(5,3,3,5)
  ,(-9.553077572578E-02,-1.07974614468E-07,1.570796434769,1.666326955105
    ),.UNSPECIFIED.);
#1287 = CARTESIAN_POINT('',(2.761444147266,0.833015703271,1.266351298459
    ));
#1288 = CARTESIAN_POINT('',(2.770829761858,0.810356825185,1.266351298459
    ));
#1289 = CARTESIAN_POINT('',(2.780051300683,0.788094061041,1.266351298459
    ));
#1290 = CARTESIAN_POINT('',(2.789108763741,0.76622741084,1.266351298459)
  );
#1291 = CARTESIAN_POINT('',(2.944234793798,0.39172004442,1.266351298459)
  );
#1292 = CARTESIAN_POINT('',(2.998066229427,5.781419734063E-07,
    1.266351298459));
#1293 = CARTESIAN_POINT('',(2.944235078699,-0.391719356608,
    1.266351298459));
#1294 = CARTESIAN_POINT('',(2.789108760138,-0.766227419539,
    1.266351298459));
#1295 = CARTESIAN_POINT('',(2.780051295879,-0.78809407264,1.266351298459
    ));
#1296 = CARTESIAN_POINT('',(2.770829758255,-0.810356833884,
    1.266351298459));
#1297 = CARTESIAN_POINT('',(2.761444147266,-0.833015703271,
    1.266351298459));
#1298 = ORIENTED_EDGE('',*,*,#992,.F.);
#1299 = ( BOUNDED_SURFACE() B_SPLINE_SURFACE(2,4,(
    (#1300,#1301,#1302,#1303,#1304,#1305,#1306,#1307,#1308,#1309,#1310)
    ,(#1311,#1312,#1313,#1314,#1315,#1316,#1317,#1318,#1319,#1320,#1321)
    ,(#1322,#1323,#1324,#1325,#1326,#1327,#1328,#1329,#1330,#1331,#1332
)),.UNSPECIFIED.,.F.,.F.,.F.) B_SPLINE_SURFACE_WITH_KNOTS((3,3),(5,3,3,5
    ),(0.,1.570796542744),(-9.553077572578E-02,-1.07974614468E-07,
    1.570796434769,1.666326955105),.UNSPECIFIED.) 
GEOMETRIC_REPRESENTATION_ITEM() RATIONAL_B_SPLINE_SURFACE((
    (1.,1.,1.,1.,1.,1.,1.,1.,1.,1.,1.)
    ,(0.954064553889,0.954064553889,0.954064553889,0.954064553889
      ,0.954064553889,0.954064553889,0.954064553889,0.954064553889
      ,0.954064553889,0.954064553889,0.954064553889)
,(1.,1.,1.,1.,1.,1.,1.,1.,1.,1.,1.
  ))) REPRESENTATION_ITEM('') SURFACE() );
#1300 = CARTESIAN_POINT('',(2.811201060562,0.853625694727,1.094848017031
    ));
#1301 = CARTESIAN_POINT('',(2.820340564306,0.831560980883,1.094848017031
    ));
#1302 = CARTESIAN_POINT('',(2.829480066203,0.809496271496,1.094848017031
    ));
#1303 = CARTESIAN_POINT('',(2.838619566254,0.787431566566,1.094848017031
    ));
#1304 = CARTESIAN_POINT('',(2.998038472326,0.402560282228,1.094848017031
    ));
#1305 = CARTESIAN_POINT('',(3.053359617628,6.446181634034E-07,
    1.094848017031));
#1306 = CARTESIAN_POINT('',(2.998038749757,-0.402559612452,
    1.094848017031));
#1307 = CARTESIAN_POINT('',(2.838619563485,-0.787431573251,
    1.094848017031));
#1308 = CARTESIAN_POINT('',(2.829480062511,-0.809496280409,
    1.094848017031));
#1309 = CARTESIAN_POINT('',(2.820340561537,-0.831560987568,
    1.094848017031));
#1310 = CARTESIAN_POINT('',(2.811201060562,-0.853625694727,
    1.094848017031));
#1311 = CARTESIAN_POINT('',(2.811201060562,0.853625694727,1.189055828844
    ));
#1312 = CARTESIAN_POINT('',(2.820340564306,0.831560980883,1.189055828844
    ));
#1313 = CARTESIAN_POINT('',(2.829480066203,0.809496271496,1.189055828844
    ));
#1314 = CARTESIAN_POINT('',(2.838619566254,0.787431566566,1.189055828844
    ));
#1315 = CARTESIAN_POINT('',(2.998038472327,0.402560282228,1.189055828844
    ));
#1316 = CARTESIAN_POINT('',(3.053359617628,6.446181536335E-07,
    1.189055828844));
#1317 = CARTESIAN_POINT('',(2.998038749757,-0.402559612452,
    1.189055828844));
#1318 = CARTESIAN_POINT('',(2.838619563485,-0.787431573251,
    1.189055828844));
#1319 = CARTESIAN_POINT('',(2.829480062511,-0.809496280409,
    1.189055828844));
#1320 = CARTESIAN_POINT('',(2.820340561537,-0.831560987568,
    1.189055828844));
#1321 = CARTESIAN_POINT('',(2.811201060562,-0.853625694727,
    1.189055828844));
#1322 = CARTESIAN_POINT('',(2.761444147266,0.833015703271,1.266351298459
    ));
#1323 = CARTESIAN_POINT('',(2.770829761858,0.810356825185,1.266351298459
    ));
#1324 = CARTESIAN_POINT('',(2.780051300683,0.788094061041,1.266351298459
    ));
#1325 = CARTESIAN_POINT('',(2.789108763741,0.76622741084,1.266351298459)
  );
#1326 = CARTESIAN_POINT('',(2.944234793798,0.39172004442,1.266351298459)
  );
#1327 = CARTESIAN_POINT('',(2.998066229427,5.781419734063E-07,
    1.266351298459));
#1328 = CARTESIAN_POINT('',(2.944235078699,-0.391719356608,
    1.266351298459));
#1329 = CARTESIAN_POINT('',(2.789108760138,-0.766227419539,
    1.266351298459));
#1330 = CARTESIAN_POINT('',(2.780051295879,-0.78809407264,1.266351298459
    ));
#1331 = CARTESIAN_POINT('',(2.770829758255,-0.810356833884,
    1.266351298459));
#1332 = CARTESIAN_POINT('',(2.761444147266,-0.833015703271,
    1.266351298459));
#1333 = ADVANCED_FACE('',(#1334),#1390,.F.);
#1334 = FACE_BOUND('',#1335,.F.);
#1335 = EDGE_LOOP('',(#1336,#1345,#1346,#1355));
#1336 = ORIENTED_EDGE('',*,*,#1337,.F.);
#1337 = EDGE_CURVE('',#993,#1338,#1340,.T.);
#1338 = VERTEX_POINT('',#1339);
#1339 = CARTESIAN_POINT('',(2.798002150484,-0.744756875906,
    1.933648701541));
#1340 = CIRCLE('',#1341,0.583630876496);
#1341 = AXIS2_PLACEMENT_3D('',#1342,#1343,#1344);
#1342 = CARTESIAN_POINT('',(3.24040786634,-0.928007323485,1.6));
#1343 = DIRECTION('',(0.382683432365,0.923879532511,0.));
#1344 = DIRECTION('',(-0.672769068824,0.278670072652,-0.685364699005));
#1345 = ORIENTED_EDGE('',*,*,#1007,.T.);
#1346 = ORIENTED_EDGE('',*,*,#1347,.T.);
#1347 = EDGE_CURVE('',#1008,#1348,#1350,.T.);
#1348 = VERTEX_POINT('',#1349);
#1349 = CARTESIAN_POINT('',(2.798002150484,0.744756875906,1.933648701541
    ));
#1350 = CIRCLE('',#1351,0.583630876496);
#1351 = AXIS2_PLACEMENT_3D('',#1352,#1353,#1354);
#1352 = CARTESIAN_POINT('',(3.24040786634,0.928007323485,1.6));
#1353 = DIRECTION('',(-0.382683432365,0.923879532511,0.));
#1354 = DIRECTION('',(-0.672769068824,-0.278670072652,-0.685364699005));
#1355 = ORIENTED_EDGE('',*,*,#1356,.F.);
#1356 = EDGE_CURVE('',#1338,#1348,#1357,.T.);
#1357 = B_SPLINE_CURVE_WITH_KNOTS('',11,(#1358,#1359,#1360,#1361,#1362,
    #1363,#1364,#1365,#1366,#1367,#1368,#1369,#1370,#1371,#1372,#1373,
    #1374,#1375,#1376,#1377,#1378,#1379,#1380,#1381,#1382,#1383,#1384,
    #1385,#1386,#1387,#1388,#1389),.UNSPECIFIED.,.F.,.F.,(12,10,10,12),(
    -0.468492513267,5.091285976473E-15,10.995574287564,11.464066800831),
  .UNSPECIFIED.);
#1358 = CARTESIAN_POINT('',(2.977286473498,-0.311926231765,
    1.933648701541));
#1359 = CARTESIAN_POINT('',(2.960439098611,-0.352599392706,
    1.933648701541));
#1360 = CARTESIAN_POINT('',(2.943701483738,-0.393007569534,
    1.933648701541));
#1361 = CARTESIAN_POINT('',(2.927073628879,-0.433150762249,
    1.933648701541));
#1362 = CARTESIAN_POINT('',(2.910555534032,-0.473028970852,
    1.933648701541));
#1363 = CARTESIAN_POINT('',(2.8941471992,-0.512642195341,1.933648701541)
  );
#1364 = CARTESIAN_POINT('',(2.87784862438,-0.551990435718,1.933648701541
    ));
#1365 = CARTESIAN_POINT('',(2.861659809574,-0.591073691981,
    1.933648701541));
#1366 = CARTESIAN_POINT('',(2.845580754781,-0.629891964132,
    1.933648701541));
#1367 = CARTESIAN_POINT('',(2.829611460002,-0.66844525217,1.933648701541
    ));
#1368 = CARTESIAN_POINT('',(2.813751925236,-0.706733556095,
    1.933648701541));
#1369 = CARTESIAN_POINT('',(2.428353088013,-1.637168655841,
    1.933648701541));
#1370 = CARTESIAN_POINT('',(1.566325343396,-2.342881144811,
    1.933648676398));
#1371 = CARTESIAN_POINT('',(0.303785769281,-2.535487417583,
    1.933648753304));
#1372 = CARTESIAN_POINT('',(-0.926753241249,-1.951550860571,
    1.933648645162));
#1373 = CARTESIAN_POINT('',(-1.793910530247,-0.825355168886,
    1.933648725315));
#1374 = CARTESIAN_POINT('',(-1.793910530243,0.825355168886,
    1.933648725313));
#1375 = CARTESIAN_POINT('',(-0.926753241251,1.95155086057,1.933648645164
    ));
#1376 = CARTESIAN_POINT('',(0.303785769282,2.535487417583,1.933648753303
    ));
#1377 = CARTESIAN_POINT('',(1.566325343396,2.342881144811,1.933648676398
    ));
#1378 = CARTESIAN_POINT('',(2.428353088013,1.637168655841,1.933648701541
    ));
#1379 = CARTESIAN_POINT('',(2.813751925236,0.706733556095,1.933648701541
    ));
#1380 = CARTESIAN_POINT('',(2.829611460002,0.66844525217,1.933648701541)
  );
#1381 = CARTESIAN_POINT('',(2.845580754781,0.629891964132,1.933648701541
    ));
#1382 = CARTESIAN_POINT('',(2.861659809574,0.591073691981,1.933648701541
    ));
#1383 = CARTESIAN_POINT('',(2.87784862438,0.551990435718,1.933648701541)
  );
#1384 = CARTESIAN_POINT('',(2.8941471992,0.512642195341,1.933648701541)
  );
#1385 = CARTESIAN_POINT('',(2.910555534032,0.473028970852,1.933648701541
    ));
#1386 = CARTESIAN_POINT('',(2.927073628879,0.433150762249,1.933648701541
    ));
#1387 = CARTESIAN_POINT('',(2.943701483738,0.393007569534,1.933648701541
    ));
#1388 = CARTESIAN_POINT('',(2.960439098611,0.352599392706,1.933648701541
    ));
#1389 = CARTESIAN_POINT('',(2.977286473498,0.311926231765,1.933648701541
    ));
#1390 = SURFACE_OF_REVOLUTION('',#1391,#1396);
#1391 = CIRCLE('',#1392,0.583630876496);
#1392 = AXIS2_PLACEMENT_3D('',#1393,#1394,#1395);
#1393 = CARTESIAN_POINT('',(3.24040786634,-0.928007323485,1.6));
#1394 = DIRECTION('',(0.382683432365,0.923879532511,2.775557561564E-17)
  );
#1395 = DIRECTION('',(-0.672769068824,0.278670072652,-0.685364699005));
#1396 = AXIS1_PLACEMENT('',#1397,#1398);
#1397 = CARTESIAN_POINT('',(1.,0.,0.));
#1398 = DIRECTION('',(0.,0.,-1.));
#1399 = ADVANCED_FACE('',(#1400),#1421,.T.);
#1400 = FACE_BOUND('',#1401,.T.);
#1401 = EDGE_LOOP('',(#1402,#1403,#1404,#1405,#1419,#1420));
#1402 = ORIENTED_EDGE('',*,*,#1238,.F.);
#1403 = ORIENTED_EDGE('',*,*,#1186,.F.);
#1404 = ORIENTED_EDGE('',*,*,#1176,.F.);
#1405 = ORIENTED_EDGE('',*,*,#1406,.T.);
#1406 = EDGE_CURVE('',#1161,#1276,#1407,.T.);
#1407 = B_SPLINE_CURVE_WITH_KNOTS('',4,(#1408,#1409,#1410,#1411,#1412,
    #1413,#1414,#1415,#1416,#1417,#1418),.UNSPECIFIED.,.F.,.F.,(5,3,3,5)
  ,(-9.553077572578E-02,-1.07974614468E-07,1.570796434769,1.666326955105
    ),.UNSPECIFIED.);
#1408 = CARTESIAN_POINT('',(2.761444147266,0.833015703271,1.266351298459
    ));
#1409 = CARTESIAN_POINT('',(2.770829761858,0.810356825185,1.266351298459
    ));
#1410 = CARTESIAN_POINT('',(2.780051300683,0.788094061041,1.266351298459
    ));
#1411 = CARTESIAN_POINT('',(2.789108763741,0.76622741084,1.266351298459)
  );
#1412 = CARTESIAN_POINT('',(2.944234793798,0.39172004442,1.266351298459)
  );
#1413 = CARTESIAN_POINT('',(2.998066229427,5.781419734063E-07,
    1.266351298459));
#1414 = CARTESIAN_POINT('',(2.944235078699,-0.391719356608,
    1.266351298459));
#1415 = CARTESIAN_POINT('',(2.789108760138,-0.766227419539,
    1.266351298459));
#1416 = CARTESIAN_POINT('',(2.780051295879,-0.78809407264,1.266351298459
    ));
#1417 = CARTESIAN_POINT('',(2.770829758255,-0.810356833884,
    1.266351298459));
#1418 = CARTESIAN_POINT('',(2.761444147266,-0.833015703271,
    1.266351298459));
#1419 = ORIENTED_EDGE('',*,*,#1275,.T.);
#1420 = ORIENTED_EDGE('',*,*,#1261,.T.);
#1421 = ( BOUNDED_SURFACE() B_SPLINE_SURFACE(2,4,(
    (#1422,#1423,#1424,#1425,#1426,#1427,#1428,#1429,#1430,#1431,#1432)
    ,(#1433,#1434,#1435,#1436,#1437,#1438,#1439,#1440,#1441,#1442,#1443)
    ,(#1444,#1445,#1446,#1447,#1448,#1449,#1450,#1451,#1452,#1453,#1454
)),.UNSPECIFIED.,.F.,.F.,.F.) B_SPLINE_SURFACE_WITH_KNOTS((3,3),(5,3,3,5
    ),(0.,1.570796542744),(-9.553077572578E-02,-1.07974614468E-07,
    1.570796434769,1.666326955105),.UNSPECIFIED.) 
GEOMETRIC_REPRESENTATION_ITEM() RATIONAL_B_SPLINE_SURFACE((
    (1.,1.,1.,1.,1.,1.,1.,1.,1.,1.,1.)
    ,(0.954064553889,0.954064553889,0.954064553889,0.954064553889
      ,0.954064553889,0.954064553889,0.954064553889,0.954064553889
      ,0.954064553889,0.954064553889,0.954064553889)
,(1.,1.,1.,1.,1.,1.,1.,1.,1.,1.,1.
  ))) REPRESENTATION_ITEM('') SURFACE() );
#1422 = CARTESIAN_POINT('',(2.811201060562,0.853625694727,1.094848017031
    ));
#1423 = CARTESIAN_POINT('',(2.820340564306,0.831560980883,1.094848017031
    ));
#1424 = CARTESIAN_POINT('',(2.829480066203,0.809496271496,1.094848017031
    ));
#1425 = CARTESIAN_POINT('',(2.838619566254,0.787431566566,1.094848017031
    ));
#1426 = CARTESIAN_POINT('',(2.998038472326,0.402560282228,1.094848017031
    ));
#1427 = CARTESIAN_POINT('',(3.053359617628,6.446181634034E-07,
    1.094848017031));
#1428 = CARTESIAN_POINT('',(2.998038749757,-0.402559612452,
    1.094848017031));
#1429 = CARTESIAN_POINT('',(2.838619563485,-0.787431573251,
    1.094848017031));
#1430 = CARTESIAN_POINT('',(2.829480062511,-0.809496280409,
    1.094848017031));
#1431 = CARTESIAN_POINT('',(2.820340561537,-0.831560987568,
    1.094848017031));
#1432 = CARTESIAN_POINT('',(2.811201060562,-0.853625694727,
    1.094848017031));
#1433 = CARTESIAN_POINT('',(2.811201060562,0.853625694727,1.189055828844
    ));
#1434 = CARTESIAN_POINT('',(2.820340564306,0.831560980883,1.189055828844
    ));
#1435 = CARTESIAN_POINT('',(2.829480066203,0.809496271496,1.189055828844
    ));
#1436 = CARTESIAN_POINT('',(2.838619566254,0.787431566566,1.189055828844
    ));
#1437 = CARTESIAN_POINT('',(2.998038472327,0.402560282228,1.189055828844
    ));
#1438 = CARTESIAN_POINT('',(3.053359617628,6.446181536335E-07,
    1.189055828844));
#1439 = CARTESIAN_POINT('',(2.998038749757,-0.402559612452,
    1.189055828844));
#1440 = CARTESIAN_POINT('',(2.838619563485,-0.787431573251,
    1.189055828844));
#1441 = CARTESIAN_POINT('',(2.829480062511,-0.809496280409,
    1.189055828844));
#1442 = CARTESIAN_POINT('',(2.820340561537,-0.831560987568,
    1.189055828844));
#1443 = CARTESIAN_POINT('',(2.811201060562,-0.853625694727,
    1.189055828844));
#1444 = CARTESIAN_POINT('',(2.761444147266,0.833015703271,1.266351298459
    ));
#1445 = CARTESIAN_POINT('',(2.770829761858,0.810356825185,1.266351298459
    ));
#1446 = CARTESIAN_POINT('',(2.780051300683,0.788094061041,1.266351298459
    ));
#1447 = CARTESIAN_POINT('',(2.789108763741,0.76622741084,1.266351298459)
  );
#1448 = CARTESIAN_POINT('',(2.944234793798,0.39172004442,1.266351298459)
  );
#1449 = CARTESIAN_POINT('',(2.998066229427,5.781419734063E-07,
    1.266351298459));
#1450 = CARTESIAN_POINT('',(2.944235078699,-0.391719356608,
    1.266351298459));
#1451 = CARTESIAN_POINT('',(2.789108760138,-0.766227419539,
    1.266351298459));
#1452 = CARTESIAN_POINT('',(2.780051295879,-0.78809407264,1.266351298459
    ));
#1453 = CARTESIAN_POINT('',(2.770829758255,-0.810356833884,
    1.266351298459));
#1454 = CARTESIAN_POINT('',(2.761444147266,-0.833015703271,
    1.266351298459));
#1455 = ADVANCED_FACE('',(#1456),#1497,.F.);
#1456 = FACE_BOUND('',#1457,.F.);
#1457 = EDGE_LOOP('',(#1458,#1474,#1475,#1476));
#1458 = ORIENTED_EDGE('',*,*,#1459,.F.);
#1459 = EDGE_CURVE('',#1348,#1460,#1462,.T.);
#1460 = VERTEX_POINT('',#1461);
#1461 = CARTESIAN_POINT('',(2.930014330522,0.25,1.933648701541));
#1462 = B_SPLINE_CURVE_WITH_KNOTS('',4,(#1463,#1464,#1465,#1466,#1467,
    #1468,#1469,#1470,#1471,#1472,#1473),.UNSPECIFIED.,.F.,.F.,(5,3,3,5)
  ,(-9.553077572578E-02,-1.079746146774E-07,1.570796434769,
    1.666326955105),.UNSPECIFIED.);
#1463 = CARTESIAN_POINT('',(2.761444147266,0.833015703271,1.933648701541
    ));
#1464 = CARTESIAN_POINT('',(2.770829761858,0.810356825185,1.933648701541
    ));
#1465 = CARTESIAN_POINT('',(2.780051300683,0.788094061041,1.933648701541
    ));
#1466 = CARTESIAN_POINT('',(2.789108763741,0.76622741084,1.933648701541)
  );
#1467 = CARTESIAN_POINT('',(2.944234793798,0.39172004442,1.933648701541)
  );
#1468 = CARTESIAN_POINT('',(2.998066229427,5.781419779582E-07,
    1.933648701541));
#1469 = CARTESIAN_POINT('',(2.944235078699,-0.391719356608,
    1.933648701541));
#1470 = CARTESIAN_POINT('',(2.789108760138,-0.766227419539,
    1.933648701541));
#1471 = CARTESIAN_POINT('',(2.780051295879,-0.78809407264,1.933648701541
    ));
#1472 = CARTESIAN_POINT('',(2.770829758255,-0.810356833884,
    1.933648701541));
#1473 = CARTESIAN_POINT('',(2.761444147266,-0.833015703271,
    1.933648701541));
#1474 = ORIENTED_EDGE('',*,*,#1347,.F.);
#1475 = ORIENTED_EDGE('',*,*,#1160,.T.);
#1476 = ORIENTED_EDGE('',*,*,#1477,.T.);
#1477 = EDGE_CURVE('',#1161,#1460,#1478,.T.);
#1478 = B_SPLINE_CURVE_WITH_KNOTS('',5,(#1479,#1480,#1481,#1482,#1483,
    #1484,#1485,#1486,#1487,#1488,#1489,#1490,#1491,#1492,#1493,#1494,
    #1495,#1496),.UNSPECIFIED.,.F.,.F.,(6,4,4,4,6),(0.,0.251077498857,
    0.500000123406,0.749556743575,1.),.UNSPECIFIED.);
#1479 = CARTESIAN_POINT('',(2.93001951196,0.25,1.266351011145));
#1480 = CARTESIAN_POINT('',(2.909472570555,0.25,1.29559586516));
#1481 = CARTESIAN_POINT('',(2.89116766209,0.25,1.326402922845));
#1482 = CARTESIAN_POINT('',(2.875268533037,0.25,1.358545874517));
#1483 = CARTESIAN_POINT('',(2.861903894913,0.25,1.391774188071));
#1484 = CARTESIAN_POINT('',(2.840510463958,0.25,1.45957613402));
#1485 = CARTESIAN_POINT('',(2.832436684745,0.25,1.494136309368));
#1486 = CARTESIAN_POINT('',(2.827024948903,0.25,1.529241907651));
#1487 = CARTESIAN_POINT('',(2.824319113941,0.25,1.564621151532));
#1488 = CARTESIAN_POINT('',(2.824319124644,0.25,1.635469131863));
#1489 = CARTESIAN_POINT('',(2.827038771245,0.25,1.670938487511));
#1490 = CARTESIAN_POINT('',(2.832478120469,0.25,1.706132097409));
#1491 = CARTESIAN_POINT('',(2.840592864546,0.25,1.740776109035));
#1492 = CARTESIAN_POINT('',(2.862039033035,0.25,1.808561521057));
#1493 = CARTESIAN_POINT('',(2.875389067535,0.25,1.841697689194));
#1494 = CARTESIAN_POINT('',(2.891260156855,0.25,1.87375271116));
#1495 = CARTESIAN_POINT('',(2.909524473756,0.25,1.904478009657));
#1496 = CARTESIAN_POINT('',(2.93001951196,0.25,1.933648988855));
#1497 = SURFACE_OF_REVOLUTION('',#1498,#1503);
#1498 = CIRCLE('',#1499,0.583630876496);
#1499 = AXIS2_PLACEMENT_3D('',#1500,#1501,#1502);
#1500 = CARTESIAN_POINT('',(3.24040786634,0.928007323485,1.6));
#1501 = DIRECTION('',(-0.382683432365,0.923879532511,0.));
#1502 = DIRECTION('',(-0.672769068824,-0.278670072652,-0.685364699005));
#1503 = AXIS1_PLACEMENT('',#1504,#1505);
#1504 = CARTESIAN_POINT('',(1.,0.,0.));
#1505 = DIRECTION('',(0.,0.,-1.));
#1506 = ADVANCED_FACE('',(#1507),#1548,.F.);
#1507 = FACE_BOUND('',#1508,.F.);
#1508 = EDGE_LOOP('',(#1509,#1532,#1533,#1534));
#1509 = ORIENTED_EDGE('',*,*,#1510,.F.);
#1510 = EDGE_CURVE('',#1276,#1511,#1513,.T.);
#1511 = VERTEX_POINT('',#1512);
#1512 = CARTESIAN_POINT('',(2.930014325157,-0.25,1.933648701541));
#1513 = B_SPLINE_CURVE_WITH_KNOTS('',5,(#1514,#1515,#1516,#1517,#1518,
    #1519,#1520,#1521,#1522,#1523,#1524,#1525,#1526,#1527,#1528,#1529,
    #1530,#1531),.UNSPECIFIED.,.F.,.F.,(6,4,4,4,6),(0.,0.251077498857,
    0.500000123406,0.749556743577,1.),.UNSPECIFIED.);
#1514 = CARTESIAN_POINT('',(2.93001951196,-0.25,1.266351011145));
#1515 = CARTESIAN_POINT('',(2.909472570555,-0.25,1.29559586516));
#1516 = CARTESIAN_POINT('',(2.89116766209,-0.25,1.326402922845));
#1517 = CARTESIAN_POINT('',(2.875268533037,-0.25,1.358545874517));
#1518 = CARTESIAN_POINT('',(2.861903894913,-0.25,1.391774188071));
#1519 = CARTESIAN_POINT('',(2.840510463958,-0.25,1.45957613402));
#1520 = CARTESIAN_POINT('',(2.832436684745,-0.25,1.494136309368));
#1521 = CARTESIAN_POINT('',(2.827024948903,-0.25,1.529241907651));
#1522 = CARTESIAN_POINT('',(2.824319113941,-0.25,1.564621151532));
#1523 = CARTESIAN_POINT('',(2.824319124644,-0.25,1.635469131863));
#1524 = CARTESIAN_POINT('',(2.827038771245,-0.25,1.670938487512));
#1525 = CARTESIAN_POINT('',(2.832478120469,-0.25,1.70613209741));
#1526 = CARTESIAN_POINT('',(2.840592864546,-0.25,1.740776109036));
#1527 = CARTESIAN_POINT('',(2.862039033035,-0.25,1.808561521057));
#1528 = CARTESIAN_POINT('',(2.875389067535,-0.25,1.841697689194));
#1529 = CARTESIAN_POINT('',(2.891260156855,-0.25,1.87375271116));
#1530 = CARTESIAN_POINT('',(2.909524473756,-0.25,1.904478009657));
#1531 = CARTESIAN_POINT('',(2.93001951196,-0.25,1.933648988855));
#1532 = ORIENTED_EDGE('',*,*,#1285,.T.);
#1533 = ORIENTED_EDGE('',*,*,#1337,.T.);
#1534 = ORIENTED_EDGE('',*,*,#1535,.F.);
#1535 = EDGE_CURVE('',#1511,#1338,#1536,.T.);
#1536 = B_SPLINE_CURVE_WITH_KNOTS('',4,(#1537,#1538,#1539,#1540,#1541,
    #1542,#1543,#1544,#1545,#1546,#1547),.UNSPECIFIED.,.F.,.F.,(5,3,3,5)
  ,(-9.553077572578E-02,-1.079746146774E-07,1.570796434769,
    1.666326955105),.UNSPECIFIED.);
#1537 = CARTESIAN_POINT('',(2.761444147266,0.833015703271,1.933648701541
    ));
#1538 = CARTESIAN_POINT('',(2.770829761858,0.810356825185,1.933648701541
    ));
#1539 = CARTESIAN_POINT('',(2.780051300683,0.788094061041,1.933648701541
    ));
#1540 = CARTESIAN_POINT('',(2.789108763741,0.76622741084,1.933648701541)
  );
#1541 = CARTESIAN_POINT('',(2.944234793798,0.39172004442,1.933648701541)
  );
#1542 = CARTESIAN_POINT('',(2.998066229427,5.781419779582E-07,
    1.933648701541));
#1543 = CARTESIAN_POINT('',(2.944235078699,-0.391719356608,
    1.933648701541));
#1544 = CARTESIAN_POINT('',(2.789108760138,-0.766227419539,
    1.933648701541));
#1545 = CARTESIAN_POINT('',(2.780051295879,-0.78809407264,1.933648701541
    ));
#1546 = CARTESIAN_POINT('',(2.770829758255,-0.810356833884,
    1.933648701541));
#1547 = CARTESIAN_POINT('',(2.761444147266,-0.833015703271,
    1.933648701541));
#1548 = SURFACE_OF_REVOLUTION('',#1549,#1554);
#1549 = CIRCLE('',#1550,0.583630876496);
#1550 = AXIS2_PLACEMENT_3D('',#1551,#1552,#1553);
#1551 = CARTESIAN_POINT('',(3.24040786634,0.928007323485,1.6));
#1552 = DIRECTION('',(-0.382683432365,0.923879532511,0.));
#1553 = DIRECTION('',(-0.672769068824,-0.278670072652,-0.685364699005));
#1554 = AXIS1_PLACEMENT('',#1555,#1556);
#1555 = CARTESIAN_POINT('',(1.,0.,0.));
#1556 = DIRECTION('',(0.,0.,-1.));
#1557 = ADVANCED_FACE('',(#1558),#1626,.T.);
#1558 = FACE_BOUND('',#1559,.T.);
#1559 = EDGE_LOOP('',(#1560,#1575,#1612,#1625));
#1560 = ORIENTED_EDGE('',*,*,#1561,.T.);
#1561 = EDGE_CURVE('',#1338,#1562,#1564,.T.);
#1562 = VERTEX_POINT('',#1563);
#1563 = CARTESIAN_POINT('',(2.847759065023,-0.76536686473,2.105151982969
    ));
#1564 = B_SPLINE_CURVE_WITH_KNOTS('',5,(#1565,#1566,#1567,#1568,#1569,
    #1570,#1571,#1572,#1573,#1574),.UNSPECIFIED.,.F.,.F.,(6,4,6),(0.,0.5
    ,1.),.UNSPECIFIED.);
#1565 = CARTESIAN_POINT('',(2.798002150484,-0.744756875906,
    1.933648701541));
#1566 = CARTESIAN_POINT('',(2.807511621058,-0.748695827589,
    1.948421302705));
#1567 = CARTESIAN_POINT('',(2.816095436326,-0.75225136029,1.964118435551
    ));
#1568 = CARTESIAN_POINT('',(2.823609233099,-0.755363676818,1.98061491248
    ));
#1569 = CARTESIAN_POINT('',(2.829938885932,-0.757985504867,
    1.997732374146));
#1570 = CARTESIAN_POINT('',(2.840115953026,-0.762200984082,
    2.032810923891));
#1571 = CARTESIAN_POINT('',(2.843963389687,-0.763794644528,
    2.050772089184));
#1572 = CARTESIAN_POINT('',(2.84651128182,-0.764850016005,2.068956473802
    ));
#1573 = CARTESIAN_POINT('',(2.847759064388,-0.765366864467,2.08714711929
    ));
#1574 = CARTESIAN_POINT('',(2.847759065023,-0.76536686473,2.105151982969
    ));
#1575 = ORIENTED_EDGE('',*,*,#1576,.T.);
#1576 = EDGE_CURVE('',#1562,#1577,#1579,.T.);
#1577 = VERTEX_POINT('',#1578);
#1578 = CARTESIAN_POINT('',(2.847759065023,0.76536686473,2.105151982969)
  );
#1579 = B_SPLINE_CURVE_WITH_KNOTS('',11,(#1580,#1581,#1582,#1583,#1584,
    #1585,#1586,#1587,#1588,#1589,#1590,#1591,#1592,#1593,#1594,#1595,
    #1596,#1597,#1598,#1599,#1600,#1601,#1602,#1603,#1604,#1605,#1606,
    #1607,#1608,#1609,#1610,#1611),.UNSPECIFIED.,.F.,.F.,(12,10,10,12),(
    -0.468492513267,5.091285976473E-15,10.995574287564,11.464066800831),
  .UNSPECIFIED.);
#1580 = CARTESIAN_POINT('',(3.027043388037,-0.332536220588,
    2.105151982969));
#1581 = CARTESIAN_POINT('',(3.010631863684,-0.372157145261,
    2.105151982969));
#1582 = CARTESIAN_POINT('',(2.994242929237,-0.411723533074,
    2.105151982969));
#1583 = CARTESIAN_POINT('',(2.977876584698,-0.451235384028,
    2.105151982969));
#1584 = CARTESIAN_POINT('',(2.961532830065,-0.490692698123,
    2.105151982969));
#1585 = CARTESIAN_POINT('',(2.945211665339,-0.530095475358,
    2.105151982969));
#1586 = CARTESIAN_POINT('',(2.928913090519,-0.569443715735,
    2.105151982969));
#1587 = CARTESIAN_POINT('',(2.912637105607,-0.608737419252,
    2.105151982969));
#1588 = CARTESIAN_POINT('',(2.8963837106,-0.64797658591,2.105151982969)
  );
#1589 = CARTESIAN_POINT('',(2.880152905501,-0.68716121571,2.105151982969
    ));
#1590 = CARTESIAN_POINT('',(2.863944690308,-0.726291308649,
    2.105151982969));
#1591 = CARTESIAN_POINT('',(2.467880539364,-1.68247475343,2.105151982969
    ));
#1592 = CARTESIAN_POINT('',(1.582069001997,-2.407558979589,
    2.105152054123));
#1593 = CARTESIAN_POINT('',(0.284684009557,-2.605971283044,
    2.105151836482));
#1594 = CARTESIAN_POINT('',(-0.980593039019,-2.00540800032,
    2.105152142515));
#1595 = CARTESIAN_POINT('',(-1.870922646805,-0.84788876792,
    2.105151915692));
#1596 = CARTESIAN_POINT('',(-1.870922646798,0.84788876792,2.10515191569)
  );
#1597 = CARTESIAN_POINT('',(-0.980593039024,2.005408000319,
    2.105152142517));
#1598 = CARTESIAN_POINT('',(0.284684009559,2.605971283045,2.105151836481
    ));
#1599 = CARTESIAN_POINT('',(1.582069001996,2.407558979589,2.105152054123
    ));
#1600 = CARTESIAN_POINT('',(2.467880539364,1.68247475343,2.105151982969)
  );
#1601 = CARTESIAN_POINT('',(2.863944690308,0.726291308649,2.105151982969
    ));
#1602 = CARTESIAN_POINT('',(2.880152905501,0.68716121571,2.105151982969)
  );
#1603 = CARTESIAN_POINT('',(2.8963837106,0.64797658591,2.105151982969));
#1604 = CARTESIAN_POINT('',(2.912637105606,0.608737419252,2.105151982969
    ));
#1605 = CARTESIAN_POINT('',(2.928913090519,0.569443715735,2.105151982969
    ));
#1606 = CARTESIAN_POINT('',(2.945211665339,0.530095475358,2.105151982969
    ));
#1607 = CARTESIAN_POINT('',(2.961532830065,0.490692698123,2.105151982969
    ));
#1608 = CARTESIAN_POINT('',(2.977876584698,0.451235384028,2.105151982969
    ));
#1609 = CARTESIAN_POINT('',(2.994242929237,0.411723533074,2.105151982969
    ));
#1610 = CARTESIAN_POINT('',(3.010631863684,0.372157145261,2.105151982969
    ));
#1611 = CARTESIAN_POINT('',(3.027043388037,0.332536220588,2.105151982969
    ));
#1612 = ORIENTED_EDGE('',*,*,#1613,.F.);
#1613 = EDGE_CURVE('',#1348,#1577,#1614,.T.);
#1614 = B_SPLINE_CURVE_WITH_KNOTS('',5,(#1615,#1616,#1617,#1618,#1619,
    #1620,#1621,#1622,#1623,#1624),.UNSPECIFIED.,.F.,.F.,(6,4,6),(0.,0.5
    ,1.),.UNSPECIFIED.);
#1615 = CARTESIAN_POINT('',(2.798002150484,0.744756875906,1.933648701541
    ));
#1616 = CARTESIAN_POINT('',(2.807511621058,0.748695827589,1.948421302705
    ));
#1617 = CARTESIAN_POINT('',(2.816095436326,0.75225136029,1.964118435551)
  );
#1618 = CARTESIAN_POINT('',(2.823609233099,0.755363676818,1.98061491248)
  );
#1619 = CARTESIAN_POINT('',(2.829938885932,0.757985504867,1.997732374146
    ));
#1620 = CARTESIAN_POINT('',(2.840115953026,0.762200984082,2.032810923891
    ));
#1621 = CARTESIAN_POINT('',(2.843963389687,0.763794644528,2.050772089184
    ));
#1622 = CARTESIAN_POINT('',(2.84651128182,0.764850016005,2.068956473802)
  );
#1623 = CARTESIAN_POINT('',(2.847759064388,0.765366864467,2.08714711929)
  );
#1624 = CARTESIAN_POINT('',(2.847759065023,0.76536686473,2.105151982969)
  );
#1625 = ORIENTED_EDGE('',*,*,#1356,.F.);
#1626 = ( BOUNDED_SURFACE() B_SPLINE_SURFACE(2,11,(
    (#1627,#1628,#1629,#1630,#1631,#1632,#1633,#1634,#1635,#1636,#1637
      ,#1638,#1639,#1640,#1641,#1642,#1643,#1644,#1645,#1646,#1647,#1648
      ,#1649,#1650,#1651,#1652,#1653,#1654,#1655,#1656,#1657,#1658)
    ,(#1659,#1660,#1661,#1662,#1663,#1664,#1665,#1666,#1667,#1668,#1669
      ,#1670,#1671,#1672,#1673,#1674,#1675,#1676,#1677,#1678,#1679,#1680
      ,#1681,#1682,#1683,#1684,#1685,#1686,#1687,#1688,#1689,#1690)
    ,(#1691,#1692,#1693,#1694,#1695,#1696,#1697,#1698,#1699,#1700,#1701
      ,#1702,#1703,#1704,#1705,#1706,#1707,#1708,#1709,#1710,#1711,#1712
      ,#1713,#1714,#1715,#1716,#1717,#1718,#1719,#1720,#1721,#1722
)),.UNSPECIFIED.,.F.,.F.,.F.) B_SPLINE_SURFACE_WITH_KNOTS((3,3),(12,10,
    10,12),(0.,10.995574287564),(-0.468492513267,5.091285976473E-15,
    10.995574287564,11.464066800831),.UNSPECIFIED.) 
GEOMETRIC_REPRESENTATION_ITEM() RATIONAL_B_SPLINE_SURFACE((
    (1.,1.,1.,1.,1.,1.,1.,1.,1.,1.,1.,1.,1.,1.,1.,1.,1.,1.,1.,1.,1.,1.
      ,1.,1.,1.,1.,1.,1.,1.,1.,1.,1.)
    ,(0.954064553889,0.954064553889,0.954064553889,0.954064553889
      ,0.954064553889,0.954064553889,0.954064553889,0.954064553889
      ,0.954064553889,0.954064553889,0.954064553889,0.954064553889
      ,0.954064495284,0.954064674543,0.954064422479,0.954064609303
      ,0.954064609302,0.954064422479,0.954064674542,0.954064495284
      ,0.954064553889,0.954064553889,0.954064553889,0.954064553889
      ,0.954064553889,0.954064553889,0.954064553889,0.954064553889
      ,0.954064553889,0.954064553889,0.954064553889,0.954064553889)
    ,(1.,1.,1.,1.,1.,1.,1.,1.,1.,1.,1.,1.,1.,1.,1.,1.,1.,1.,1.,1.,1.,1.
,1.,1.,1.,1.,1.,1.,1.,1.,1.,1.))) REPRESENTATION_ITEM('') SURFACE() );
#1627 = CARTESIAN_POINT('',(2.977286473498,-0.311926231765,
    1.933648701541));
#1628 = CARTESIAN_POINT('',(2.960439098611,-0.352599392706,
    1.933648701541));
#1629 = CARTESIAN_POINT('',(2.943701483738,-0.393007569534,
    1.933648701541));
#1630 = CARTESIAN_POINT('',(2.927073628879,-0.433150762249,
    1.933648701541));
#1631 = CARTESIAN_POINT('',(2.910555534032,-0.473028970852,
    1.933648701541));
#1632 = CARTESIAN_POINT('',(2.8941471992,-0.512642195341,1.933648701541)
  );
#1633 = CARTESIAN_POINT('',(2.87784862438,-0.551990435718,1.933648701541
    ));
#1634 = CARTESIAN_POINT('',(2.861659809574,-0.591073691981,
    1.933648701541));
#1635 = CARTESIAN_POINT('',(2.845580754781,-0.629891964132,
    1.933648701541));
#1636 = CARTESIAN_POINT('',(2.829611460002,-0.66844525217,1.933648701541
    ));
#1637 = CARTESIAN_POINT('',(2.813751925236,-0.706733556095,
    1.933648701541));
#1638 = CARTESIAN_POINT('',(2.428353088013,-1.637168655841,
    1.933648701541));
#1639 = CARTESIAN_POINT('',(1.566325343396,-2.342881144811,
    1.933648676398));
#1640 = CARTESIAN_POINT('',(0.303785769281,-2.535487417583,
    1.933648753304));
#1641 = CARTESIAN_POINT('',(-0.926753241249,-1.951550860571,
    1.933648645162));
#1642 = CARTESIAN_POINT('',(-1.793910530247,-0.825355168886,
    1.933648725315));
#1643 = CARTESIAN_POINT('',(-1.793910530243,0.825355168886,
    1.933648725313));
#1644 = CARTESIAN_POINT('',(-0.926753241251,1.95155086057,1.933648645164
    ));
#1645 = CARTESIAN_POINT('',(0.303785769282,2.535487417583,1.933648753303
    ));
#1646 = CARTESIAN_POINT('',(1.566325343396,2.342881144811,1.933648676398
    ));
#1647 = CARTESIAN_POINT('',(2.428353088013,1.637168655841,1.933648701541
    ));
#1648 = CARTESIAN_POINT('',(2.813751925236,0.706733556095,1.933648701541
    ));
#1649 = CARTESIAN_POINT('',(2.829611460002,0.66844525217,1.933648701541)
  );
#1650 = CARTESIAN_POINT('',(2.845580754781,0.629891964132,1.933648701541
    ));
#1651 = CARTESIAN_POINT('',(2.861659809574,0.591073691981,1.933648701541
    ));
#1652 = CARTESIAN_POINT('',(2.87784862438,0.551990435718,1.933648701541)
  );
#1653 = CARTESIAN_POINT('',(2.8941471992,0.512642195341,1.933648701541)
  );
#1654 = CARTESIAN_POINT('',(2.910555534032,0.473028970852,1.933648701541
    ));
#1655 = CARTESIAN_POINT('',(2.927073628879,0.433150762249,1.933648701541
    ));
#1656 = CARTESIAN_POINT('',(2.943701483738,0.393007569534,1.933648701541
    ));
#1657 = CARTESIAN_POINT('',(2.960439098611,0.352599392706,1.933648701541
    ));
#1658 = CARTESIAN_POINT('',(2.977286473498,0.311926231765,1.933648701541
    ));
#1659 = CARTESIAN_POINT('',(3.027043388037,-0.332536220588,
    2.010944171156));
#1660 = CARTESIAN_POINT('',(3.010631863684,-0.372157145261,
    2.010944171156));
#1661 = CARTESIAN_POINT('',(2.994242929237,-0.411723533074,
    2.010944171156));
#1662 = CARTESIAN_POINT('',(2.977876584698,-0.451235384028,
    2.010944171156));
#1663 = CARTESIAN_POINT('',(2.961532830065,-0.490692698123,
    2.010944171156));
#1664 = CARTESIAN_POINT('',(2.945211665339,-0.530095475358,
    2.010944171156));
#1665 = CARTESIAN_POINT('',(2.928913090519,-0.569443715735,
    2.010944171156));
#1666 = CARTESIAN_POINT('',(2.912637105607,-0.608737419252,
    2.010944171156));
#1667 = CARTESIAN_POINT('',(2.8963837106,-0.64797658591,2.010944171156)
  );
#1668 = CARTESIAN_POINT('',(2.880152905501,-0.68716121571,2.010944171156
    ));
#1669 = CARTESIAN_POINT('',(2.863944690308,-0.726291308649,
    2.010944171156));
#1670 = CARTESIAN_POINT('',(2.467880539364,-1.68247475343,2.010944171156
    ));
#1671 = CARTESIAN_POINT('',(1.582068980132,-2.407559101995,
    2.010944177839));
#1672 = CARTESIAN_POINT('',(0.28468419932,-2.605970766174,2.010944157396
    ));
#1673 = CARTESIAN_POINT('',(-0.980593382663,-2.005409013612,
    2.010944186142));
#1674 = CARTESIAN_POINT('',(-1.870922454897,-0.847887430068,
    2.010944164836));
#1675 = CARTESIAN_POINT('',(-1.870922454891,0.847887430068,
    2.010944164836));
#1676 = CARTESIAN_POINT('',(-0.980593382668,2.00540901361,2.010944186142
    ));
#1677 = CARTESIAN_POINT('',(0.284684199323,2.605970766175,2.010944157396
    ));
#1678 = CARTESIAN_POINT('',(1.58206898013,2.407559101995,2.010944177839)
  );
#1679 = CARTESIAN_POINT('',(2.467880539364,1.68247475343,2.010944171156)
  );
#1680 = CARTESIAN_POINT('',(2.863944690308,0.726291308649,2.010944171156
    ));
#1681 = CARTESIAN_POINT('',(2.880152905501,0.68716121571,2.010944171156)
  );
#1682 = CARTESIAN_POINT('',(2.8963837106,0.64797658591,2.010944171156));
#1683 = CARTESIAN_POINT('',(2.912637105606,0.608737419252,2.010944171156
    ));
#1684 = CARTESIAN_POINT('',(2.928913090519,0.569443715735,2.010944171156
    ));
#1685 = CARTESIAN_POINT('',(2.945211665339,0.530095475358,2.010944171156
    ));
#1686 = CARTESIAN_POINT('',(2.961532830065,0.490692698123,2.010944171156
    ));
#1687 = CARTESIAN_POINT('',(2.977876584698,0.451235384028,2.010944171156
    ));
#1688 = CARTESIAN_POINT('',(2.994242929237,0.411723533074,2.010944171156
    ));
#1689 = CARTESIAN_POINT('',(3.010631863684,0.372157145261,2.010944171156
    ));
#1690 = CARTESIAN_POINT('',(3.027043388037,0.332536220588,2.010944171156
    ));
#1691 = CARTESIAN_POINT('',(3.027043388037,-0.332536220588,
    2.105151982969));
#1692 = CARTESIAN_POINT('',(3.010631863684,-0.372157145261,
    2.105151982969));
#1693 = CARTESIAN_POINT('',(2.994242929237,-0.411723533074,
    2.105151982969));
#1694 = CARTESIAN_POINT('',(2.977876584698,-0.451235384028,
    2.105151982969));
#1695 = CARTESIAN_POINT('',(2.961532830065,-0.490692698123,
    2.105151982969));
#1696 = CARTESIAN_POINT('',(2.945211665339,-0.530095475358,
    2.105151982969));
#1697 = CARTESIAN_POINT('',(2.928913090519,-0.569443715735,
    2.105151982969));
#1698 = CARTESIAN_POINT('',(2.912637105607,-0.608737419252,
    2.105151982969));
#1699 = CARTESIAN_POINT('',(2.8963837106,-0.64797658591,2.105151982969)
  );
#1700 = CARTESIAN_POINT('',(2.880152905501,-0.68716121571,2.105151982969
    ));
#1701 = CARTESIAN_POINT('',(2.863944690308,-0.726291308649,
    2.105151982969));
#1702 = CARTESIAN_POINT('',(2.467880539364,-1.68247475343,2.105151982969
    ));
#1703 = CARTESIAN_POINT('',(1.582069001997,-2.407558979589,
    2.105152054123));
#1704 = CARTESIAN_POINT('',(0.284684009557,-2.605971283044,
    2.105151836482));
#1705 = CARTESIAN_POINT('',(-0.980593039019,-2.00540800032,
    2.105152142515));
#1706 = CARTESIAN_POINT('',(-1.870922646805,-0.84788876792,
    2.105151915692));
#1707 = CARTESIAN_POINT('',(-1.870922646798,0.84788876792,2.10515191569)
  );
#1708 = CARTESIAN_POINT('',(-0.980593039024,2.005408000319,
    2.105152142517));
#1709 = CARTESIAN_POINT('',(0.284684009559,2.605971283045,2.105151836481
    ));
#1710 = CARTESIAN_POINT('',(1.582069001996,2.407558979589,2.105152054123
    ));
#1711 = CARTESIAN_POINT('',(2.467880539364,1.68247475343,2.105151982969)
  );
#1712 = CARTESIAN_POINT('',(2.863944690308,0.726291308649,2.105151982969
    ));
#1713 = CARTESIAN_POINT('',(2.880152905501,0.68716121571,2.105151982969)
  );
#1714 = CARTESIAN_POINT('',(2.8963837106,0.64797658591,2.105151982969));
#1715 = CARTESIAN_POINT('',(2.912637105606,0.608737419252,2.105151982969
    ));
#1716 = CARTESIAN_POINT('',(2.928913090519,0.569443715735,2.105151982969
    ));
#1717 = CARTESIAN_POINT('',(2.945211665339,0.530095475358,2.105151982969
    ));
#1718 = CARTESIAN_POINT('',(2.961532830065,0.490692698123,2.105151982969
    ));
#1719 = CARTESIAN_POINT('',(2.977876584698,0.451235384028,2.105151982969
    ));
#1720 = CARTESIAN_POINT('',(2.994242929237,0.411723533074,2.105151982969
    ));
#1721 = CARTESIAN_POINT('',(3.010631863684,0.372157145261,2.105151982969
    ));
#1722 = CARTESIAN_POINT('',(3.027043388037,0.332536220588,2.105151982969
    ));
#1723 = ADVANCED_FACE('',(#1724),#1743,.F.);
#1724 = FACE_BOUND('',#1725,.F.);
#1725 = EDGE_LOOP('',(#1726,#1727,#1728,#1729));
#1726 = ORIENTED_EDGE('',*,*,#1477,.F.);
#1727 = ORIENTED_EDGE('',*,*,#1406,.T.);
#1728 = ORIENTED_EDGE('',*,*,#1510,.T.);
#1729 = ORIENTED_EDGE('',*,*,#1730,.F.);
#1730 = EDGE_CURVE('',#1460,#1511,#1731,.T.);
#1731 = B_SPLINE_CURVE_WITH_KNOTS('',4,(#1732,#1733,#1734,#1735,#1736,
    #1737,#1738,#1739,#1740,#1741,#1742),.UNSPECIFIED.,.F.,.F.,(5,3,3,5)
  ,(-9.553077572578E-02,-1.079746146774E-07,1.570796434769,
    1.666326955105),.UNSPECIFIED.);
#1732 = CARTESIAN_POINT('',(2.761444147266,0.833015703271,1.933648701541
    ));
#1733 = CARTESIAN_POINT('',(2.770829761858,0.810356825185,1.933648701541
    ));
#1734 = CARTESIAN_POINT('',(2.780051300683,0.788094061041,1.933648701541
    ));
#1735 = CARTESIAN_POINT('',(2.789108763741,0.76622741084,1.933648701541)
  );
#1736 = CARTESIAN_POINT('',(2.944234793798,0.39172004442,1.933648701541)
  );
#1737 = CARTESIAN_POINT('',(2.998066229427,5.781419779582E-07,
    1.933648701541));
#1738 = CARTESIAN_POINT('',(2.944235078699,-0.391719356608,
    1.933648701541));
#1739 = CARTESIAN_POINT('',(2.789108760138,-0.766227419539,
    1.933648701541));
#1740 = CARTESIAN_POINT('',(2.780051295879,-0.78809407264,1.933648701541
    ));
#1741 = CARTESIAN_POINT('',(2.770829758255,-0.810356833884,
    1.933648701541));
#1742 = CARTESIAN_POINT('',(2.761444147266,-0.833015703271,
    1.933648701541));
#1743 = SURFACE_OF_REVOLUTION('',#1744,#1749);
#1744 = CIRCLE('',#1745,0.583630876496);
#1745 = AXIS2_PLACEMENT_3D('',#1746,#1747,#1748);
#1746 = CARTESIAN_POINT('',(3.24040786634,0.928007323485,1.6));
#1747 = DIRECTION('',(-0.382683432365,0.923879532511,0.));
#1748 = DIRECTION('',(-0.672769068824,-0.278670072652,-0.685364699005));
#1749 = AXIS1_PLACEMENT('',#1750,#1751);
#1750 = CARTESIAN_POINT('',(1.,0.,0.));
#1751 = DIRECTION('',(0.,0.,-1.));
#1752 = ADVANCED_FACE('',(#1753),#1786,.T.);
#1753 = FACE_BOUND('',#1754,.T.);
#1754 = EDGE_LOOP('',(#1755,#1756,#1757,#1773));
#1755 = ORIENTED_EDGE('',*,*,#1459,.F.);
#1756 = ORIENTED_EDGE('',*,*,#1613,.T.);
#1757 = ORIENTED_EDGE('',*,*,#1758,.T.);
#1758 = EDGE_CURVE('',#1577,#1759,#1761,.T.);
#1759 = VERTEX_POINT('',#1760);
#1760 = CARTESIAN_POINT('',(2.984308541207,0.25,2.105151982969));
#1761 = B_SPLINE_CURVE_WITH_KNOTS('',4,(#1762,#1763,#1764,#1765,#1766,
    #1767,#1768,#1769,#1770,#1771,#1772),.UNSPECIFIED.,.F.,.F.,(5,3,3,5)
  ,(-9.553077572578E-02,-1.079746146774E-07,1.570796434769,
    1.666326955105),.UNSPECIFIED.);
#1762 = CARTESIAN_POINT('',(2.811201060562,0.853625694727,2.105151982969
    ));
#1763 = CARTESIAN_POINT('',(2.820340564306,0.831560980883,2.105151982969
    ));
#1764 = CARTESIAN_POINT('',(2.829480066203,0.809496271496,2.105151982969
    ));
#1765 = CARTESIAN_POINT('',(2.838619566254,0.787431566566,2.105151982969
    ));
#1766 = CARTESIAN_POINT('',(2.998038472327,0.402560282228,2.105151982969
    ));
#1767 = CARTESIAN_POINT('',(3.053359617628,6.446181541886E-07,
    2.105151982969));
#1768 = CARTESIAN_POINT('',(2.998038749757,-0.402559612452,
    2.105151982969));
#1769 = CARTESIAN_POINT('',(2.838619563485,-0.787431573251,
    2.105151982969));
#1770 = CARTESIAN_POINT('',(2.829480062511,-0.809496280409,
    2.105151982969));
#1771 = CARTESIAN_POINT('',(2.820340561537,-0.831560987568,
    2.105151982969));
#1772 = CARTESIAN_POINT('',(2.811201060562,-0.853625694727,
    2.105151982969));
#1773 = ORIENTED_EDGE('',*,*,#1774,.T.);
#1774 = EDGE_CURVE('',#1759,#1460,#1775,.T.);
#1775 = B_SPLINE_CURVE_WITH_KNOTS('',5,(#1776,#1777,#1778,#1779,#1780,
    #1781,#1782,#1783,#1784,#1785),.UNSPECIFIED.,.F.,.F.,(6,4,6),(0.,
    0.484581097565,1.),.UNSPECIFIED.);
#1776 = CARTESIAN_POINT('',(2.984308541207,0.25,2.105151982969));
#1777 = CARTESIAN_POINT('',(2.984308540536,0.25,2.087700438552));
#1778 = CARTESIAN_POINT('',(2.983029639553,0.25,2.070074347099));
#1779 = CARTESIAN_POINT('',(2.980419925796,0.25,2.052448835701));
#1780 = CARTESIAN_POINT('',(2.976478217551,0.25,2.035021003358));
#1781 = CARTESIAN_POINT('',(2.965708001377,0.25,1.999839851998));
#1782 = CARTESIAN_POINT('',(2.958711750769,0.25,1.982136294367));
#1783 = CARTESIAN_POINT('',(2.950334439418,0.25,1.965081845196));
#1784 = CARTESIAN_POINT('',(2.940711170774,0.25,1.948873725552));
#1785 = CARTESIAN_POINT('',(2.930014330522,0.25,1.933648701541));
#1786 = ( BOUNDED_SURFACE() B_SPLINE_SURFACE(2,4,(
    (#1787,#1788,#1789,#1790,#1791,#1792,#1793,#1794,#1795,#1796,#1797)
    ,(#1798,#1799,#1800,#1801,#1802,#1803,#1804,#1805,#1806,#1807,#1808)
    ,(#1809,#1810,#1811,#1812,#1813,#1814,#1815,#1816,#1817,#1818,#1819
)),.UNSPECIFIED.,.F.,.F.,.F.) B_SPLINE_SURFACE_WITH_KNOTS((3,3),(5,3,3,5
    ),(0.,1.570796542744),(-9.553077572578E-02,-1.079746146774E-07,
    1.570796434769,1.666326955105),.UNSPECIFIED.) 
GEOMETRIC_REPRESENTATION_ITEM() RATIONAL_B_SPLINE_SURFACE((
    (1.,1.,1.,1.,1.,1.,1.,1.,1.,1.,1.)
    ,(0.954064553889,0.954064553889,0.954064553889,0.954064553889
      ,0.954064553889,0.954064553889,0.954064553889,0.954064553889
      ,0.954064553889,0.954064553889,0.954064553889)
,(1.,1.,1.,1.,1.,1.,1.,1.,1.,1.,1.
  ))) REPRESENTATION_ITEM('') SURFACE() );
#1787 = CARTESIAN_POINT('',(2.761444147266,0.833015703271,1.933648701541
    ));
#1788 = CARTESIAN_POINT('',(2.770829761858,0.810356825185,1.933648701541
    ));
#1789 = CARTESIAN_POINT('',(2.780051300683,0.788094061041,1.933648701541
    ));
#1790 = CARTESIAN_POINT('',(2.789108763741,0.76622741084,1.933648701541)
  );
#1791 = CARTESIAN_POINT('',(2.944234793798,0.39172004442,1.933648701541)
  );
#1792 = CARTESIAN_POINT('',(2.998066229427,5.781419779582E-07,
    1.933648701541));
#1793 = CARTESIAN_POINT('',(2.944235078699,-0.391719356608,
    1.933648701541));
#1794 = CARTESIAN_POINT('',(2.789108760138,-0.766227419539,
    1.933648701541));
#1795 = CARTESIAN_POINT('',(2.780051295879,-0.78809407264,1.933648701541
    ));
#1796 = CARTESIAN_POINT('',(2.770829758255,-0.810356833884,
    1.933648701541));
#1797 = CARTESIAN_POINT('',(2.761444147266,-0.833015703271,
    1.933648701541));
#1798 = CARTESIAN_POINT('',(2.811201060562,0.853625694727,2.010944171156
    ));
#1799 = CARTESIAN_POINT('',(2.820340564306,0.831560980883,2.010944171156
    ));
#1800 = CARTESIAN_POINT('',(2.829480066203,0.809496271496,2.010944171156
    ));
#1801 = CARTESIAN_POINT('',(2.838619566254,0.787431566566,2.010944171156
    ));
#1802 = CARTESIAN_POINT('',(2.998038472327,0.402560282228,2.010944171156
    ));
#1803 = CARTESIAN_POINT('',(3.053359617628,6.446181521902E-07,
    2.010944171156));
#1804 = CARTESIAN_POINT('',(2.998038749757,-0.402559612452,
    2.010944171156));
#1805 = CARTESIAN_POINT('',(2.838619563485,-0.787431573251,
    2.010944171156));
#1806 = CARTESIAN_POINT('',(2.829480062511,-0.809496280409,
    2.010944171156));
#1807 = CARTESIAN_POINT('',(2.820340561537,-0.831560987568,
    2.010944171156));
#1808 = CARTESIAN_POINT('',(2.811201060562,-0.853625694727,
    2.010944171156));
#1809 = CARTESIAN_POINT('',(2.811201060562,0.853625694727,2.105151982969
    ));
#1810 = CARTESIAN_POINT('',(2.820340564306,0.831560980883,2.105151982969
    ));
#1811 = CARTESIAN_POINT('',(2.829480066203,0.809496271496,2.105151982969
    ));
#1812 = CARTESIAN_POINT('',(2.838619566254,0.787431566566,2.105151982969
    ));
#1813 = CARTESIAN_POINT('',(2.998038472327,0.402560282228,2.105151982969
    ));
#1814 = CARTESIAN_POINT('',(3.053359617628,6.446181541886E-07,
    2.105151982969));
#1815 = CARTESIAN_POINT('',(2.998038749757,-0.402559612452,
    2.105151982969));
#1816 = CARTESIAN_POINT('',(2.838619563485,-0.787431573251,
    2.105151982969));
#1817 = CARTESIAN_POINT('',(2.829480062511,-0.809496280409,
    2.105151982969));
#1818 = CARTESIAN_POINT('',(2.820340561537,-0.831560987568,
    2.105151982969));
#1819 = CARTESIAN_POINT('',(2.811201060562,-0.853625694727,
    2.105151982969));
#1820 = ADVANCED_FACE('',(#1821),#1854,.T.);
#1821 = FACE_BOUND('',#1822,.T.);
#1822 = EDGE_LOOP('',(#1823,#1824,#1839,#1853));
#1823 = ORIENTED_EDGE('',*,*,#1535,.F.);
#1824 = ORIENTED_EDGE('',*,*,#1825,.F.);
#1825 = EDGE_CURVE('',#1826,#1511,#1828,.T.);
#1826 = VERTEX_POINT('',#1827);
#1827 = CARTESIAN_POINT('',(2.984308529836,-0.25,2.105151982969));
#1828 = B_SPLINE_CURVE_WITH_KNOTS('',5,(#1829,#1830,#1831,#1832,#1833,
    #1834,#1835,#1836,#1837,#1838),.UNSPECIFIED.,.F.,.F.,(6,4,6),(0.,
    0.484581098031,1.),.UNSPECIFIED.);
#1829 = CARTESIAN_POINT('',(2.984308529836,-0.25,2.105151982969));
#1830 = CARTESIAN_POINT('',(2.984308529165,-0.25,2.087700438559));
#1831 = CARTESIAN_POINT('',(2.983029628323,-0.25,2.070074347114));
#1832 = CARTESIAN_POINT('',(2.980419914853,-0.25,2.052448835721));
#1833 = CARTESIAN_POINT('',(2.976478207039,-0.25,2.035021003376));
#1834 = CARTESIAN_POINT('',(2.965707992052,-0.25,1.999839852029));
#1835 = CARTESIAN_POINT('',(2.958711742223,-0.25,1.982136294411));
#1836 = CARTESIAN_POINT('',(2.950334431803,-0.25,1.965081845237));
#1837 = CARTESIAN_POINT('',(2.940711164226,-0.25,1.948873725578));
#1838 = CARTESIAN_POINT('',(2.930014325157,-0.25,1.933648701541));
#1839 = ORIENTED_EDGE('',*,*,#1840,.T.);
#1840 = EDGE_CURVE('',#1826,#1562,#1841,.T.);
#1841 = B_SPLINE_CURVE_WITH_KNOTS('',4,(#1842,#1843,#1844,#1845,#1846,
    #1847,#1848,#1849,#1850,#1851,#1852),.UNSPECIFIED.,.F.,.F.,(5,3,3,5)
  ,(-9.553077572578E-02,-1.079746146774E-07,1.570796434769,
    1.666326955105),.UNSPECIFIED.);
#1842 = CARTESIAN_POINT('',(2.811201060562,0.853625694727,2.105151982969
    ));
#1843 = CARTESIAN_POINT('',(2.820340564306,0.831560980883,2.105151982969
    ));
#1844 = CARTESIAN_POINT('',(2.829480066203,0.809496271496,2.105151982969
    ));
#1845 = CARTESIAN_POINT('',(2.838619566254,0.787431566566,2.105151982969
    ));
#1846 = CARTESIAN_POINT('',(2.998038472327,0.402560282228,2.105151982969
    ));
#1847 = CARTESIAN_POINT('',(3.053359617628,6.446181541886E-07,
    2.105151982969));
#1848 = CARTESIAN_POINT('',(2.998038749757,-0.402559612452,
    2.105151982969));
#1849 = CARTESIAN_POINT('',(2.838619563485,-0.787431573251,
    2.105151982969));
#1850 = CARTESIAN_POINT('',(2.829480062511,-0.809496280409,
    2.105151982969));
#1851 = CARTESIAN_POINT('',(2.820340561537,-0.831560987568,
    2.105151982969));
#1852 = CARTESIAN_POINT('',(2.811201060562,-0.853625694727,
    2.105151982969));
#1853 = ORIENTED_EDGE('',*,*,#1561,.F.);
#1854 = ( BOUNDED_SURFACE() B_SPLINE_SURFACE(2,4,(
    (#1855,#1856,#1857,#1858,#1859,#1860,#1861,#1862,#1863,#1864,#1865)
    ,(#1866,#1867,#1868,#1869,#1870,#1871,#1872,#1873,#1874,#1875,#1876)
    ,(#1877,#1878,#1879,#1880,#1881,#1882,#1883,#1884,#1885,#1886,#1887
)),.UNSPECIFIED.,.F.,.F.,.F.) B_SPLINE_SURFACE_WITH_KNOTS((3,3),(5,3,3,5
    ),(0.,1.570796542744),(-9.553077572578E-02,-1.079746146774E-07,
    1.570796434769,1.666326955105),.UNSPECIFIED.) 
GEOMETRIC_REPRESENTATION_ITEM() RATIONAL_B_SPLINE_SURFACE((
    (1.,1.,1.,1.,1.,1.,1.,1.,1.,1.,1.)
    ,(0.954064553889,0.954064553889,0.954064553889,0.954064553889
      ,0.954064553889,0.954064553889,0.954064553889,0.954064553889
      ,0.954064553889,0.954064553889,0.954064553889)
,(1.,1.,1.,1.,1.,1.,1.,1.,1.,1.,1.
  ))) REPRESENTATION_ITEM('') SURFACE() );
#1855 = CARTESIAN_POINT('',(2.761444147266,0.833015703271,1.933648701541
    ));
#1856 = CARTESIAN_POINT('',(2.770829761858,0.810356825185,1.933648701541
    ));
#1857 = CARTESIAN_POINT('',(2.780051300683,0.788094061041,1.933648701541
    ));
#1858 = CARTESIAN_POINT('',(2.789108763741,0.76622741084,1.933648701541)
  );
#1859 = CARTESIAN_POINT('',(2.944234793798,0.39172004442,1.933648701541)
  );
#1860 = CARTESIAN_POINT('',(2.998066229427,5.781419779582E-07,
    1.933648701541));
#1861 = CARTESIAN_POINT('',(2.944235078699,-0.391719356608,
    1.933648701541));
#1862 = CARTESIAN_POINT('',(2.789108760138,-0.766227419539,
    1.933648701541));
#1863 = CARTESIAN_POINT('',(2.780051295879,-0.78809407264,1.933648701541
    ));
#1864 = CARTESIAN_POINT('',(2.770829758255,-0.810356833884,
    1.933648701541));
#1865 = CARTESIAN_POINT('',(2.761444147266,-0.833015703271,
    1.933648701541));
#1866 = CARTESIAN_POINT('',(2.811201060562,0.853625694727,2.010944171156
    ));
#1867 = CARTESIAN_POINT('',(2.820340564306,0.831560980883,2.010944171156
    ));
#1868 = CARTESIAN_POINT('',(2.829480066203,0.809496271496,2.010944171156
    ));
#1869 = CARTESIAN_POINT('',(2.838619566254,0.787431566566,2.010944171156
    ));
#1870 = CARTESIAN_POINT('',(2.998038472327,0.402560282228,2.010944171156
    ));
#1871 = CARTESIAN_POINT('',(3.053359617628,6.446181521902E-07,
    2.010944171156));
#1872 = CARTESIAN_POINT('',(2.998038749757,-0.402559612452,
    2.010944171156));
#1873 = CARTESIAN_POINT('',(2.838619563485,-0.787431573251,
    2.010944171156));
#1874 = CARTESIAN_POINT('',(2.829480062511,-0.809496280409,
    2.010944171156));
#1875 = CARTESIAN_POINT('',(2.820340561537,-0.831560987568,
    2.010944171156));
#1876 = CARTESIAN_POINT('',(2.811201060562,-0.853625694727,
    2.010944171156));
#1877 = CARTESIAN_POINT('',(2.811201060562,0.853625694727,2.105151982969
    ));
#1878 = CARTESIAN_POINT('',(2.820340564306,0.831560980883,2.105151982969
    ));
#1879 = CARTESIAN_POINT('',(2.829480066203,0.809496271496,2.105151982969
    ));
#1880 = CARTESIAN_POINT('',(2.838619566254,0.787431566566,2.105151982969
    ));
#1881 = CARTESIAN_POINT('',(2.998038472327,0.402560282228,2.105151982969
    ));
#1882 = CARTESIAN_POINT('',(3.053359617628,6.446181541886E-07,
    2.105151982969));
#1883 = CARTESIAN_POINT('',(2.998038749757,-0.402559612452,
    2.105151982969));
#1884 = CARTESIAN_POINT('',(2.838619563485,-0.787431573251,
    2.105151982969));
#1885 = CARTESIAN_POINT('',(2.829480062511,-0.809496280409,
    2.105151982969));
#1886 = CARTESIAN_POINT('',(2.820340561537,-0.831560987568,
    2.105151982969));
#1887 = CARTESIAN_POINT('',(2.811201060562,-0.853625694727,
    2.105151982969));
#1888 = ADVANCED_FACE('',(#1889),#1915,.T.);
#1889 = FACE_BOUND('',#1890,.T.);
#1890 = EDGE_LOOP('',(#1891,#1902,#1908,#1909));
#1891 = ORIENTED_EDGE('',*,*,#1892,.T.);
#1892 = EDGE_CURVE('',#1893,#1895,#1897,.T.);
#1893 = VERTEX_POINT('',#1894);
#1894 = CARTESIAN_POINT('',(2.847759065023,-0.76536686473,3.8));
#1895 = VERTEX_POINT('',#1896);
#1896 = CARTESIAN_POINT('',(2.847759065023,0.76536686473,3.8));
#1897 = CIRCLE('',#1898,2.);
#1898 = AXIS2_PLACEMENT_3D('',#1899,#1900,#1901);
#1899 = CARTESIAN_POINT('',(1.,0.,3.8));
#1900 = DIRECTION('',(0.,-0.,-1.));
#1901 = DIRECTION('',(0.923879532511,-0.382683432365,0.));
#1902 = ORIENTED_EDGE('',*,*,#1903,.F.);
#1903 = EDGE_CURVE('',#1577,#1895,#1904,.T.);
#1904 = LINE('',#1905,#1906);
#1905 = CARTESIAN_POINT('',(2.847759065023,0.76536686473,2.));
#1906 = VECTOR('',#1907,1.);
#1907 = DIRECTION('',(0.,0.,1.));
#1908 = ORIENTED_EDGE('',*,*,#1576,.F.);
#1909 = ORIENTED_EDGE('',*,*,#1910,.T.);
#1910 = EDGE_CURVE('',#1562,#1893,#1911,.T.);
#1911 = LINE('',#1912,#1913);
#1912 = CARTESIAN_POINT('',(2.847759065023,-0.76536686473,2.));
#1913 = VECTOR('',#1914,1.);
#1914 = DIRECTION('',(0.,0.,1.));
#1915 = CYLINDRICAL_SURFACE('',#1916,2.);
#1916 = AXIS2_PLACEMENT_3D('',#1917,#1918,#1919);
#1917 = CARTESIAN_POINT('',(1.,0.,2.));
#1918 = DIRECTION('',(0.,0.,1.));
#1919 = DIRECTION('',(0.923879532511,-0.382683432365,0.));
#1920 = ADVANCED_FACE('',(#1921),#1940,.T.);
#1921 = FACE_BOUND('',#1922,.T.);
#1922 = EDGE_LOOP('',(#1923,#1924,#1925,#1939));
#1923 = ORIENTED_EDGE('',*,*,#1730,.F.);
#1924 = ORIENTED_EDGE('',*,*,#1774,.F.);
#1925 = ORIENTED_EDGE('',*,*,#1926,.T.);
#1926 = EDGE_CURVE('',#1759,#1826,#1927,.T.);
#1927 = B_SPLINE_CURVE_WITH_KNOTS('',4,(#1928,#1929,#1930,#1931,#1932,
    #1933,#1934,#1935,#1936,#1937,#1938),.UNSPECIFIED.,.F.,.F.,(5,3,3,5)
  ,(-9.553077572578E-02,-1.079746146774E-07,1.570796434769,
    1.666326955105),.UNSPECIFIED.);
#1928 = CARTESIAN_POINT('',(2.811201060562,0.853625694727,2.105151982969
    ));
#1929 = CARTESIAN_POINT('',(2.820340564306,0.831560980883,2.105151982969
    ));
#1930 = CARTESIAN_POINT('',(2.829480066203,0.809496271496,2.105151982969
    ));
#1931 = CARTESIAN_POINT('',(2.838619566254,0.787431566566,2.105151982969
    ));
#1932 = CARTESIAN_POINT('',(2.998038472327,0.402560282228,2.105151982969
    ));
#1933 = CARTESIAN_POINT('',(3.053359617628,6.446181541886E-07,
    2.105151982969));
#1934 = CARTESIAN_POINT('',(2.998038749757,-0.402559612452,
    2.105151982969));
#1935 = CARTESIAN_POINT('',(2.838619563485,-0.787431573251,
    2.105151982969));
#1936 = CARTESIAN_POINT('',(2.829480062511,-0.809496280409,
    2.105151982969));
#1937 = CARTESIAN_POINT('',(2.820340561537,-0.831560987568,
    2.105151982969));
#1938 = CARTESIAN_POINT('',(2.811201060562,-0.853625694727,
    2.105151982969));
#1939 = ORIENTED_EDGE('',*,*,#1825,.T.);
#1940 = ( BOUNDED_SURFACE() B_SPLINE_SURFACE(2,4,(
    (#1941,#1942,#1943,#1944,#1945,#1946,#1947,#1948,#1949,#1950,#1951)
    ,(#1952,#1953,#1954,#1955,#1956,#1957,#1958,#1959,#1960,#1961,#1962)
    ,(#1963,#1964,#1965,#1966,#1967,#1968,#1969,#1970,#1971,#1972,#1973
)),.UNSPECIFIED.,.F.,.F.,.F.) B_SPLINE_SURFACE_WITH_KNOTS((3,3),(5,3,3,5
    ),(0.,1.570796542744),(-9.553077572578E-02,-1.079746146774E-07,
    1.570796434769,1.666326955105),.UNSPECIFIED.) 
GEOMETRIC_REPRESENTATION_ITEM() RATIONAL_B_SPLINE_SURFACE((
    (1.,1.,1.,1.,1.,1.,1.,1.,1.,1.,1.)
    ,(0.954064553889,0.954064553889,0.954064553889,0.954064553889
      ,0.954064553889,0.954064553889,0.954064553889,0.954064553889
      ,0.954064553889,0.954064553889,0.954064553889)
,(1.,1.,1.,1.,1.,1.,1.,1.,1.,1.,1.
  ))) REPRESENTATION_ITEM('') SURFACE() );
#1941 = CARTESIAN_POINT('',(2.761444147266,0.833015703271,1.933648701541
    ));
#1942 = CARTESIAN_POINT('',(2.770829761858,0.810356825185,1.933648701541
    ));
#1943 = CARTESIAN_POINT('',(2.780051300683,0.788094061041,1.933648701541
    ));
#1944 = CARTESIAN_POINT('',(2.789108763741,0.76622741084,1.933648701541)
  );
#1945 = CARTESIAN_POINT('',(2.944234793798,0.39172004442,1.933648701541)
  );
#1946 = CARTESIAN_POINT('',(2.998066229427,5.781419779582E-07,
    1.933648701541));
#1947 = CARTESIAN_POINT('',(2.944235078699,-0.391719356608,
    1.933648701541));
#1948 = CARTESIAN_POINT('',(2.789108760138,-0.766227419539,
    1.933648701541));
#1949 = CARTESIAN_POINT('',(2.780051295879,-0.78809407264,1.933648701541
    ));
#1950 = CARTESIAN_POINT('',(2.770829758255,-0.810356833884,
    1.933648701541));
#1951 = CARTESIAN_POINT('',(2.761444147266,-0.833015703271,
    1.933648701541));
#1952 = CARTESIAN_POINT('',(2.811201060562,0.853625694727,2.010944171156
    ));
#1953 = CARTESIAN_POINT('',(2.820340564306,0.831560980883,2.010944171156
    ));
#1954 = CARTESIAN_POINT('',(2.829480066203,0.809496271496,2.010944171156
    ));
#1955 = CARTESIAN_POINT('',(2.838619566254,0.787431566566,2.010944171156
    ));
#1956 = CARTESIAN_POINT('',(2.998038472327,0.402560282228,2.010944171156
    ));
#1957 = CARTESIAN_POINT('',(3.053359617628,6.446181521902E-07,
    2.010944171156));
#1958 = CARTESIAN_POINT('',(2.998038749757,-0.402559612452,
    2.010944171156));
#1959 = CARTESIAN_POINT('',(2.838619563485,-0.787431573251,
    2.010944171156));
#1960 = CARTESIAN_POINT('',(2.829480062511,-0.809496280409,
    2.010944171156));
#1961 = CARTESIAN_POINT('',(2.820340561537,-0.831560987568,
    2.010944171156));
#1962 = CARTESIAN_POINT('',(2.811201060562,-0.853625694727,
    2.010944171156));
#1963 = CARTESIAN_POINT('',(2.811201060562,0.853625694727,2.105151982969
    ));
#1964 = CARTESIAN_POINT('',(2.820340564306,0.831560980883,2.105151982969
    ));
#1965 = CARTESIAN_POINT('',(2.829480066203,0.809496271496,2.105151982969
    ));
#1966 = CARTESIAN_POINT('',(2.838619566254,0.787431566566,2.105151982969
    ));
#1967 = CARTESIAN_POINT('',(2.998038472327,0.402560282228,2.105151982969
    ));
#1968 = CARTESIAN_POINT('',(3.053359617628,6.446181541886E-07,
    2.105151982969));
#1969 = CARTESIAN_POINT('',(2.998038749757,-0.402559612452,
    2.105151982969));
#1970 = CARTESIAN_POINT('',(2.838619563485,-0.787431573251,
    2.105151982969));
#1971 = CARTESIAN_POINT('',(2.829480062511,-0.809496280409,
    2.105151982969));
#1972 = CARTESIAN_POINT('',(2.820340561537,-0.831560987568,
    2.105151982969));
#1973 = CARTESIAN_POINT('',(2.811201060562,-0.853625694727,
    2.105151982969));
#1974 = ADVANCED_FACE('',(#1975),#2046,.T.);
#1975 = FACE_BOUND('',#1976,.T.);
#1976 = EDGE_LOOP('',(#1977,#1984,#1985,#1986,#1994,#2008,#2017,#2031,
    #2038,#2044,#2045));
#1977 = ORIENTED_EDGE('',*,*,#1978,.T.);
#1978 = EDGE_CURVE('',#1895,#1893,#1979,.T.);
#1979 = CIRCLE('',#1980,2.);
#1980 = AXIS2_PLACEMENT_3D('',#1981,#1982,#1983);
#1981 = CARTESIAN_POINT('',(1.,0.,3.8));
#1982 = DIRECTION('',(0.,0.,-1.));
#1983 = DIRECTION('',(0.923879532511,0.382683432365,0.));
#1984 = ORIENTED_EDGE('',*,*,#1910,.F.);
#1985 = ORIENTED_EDGE('',*,*,#1840,.F.);
#1986 = ORIENTED_EDGE('',*,*,#1987,.T.);
#1987 = EDGE_CURVE('',#1826,#1988,#1990,.T.);
#1988 = VERTEX_POINT('',#1989);
#1989 = CARTESIAN_POINT('',(2.984313483298,-0.25,2.751));
#1990 = LINE('',#1991,#1992);
#1991 = CARTESIAN_POINT('',(2.984313483298,-0.25,2.));
#1992 = VECTOR('',#1993,1.);
#1993 = DIRECTION('',(0.,0.,1.));
#1994 = ORIENTED_EDGE('',*,*,#1995,.F.);
#1995 = EDGE_CURVE('',#1996,#1988,#1998,.T.);
#1996 = VERTEX_POINT('',#1997);
#1997 = CARTESIAN_POINT('',(2.99999975,-1.E-03,3.));
#1998 = B_SPLINE_CURVE_WITH_KNOTS('',8,(#1999,#2000,#2001,#2002,#2003,
    #2004,#2005,#2006,#2007),.UNSPECIFIED.,.F.,.F.,(9,9),(0.,1.),
  .PIECEWISE_BEZIER_KNOTS.);
#1999 = CARTESIAN_POINT('',(2.99999975,-1.E-03,3.));
#2000 = CARTESIAN_POINT('',(2.999973646983,-5.320602689918E-02,3.));
#2001 = CARTESIAN_POINT('',(2.998390810941,-0.103840865969,
    2.987489955991));
#2002 = CARTESIAN_POINT('',(2.995417551369,-0.149933662161,
    2.963793137321));
#2003 = CARTESIAN_POINT('',(2.991698335935,-0.18915569331,2.930617868257
    ));
#2004 = CARTESIAN_POINT('',(2.988142168513,-0.21960563085,2.890139179425
    ));
#2005 = CARTESIAN_POINT('',(2.985564003857,-0.240075414019,
    2.844828923972));
#2006 = CARTESIAN_POINT('',(2.984313483298,-0.25,2.797502257568));
#2007 = CARTESIAN_POINT('',(2.984313483298,-0.25,2.751));
#2008 = ORIENTED_EDGE('',*,*,#2009,.T.);
#2009 = EDGE_CURVE('',#1996,#2010,#2012,.T.);
#2010 = VERTEX_POINT('',#2011);
#2011 = CARTESIAN_POINT('',(2.99999975,9.999999999998E-04,3.));
#2012 = CIRCLE('',#2013,2.);
#2013 = AXIS2_PLACEMENT_3D('',#2014,#2015,#2016);
#2014 = CARTESIAN_POINT('',(1.,0.,3.));
#2015 = DIRECTION('',(0.,-0.,1.));
#2016 = DIRECTION('',(0.923879532511,0.382683432365,0.));
#2017 = ORIENTED_EDGE('',*,*,#2018,.F.);
#2018 = EDGE_CURVE('',#2019,#2010,#2021,.T.);
#2019 = VERTEX_POINT('',#2020);
#2020 = CARTESIAN_POINT('',(2.984313520798,0.249999702353,2.751385004065
    ));
#2021 = B_SPLINE_CURVE_WITH_KNOTS('',8,(#2022,#2023,#2024,#2025,#2026,
    #2027,#2028,#2029,#2030),.UNSPECIFIED.,.F.,.F.,(9,9),(0.,1.),
  .PIECEWISE_BEZIER_KNOTS.);
#2022 = CARTESIAN_POINT('',(2.984313520798,0.249999702353,2.751385004065
    ));
#2023 = CARTESIAN_POINT('',(2.984322571935,0.249927861101,2.797848021141
    ));
#2024 = CARTESIAN_POINT('',(2.985580187864,0.239946887988,2.845112368816
    ));
#2025 = CARTESIAN_POINT('',(2.988160705155,0.219446949852,2.890347419449
    ));
#2026 = CARTESIAN_POINT('',(2.991713414901,0.18899503999,2.930750810988)
  );
#2027 = CARTESIAN_POINT('',(2.995426125747,0.149796280228,2.963861486156
    ));
#2028 = CARTESIAN_POINT('',(2.998393685887,0.103744337215,2.987512653753
    ));
#2029 = CARTESIAN_POINT('',(2.999973670673,5.315864689126E-02,3.));
#2030 = CARTESIAN_POINT('',(2.99999975,9.999999999996E-04,3.));
#2031 = ORIENTED_EDGE('',*,*,#2032,.F.);
#2032 = EDGE_CURVE('',#2033,#2019,#2035,.T.);
#2033 = VERTEX_POINT('',#2034);
#2034 = CARTESIAN_POINT('',(2.984313483298,0.25,2.751));
#2035 = B_SPLINE_CURVE_WITH_KNOTS('',1,(#2036,#2037),.UNSPECIFIED.,.F.,
  .F.,(2,2),(0.,1.),.PIECEWISE_BEZIER_KNOTS.);
#2036 = CARTESIAN_POINT('',(2.984313483298,0.25,2.751));
#2037 = CARTESIAN_POINT('',(2.984313520798,0.249999702353,2.751385004065
    ));
#2038 = ORIENTED_EDGE('',*,*,#2039,.F.);
#2039 = EDGE_CURVE('',#1759,#2033,#2040,.T.);
#2040 = LINE('',#2041,#2042);
#2041 = CARTESIAN_POINT('',(2.984313483298,0.25,2.));
#2042 = VECTOR('',#2043,1.);
#2043 = DIRECTION('',(0.,0.,1.));
#2044 = ORIENTED_EDGE('',*,*,#1758,.F.);
#2045 = ORIENTED_EDGE('',*,*,#1903,.T.);
#2046 = CYLINDRICAL_SURFACE('',#2047,2.);
#2047 = AXIS2_PLACEMENT_3D('',#2048,#2049,#2050);
#2048 = CARTESIAN_POINT('',(1.,0.,2.));
#2049 = DIRECTION('',(0.,0.,1.));
#2050 = DIRECTION('',(0.923879532511,0.382683432365,-0.));
#2051 = ADVANCED_FACE('',(#2052),#2080,.T.);
#2052 = FACE_BOUND('',#2053,.T.);
#2053 = EDGE_LOOP('',(#2054,#2063,#2072,#2079));
#2054 = ORIENTED_EDGE('',*,*,#2055,.T.);
#2055 = EDGE_CURVE('',#1893,#2056,#2058,.T.);
#2056 = VERTEX_POINT('',#2057);
#2057 = CARTESIAN_POINT('',(2.66298315852,-0.688830178257,4.));
#2058 = CIRCLE('',#2059,0.2);
#2059 = AXIS2_PLACEMENT_3D('',#2060,#2061,#2062);
#2060 = CARTESIAN_POINT('',(2.66298315852,-0.688830178257,3.8));
#2061 = DIRECTION('',(-0.382683432365,-0.923879532511,0.));
#2062 = DIRECTION('',(0.923879532511,-0.382683432365,0.));
#2063 = ORIENTED_EDGE('',*,*,#2064,.T.);
#2064 = EDGE_CURVE('',#2056,#2065,#2067,.T.);
#2065 = VERTEX_POINT('',#2066);
#2066 = CARTESIAN_POINT('',(2.66298315852,0.688830178257,4.));
#2067 = CIRCLE('',#2068,1.8);
#2068 = AXIS2_PLACEMENT_3D('',#2069,#2070,#2071);
#2069 = CARTESIAN_POINT('',(1.,0.,4.));
#2070 = DIRECTION('',(0.,-0.,-1.));
#2071 = DIRECTION('',(0.923879532511,-0.382683432365,0.));
#2072 = ORIENTED_EDGE('',*,*,#2073,.F.);
#2073 = EDGE_CURVE('',#1895,#2065,#2074,.T.);
#2074 = CIRCLE('',#2075,0.2);
#2075 = AXIS2_PLACEMENT_3D('',#2076,#2077,#2078);
#2076 = CARTESIAN_POINT('',(2.66298315852,0.688830178257,3.8));
#2077 = DIRECTION('',(0.382683432365,-0.923879532511,0.));
#2078 = DIRECTION('',(0.923879532511,0.382683432365,0.));
#2079 = ORIENTED_EDGE('',*,*,#1892,.F.);
#2080 = TOROIDAL_SURFACE('',#2081,1.8,0.2);
#2081 = AXIS2_PLACEMENT_3D('',#2082,#2083,#2084);
#2082 = CARTESIAN_POINT('',(1.,0.,3.8));
#2083 = DIRECTION('',(0.,0.,1.));
#2084 = DIRECTION('',(0.923879532511,-0.382683432365,0.));
#2085 = ADVANCED_FACE('',(#2086),#2095,.T.);
#2086 = FACE_BOUND('',#2087,.T.);
#2087 = EDGE_LOOP('',(#2088,#2089,#2090,#2091,#2092,#2093,#2094));
#2088 = ORIENTED_EDGE('',*,*,#2032,.T.);
#2089 = ORIENTED_EDGE('',*,*,#2018,.T.);
#2090 = ORIENTED_EDGE('',*,*,#2009,.F.);
#2091 = ORIENTED_EDGE('',*,*,#1995,.T.);
#2092 = ORIENTED_EDGE('',*,*,#1987,.F.);
#2093 = ORIENTED_EDGE('',*,*,#1926,.F.);
#2094 = ORIENTED_EDGE('',*,*,#2039,.T.);
#2095 = CYLINDRICAL_SURFACE('',#2096,2.);
#2096 = AXIS2_PLACEMENT_3D('',#2097,#2098,#2099);
#2097 = CARTESIAN_POINT('',(1.,0.,2.));
#2098 = DIRECTION('',(0.,0.,1.));
#2099 = DIRECTION('',(0.923879532511,0.382683432365,-0.));
#2100 = ADVANCED_FACE('',(#2101),#2113,.T.);
#2101 = FACE_BOUND('',#2102,.T.);
#2102 = EDGE_LOOP('',(#2103,#2104,#2111,#2112));
#2103 = ORIENTED_EDGE('',*,*,#2073,.T.);
#2104 = ORIENTED_EDGE('',*,*,#2105,.T.);
#2105 = EDGE_CURVE('',#2065,#2056,#2106,.T.);
#2106 = CIRCLE('',#2107,1.8);
#2107 = AXIS2_PLACEMENT_3D('',#2108,#2109,#2110);
#2108 = CARTESIAN_POINT('',(1.,0.,4.));
#2109 = DIRECTION('',(0.,0.,-1.));
#2110 = DIRECTION('',(0.923879532511,0.382683432365,0.));
#2111 = ORIENTED_EDGE('',*,*,#2055,.F.);
#2112 = ORIENTED_EDGE('',*,*,#1978,.F.);
#2113 = TOROIDAL_SURFACE('',#2114,1.8,0.2);
#2114 = AXIS2_PLACEMENT_3D('',#2115,#2116,#2117);
#2115 = CARTESIAN_POINT('',(1.,0.,3.8));
#2116 = DIRECTION('',(0.,0.,1.));
#2117 = DIRECTION('',(0.923879532511,0.382683432365,-0.));
#2118 = ADVANCED_FACE('',(#2119),#2145,.F.);
#2119 = FACE_BOUND('',#2120,.F.);
#2120 = EDGE_LOOP('',(#2121,#2122,#2130,#2139));
#2121 = ORIENTED_EDGE('',*,*,#2064,.T.);
#2122 = ORIENTED_EDGE('',*,*,#2123,.T.);
#2123 = EDGE_CURVE('',#2065,#2124,#2126,.T.);
#2124 = VERTEX_POINT('',#2125);
#2125 = CARTESIAN_POINT('',(2.293431345516,0.535756805311,4.));
#2126 = LINE('',#2127,#2128);
#2127 = CARTESIAN_POINT('',(2.66298315852,0.688830178257,4.));
#2128 = VECTOR('',#2129,1.);
#2129 = DIRECTION('',(-0.923879532511,-0.382683432365,0.));
#2130 = ORIENTED_EDGE('',*,*,#2131,.F.);
#2131 = EDGE_CURVE('',#2132,#2124,#2134,.T.);
#2132 = VERTEX_POINT('',#2133);
#2133 = CARTESIAN_POINT('',(2.293431345516,-0.535756805311,4.));
#2134 = CIRCLE('',#2135,1.4);
#2135 = AXIS2_PLACEMENT_3D('',#2136,#2137,#2138);
#2136 = CARTESIAN_POINT('',(1.,0.,4.));
#2137 = DIRECTION('',(0.,-0.,-1.));
#2138 = DIRECTION('',(0.923879532511,-0.382683432365,0.));
#2139 = ORIENTED_EDGE('',*,*,#2140,.F.);
#2140 = EDGE_CURVE('',#2056,#2132,#2141,.T.);
#2141 = LINE('',#2142,#2143);
#2142 = CARTESIAN_POINT('',(2.66298315852,-0.688830178257,4.));
#2143 = VECTOR('',#2144,1.);
#2144 = DIRECTION('',(-0.923879532511,0.382683432365,0.));
#2145 = PLANE('',#2146);
#2146 = AXIS2_PLACEMENT_3D('',#2147,#2148,#2149);
#2147 = CARTESIAN_POINT('',(1.,0.,4.));
#2148 = DIRECTION('',(0.,0.,-1.));
#2149 = DIRECTION('',(0.923879532511,-0.382683432365,0.));
#2150 = ADVANCED_FACE('',(#2151),#2163,.F.);
#2151 = FACE_BOUND('',#2152,.F.);
#2152 = EDGE_LOOP('',(#2153,#2154,#2155,#2162));
#2153 = ORIENTED_EDGE('',*,*,#2105,.T.);
#2154 = ORIENTED_EDGE('',*,*,#2140,.T.);
#2155 = ORIENTED_EDGE('',*,*,#2156,.F.);
#2156 = EDGE_CURVE('',#2124,#2132,#2157,.T.);
#2157 = CIRCLE('',#2158,1.4);
#2158 = AXIS2_PLACEMENT_3D('',#2159,#2160,#2161);
#2159 = CARTESIAN_POINT('',(1.,0.,4.));
#2160 = DIRECTION('',(0.,0.,-1.));
#2161 = DIRECTION('',(0.923879532511,0.382683432365,0.));
#2162 = ORIENTED_EDGE('',*,*,#2123,.F.);
#2163 = PLANE('',#2164);
#2164 = AXIS2_PLACEMENT_3D('',#2165,#2166,#2167);
#2165 = CARTESIAN_POINT('',(1.,0.,4.));
#2166 = DIRECTION('',(0.,0.,-1.));
#2167 = DIRECTION('',(0.923879532511,0.382683432365,0.));
#2168 = ADVANCED_FACE('',(#2169),#2306,.F.);
#2169 = FACE_BOUND('',#2170,.F.);
#2170 = EDGE_LOOP('',(#2171,#2179,#2180,#2188,#2197,#2205,#2214,#2222,
    #2231,#2239,#2248,#2257,#2265,#2274,#2282,#2291,#2299));
#2171 = ORIENTED_EDGE('',*,*,#2172,.F.);
#2172 = EDGE_CURVE('',#2132,#2173,#2175,.T.);
#2173 = VERTEX_POINT('',#2174);
#2174 = CARTESIAN_POINT('',(2.293431345516,-0.535756805311,3.9));
#2175 = LINE('',#2176,#2177);
#2176 = CARTESIAN_POINT('',(2.293431345516,-0.535756805311,4.));
#2177 = VECTOR('',#2178,1.);
#2178 = DIRECTION('',(0.,0.,-1.));
#2179 = ORIENTED_EDGE('',*,*,#2131,.T.);
#2180 = ORIENTED_EDGE('',*,*,#2181,.T.);
#2181 = EDGE_CURVE('',#2124,#2182,#2184,.T.);
#2182 = VERTEX_POINT('',#2183);
#2183 = CARTESIAN_POINT('',(2.293431345516,0.535756805311,3.9));
#2184 = LINE('',#2185,#2186);
#2185 = CARTESIAN_POINT('',(2.293431345516,0.535756805311,4.));
#2186 = VECTOR('',#2187,1.);
#2187 = DIRECTION('',(0.,0.,-1.));
#2188 = ORIENTED_EDGE('',*,*,#2189,.T.);
#2189 = EDGE_CURVE('',#2182,#2190,#2192,.T.);
#2190 = VERTEX_POINT('',#2191);
#2191 = CARTESIAN_POINT('',(1.05,1.399106857963,3.9));
#2192 = CIRCLE('',#2193,1.4);
#2193 = AXIS2_PLACEMENT_3D('',#2194,#2195,#2196);
#2194 = CARTESIAN_POINT('',(1.,0.,3.9));
#2195 = DIRECTION('',(0.,0.,1.));
#2196 = DIRECTION('',(-1.,1.224646799147E-16,0.));
#2197 = ORIENTED_EDGE('',*,*,#2198,.T.);
#2198 = EDGE_CURVE('',#2190,#2199,#2201,.T.);
#2199 = VERTEX_POINT('',#2200);
#2200 = CARTESIAN_POINT('',(1.05,1.399106857963,3.8));
#2201 = LINE('',#2202,#2203);
#2202 = CARTESIAN_POINT('',(1.05,1.399106857963,3.7));
#2203 = VECTOR('',#2204,1.);
#2204 = DIRECTION('',(0.,0.,-1.));
#2205 = ORIENTED_EDGE('',*,*,#2206,.F.);
#2206 = EDGE_CURVE('',#2207,#2199,#2209,.T.);
#2207 = VERTEX_POINT('',#2208);
#2208 = CARTESIAN_POINT('',(0.95,1.399106857963,3.8));
#2209 = CIRCLE('',#2210,1.4);
#2210 = AXIS2_PLACEMENT_3D('',#2211,#2212,#2213);
#2211 = CARTESIAN_POINT('',(1.,0.,3.8));
#2212 = DIRECTION('',(0.,0.,-1.));
#2213 = DIRECTION('',(-1.,1.224646799147E-16,0.));
#2214 = ORIENTED_EDGE('',*,*,#2215,.F.);
#2215 = EDGE_CURVE('',#2216,#2207,#2218,.T.);
#2216 = VERTEX_POINT('',#2217);
#2217 = CARTESIAN_POINT('',(0.95,1.399106857963,3.9));
#2218 = LINE('',#2219,#2220);
#2219 = CARTESIAN_POINT('',(0.95,1.399106857963,3.7));
#2220 = VECTOR('',#2221,1.);
#2221 = DIRECTION('',(0.,0.,-1.));
#2222 = ORIENTED_EDGE('',*,*,#2223,.T.);
#2223 = EDGE_CURVE('',#2216,#2224,#2226,.T.);
#2224 = VERTEX_POINT('',#2225);
#2225 = CARTESIAN_POINT('',(-0.399106857963,4.999999999998E-02,3.9));
#2226 = CIRCLE('',#2227,1.4);
#2227 = AXIS2_PLACEMENT_3D('',#2228,#2229,#2230);
#2228 = CARTESIAN_POINT('',(1.,0.,3.9));
#2229 = DIRECTION('',(0.,0.,1.));
#2230 = DIRECTION('',(-1.,1.224646799147E-16,0.));
#2231 = ORIENTED_EDGE('',*,*,#2232,.T.);
#2232 = EDGE_CURVE('',#2224,#2233,#2235,.T.);
#2233 = VERTEX_POINT('',#2234);
#2234 = CARTESIAN_POINT('',(-0.399106857963,5.E-02,3.8));
#2235 = LINE('',#2236,#2237);
#2236 = CARTESIAN_POINT('',(-0.399106857963,5.E-02,3.7));
#2237 = VECTOR('',#2238,1.);
#2238 = DIRECTION('',(0.,0.,-1.));
#2239 = ORIENTED_EDGE('',*,*,#2240,.F.);
#2240 = EDGE_CURVE('',#2241,#2233,#2243,.T.);
#2241 = VERTEX_POINT('',#2242);
#2242 = CARTESIAN_POINT('',(-0.4,1.714505518806E-16,3.8));
#2243 = CIRCLE('',#2244,1.4);
#2244 = AXIS2_PLACEMENT_3D('',#2245,#2246,#2247);
#2245 = CARTESIAN_POINT('',(1.,0.,3.8));
#2246 = DIRECTION('',(0.,0.,-1.));
#2247 = DIRECTION('',(-1.,1.224646799147E-16,0.));
#2248 = ORIENTED_EDGE('',*,*,#2249,.F.);
#2249 = EDGE_CURVE('',#2250,#2241,#2252,.T.);
#2250 = VERTEX_POINT('',#2251);
#2251 = CARTESIAN_POINT('',(-0.399106857963,-5.E-02,3.8));
#2252 = CIRCLE('',#2253,1.4);
#2253 = AXIS2_PLACEMENT_3D('',#2254,#2255,#2256);
#2254 = CARTESIAN_POINT('',(1.,0.,3.8));
#2255 = DIRECTION('',(0.,0.,-1.));
#2256 = DIRECTION('',(-1.,1.224646799147E-16,0.));
#2257 = ORIENTED_EDGE('',*,*,#2258,.F.);
#2258 = EDGE_CURVE('',#2259,#2250,#2261,.T.);
#2259 = VERTEX_POINT('',#2260);
#2260 = CARTESIAN_POINT('',(-0.399106857963,-4.999999999998E-02,3.9));
#2261 = LINE('',#2262,#2263);
#2262 = CARTESIAN_POINT('',(-0.399106857963,-5.E-02,3.7));
#2263 = VECTOR('',#2264,1.);
#2264 = DIRECTION('',(0.,0.,-1.));
#2265 = ORIENTED_EDGE('',*,*,#2266,.T.);
#2266 = EDGE_CURVE('',#2259,#2267,#2269,.T.);
#2267 = VERTEX_POINT('',#2268);
#2268 = CARTESIAN_POINT('',(0.95,-1.399106857963,3.9));
#2269 = CIRCLE('',#2270,1.4);
#2270 = AXIS2_PLACEMENT_3D('',#2271,#2272,#2273);
#2271 = CARTESIAN_POINT('',(1.,0.,3.9));
#2272 = DIRECTION('',(0.,0.,1.));
#2273 = DIRECTION('',(-1.,1.224646799147E-16,0.));
#2274 = ORIENTED_EDGE('',*,*,#2275,.T.);
#2275 = EDGE_CURVE('',#2267,#2276,#2278,.T.);
#2276 = VERTEX_POINT('',#2277);
#2277 = CARTESIAN_POINT('',(0.95,-1.399106857963,3.8));
#2278 = LINE('',#2279,#2280);
#2279 = CARTESIAN_POINT('',(0.95,-1.399106857963,3.7));
#2280 = VECTOR('',#2281,1.);
#2281 = DIRECTION('',(0.,0.,-1.));
#2282 = ORIENTED_EDGE('',*,*,#2283,.F.);
#2283 = EDGE_CURVE('',#2284,#2276,#2286,.T.);
#2284 = VERTEX_POINT('',#2285);
#2285 = CARTESIAN_POINT('',(1.05,-1.399106857963,3.8));
#2286 = CIRCLE('',#2287,1.4);
#2287 = AXIS2_PLACEMENT_3D('',#2288,#2289,#2290);
#2288 = CARTESIAN_POINT('',(1.,0.,3.8));
#2289 = DIRECTION('',(0.,0.,-1.));
#2290 = DIRECTION('',(-1.,1.224646799147E-16,0.));
#2291 = ORIENTED_EDGE('',*,*,#2292,.F.);
#2292 = EDGE_CURVE('',#2293,#2284,#2295,.T.);
#2293 = VERTEX_POINT('',#2294);
#2294 = CARTESIAN_POINT('',(1.05,-1.399106857963,3.9));
#2295 = LINE('',#2296,#2297);
#2296 = CARTESIAN_POINT('',(1.05,-1.399106857963,3.7));
#2297 = VECTOR('',#2298,1.);
#2298 = DIRECTION('',(0.,0.,-1.));
#2299 = ORIENTED_EDGE('',*,*,#2300,.T.);
#2300 = EDGE_CURVE('',#2293,#2173,#2301,.T.);
#2301 = CIRCLE('',#2302,1.4);
#2302 = AXIS2_PLACEMENT_3D('',#2303,#2304,#2305);
#2303 = CARTESIAN_POINT('',(1.,0.,3.9));
#2304 = DIRECTION('',(0.,0.,1.));
#2305 = DIRECTION('',(-1.,1.224646799147E-16,0.));
#2306 = CYLINDRICAL_SURFACE('',#2307,1.4);
#2307 = AXIS2_PLACEMENT_3D('',#2308,#2309,#2310);
#2308 = CARTESIAN_POINT('',(1.,0.,4.));
#2309 = DIRECTION('',(0.,0.,-1.));
#2310 = DIRECTION('',(0.923879532511,-0.382683432365,0.));
#2311 = ADVANCED_FACE('',(#2312),#2358,.F.);
#2312 = FACE_BOUND('',#2313,.F.);
#2313 = EDGE_LOOP('',(#2314,#2315,#2316,#2317,#2326,#2334,#2343,#2351));
#2314 = ORIENTED_EDGE('',*,*,#2181,.F.);
#2315 = ORIENTED_EDGE('',*,*,#2156,.T.);
#2316 = ORIENTED_EDGE('',*,*,#2172,.T.);
#2317 = ORIENTED_EDGE('',*,*,#2318,.T.);
#2318 = EDGE_CURVE('',#2173,#2319,#2321,.T.);
#2319 = VERTEX_POINT('',#2320);
#2320 = CARTESIAN_POINT('',(2.399106857963,-5.000000000001E-02,3.9));
#2321 = CIRCLE('',#2322,1.4);
#2322 = AXIS2_PLACEMENT_3D('',#2323,#2324,#2325);
#2323 = CARTESIAN_POINT('',(1.,0.,3.9));
#2324 = DIRECTION('',(0.,0.,1.));
#2325 = DIRECTION('',(-1.,1.224646799147E-16,0.));
#2326 = ORIENTED_EDGE('',*,*,#2327,.T.);
#2327 = EDGE_CURVE('',#2319,#2328,#2330,.T.);
#2328 = VERTEX_POINT('',#2329);
#2329 = CARTESIAN_POINT('',(2.399106857963,-5.E-02,3.8));
#2330 = LINE('',#2331,#2332);
#2331 = CARTESIAN_POINT('',(2.399106857963,-5.E-02,3.7));
#2332 = VECTOR('',#2333,1.);
#2333 = DIRECTION('',(0.,0.,-1.));
#2334 = ORIENTED_EDGE('',*,*,#2335,.F.);
#2335 = EDGE_CURVE('',#2336,#2328,#2338,.T.);
#2336 = VERTEX_POINT('',#2337);
#2337 = CARTESIAN_POINT('',(2.399106857963,5.E-02,3.8));
#2338 = CIRCLE('',#2339,1.4);
#2339 = AXIS2_PLACEMENT_3D('',#2340,#2341,#2342);
#2340 = CARTESIAN_POINT('',(1.,0.,3.8));
#2341 = DIRECTION('',(0.,0.,-1.));
#2342 = DIRECTION('',(-1.,1.224646799147E-16,0.));
#2343 = ORIENTED_EDGE('',*,*,#2344,.F.);
#2344 = EDGE_CURVE('',#2345,#2336,#2347,.T.);
#2345 = VERTEX_POINT('',#2346);
#2346 = CARTESIAN_POINT('',(2.399106857963,5.000000000001E-02,3.9));
#2347 = LINE('',#2348,#2349);
#2348 = CARTESIAN_POINT('',(2.399106857963,5.E-02,3.7));
#2349 = VECTOR('',#2350,1.);
#2350 = DIRECTION('',(0.,0.,-1.));
#2351 = ORIENTED_EDGE('',*,*,#2352,.T.);
#2352 = EDGE_CURVE('',#2345,#2182,#2353,.T.);
#2353 = CIRCLE('',#2354,1.4);
#2354 = AXIS2_PLACEMENT_3D('',#2355,#2356,#2357);
#2355 = CARTESIAN_POINT('',(1.,0.,3.9));
#2356 = DIRECTION('',(0.,0.,1.));
#2357 = DIRECTION('',(-1.,1.224646799147E-16,0.));
#2358 = CYLINDRICAL_SURFACE('',#2359,1.4);
#2359 = AXIS2_PLACEMENT_3D('',#2360,#2361,#2362);
#2360 = CARTESIAN_POINT('',(1.,0.,4.));
#2361 = DIRECTION('',(0.,0.,-1.));
#2362 = DIRECTION('',(0.923879532511,0.382683432365,0.));
#2363 = ADVANCED_FACE('',(#2364),#2382,.T.);
#2364 = FACE_BOUND('',#2365,.T.);
#2365 = EDGE_LOOP('',(#2366,#2374,#2375,#2376));
#2366 = ORIENTED_EDGE('',*,*,#2367,.F.);
#2367 = EDGE_CURVE('',#2293,#2368,#2370,.T.);
#2368 = VERTEX_POINT('',#2369);
#2369 = CARTESIAN_POINT('',(1.05,-5.E-02,3.9));
#2370 = LINE('',#2371,#2372);
#2371 = CARTESIAN_POINT('',(1.05,-4.05,3.9));
#2372 = VECTOR('',#2373,1.);
#2373 = DIRECTION('',(1.224646799147E-16,1.,0.));
#2374 = ORIENTED_EDGE('',*,*,#2300,.T.);
#2375 = ORIENTED_EDGE('',*,*,#2318,.T.);
#2376 = ORIENTED_EDGE('',*,*,#2377,.F.);
#2377 = EDGE_CURVE('',#2368,#2319,#2378,.T.);
#2378 = LINE('',#2379,#2380);
#2379 = CARTESIAN_POINT('',(1.05,-5.E-02,3.9));
#2380 = VECTOR('',#2381,1.);
#2381 = DIRECTION('',(1.,-1.224646799147E-16,0.));
#2382 = PLANE('',#2383);
#2383 = AXIS2_PLACEMENT_3D('',#2384,#2385,#2386);
#2384 = CARTESIAN_POINT('',(1.,-6.494268501652E-17,3.9));
#2385 = DIRECTION('',(1.677000223684E-32,-2.737449048414E-33,1.));
#2386 = DIRECTION('',(-1.,1.224646799147E-16,1.677000223684E-32));
#2387 = ADVANCED_FACE('',(#2388),#2406,.F.);
#2388 = FACE_BOUND('',#2389,.F.);
#2389 = EDGE_LOOP('',(#2390,#2391,#2392,#2400));
#2390 = ORIENTED_EDGE('',*,*,#2367,.F.);
#2391 = ORIENTED_EDGE('',*,*,#2292,.T.);
#2392 = ORIENTED_EDGE('',*,*,#2393,.T.);
#2393 = EDGE_CURVE('',#2284,#2394,#2396,.T.);
#2394 = VERTEX_POINT('',#2395);
#2395 = CARTESIAN_POINT('',(1.05,-5.E-02,3.8));
#2396 = LINE('',#2397,#2398);
#2397 = CARTESIAN_POINT('',(1.05,-4.05,3.8));
#2398 = VECTOR('',#2399,1.);
#2399 = DIRECTION('',(1.224646799147E-16,1.,0.));
#2400 = ORIENTED_EDGE('',*,*,#2401,.F.);
#2401 = EDGE_CURVE('',#2368,#2394,#2402,.T.);
#2402 = LINE('',#2403,#2404);
#2403 = CARTESIAN_POINT('',(1.05,-5.E-02,3.9));
#2404 = VECTOR('',#2405,1.);
#2405 = DIRECTION('',(-1.677000223684E-32,2.737449048414E-33,-1.));
#2406 = PLANE('',#2407);
#2407 = AXIS2_PLACEMENT_3D('',#2408,#2409,#2410);
#2408 = CARTESIAN_POINT('',(1.05,-4.05,3.9));
#2409 = DIRECTION('',(1.,-1.224646799147E-16,-1.677000223684E-32));
#2410 = DIRECTION('',(1.224646799147E-16,1.,0.));
#2411 = ADVANCED_FACE('',(#2412),#2430,.T.);
#2412 = FACE_BOUND('',#2413,.T.);
#2413 = EDGE_LOOP('',(#2414,#2415,#2416,#2424));
#2414 = ORIENTED_EDGE('',*,*,#2352,.T.);
#2415 = ORIENTED_EDGE('',*,*,#2189,.T.);
#2416 = ORIENTED_EDGE('',*,*,#2417,.F.);
#2417 = EDGE_CURVE('',#2418,#2190,#2420,.T.);
#2418 = VERTEX_POINT('',#2419);
#2419 = CARTESIAN_POINT('',(1.05,5.E-02,3.9));
#2420 = LINE('',#2421,#2422);
#2421 = CARTESIAN_POINT('',(1.05,5.E-02,3.9));
#2422 = VECTOR('',#2423,1.);
#2423 = DIRECTION('',(1.224646799147E-16,1.,0.));
#2424 = ORIENTED_EDGE('',*,*,#2425,.F.);
#2425 = EDGE_CURVE('',#2345,#2418,#2426,.T.);
#2426 = LINE('',#2427,#2428);
#2427 = CARTESIAN_POINT('',(5.05,5.E-02,3.9));
#2428 = VECTOR('',#2429,1.);
#2429 = DIRECTION('',(-1.,1.224646799147E-16,0.));
#2430 = PLANE('',#2431);
#2431 = AXIS2_PLACEMENT_3D('',#2432,#2433,#2434);
#2432 = CARTESIAN_POINT('',(1.,-6.494268501652E-17,3.9));
#2433 = DIRECTION('',(1.677000223684E-32,-2.737449048414E-33,1.));
#2434 = DIRECTION('',(-1.,1.224646799147E-16,1.677000223684E-32));
#2435 = ADVANCED_FACE('',(#2436),#2492,.T.);
#2436 = FACE_BOUND('',#2437,.T.);
#2437 = EDGE_LOOP('',(#2438,#2446,#2452,#2453,#2454,#2460,#2461,#2469,
    #2475,#2476,#2484,#2490,#2491));
#2438 = ORIENTED_EDGE('',*,*,#2439,.T.);
#2439 = EDGE_CURVE('',#2250,#2440,#2442,.T.);
#2440 = VERTEX_POINT('',#2441);
#2441 = CARTESIAN_POINT('',(0.95,-5.E-02,3.8));
#2442 = LINE('',#2443,#2444);
#2443 = CARTESIAN_POINT('',(-3.05,-5.E-02,3.8));
#2444 = VECTOR('',#2445,1.);
#2445 = DIRECTION('',(1.,-8.950493387118E-17,0.));
#2446 = ORIENTED_EDGE('',*,*,#2447,.T.);
#2447 = EDGE_CURVE('',#2440,#2276,#2448,.T.);
#2448 = LINE('',#2449,#2450);
#2449 = CARTESIAN_POINT('',(0.95,-5.E-02,3.8));
#2450 = VECTOR('',#2451,1.);
#2451 = DIRECTION('',(-1.224646799147E-16,-1.,0.));
#2452 = ORIENTED_EDGE('',*,*,#2283,.F.);
#2453 = ORIENTED_EDGE('',*,*,#2393,.T.);
#2454 = ORIENTED_EDGE('',*,*,#2455,.T.);
#2455 = EDGE_CURVE('',#2394,#2328,#2456,.T.);
#2456 = LINE('',#2457,#2458);
#2457 = CARTESIAN_POINT('',(1.05,-5.E-02,3.8));
#2458 = VECTOR('',#2459,1.);
#2459 = DIRECTION('',(1.,-1.224646799147E-16,0.));
#2460 = ORIENTED_EDGE('',*,*,#2335,.F.);
#2461 = ORIENTED_EDGE('',*,*,#2462,.T.);
#2462 = EDGE_CURVE('',#2336,#2463,#2465,.T.);
#2463 = VERTEX_POINT('',#2464);
#2464 = CARTESIAN_POINT('',(1.05,5.E-02,3.8));
#2465 = LINE('',#2466,#2467);
#2466 = CARTESIAN_POINT('',(5.05,5.E-02,3.8));
#2467 = VECTOR('',#2468,1.);
#2468 = DIRECTION('',(-1.,1.224646799147E-16,0.));
#2469 = ORIENTED_EDGE('',*,*,#2470,.T.);
#2470 = EDGE_CURVE('',#2463,#2199,#2471,.T.);
#2471 = LINE('',#2472,#2473);
#2472 = CARTESIAN_POINT('',(1.05,5.E-02,3.8));
#2473 = VECTOR('',#2474,1.);
#2474 = DIRECTION('',(1.224646799147E-16,1.,0.));
#2475 = ORIENTED_EDGE('',*,*,#2206,.F.);
#2476 = ORIENTED_EDGE('',*,*,#2477,.T.);
#2477 = EDGE_CURVE('',#2207,#2478,#2480,.T.);
#2478 = VERTEX_POINT('',#2479);
#2479 = CARTESIAN_POINT('',(0.95,5.E-02,3.8));
#2480 = LINE('',#2481,#2482);
#2481 = CARTESIAN_POINT('',(0.95,4.05,3.8));
#2482 = VECTOR('',#2483,1.);
#2483 = DIRECTION('',(-1.224646799147E-16,-1.,0.));
#2484 = ORIENTED_EDGE('',*,*,#2485,.T.);
#2485 = EDGE_CURVE('',#2478,#2233,#2486,.T.);
#2486 = LINE('',#2487,#2488);
#2487 = CARTESIAN_POINT('',(0.95,5.E-02,3.8));
#2488 = VECTOR('',#2489,1.);
#2489 = DIRECTION('',(-1.,1.224646799147E-16,0.));
#2490 = ORIENTED_EDGE('',*,*,#2240,.F.);
#2491 = ORIENTED_EDGE('',*,*,#2249,.F.);
#2492 = PLANE('',#2493);
#2493 = AXIS2_PLACEMENT_3D('',#2494,#2495,#2496);
#2494 = CARTESIAN_POINT('',(1.,1.828955368499E-16,3.8));
#2495 = DIRECTION('',(-2.890934474975E-31,2.491553159674E-32,1.));
#2496 = DIRECTION('',(-1.,1.224646799147E-16,-2.890934474975E-31));
#2497 = ADVANCED_FACE('',(#2498),#2509,.F.);
#2498 = FACE_BOUND('',#2499,.F.);
#2499 = EDGE_LOOP('',(#2500,#2501,#2507,#2508));
#2500 = ORIENTED_EDGE('',*,*,#2417,.F.);
#2501 = ORIENTED_EDGE('',*,*,#2502,.T.);
#2502 = EDGE_CURVE('',#2418,#2463,#2503,.T.);
#2503 = LINE('',#2504,#2505);
#2504 = CARTESIAN_POINT('',(1.05,5.E-02,3.9));
#2505 = VECTOR('',#2506,1.);
#2506 = DIRECTION('',(-1.677000223684E-32,2.737449048414E-33,-1.));
#2507 = ORIENTED_EDGE('',*,*,#2470,.T.);
#2508 = ORIENTED_EDGE('',*,*,#2198,.F.);
#2509 = PLANE('',#2510);
#2510 = AXIS2_PLACEMENT_3D('',#2511,#2512,#2513);
#2511 = CARTESIAN_POINT('',(1.05,5.E-02,3.9));
#2512 = DIRECTION('',(1.,-1.224646799147E-16,-1.677000223684E-32));
#2513 = DIRECTION('',(1.224646799147E-16,1.,0.));
#2514 = ADVANCED_FACE('',(#2515),#2533,.F.);
#2515 = FACE_BOUND('',#2516,.F.);
#2516 = EDGE_LOOP('',(#2517,#2525,#2531,#2532));
#2517 = ORIENTED_EDGE('',*,*,#2518,.F.);
#2518 = EDGE_CURVE('',#2519,#2267,#2521,.T.);
#2519 = VERTEX_POINT('',#2520);
#2520 = CARTESIAN_POINT('',(0.95,-5.E-02,3.9));
#2521 = LINE('',#2522,#2523);
#2522 = CARTESIAN_POINT('',(0.95,-5.E-02,3.9));
#2523 = VECTOR('',#2524,1.);
#2524 = DIRECTION('',(-1.224646799147E-16,-1.,0.));
#2525 = ORIENTED_EDGE('',*,*,#2526,.T.);
#2526 = EDGE_CURVE('',#2519,#2440,#2527,.T.);
#2527 = LINE('',#2528,#2529);
#2528 = CARTESIAN_POINT('',(0.95,-5.E-02,3.9));
#2529 = VECTOR('',#2530,1.);
#2530 = DIRECTION('',(-1.677000223684E-32,2.737449048414E-33,-1.));
#2531 = ORIENTED_EDGE('',*,*,#2447,.T.);
#2532 = ORIENTED_EDGE('',*,*,#2275,.F.);
#2533 = PLANE('',#2534);
#2534 = AXIS2_PLACEMENT_3D('',#2535,#2536,#2537);
#2535 = CARTESIAN_POINT('',(0.95,-5.E-02,3.9));
#2536 = DIRECTION('',(-1.,1.224646799147E-16,1.677000223684E-32));
#2537 = DIRECTION('',(-1.224646799147E-16,-1.,0.));
#2538 = ADVANCED_FACE('',(#2539),#2549,.T.);
#2539 = FACE_BOUND('',#2540,.T.);
#2540 = EDGE_LOOP('',(#2541,#2547,#2548));
#2541 = ORIENTED_EDGE('',*,*,#2542,.F.);
#2542 = EDGE_CURVE('',#2259,#2519,#2543,.T.);
#2543 = LINE('',#2544,#2545);
#2544 = CARTESIAN_POINT('',(-3.05,-5.E-02,3.9));
#2545 = VECTOR('',#2546,1.);
#2546 = DIRECTION('',(1.,-8.950493387118E-17,0.));
#2547 = ORIENTED_EDGE('',*,*,#2266,.T.);
#2548 = ORIENTED_EDGE('',*,*,#2518,.F.);
#2549 = PLANE('',#2550);
#2550 = AXIS2_PLACEMENT_3D('',#2551,#2552,#2553);
#2551 = CARTESIAN_POINT('',(1.,-6.494268501652E-17,3.9));
#2552 = DIRECTION('',(1.677000223684E-32,-2.737449048414E-33,1.));
#2553 = DIRECTION('',(-1.,1.224646799147E-16,1.677000223684E-32));
#2554 = ADVANCED_FACE('',(#2555),#2573,.F.);
#2555 = FACE_BOUND('',#2556,.F.);
#2556 = EDGE_LOOP('',(#2557,#2565,#2566,#2567));
#2557 = ORIENTED_EDGE('',*,*,#2558,.F.);
#2558 = EDGE_CURVE('',#2216,#2559,#2561,.T.);
#2559 = VERTEX_POINT('',#2560);
#2560 = CARTESIAN_POINT('',(0.95,5.E-02,3.9));
#2561 = LINE('',#2562,#2563);
#2562 = CARTESIAN_POINT('',(0.95,4.05,3.9));
#2563 = VECTOR('',#2564,1.);
#2564 = DIRECTION('',(-1.224646799147E-16,-1.,0.));
#2565 = ORIENTED_EDGE('',*,*,#2215,.T.);
#2566 = ORIENTED_EDGE('',*,*,#2477,.T.);
#2567 = ORIENTED_EDGE('',*,*,#2568,.F.);
#2568 = EDGE_CURVE('',#2559,#2478,#2569,.T.);
#2569 = LINE('',#2570,#2571);
#2570 = CARTESIAN_POINT('',(0.95,5.E-02,3.9));
#2571 = VECTOR('',#2572,1.);
#2572 = DIRECTION('',(-1.677000223684E-32,2.737449048414E-33,-1.));
#2573 = PLANE('',#2574);
#2574 = AXIS2_PLACEMENT_3D('',#2575,#2576,#2577);
#2575 = CARTESIAN_POINT('',(0.95,4.05,3.9));
#2576 = DIRECTION('',(-1.,1.224646799147E-16,1.677000223684E-32));
#2577 = DIRECTION('',(-1.224646799147E-16,-1.,0.));
#2578 = ADVANCED_FACE('',(#2579),#2585,.F.);
#2579 = FACE_BOUND('',#2580,.F.);
#2580 = EDGE_LOOP('',(#2581,#2582,#2583,#2584));
#2581 = ORIENTED_EDGE('',*,*,#2542,.F.);
#2582 = ORIENTED_EDGE('',*,*,#2258,.T.);
#2583 = ORIENTED_EDGE('',*,*,#2439,.T.);
#2584 = ORIENTED_EDGE('',*,*,#2526,.F.);
#2585 = PLANE('',#2586);
#2586 = AXIS2_PLACEMENT_3D('',#2587,#2588,#2589);
#2587 = CARTESIAN_POINT('',(-3.05,-5.E-02,3.9));
#2588 = DIRECTION('',(-8.950493387118E-17,-1.,-2.737449048414E-33));
#2589 = DIRECTION('',(1.,-8.950493387118E-17,0.));
#2590 = ADVANCED_FACE('',(#2591),#2601,.T.);
#2591 = FACE_BOUND('',#2592,.T.);
#2592 = EDGE_LOOP('',(#2593,#2594,#2600));
#2593 = ORIENTED_EDGE('',*,*,#2223,.T.);
#2594 = ORIENTED_EDGE('',*,*,#2595,.F.);
#2595 = EDGE_CURVE('',#2559,#2224,#2596,.T.);
#2596 = LINE('',#2597,#2598);
#2597 = CARTESIAN_POINT('',(0.95,5.E-02,3.9));
#2598 = VECTOR('',#2599,1.);
#2599 = DIRECTION('',(-1.,1.224646799147E-16,0.));
#2600 = ORIENTED_EDGE('',*,*,#2558,.F.);
#2601 = PLANE('',#2602);
#2602 = AXIS2_PLACEMENT_3D('',#2603,#2604,#2605);
#2603 = CARTESIAN_POINT('',(1.,-6.494268501652E-17,3.9));
#2604 = DIRECTION('',(1.677000223684E-32,-2.737449048414E-33,1.));
#2605 = DIRECTION('',(-1.,1.224646799147E-16,1.677000223684E-32));
#2606 = ADVANCED_FACE('',(#2607),#2613,.F.);
#2607 = FACE_BOUND('',#2608,.F.);
#2608 = EDGE_LOOP('',(#2609,#2610,#2611,#2612));
#2609 = ORIENTED_EDGE('',*,*,#2595,.F.);
#2610 = ORIENTED_EDGE('',*,*,#2568,.T.);
#2611 = ORIENTED_EDGE('',*,*,#2485,.T.);
#2612 = ORIENTED_EDGE('',*,*,#2232,.F.);
#2613 = PLANE('',#2614);
#2614 = AXIS2_PLACEMENT_3D('',#2615,#2616,#2617);
#2615 = CARTESIAN_POINT('',(0.95,5.E-02,3.9));
#2616 = DIRECTION('',(1.224646799147E-16,1.,2.737449048414E-33));
#2617 = DIRECTION('',(-1.,1.224646799147E-16,0.));
#2618 = ADVANCED_FACE('',(#2619),#2625,.F.);
#2619 = FACE_BOUND('',#2620,.F.);
#2620 = EDGE_LOOP('',(#2621,#2622,#2623,#2624));
#2621 = ORIENTED_EDGE('',*,*,#2425,.F.);
#2622 = ORIENTED_EDGE('',*,*,#2344,.T.);
#2623 = ORIENTED_EDGE('',*,*,#2462,.T.);
#2624 = ORIENTED_EDGE('',*,*,#2502,.F.);
#2625 = PLANE('',#2626);
#2626 = AXIS2_PLACEMENT_3D('',#2627,#2628,#2629);
#2627 = CARTESIAN_POINT('',(5.05,5.E-02,3.9));
#2628 = DIRECTION('',(1.224646799147E-16,1.,2.737449048414E-33));
#2629 = DIRECTION('',(-1.,1.224646799147E-16,0.));
#2630 = ADVANCED_FACE('',(#2631),#2637,.F.);
#2631 = FACE_BOUND('',#2632,.F.);
#2632 = EDGE_LOOP('',(#2633,#2634,#2635,#2636));
#2633 = ORIENTED_EDGE('',*,*,#2377,.F.);
#2634 = ORIENTED_EDGE('',*,*,#2401,.T.);
#2635 = ORIENTED_EDGE('',*,*,#2455,.T.);
#2636 = ORIENTED_EDGE('',*,*,#2327,.F.);
#2637 = PLANE('',#2638);
#2638 = AXIS2_PLACEMENT_3D('',#2639,#2640,#2641);
#2639 = CARTESIAN_POINT('',(1.05,-5.E-02,3.9));
#2640 = DIRECTION('',(-1.224646799147E-16,-1.,-2.737449048414E-33));
#2641 = DIRECTION('',(1.,-1.224646799147E-16,0.));
#2642 = ORIENTED_CLOSED_SHELL('',*,#2643,.F.);
#2643 = CLOSED_SHELL('',(#2644,#2686,#2717,#2728,#2760,#2787));
#2644 = ADVANCED_FACE('',(#2645),#2681,.T.);
#2645 = FACE_BOUND('',#2646,.T.);
#2646 = EDGE_LOOP('',(#2647,#2657,#2666,#2674));
#2647 = ORIENTED_EDGE('',*,*,#2648,.F.);
#2648 = EDGE_CURVE('',#2649,#2651,#2653,.T.);
#2649 = VERTEX_POINT('',#2650);
#2650 = CARTESIAN_POINT('',(2.293431345516,0.535756805311,3.6));
#2651 = VERTEX_POINT('',#2652);
#2652 = CARTESIAN_POINT('',(1.669132749216,0.277163859753,3.6));
#2653 = LINE('',#2654,#2655);
#2654 = CARTESIAN_POINT('',(2.293431345516,0.535756805311,3.6));
#2655 = VECTOR('',#2656,1.);
#2656 = DIRECTION('',(-0.923879532511,-0.382683432365,0.));
#2657 = ORIENTED_EDGE('',*,*,#2658,.T.);
#2658 = EDGE_CURVE('',#2649,#2659,#2661,.T.);
#2659 = VERTEX_POINT('',#2660);
#2660 = CARTESIAN_POINT('',(2.293431345516,-0.535756805311,3.6));
#2661 = CIRCLE('',#2662,1.4);
#2662 = AXIS2_PLACEMENT_3D('',#2663,#2664,#2665);
#2663 = CARTESIAN_POINT('',(1.,0.,3.6));
#2664 = DIRECTION('',(0.,0.,-1.));
#2665 = DIRECTION('',(0.923879532511,0.382683432365,0.));
#2666 = ORIENTED_EDGE('',*,*,#2667,.T.);
#2667 = EDGE_CURVE('',#2659,#2668,#2670,.T.);
#2668 = VERTEX_POINT('',#2669);
#2669 = CARTESIAN_POINT('',(1.669132749216,-0.277163859753,3.6));
#2670 = LINE('',#2671,#2672);
#2671 = CARTESIAN_POINT('',(2.293431345516,-0.535756805311,3.6));
#2672 = VECTOR('',#2673,1.);
#2673 = DIRECTION('',(-0.923879532511,0.382683432365,0.));
#2674 = ORIENTED_EDGE('',*,*,#2675,.T.);
#2675 = EDGE_CURVE('',#2668,#2651,#2676,.T.);
#2676 = CIRCLE('',#2677,0.3);
#2677 = AXIS2_PLACEMENT_3D('',#2678,#2679,#2680);
#2678 = CARTESIAN_POINT('',(1.783937778926,0.,3.6));
#2679 = DIRECTION('',(0.,0.,-1.));
#2680 = DIRECTION('',(0.382683432365,0.923879532511,0.));
#2681 = PLANE('',#2682);
#2682 = AXIS2_PLACEMENT_3D('',#2683,#2684,#2685);
#2683 = CARTESIAN_POINT('',(1.,0.,3.6));
#2684 = DIRECTION('',(0.,0.,-1.));
#2685 = DIRECTION('',(0.923879532511,0.382683432365,0.));
#2686 = ADVANCED_FACE('',(#2687),#2712,.T.);
#2687 = FACE_BOUND('',#2688,.T.);
#2688 = EDGE_LOOP('',(#2689,#2690,#2697,#2698,#2706));
#2689 = ORIENTED_EDGE('',*,*,#2667,.F.);
#2690 = ORIENTED_EDGE('',*,*,#2691,.T.);
#2691 = EDGE_CURVE('',#2659,#2649,#2692,.T.);
#2692 = CIRCLE('',#2693,1.4);
#2693 = AXIS2_PLACEMENT_3D('',#2694,#2695,#2696);
#2694 = CARTESIAN_POINT('',(1.,0.,3.6));
#2695 = DIRECTION('',(0.,-0.,-1.));
#2696 = DIRECTION('',(0.923879532511,-0.382683432365,0.));
#2697 = ORIENTED_EDGE('',*,*,#2648,.T.);
#2698 = ORIENTED_EDGE('',*,*,#2699,.T.);
#2699 = EDGE_CURVE('',#2651,#2700,#2702,.T.);
#2700 = VERTEX_POINT('',#2701);
#2701 = CARTESIAN_POINT('',(1.,0.,3.6));
#2702 = LINE('',#2703,#2704);
#2703 = CARTESIAN_POINT('',(2.293431345516,0.535756805311,3.6));
#2704 = VECTOR('',#2705,1.);
#2705 = DIRECTION('',(-0.923879532511,-0.382683432365,0.));
#2706 = ORIENTED_EDGE('',*,*,#2707,.F.);
#2707 = EDGE_CURVE('',#2668,#2700,#2708,.T.);
#2708 = LINE('',#2709,#2710);
#2709 = CARTESIAN_POINT('',(2.293431345516,-0.535756805311,3.6));
#2710 = VECTOR('',#2711,1.);
#2711 = DIRECTION('',(-0.923879532511,0.382683432365,0.));
#2712 = PLANE('',#2713);
#2713 = AXIS2_PLACEMENT_3D('',#2714,#2715,#2716);
#2714 = CARTESIAN_POINT('',(1.,0.,3.6));
#2715 = DIRECTION('',(0.,0.,-1.));
#2716 = DIRECTION('',(0.923879532511,-0.382683432365,0.));
#2717 = ADVANCED_FACE('',(#2718),#2723,.T.);
#2718 = FACE_BOUND('',#2719,.T.);
#2719 = EDGE_LOOP('',(#2720,#2721,#2722));
#2720 = ORIENTED_EDGE('',*,*,#2699,.F.);
#2721 = ORIENTED_EDGE('',*,*,#2675,.F.);
#2722 = ORIENTED_EDGE('',*,*,#2707,.T.);
#2723 = PLANE('',#2724);
#2724 = AXIS2_PLACEMENT_3D('',#2725,#2726,#2727);
#2725 = CARTESIAN_POINT('',(1.,0.,3.6));
#2726 = DIRECTION('',(0.,0.,-1.));
#2727 = DIRECTION('',(0.923879532511,0.382683432365,0.));
#2728 = ADVANCED_FACE('',(#2729),#2755,.T.);
#2729 = FACE_BOUND('',#2730,.T.);
#2730 = EDGE_LOOP('',(#2731,#2739,#2748,#2754));
#2731 = ORIENTED_EDGE('',*,*,#2732,.F.);
#2732 = EDGE_CURVE('',#2733,#2649,#2735,.T.);
#2733 = VERTEX_POINT('',#2734);
#2734 = CARTESIAN_POINT('',(2.293431345516,0.535756805311,3.7));
#2735 = LINE('',#2736,#2737);
#2736 = CARTESIAN_POINT('',(2.293431345516,0.535756805311,4.));
#2737 = VECTOR('',#2738,1.);
#2738 = DIRECTION('',(0.,0.,-1.));
#2739 = ORIENTED_EDGE('',*,*,#2740,.F.);
#2740 = EDGE_CURVE('',#2741,#2733,#2743,.T.);
#2741 = VERTEX_POINT('',#2742);
#2742 = CARTESIAN_POINT('',(2.293431345516,-0.535756805311,3.7));
#2743 = CIRCLE('',#2744,1.4);
#2744 = AXIS2_PLACEMENT_3D('',#2745,#2746,#2747);
#2745 = CARTESIAN_POINT('',(1.,0.,3.7));
#2746 = DIRECTION('',(0.,0.,1.));
#2747 = DIRECTION('',(-1.,1.224646799147E-16,0.));
#2748 = ORIENTED_EDGE('',*,*,#2749,.T.);
#2749 = EDGE_CURVE('',#2741,#2659,#2750,.T.);
#2750 = LINE('',#2751,#2752);
#2751 = CARTESIAN_POINT('',(2.293431345516,-0.535756805311,4.));
#2752 = VECTOR('',#2753,1.);
#2753 = DIRECTION('',(0.,0.,-1.));
#2754 = ORIENTED_EDGE('',*,*,#2658,.F.);
#2755 = CYLINDRICAL_SURFACE('',#2756,1.4);
#2756 = AXIS2_PLACEMENT_3D('',#2757,#2758,#2759);
#2757 = CARTESIAN_POINT('',(1.,0.,4.));
#2758 = DIRECTION('',(0.,0.,-1.));
#2759 = DIRECTION('',(0.923879532511,0.382683432365,0.));
#2760 = ADVANCED_FACE('',(#2761),#2782,.T.);
#2761 = FACE_BOUND('',#2762,.T.);
#2762 = EDGE_LOOP('',(#2763,#2764,#2773,#2780,#2781));
#2763 = ORIENTED_EDGE('',*,*,#2749,.F.);
#2764 = ORIENTED_EDGE('',*,*,#2765,.F.);
#2765 = EDGE_CURVE('',#2766,#2741,#2768,.T.);
#2766 = VERTEX_POINT('',#2767);
#2767 = CARTESIAN_POINT('',(-0.4,1.714505518806E-16,3.7));
#2768 = CIRCLE('',#2769,1.4);
#2769 = AXIS2_PLACEMENT_3D('',#2770,#2771,#2772);
#2770 = CARTESIAN_POINT('',(1.,0.,3.7));
#2771 = DIRECTION('',(0.,0.,1.));
#2772 = DIRECTION('',(-1.,1.224646799147E-16,0.));
#2773 = ORIENTED_EDGE('',*,*,#2774,.F.);
#2774 = EDGE_CURVE('',#2733,#2766,#2775,.T.);
#2775 = CIRCLE('',#2776,1.4);
#2776 = AXIS2_PLACEMENT_3D('',#2777,#2778,#2779);
#2777 = CARTESIAN_POINT('',(1.,0.,3.7));
#2778 = DIRECTION('',(0.,0.,1.));
#2779 = DIRECTION('',(-1.,1.224646799147E-16,0.));
#2780 = ORIENTED_EDGE('',*,*,#2732,.T.);
#2781 = ORIENTED_EDGE('',*,*,#2691,.F.);
#2782 = CYLINDRICAL_SURFACE('',#2783,1.4);
#2783 = AXIS2_PLACEMENT_3D('',#2784,#2785,#2786);
#2784 = CARTESIAN_POINT('',(1.,0.,4.));
#2785 = DIRECTION('',(0.,0.,-1.));
#2786 = DIRECTION('',(0.923879532511,-0.382683432365,0.));
#2787 = ADVANCED_FACE('',(#2788),#2793,.T.);
#2788 = FACE_BOUND('',#2789,.T.);
#2789 = EDGE_LOOP('',(#2790,#2791,#2792));
#2790 = ORIENTED_EDGE('',*,*,#2765,.T.);
#2791 = ORIENTED_EDGE('',*,*,#2740,.T.);
#2792 = ORIENTED_EDGE('',*,*,#2774,.T.);
#2793 = PLANE('',#2794);
#2794 = AXIS2_PLACEMENT_3D('',#2795,#2796,#2797);
#2795 = CARTESIAN_POINT('',(1.,-6.494268501652E-17,3.7));
#2796 = DIRECTION('',(1.677000223684E-32,-2.737449048414E-33,1.));
#2797 = DIRECTION('',(-1.,1.224646799147E-16,1.677000223684E-32));
#2798 = ( GEOMETRIC_REPRESENTATION_CONTEXT(3) 
GLOBAL_UNCERTAINTY_ASSIGNED_CONTEXT((#2802)) 
GLOBAL_UNIT_ASSIGNED_CONTEXT((#2799,#2800,#2801)) REPRESENTATION_CONTEXT
('Context #1','3D Context with UNIT and UNCERTAINTY') );
#2799 = ( LENGTH_UNIT() NAMED_UNIT(*) SI_UNIT(.MILLI.,.METRE.) );
#2800 = ( NAMED_UNIT(*) PLANE_ANGLE_UNIT() SI_UNIT($,.RADIAN.) );
#2801 = ( NAMED_UNIT(*) SI_UNIT($,.STERADIAN.) SOLID_ANGLE_UNIT() );
#2802 = UNCERTAINTY_MEASURE_WITH_UNIT(LENGTH_MEASURE(5.E-06),#2799,
  'distance_accuracy_value','confusion accuracy');
#2803 = CONTEXT_DEPENDENT_SHAPE_REPRESENTATION(#2804,#2806);
#2804 = ( REPRESENTATION_RELATIONSHIP('','',#565,#10) 
REPRESENTATION_RELATIONSHIP_WITH_TRANSFORMATION(#2805) 
SHAPE_REPRESENTATION_RELATIONSHIP() );
#2805 = ITEM_DEFINED_TRANSFORMATION('','',#11,#19);
#2806 = PRODUCT_DEFINITION_SHAPE('Placement','Placement of an item',
  #2807);
#2807 = NEXT_ASSEMBLY_USAGE_OCCURRENCE('2','C3','',#5,#560,$);
#2808 = PRODUCT_RELATED_PRODUCT_CATEGORY('part',$,(#562));
#2809 = SHAPE_DEFINITION_REPRESENTATION(#2810,#2816);
#2810 = PRODUCT_DEFINITION_SHAPE('','',#2811);
#2811 = PRODUCT_DEFINITION('design','',#2812,#2815);
#2812 = PRODUCT_DEFINITION_FORMATION('','',#2813);
#2813 = PRODUCT('R_Axial_DIN0414_L11.9mm_D4.5mm_P15.24mm_Horizontal',
  'R_Axial_DIN0414_L11.9mm_D4.5mm_P15.24mm_Horizontal','',(#2814));
#2814 = PRODUCT_CONTEXT('',#2,'mechanical');
#2815 = PRODUCT_DEFINITION_CONTEXT('part definition',#2,'design');
#2816 = ADVANCED_BREP_SHAPE_REPRESENTATION('',(#11,#2817),#3204);
#2817 = MANIFOLD_SOLID_BREP('',#2818);
#2818 = CLOSED_SHELL('',(#2819,#2852,#2878,#2898,#2918,#2943,#2968,#2988
    ,#3014,#3039,#3064,#3090,#3099,#3119,#3144,#3170,#3195));
#2819 = ADVANCED_FACE('',(#2820),#2847,.T.);
#2820 = FACE_BOUND('',#2821,.T.);
#2821 = EDGE_LOOP('',(#2822,#2831,#2839,#2846));
#2822 = ORIENTED_EDGE('',*,*,#2823,.T.);
#2823 = EDGE_CURVE('',#2824,#2824,#2826,.T.);
#2824 = VERTEX_POINT('',#2825);
#2825 = CARTESIAN_POINT('',(2.795,2.25,2.25));
#2826 = CIRCLE('',#2827,2.25);
#2827 = AXIS2_PLACEMENT_3D('',#2828,#2829,#2830);
#2828 = CARTESIAN_POINT('',(2.795,0.,2.25));
#2829 = DIRECTION('',(1.,0.,0.));
#2830 = DIRECTION('',(-0.,1.,0.));
#2831 = ORIENTED_EDGE('',*,*,#2832,.T.);
#2832 = EDGE_CURVE('',#2824,#2833,#2835,.T.);
#2833 = VERTEX_POINT('',#2834);
#2834 = CARTESIAN_POINT('',(4.645,2.25,2.25));
#2835 = LINE('',#2836,#2837);
#2836 = CARTESIAN_POINT('',(1.67,2.25,2.25));
#2837 = VECTOR('',#2838,1.);
#2838 = DIRECTION('',(1.,0.,0.));
#2839 = ORIENTED_EDGE('',*,*,#2840,.F.);
#2840 = EDGE_CURVE('',#2833,#2833,#2841,.T.);
#2841 = CIRCLE('',#2842,2.25);
#2842 = AXIS2_PLACEMENT_3D('',#2843,#2844,#2845);
#2843 = CARTESIAN_POINT('',(4.645,0.,2.25));
#2844 = DIRECTION('',(1.,0.,0.));
#2845 = DIRECTION('',(-0.,1.,0.));
#2846 = ORIENTED_EDGE('',*,*,#2832,.F.);
#2847 = CYLINDRICAL_SURFACE('',#2848,2.25);
#2848 = AXIS2_PLACEMENT_3D('',#2849,#2850,#2851);
#2849 = CARTESIAN_POINT('',(1.67,0.,2.25));
#2850 = DIRECTION('',(-1.,-0.,-0.));
#2851 = DIRECTION('',(0.,1.,0.));
#2852 = ADVANCED_FACE('',(#2853),#2873,.T.);
#2853 = FACE_BOUND('',#2854,.T.);
#2854 = EDGE_LOOP('',(#2855,#2864,#2871,#2872));
#2855 = ORIENTED_EDGE('',*,*,#2856,.T.);
#2856 = EDGE_CURVE('',#2857,#2857,#2859,.T.);
#2857 = VERTEX_POINT('',#2858);
#2858 = CARTESIAN_POINT('',(1.67,1.125,2.25));
#2859 = CIRCLE('',#2860,1.125);
#2860 = AXIS2_PLACEMENT_3D('',#2861,#2862,#2863);
#2861 = CARTESIAN_POINT('',(1.67,0.,2.25));
#2862 = DIRECTION('',(1.,0.,0.));
#2863 = DIRECTION('',(-0.,1.,0.));
#2864 = ORIENTED_EDGE('',*,*,#2865,.F.);
#2865 = EDGE_CURVE('',#2824,#2857,#2866,.T.);
#2866 = CIRCLE('',#2867,1.125);
#2867 = AXIS2_PLACEMENT_3D('',#2868,#2869,#2870);
#2868 = CARTESIAN_POINT('',(2.795,1.125,2.25));
#2869 = DIRECTION('',(0.,-0.,1.));
#2870 = DIRECTION('',(0.,1.,0.));
#2871 = ORIENTED_EDGE('',*,*,#2823,.F.);
#2872 = ORIENTED_EDGE('',*,*,#2865,.T.);
#2873 = TOROIDAL_SURFACE('',#2874,1.125,1.125);
#2874 = AXIS2_PLACEMENT_3D('',#2875,#2876,#2877);
#2875 = CARTESIAN_POINT('',(2.795,0.,2.25));
#2876 = DIRECTION('',(-1.,0.,0.));
#2877 = DIRECTION('',(0.,1.,0.));
#2878 = ADVANCED_FACE('',(#2879,#2882),#2893,.F.);
#2879 = FACE_BOUND('',#2880,.F.);
#2880 = EDGE_LOOP('',(#2881));
#2881 = ORIENTED_EDGE('',*,*,#2840,.F.);
#2882 = FACE_BOUND('',#2883,.F.);
#2883 = EDGE_LOOP('',(#2884));
#2884 = ORIENTED_EDGE('',*,*,#2885,.F.);
#2885 = EDGE_CURVE('',#2886,#2886,#2888,.T.);
#2886 = VERTEX_POINT('',#2887);
#2887 = CARTESIAN_POINT('',(4.645,2.025,2.25));
#2888 = CIRCLE('',#2889,2.025);
#2889 = AXIS2_PLACEMENT_3D('',#2890,#2891,#2892);
#2890 = CARTESIAN_POINT('',(4.645,0.,2.25));
#2891 = DIRECTION('',(-1.,0.,0.));
#2892 = DIRECTION('',(0.,1.,0.));
#2893 = PLANE('',#2894);
#2894 = AXIS2_PLACEMENT_3D('',#2895,#2896,#2897);
#2895 = CARTESIAN_POINT('',(4.645,2.25,2.25));
#2896 = DIRECTION('',(-1.,0.,0.));
#2897 = DIRECTION('',(0.,0.,-1.));
#2898 = ADVANCED_FACE('',(#2899,#2902),#2913,.T.);
#2899 = FACE_BOUND('',#2900,.T.);
#2900 = EDGE_LOOP('',(#2901));
#2901 = ORIENTED_EDGE('',*,*,#2856,.F.);
#2902 = FACE_BOUND('',#2903,.T.);
#2903 = EDGE_LOOP('',(#2904));
#2904 = ORIENTED_EDGE('',*,*,#2905,.T.);
#2905 = EDGE_CURVE('',#2906,#2906,#2908,.T.);
#2906 = VERTEX_POINT('',#2907);
#2907 = CARTESIAN_POINT('',(1.67,0.,1.85));
#2908 = CIRCLE('',#2909,0.4);
#2909 = AXIS2_PLACEMENT_3D('',#2910,#2911,#2912);
#2910 = CARTESIAN_POINT('',(1.67,0.,2.25));
#2911 = DIRECTION('',(1.,-0.,0.));
#2912 = DIRECTION('',(0.,0.,-1.));
#2913 = PLANE('',#2914);
#2914 = AXIS2_PLACEMENT_3D('',#2915,#2916,#2917);
#2915 = CARTESIAN_POINT('',(1.67,2.25,2.25));
#2916 = DIRECTION('',(-1.,0.,0.));
#2917 = DIRECTION('',(0.,0.,-1.));
#2918 = ADVANCED_FACE('',(#2919),#2938,.T.);
#2919 = FACE_BOUND('',#2920,.T.);
#2920 = EDGE_LOOP('',(#2921,#2930,#2936,#2937));
#2921 = ORIENTED_EDGE('',*,*,#2922,.T.);
#2922 = EDGE_CURVE('',#2923,#2923,#2925,.T.);
#2923 = VERTEX_POINT('',#2924);
#2924 = CARTESIAN_POINT('',(10.595,2.025,2.25));
#2925 = CIRCLE('',#2926,2.025);
#2926 = AXIS2_PLACEMENT_3D('',#2927,#2928,#2929);
#2927 = CARTESIAN_POINT('',(10.595,0.,2.25));
#2928 = DIRECTION('',(-1.,0.,0.));
#2929 = DIRECTION('',(0.,1.,0.));
#2930 = ORIENTED_EDGE('',*,*,#2931,.F.);
#2931 = EDGE_CURVE('',#2886,#2923,#2932,.T.);
#2932 = LINE('',#2933,#2934);
#2933 = CARTESIAN_POINT('',(1.67,2.025,2.25));
#2934 = VECTOR('',#2935,1.);
#2935 = DIRECTION('',(1.,0.,0.));
#2936 = ORIENTED_EDGE('',*,*,#2885,.F.);
#2937 = ORIENTED_EDGE('',*,*,#2931,.T.);
#2938 = CYLINDRICAL_SURFACE('',#2939,2.025);
#2939 = AXIS2_PLACEMENT_3D('',#2940,#2941,#2942);
#2940 = CARTESIAN_POINT('',(1.67,0.,2.25));
#2941 = DIRECTION('',(-1.,-0.,-0.));
#2942 = DIRECTION('',(0.,1.,0.));
#2943 = ADVANCED_FACE('',(#2944),#2963,.T.);
#2944 = FACE_BOUND('',#2945,.T.);
#2945 = EDGE_LOOP('',(#2946,#2955,#2961,#2962));
#2946 = ORIENTED_EDGE('',*,*,#2947,.F.);
#2947 = EDGE_CURVE('',#2948,#2948,#2950,.T.);
#2948 = VERTEX_POINT('',#2949);
#2949 = CARTESIAN_POINT('',(1.2,0.,1.85));
#2950 = CIRCLE('',#2951,0.4);
#2951 = AXIS2_PLACEMENT_3D('',#2952,#2953,#2954);
#2952 = CARTESIAN_POINT('',(1.2,0.,2.25));
#2953 = DIRECTION('',(-1.,0.,-4.313066814991E-16));
#2954 = DIRECTION('',(-4.313066814991E-16,0.,1.));
#2955 = ORIENTED_EDGE('',*,*,#2956,.T.);
#2956 = EDGE_CURVE('',#2948,#2906,#2957,.T.);
#2957 = LINE('',#2958,#2959);
#2958 = CARTESIAN_POINT('',(1.2,0.,1.85));
#2959 = VECTOR('',#2960,1.);
#2960 = DIRECTION('',(1.,0.,0.));
#2961 = ORIENTED_EDGE('',*,*,#2905,.F.);
#2962 = ORIENTED_EDGE('',*,*,#2956,.F.);
#2963 = CYLINDRICAL_SURFACE('',#2964,0.4);
#2964 = AXIS2_PLACEMENT_3D('',#2965,#2966,#2967);
#2965 = CARTESIAN_POINT('',(1.2,0.,2.25));
#2966 = DIRECTION('',(1.,0.,0.));
#2967 = DIRECTION('',(0.,0.,-1.));
#2968 = ADVANCED_FACE('',(#2969,#2980),#2983,.T.);
#2969 = FACE_BOUND('',#2970,.T.);
#2970 = EDGE_LOOP('',(#2971));
#2971 = ORIENTED_EDGE('',*,*,#2972,.F.);
#2972 = EDGE_CURVE('',#2973,#2973,#2975,.T.);
#2973 = VERTEX_POINT('',#2974);
#2974 = CARTESIAN_POINT('',(10.595,2.25,2.25));
#2975 = CIRCLE('',#2976,2.25);
#2976 = AXIS2_PLACEMENT_3D('',#2977,#2978,#2979);
#2977 = CARTESIAN_POINT('',(10.595,0.,2.25));
#2978 = DIRECTION('',(1.,0.,0.));
#2979 = DIRECTION('',(-0.,1.,0.));
#2980 = FACE_BOUND('',#2981,.T.);
#2981 = EDGE_LOOP('',(#2982));
#2982 = ORIENTED_EDGE('',*,*,#2922,.F.);
#2983 = PLANE('',#2984);
#2984 = AXIS2_PLACEMENT_3D('',#2985,#2986,#2987);
#2985 = CARTESIAN_POINT('',(10.595,2.25,2.25));
#2986 = DIRECTION('',(-1.,0.,0.));
#2987 = DIRECTION('',(0.,0.,-1.));
#2988 = ADVANCED_FACE('',(#2989),#3009,.T.);
#2989 = FACE_BOUND('',#2990,.T.);
#2990 = EDGE_LOOP('',(#2991,#3000,#3001,#3002));
#2991 = ORIENTED_EDGE('',*,*,#2992,.T.);
#2992 = EDGE_CURVE('',#2993,#2948,#2995,.T.);
#2993 = VERTEX_POINT('',#2994);
#2994 = CARTESIAN_POINT('',(0.4,0.,1.05));
#2995 = CIRCLE('',#2996,0.8);
#2996 = AXIS2_PLACEMENT_3D('',#2997,#2998,#2999);
#2997 = CARTESIAN_POINT('',(1.2,1.469576158977E-16,1.05));
#2998 = DIRECTION('',(0.,1.,-0.));
#2999 = DIRECTION('',(-1.,0.,7.401486830834E-16));
#3000 = ORIENTED_EDGE('',*,*,#2947,.T.);
#3001 = ORIENTED_EDGE('',*,*,#2992,.F.);
#3002 = ORIENTED_EDGE('',*,*,#3003,.T.);
#3003 = EDGE_CURVE('',#2993,#2993,#3004,.T.);
#3004 = CIRCLE('',#3005,0.4);
#3005 = AXIS2_PLACEMENT_3D('',#3006,#3007,#3008);
#3006 = CARTESIAN_POINT('',(0.,0.,1.05));
#3007 = DIRECTION('',(0.,0.,1.));
#3008 = DIRECTION('',(1.,0.,-0.));
#3009 = TOROIDAL_SURFACE('',#3010,1.2,0.4);
#3010 = AXIS2_PLACEMENT_3D('',#3011,#3012,#3013);
#3011 = CARTESIAN_POINT('',(1.2,0.,1.05));
#3012 = DIRECTION('',(0.,1.,0.));
#3013 = DIRECTION('',(-1.,0.,7.401486830834E-16));
#3014 = ADVANCED_FACE('',(#3015),#3034,.T.);
#3015 = FACE_BOUND('',#3016,.T.);
#3016 = EDGE_LOOP('',(#3017,#3018,#3026,#3033));
#3017 = ORIENTED_EDGE('',*,*,#2972,.T.);
#3018 = ORIENTED_EDGE('',*,*,#3019,.T.);
#3019 = EDGE_CURVE('',#2973,#3020,#3022,.T.);
#3020 = VERTEX_POINT('',#3021);
#3021 = CARTESIAN_POINT('',(12.445,2.25,2.25));
#3022 = LINE('',#3023,#3024);
#3023 = CARTESIAN_POINT('',(10.595,2.25,2.25));
#3024 = VECTOR('',#3025,1.);
#3025 = DIRECTION('',(1.,0.,0.));
#3026 = ORIENTED_EDGE('',*,*,#3027,.F.);
#3027 = EDGE_CURVE('',#3020,#3020,#3028,.T.);
#3028 = CIRCLE('',#3029,2.25);
#3029 = AXIS2_PLACEMENT_3D('',#3030,#3031,#3032);
#3030 = CARTESIAN_POINT('',(12.445,0.,2.25));
#3031 = DIRECTION('',(1.,0.,0.));
#3032 = DIRECTION('',(-0.,1.,0.));
#3033 = ORIENTED_EDGE('',*,*,#3019,.F.);
#3034 = CYLINDRICAL_SURFACE('',#3035,2.25);
#3035 = AXIS2_PLACEMENT_3D('',#3036,#3037,#3038);
#3036 = CARTESIAN_POINT('',(10.595,0.,2.25));
#3037 = DIRECTION('',(-1.,-0.,-0.));
#3038 = DIRECTION('',(0.,1.,0.));
#3039 = ADVANCED_FACE('',(#3040),#3059,.T.);
#3040 = FACE_BOUND('',#3041,.T.);
#3041 = EDGE_LOOP('',(#3042,#3050,#3051,#3052));
#3042 = ORIENTED_EDGE('',*,*,#3043,.T.);
#3043 = EDGE_CURVE('',#3044,#2993,#3046,.T.);
#3044 = VERTEX_POINT('',#3045);
#3045 = CARTESIAN_POINT('',(0.4,-9.797174393179E-17,-3.));
#3046 = LINE('',#3047,#3048);
#3047 = CARTESIAN_POINT('',(0.4,0.,-3.));
#3048 = VECTOR('',#3049,1.);
#3049 = DIRECTION('',(0.,0.,1.));
#3050 = ORIENTED_EDGE('',*,*,#3003,.F.);
#3051 = ORIENTED_EDGE('',*,*,#3043,.F.);
#3052 = ORIENTED_EDGE('',*,*,#3053,.T.);
#3053 = EDGE_CURVE('',#3044,#3044,#3054,.T.);
#3054 = CIRCLE('',#3055,0.4);
#3055 = AXIS2_PLACEMENT_3D('',#3056,#3057,#3058);
#3056 = CARTESIAN_POINT('',(0.,0.,-3.));
#3057 = DIRECTION('',(0.,0.,1.));
#3058 = DIRECTION('',(1.,0.,-0.));
#3059 = CYLINDRICAL_SURFACE('',#3060,0.4);
#3060 = AXIS2_PLACEMENT_3D('',#3061,#3062,#3063);
#3061 = CARTESIAN_POINT('',(0.,0.,-3.));
#3062 = DIRECTION('',(0.,0.,1.));
#3063 = DIRECTION('',(1.,0.,-0.));
#3064 = ADVANCED_FACE('',(#3065),#3085,.T.);
#3065 = FACE_BOUND('',#3066,.T.);
#3066 = EDGE_LOOP('',(#3067,#3076,#3077,#3078));
#3067 = ORIENTED_EDGE('',*,*,#3068,.F.);
#3068 = EDGE_CURVE('',#3020,#3069,#3071,.T.);
#3069 = VERTEX_POINT('',#3070);
#3070 = CARTESIAN_POINT('',(13.57,1.125,2.25));
#3071 = CIRCLE('',#3072,1.125);
#3072 = AXIS2_PLACEMENT_3D('',#3073,#3074,#3075);
#3073 = CARTESIAN_POINT('',(12.445,1.125,2.25));
#3074 = DIRECTION('',(0.,0.,-1.));
#3075 = DIRECTION('',(0.,1.,0.));
#3076 = ORIENTED_EDGE('',*,*,#3027,.T.);
#3077 = ORIENTED_EDGE('',*,*,#3068,.T.);
#3078 = ORIENTED_EDGE('',*,*,#3079,.F.);
#3079 = EDGE_CURVE('',#3069,#3069,#3080,.T.);
#3080 = CIRCLE('',#3081,1.125);
#3081 = AXIS2_PLACEMENT_3D('',#3082,#3083,#3084);
#3082 = CARTESIAN_POINT('',(13.57,0.,2.25));
#3083 = DIRECTION('',(1.,0.,0.));
#3084 = DIRECTION('',(-0.,1.,0.));
#3085 = TOROIDAL_SURFACE('',#3086,1.125,1.125);
#3086 = AXIS2_PLACEMENT_3D('',#3087,#3088,#3089);
#3087 = CARTESIAN_POINT('',(12.445,0.,2.25));
#3088 = DIRECTION('',(1.,0.,0.));
#3089 = DIRECTION('',(-0.,1.,0.));
#3090 = ADVANCED_FACE('',(#3091),#3094,.T.);
#3091 = FACE_BOUND('',#3092,.F.);
#3092 = EDGE_LOOP('',(#3093));
#3093 = ORIENTED_EDGE('',*,*,#3053,.T.);
#3094 = PLANE('',#3095);
#3095 = AXIS2_PLACEMENT_3D('',#3096,#3097,#3098);
#3096 = CARTESIAN_POINT('',(0.4,0.,-3.));
#3097 = DIRECTION('',(0.,0.,-1.));
#3098 = DIRECTION('',(-1.,0.,0.));
#3099 = ADVANCED_FACE('',(#3100,#3103),#3114,.F.);
#3100 = FACE_BOUND('',#3101,.F.);
#3101 = EDGE_LOOP('',(#3102));
#3102 = ORIENTED_EDGE('',*,*,#3079,.F.);
#3103 = FACE_BOUND('',#3104,.F.);
#3104 = EDGE_LOOP('',(#3105));
#3105 = ORIENTED_EDGE('',*,*,#3106,.T.);
#3106 = EDGE_CURVE('',#3107,#3107,#3109,.T.);
#3107 = VERTEX_POINT('',#3108);
#3108 = CARTESIAN_POINT('',(13.57,0.,1.85));
#3109 = CIRCLE('',#3110,0.4);
#3110 = AXIS2_PLACEMENT_3D('',#3111,#3112,#3113);
#3111 = CARTESIAN_POINT('',(13.57,0.,2.25));
#3112 = DIRECTION('',(1.,-0.,0.));
#3113 = DIRECTION('',(0.,0.,-1.));
#3114 = PLANE('',#3115);
#3115 = AXIS2_PLACEMENT_3D('',#3116,#3117,#3118);
#3116 = CARTESIAN_POINT('',(13.57,2.25,2.25));
#3117 = DIRECTION('',(-1.,0.,0.));
#3118 = DIRECTION('',(0.,0.,-1.));
#3119 = ADVANCED_FACE('',(#3120),#3139,.T.);
#3120 = FACE_BOUND('',#3121,.T.);
#3121 = EDGE_LOOP('',(#3122,#3123,#3131,#3138));
#3122 = ORIENTED_EDGE('',*,*,#3106,.T.);
#3123 = ORIENTED_EDGE('',*,*,#3124,.T.);
#3124 = EDGE_CURVE('',#3107,#3125,#3127,.T.);
#3125 = VERTEX_POINT('',#3126);
#3126 = CARTESIAN_POINT('',(14.04,0.,1.85));
#3127 = LINE('',#3128,#3129);
#3128 = CARTESIAN_POINT('',(1.2,0.,1.85));
#3129 = VECTOR('',#3130,1.);
#3130 = DIRECTION('',(1.,0.,0.));
#3131 = ORIENTED_EDGE('',*,*,#3132,.F.);
#3132 = EDGE_CURVE('',#3125,#3125,#3133,.T.);
#3133 = CIRCLE('',#3134,0.4);
#3134 = AXIS2_PLACEMENT_3D('',#3135,#3136,#3137);
#3135 = CARTESIAN_POINT('',(14.04,0.,2.25));
#3136 = DIRECTION('',(1.,-0.,0.));
#3137 = DIRECTION('',(0.,0.,-1.));
#3138 = ORIENTED_EDGE('',*,*,#3124,.F.);
#3139 = CYLINDRICAL_SURFACE('',#3140,0.4);
#3140 = AXIS2_PLACEMENT_3D('',#3141,#3142,#3143);
#3141 = CARTESIAN_POINT('',(1.2,0.,2.25));
#3142 = DIRECTION('',(1.,0.,0.));
#3143 = DIRECTION('',(0.,0.,-1.));
#3144 = ADVANCED_FACE('',(#3145),#3165,.T.);
#3145 = FACE_BOUND('',#3146,.T.);
#3146 = EDGE_LOOP('',(#3147,#3156,#3163,#3164));
#3147 = ORIENTED_EDGE('',*,*,#3148,.T.);
#3148 = EDGE_CURVE('',#3125,#3149,#3151,.T.);
#3149 = VERTEX_POINT('',#3150);
#3150 = CARTESIAN_POINT('',(14.84,0.,1.05));
#3151 = CIRCLE('',#3152,0.8);
#3152 = AXIS2_PLACEMENT_3D('',#3153,#3154,#3155);
#3153 = CARTESIAN_POINT('',(14.04,1.469576158977E-16,1.05));
#3154 = DIRECTION('',(0.,1.,-0.));
#3155 = DIRECTION('',(-2.960594732334E-15,0.,1.));
#3156 = ORIENTED_EDGE('',*,*,#3157,.T.);
#3157 = EDGE_CURVE('',#3149,#3149,#3158,.T.);
#3158 = CIRCLE('',#3159,0.4);
#3159 = AXIS2_PLACEMENT_3D('',#3160,#3161,#3162);
#3160 = CARTESIAN_POINT('',(15.24,0.,1.05));
#3161 = DIRECTION('',(1.41906502621E-15,-0.,1.));
#3162 = DIRECTION('',(1.,0.,-1.41906502621E-15));
#3163 = ORIENTED_EDGE('',*,*,#3148,.F.);
#3164 = ORIENTED_EDGE('',*,*,#3132,.T.);
#3165 = TOROIDAL_SURFACE('',#3166,1.2,0.4);
#3166 = AXIS2_PLACEMENT_3D('',#3167,#3168,#3169);
#3167 = CARTESIAN_POINT('',(14.04,0.,1.05));
#3168 = DIRECTION('',(0.,1.,0.));
#3169 = DIRECTION('',(-2.960594732334E-15,0.,1.));
#3170 = ADVANCED_FACE('',(#3171),#3190,.T.);
#3171 = FACE_BOUND('',#3172,.T.);
#3172 = EDGE_LOOP('',(#3173,#3181,#3188,#3189));
#3173 = ORIENTED_EDGE('',*,*,#3174,.T.);
#3174 = EDGE_CURVE('',#3149,#3175,#3177,.T.);
#3175 = VERTEX_POINT('',#3176);
#3176 = CARTESIAN_POINT('',(14.84,-9.797174393179E-17,-3.));
#3177 = LINE('',#3178,#3179);
#3178 = CARTESIAN_POINT('',(14.84,0.,1.05));
#3179 = VECTOR('',#3180,1.);
#3180 = DIRECTION('',(0.,0.,-1.));
#3181 = ORIENTED_EDGE('',*,*,#3182,.F.);
#3182 = EDGE_CURVE('',#3175,#3175,#3183,.T.);
#3183 = CIRCLE('',#3184,0.4);
#3184 = AXIS2_PLACEMENT_3D('',#3185,#3186,#3187);
#3185 = CARTESIAN_POINT('',(15.24,0.,-3.));
#3186 = DIRECTION('',(0.,0.,-1.));
#3187 = DIRECTION('',(-1.,0.,0.));
#3188 = ORIENTED_EDGE('',*,*,#3174,.F.);
#3189 = ORIENTED_EDGE('',*,*,#3157,.F.);
#3190 = CYLINDRICAL_SURFACE('',#3191,0.4);
#3191 = AXIS2_PLACEMENT_3D('',#3192,#3193,#3194);
#3192 = CARTESIAN_POINT('',(15.24,0.,1.05));
#3193 = DIRECTION('',(0.,0.,-1.));
#3194 = DIRECTION('',(-1.,0.,0.));
#3195 = ADVANCED_FACE('',(#3196),#3199,.F.);
#3196 = FACE_BOUND('',#3197,.T.);
#3197 = EDGE_LOOP('',(#3198));
#3198 = ORIENTED_EDGE('',*,*,#3182,.T.);
#3199 = PLANE('',#3200);
#3200 = AXIS2_PLACEMENT_3D('',#3201,#3202,#3203);
#3201 = CARTESIAN_POINT('',(14.84,0.,-3.));
#3202 = DIRECTION('',(0.,0.,1.));
#3203 = DIRECTION('',(1.,0.,-0.));
#3204 = ( GEOMETRIC_REPRESENTATION_CONTEXT(3) 
GLOBAL_UNCERTAINTY_ASSIGNED_CONTEXT((#3208)) 
GLOBAL_UNIT_ASSIGNED_CONTEXT((#3205,#3206,#3207)) REPRESENTATION_CONTEXT
('Context #1','3D Context with UNIT and UNCERTAINTY') );
#3205 = ( LENGTH_UNIT() NAMED_UNIT(*) SI_UNIT(.MILLI.,.METRE.) );
#3206 = ( NAMED_UNIT(*) PLANE_ANGLE_UNIT() SI_UNIT($,.RADIAN.) );
#3207 = ( NAMED_UNIT(*) SI_UNIT($,.STERADIAN.) SOLID_ANGLE_UNIT() );
#3208 = UNCERTAINTY_MEASURE_WITH_UNIT(LENGTH_MEASURE(1.E-07),#3205,
  'distance_accuracy_value','confusion accuracy');
#3209 = CONTEXT_DEPENDENT_SHAPE_REPRESENTATION(#3210,#3212);
#3210 = ( REPRESENTATION_RELATIONSHIP('','',#2816,#10) 
REPRESENTATION_RELATIONSHIP_WITH_TRANSFORMATION(#3211) 
SHAPE_REPRESENTATION_RELATIONSHIP() );
#3211 = ITEM_DEFINED_TRANSFORMATION('','',#11,#23);
#3212 = PRODUCT_DEFINITION_SHAPE('Placement','Placement of an item',
  #3213);
#3213 = NEXT_ASSEMBLY_USAGE_OCCURRENCE('3','R4','',#5,#2811,$);
#3214 = PRODUCT_RELATED_PRODUCT_CATEGORY('part',$,(#2813));
#3215 = CONTEXT_DEPENDENT_SHAPE_REPRESENTATION(#3216,#3218);
#3216 = ( REPRESENTATION_RELATIONSHIP('','',#2816,#10) 
REPRESENTATION_RELATIONSHIP_WITH_TRANSFORMATION(#3217) 
SHAPE_REPRESENTATION_RELATIONSHIP() );
#3217 = ITEM_DEFINED_TRANSFORMATION('','',#11,#27);
#3218 = PRODUCT_DEFINITION_SHAPE('Placement','Placement of an item',
  #3219);
#3219 = NEXT_ASSEMBLY_USAGE_OCCURRENCE('4','R1','',#5,#2811,$);
#3220 = CONTEXT_DEPENDENT_SHAPE_REPRESENTATION(#3221,#3223);
#3221 = ( REPRESENTATION_RELATIONSHIP('','',#64,#10) 
REPRESENTATION_RELATIONSHIP_WITH_TRANSFORMATION(#3222) 
SHAPE_REPRESENTATION_RELATIONSHIP() );
#3222 = ITEM_DEFINED_TRANSFORMATION('','',#11,#31);
#3223 = PRODUCT_DEFINITION_SHAPE('Placement','Placement of an item',
  #3224);
#3224 = NEXT_ASSEMBLY_USAGE_OCCURRENCE('5','C1','',#5,#59,$);
#3225 = CONTEXT_DEPENDENT_SHAPE_REPRESENTATION(#3226,#3228);
#3226 = ( REPRESENTATION_RELATIONSHIP('','',#2816,#10) 
REPRESENTATION_RELATIONSHIP_WITH_TRANSFORMATION(#3227) 
SHAPE_REPRESENTATION_RELATIONSHIP() );
#3227 = ITEM_DEFINED_TRANSFORMATION('','',#11,#35);
#3228 = PRODUCT_DEFINITION_SHAPE('Placement','Placement of an item',
  #3229);
#3229 = NEXT_ASSEMBLY_USAGE_OCCURRENCE('6','R3','',#5,#2811,$);
#3230 = CONTEXT_DEPENDENT_SHAPE_REPRESENTATION(#3231,#3233);
#3231 = ( REPRESENTATION_RELATIONSHIP('','',#565,#10) 
REPRESENTATION_RELATIONSHIP_WITH_TRANSFORMATION(#3232) 
SHAPE_REPRESENTATION_RELATIONSHIP() );
#3232 = ITEM_DEFINED_TRANSFORMATION('','',#11,#39);
#3233 = PRODUCT_DEFINITION_SHAPE('Placement','Placement of an item',
  #3234);
#3234 = NEXT_ASSEMBLY_USAGE_OCCURRENCE('7','C4','',#5,#560,$);
#3235 = CONTEXT_DEPENDENT_SHAPE_REPRESENTATION(#3236,#3238);
#3236 = ( REPRESENTATION_RELATIONSHIP('','',#2816,#10) 
REPRESENTATION_RELATIONSHIP_WITH_TRANSFORMATION(#3237) 
SHAPE_REPRESENTATION_RELATIONSHIP() );
#3237 = ITEM_DEFINED_TRANSFORMATION('','',#11,#43);
#3238 = PRODUCT_DEFINITION_SHAPE('Placement','Placement of an item',
  #3239);
#3239 = NEXT_ASSEMBLY_USAGE_OCCURRENCE('8','R2','',#5,#2811,$);
#3240 = SHAPE_DEFINITION_REPRESENTATION(#3241,#3247);
#3241 = PRODUCT_DEFINITION_SHAPE('','',#3242);
#3242 = PRODUCT_DEFINITION('design','',#3243,#3246);
#3243 = PRODUCT_DEFINITION_FORMATION('','',#3244);
#3244 = PRODUCT('RP0-HandHeld_PCB','RP0-HandHeld_PCB','',(#3245));
#3245 = PRODUCT_CONTEXT('',#2,'mechanical');
#3246 = PRODUCT_DEFINITION_CONTEXT('part definition',#2,'design');
#3247 = ADVANCED_BREP_SHAPE_REPRESENTATION('',(#11,#3248),#6245);
#3248 = MANIFOLD_SOLID_BREP('',#3249);
#3249 = CLOSED_SHELL('',(#3250,#3290,#3321,#3352,#4172,#4992,#5004,#5021
    ,#5038,#5055,#5072,#5089,#5106,#5123,#5140,#5157,#5174,#5191,#5208,
    #5225,#5242,#5259,#5276,#5293,#5310,#5327,#5344,#5361,#5378,#5395,
    #5412,#5429,#5446,#5463,#5480,#5497,#5514,#5531,#5548,#5565,#5582,
    #5599,#5616,#5633,#5650,#5667,#5684,#5701,#5718,#5735,#5752,#5769,
    #5786,#5803,#5820,#5837,#5854,#5871,#5888,#5905,#5922,#5939,#5956,
    #5973,#5990,#6007,#6024,#6041,#6058,#6075,#6092,#6109,#6126,#6143,
    #6160,#6177,#6194,#6211,#6228));
#3250 = ADVANCED_FACE('',(#3251),#3285,.T.);
#3251 = FACE_BOUND('',#3252,.T.);
#3252 = EDGE_LOOP('',(#3253,#3263,#3271,#3279));
#3253 = ORIENTED_EDGE('',*,*,#3254,.T.);
#3254 = EDGE_CURVE('',#3255,#3257,#3259,.T.);
#3255 = VERTEX_POINT('',#3256);
#3256 = CARTESIAN_POINT('',(183.5,-106.,0.));
#3257 = VERTEX_POINT('',#3258);
#3258 = CARTESIAN_POINT('',(183.5,-106.,1.51));
#3259 = LINE('',#3260,#3261);
#3260 = CARTESIAN_POINT('',(183.5,-106.,0.));
#3261 = VECTOR('',#3262,1.);
#3262 = DIRECTION('',(0.,0.,1.));
#3263 = ORIENTED_EDGE('',*,*,#3264,.T.);
#3264 = EDGE_CURVE('',#3257,#3265,#3267,.T.);
#3265 = VERTEX_POINT('',#3266);
#3266 = CARTESIAN_POINT('',(114.,-106.,1.51));
#3267 = LINE('',#3268,#3269);
#3268 = CARTESIAN_POINT('',(183.5,-106.,1.51));
#3269 = VECTOR('',#3270,1.);
#3270 = DIRECTION('',(-1.,0.,0.));
#3271 = ORIENTED_EDGE('',*,*,#3272,.F.);
#3272 = EDGE_CURVE('',#3273,#3265,#3275,.T.);
#3273 = VERTEX_POINT('',#3274);
#3274 = CARTESIAN_POINT('',(114.,-106.,0.));
#3275 = LINE('',#3276,#3277);
#3276 = CARTESIAN_POINT('',(114.,-106.,0.));
#3277 = VECTOR('',#3278,1.);
#3278 = DIRECTION('',(0.,0.,1.));
#3279 = ORIENTED_EDGE('',*,*,#3280,.F.);
#3280 = EDGE_CURVE('',#3255,#3273,#3281,.T.);
#3281 = LINE('',#3282,#3283);
#3282 = CARTESIAN_POINT('',(183.5,-106.,0.));
#3283 = VECTOR('',#3284,1.);
#3284 = DIRECTION('',(-1.,0.,0.));
#3285 = PLANE('',#3286);
#3286 = AXIS2_PLACEMENT_3D('',#3287,#3288,#3289);
#3287 = CARTESIAN_POINT('',(183.5,-106.,0.));
#3288 = DIRECTION('',(0.,-1.,0.));
#3289 = DIRECTION('',(-1.,0.,0.));
#3290 = ADVANCED_FACE('',(#3291),#3316,.T.);
#3291 = FACE_BOUND('',#3292,.T.);
#3292 = EDGE_LOOP('',(#3293,#3303,#3309,#3310));
#3293 = ORIENTED_EDGE('',*,*,#3294,.T.);
#3294 = EDGE_CURVE('',#3295,#3297,#3299,.T.);
#3295 = VERTEX_POINT('',#3296);
#3296 = CARTESIAN_POINT('',(183.5,-37.5,0.));
#3297 = VERTEX_POINT('',#3298);
#3298 = CARTESIAN_POINT('',(183.5,-37.5,1.51));
#3299 = LINE('',#3300,#3301);
#3300 = CARTESIAN_POINT('',(183.5,-37.5,0.));
#3301 = VECTOR('',#3302,1.);
#3302 = DIRECTION('',(0.,0.,1.));
#3303 = ORIENTED_EDGE('',*,*,#3304,.T.);
#3304 = EDGE_CURVE('',#3297,#3257,#3305,.T.);
#3305 = LINE('',#3306,#3307);
#3306 = CARTESIAN_POINT('',(183.5,-37.5,1.51));
#3307 = VECTOR('',#3308,1.);
#3308 = DIRECTION('',(0.,-1.,0.));
#3309 = ORIENTED_EDGE('',*,*,#3254,.F.);
#3310 = ORIENTED_EDGE('',*,*,#3311,.F.);
#3311 = EDGE_CURVE('',#3295,#3255,#3312,.T.);
#3312 = LINE('',#3313,#3314);
#3313 = CARTESIAN_POINT('',(183.5,-37.5,0.));
#3314 = VECTOR('',#3315,1.);
#3315 = DIRECTION('',(0.,-1.,0.));
#3316 = PLANE('',#3317);
#3317 = AXIS2_PLACEMENT_3D('',#3318,#3319,#3320);
#3318 = CARTESIAN_POINT('',(183.5,-37.5,0.));
#3319 = DIRECTION('',(1.,0.,-0.));
#3320 = DIRECTION('',(0.,-1.,0.));
#3321 = ADVANCED_FACE('',(#3322),#3347,.T.);
#3322 = FACE_BOUND('',#3323,.T.);
#3323 = EDGE_LOOP('',(#3324,#3325,#3333,#3341));
#3324 = ORIENTED_EDGE('',*,*,#3272,.T.);
#3325 = ORIENTED_EDGE('',*,*,#3326,.T.);
#3326 = EDGE_CURVE('',#3265,#3327,#3329,.T.);
#3327 = VERTEX_POINT('',#3328);
#3328 = CARTESIAN_POINT('',(114.,-37.5,1.51));
#3329 = LINE('',#3330,#3331);
#3330 = CARTESIAN_POINT('',(114.,-106.,1.51));
#3331 = VECTOR('',#3332,1.);
#3332 = DIRECTION('',(0.,1.,0.));
#3333 = ORIENTED_EDGE('',*,*,#3334,.F.);
#3334 = EDGE_CURVE('',#3335,#3327,#3337,.T.);
#3335 = VERTEX_POINT('',#3336);
#3336 = CARTESIAN_POINT('',(114.,-37.5,0.));
#3337 = LINE('',#3338,#3339);
#3338 = CARTESIAN_POINT('',(114.,-37.5,0.));
#3339 = VECTOR('',#3340,1.);
#3340 = DIRECTION('',(0.,0.,1.));
#3341 = ORIENTED_EDGE('',*,*,#3342,.F.);
#3342 = EDGE_CURVE('',#3273,#3335,#3343,.T.);
#3343 = LINE('',#3344,#3345);
#3344 = CARTESIAN_POINT('',(114.,-106.,0.));
#3345 = VECTOR('',#3346,1.);
#3346 = DIRECTION('',(0.,1.,0.));
#3347 = PLANE('',#3348);
#3348 = AXIS2_PLACEMENT_3D('',#3349,#3350,#3351);
#3349 = CARTESIAN_POINT('',(114.,-106.,0.));
#3350 = DIRECTION('',(-1.,0.,0.));
#3351 = DIRECTION('',(0.,1.,0.));
#3352 = ADVANCED_FACE('',(#3353,#3364,#3375,#3386,#3397,#3408,#3419,
    #3430,#3441,#3452,#3463,#3474,#3485,#3496,#3507,#3518,#3529,#3540,
    #3551,#3562,#3573,#3584,#3595,#3606,#3617,#3628,#3639,#3650,#3661,
    #3672,#3683,#3694,#3705,#3716,#3727,#3738,#3749,#3760,#3771,#3782,
    #3793,#3804,#3815,#3826,#3837,#3848,#3859,#3870,#3881,#3892,#3903,
    #3914,#3925,#3936,#3947,#3958,#3969,#3980,#3991,#4002,#4013,#4024,
    #4035,#4046,#4057,#4068,#4079,#4090,#4101,#4112,#4123,#4134,#4145,
    #4156),#4167,.F.);
#3353 = FACE_BOUND('',#3354,.F.);
#3354 = EDGE_LOOP('',(#3355,#3356,#3357,#3363));
#3355 = ORIENTED_EDGE('',*,*,#3280,.F.);
#3356 = ORIENTED_EDGE('',*,*,#3311,.F.);
#3357 = ORIENTED_EDGE('',*,*,#3358,.F.);
#3358 = EDGE_CURVE('',#3335,#3295,#3359,.T.);
#3359 = LINE('',#3360,#3361);
#3360 = CARTESIAN_POINT('',(114.,-37.5,0.));
#3361 = VECTOR('',#3362,1.);
#3362 = DIRECTION('',(1.,0.,0.));
#3363 = ORIENTED_EDGE('',*,*,#3342,.F.);
#3364 = FACE_BOUND('',#3365,.F.);
#3365 = EDGE_LOOP('',(#3366));
#3366 = ORIENTED_EDGE('',*,*,#3367,.T.);
#3367 = EDGE_CURVE('',#3368,#3368,#3370,.T.);
#3368 = VERTEX_POINT('',#3369);
#3369 = CARTESIAN_POINT('',(124.,-105.075,0.));
#3370 = CIRCLE('',#3371,0.575);
#3371 = AXIS2_PLACEMENT_3D('',#3372,#3373,#3374);
#3372 = CARTESIAN_POINT('',(124.,-104.5,0.));
#3373 = DIRECTION('',(-0.,0.,-1.));
#3374 = DIRECTION('',(-0.,-1.,0.));
#3375 = FACE_BOUND('',#3376,.F.);
#3376 = EDGE_LOOP('',(#3377));
#3377 = ORIENTED_EDGE('',*,*,#3378,.T.);
#3378 = EDGE_CURVE('',#3379,#3379,#3381,.T.);
#3379 = VERTEX_POINT('',#3380);
#3380 = CARTESIAN_POINT('',(128.,-105.075,0.));
#3381 = CIRCLE('',#3382,0.575);
#3382 = AXIS2_PLACEMENT_3D('',#3383,#3384,#3385);
#3383 = CARTESIAN_POINT('',(128.,-104.5,0.));
#3384 = DIRECTION('',(-0.,0.,-1.));
#3385 = DIRECTION('',(-0.,-1.,0.));
#3386 = FACE_BOUND('',#3387,.F.);
#3387 = EDGE_LOOP('',(#3388));
#3388 = ORIENTED_EDGE('',*,*,#3389,.T.);
#3389 = EDGE_CURVE('',#3390,#3390,#3392,.T.);
#3390 = VERTEX_POINT('',#3391);
#3391 = CARTESIAN_POINT('',(132.,-105.075,0.));
#3392 = CIRCLE('',#3393,0.575);
#3393 = AXIS2_PLACEMENT_3D('',#3394,#3395,#3396);
#3394 = CARTESIAN_POINT('',(132.,-104.5,0.));
#3395 = DIRECTION('',(-0.,0.,-1.));
#3396 = DIRECTION('',(-0.,-1.,0.));
#3397 = FACE_BOUND('',#3398,.F.);
#3398 = EDGE_LOOP('',(#3399));
#3399 = ORIENTED_EDGE('',*,*,#3400,.T.);
#3400 = EDGE_CURVE('',#3401,#3401,#3403,.T.);
#3401 = VERTEX_POINT('',#3402);
#3402 = CARTESIAN_POINT('',(136.,-105.075,0.));
#3403 = CIRCLE('',#3404,0.575);
#3404 = AXIS2_PLACEMENT_3D('',#3405,#3406,#3407);
#3405 = CARTESIAN_POINT('',(136.,-104.5,0.));
#3406 = DIRECTION('',(-0.,0.,-1.));
#3407 = DIRECTION('',(-0.,-1.,0.));
#3408 = FACE_BOUND('',#3409,.F.);
#3409 = EDGE_LOOP('',(#3410));
#3410 = ORIENTED_EDGE('',*,*,#3411,.T.);
#3411 = EDGE_CURVE('',#3412,#3412,#3414,.T.);
#3412 = VERTEX_POINT('',#3413);
#3413 = CARTESIAN_POINT('',(140.,-105.075,0.));
#3414 = CIRCLE('',#3415,0.575);
#3415 = AXIS2_PLACEMENT_3D('',#3416,#3417,#3418);
#3416 = CARTESIAN_POINT('',(140.,-104.5,0.));
#3417 = DIRECTION('',(-0.,0.,-1.));
#3418 = DIRECTION('',(-0.,-1.,0.));
#3419 = FACE_BOUND('',#3420,.F.);
#3420 = EDGE_LOOP('',(#3421));
#3421 = ORIENTED_EDGE('',*,*,#3422,.T.);
#3422 = EDGE_CURVE('',#3423,#3423,#3425,.T.);
#3423 = VERTEX_POINT('',#3424);
#3424 = CARTESIAN_POINT('',(144.,-105.075,0.));
#3425 = CIRCLE('',#3426,0.575);
#3426 = AXIS2_PLACEMENT_3D('',#3427,#3428,#3429);
#3427 = CARTESIAN_POINT('',(144.,-104.5,0.));
#3428 = DIRECTION('',(-0.,0.,-1.));
#3429 = DIRECTION('',(-0.,-1.,0.));
#3430 = FACE_BOUND('',#3431,.F.);
#3431 = EDGE_LOOP('',(#3432));
#3432 = ORIENTED_EDGE('',*,*,#3433,.T.);
#3433 = EDGE_CURVE('',#3434,#3434,#3436,.T.);
#3434 = VERTEX_POINT('',#3435);
#3435 = CARTESIAN_POINT('',(148.,-105.075,0.));
#3436 = CIRCLE('',#3437,0.575);
#3437 = AXIS2_PLACEMENT_3D('',#3438,#3439,#3440);
#3438 = CARTESIAN_POINT('',(148.,-104.5,0.));
#3439 = DIRECTION('',(-0.,0.,-1.));
#3440 = DIRECTION('',(-0.,-1.,0.));
#3441 = FACE_BOUND('',#3442,.F.);
#3442 = EDGE_LOOP('',(#3443));
#3443 = ORIENTED_EDGE('',*,*,#3444,.T.);
#3444 = EDGE_CURVE('',#3445,#3445,#3447,.T.);
#3445 = VERTEX_POINT('',#3446);
#3446 = CARTESIAN_POINT('',(139.527401,-95.8,0.));
#3447 = CIRCLE('',#3448,0.3);
#3448 = AXIS2_PLACEMENT_3D('',#3449,#3450,#3451);
#3449 = CARTESIAN_POINT('',(139.527401,-95.5,0.));
#3450 = DIRECTION('',(-0.,0.,-1.));
#3451 = DIRECTION('',(-0.,-1.,0.));
#3452 = FACE_BOUND('',#3453,.F.);
#3453 = EDGE_LOOP('',(#3454));
#3454 = ORIENTED_EDGE('',*,*,#3455,.T.);
#3455 = EDGE_CURVE('',#3456,#3456,#3458,.T.);
#3456 = VERTEX_POINT('',#3457);
#3457 = CARTESIAN_POINT('',(141.527401,-95.8,0.));
#3458 = CIRCLE('',#3459,0.3);
#3459 = AXIS2_PLACEMENT_3D('',#3460,#3461,#3462);
#3460 = CARTESIAN_POINT('',(141.527401,-95.5,0.));
#3461 = DIRECTION('',(-0.,0.,-1.));
#3462 = DIRECTION('',(-0.,-1.,0.));
#3463 = FACE_BOUND('',#3464,.F.);
#3464 = EDGE_LOOP('',(#3465));
#3465 = ORIENTED_EDGE('',*,*,#3466,.T.);
#3466 = EDGE_CURVE('',#3467,#3467,#3469,.T.);
#3467 = VERTEX_POINT('',#3468);
#3468 = CARTESIAN_POINT('',(149.38,-95.6,0.));
#3469 = CIRCLE('',#3470,0.6);
#3470 = AXIS2_PLACEMENT_3D('',#3471,#3472,#3473);
#3471 = CARTESIAN_POINT('',(149.38,-95.,0.));
#3472 = DIRECTION('',(-0.,0.,-1.));
#3473 = DIRECTION('',(-0.,-1.,0.));
#3474 = FACE_BOUND('',#3475,.F.);
#3475 = EDGE_LOOP('',(#3476));
#3476 = ORIENTED_EDGE('',*,*,#3477,.T.);
#3477 = EDGE_CURVE('',#3478,#3478,#3480,.T.);
#3478 = VERTEX_POINT('',#3479);
#3479 = CARTESIAN_POINT('',(139.527401,-88.3,0.));
#3480 = CIRCLE('',#3481,0.3);
#3481 = AXIS2_PLACEMENT_3D('',#3482,#3483,#3484);
#3482 = CARTESIAN_POINT('',(139.527401,-88.,0.));
#3483 = DIRECTION('',(-0.,0.,-1.));
#3484 = DIRECTION('',(-0.,-1.,0.));
#3485 = FACE_BOUND('',#3486,.F.);
#3486 = EDGE_LOOP('',(#3487));
#3487 = ORIENTED_EDGE('',*,*,#3488,.T.);
#3488 = EDGE_CURVE('',#3489,#3489,#3491,.T.);
#3489 = VERTEX_POINT('',#3490);
#3490 = CARTESIAN_POINT('',(141.527401,-88.3,0.));
#3491 = CIRCLE('',#3492,0.3);
#3492 = AXIS2_PLACEMENT_3D('',#3493,#3494,#3495);
#3493 = CARTESIAN_POINT('',(141.527401,-88.,0.));
#3494 = DIRECTION('',(-0.,0.,-1.));
#3495 = DIRECTION('',(-0.,-1.,0.));
#3496 = FACE_BOUND('',#3497,.F.);
#3497 = EDGE_LOOP('',(#3498));
#3498 = ORIENTED_EDGE('',*,*,#3499,.T.);
#3499 = EDGE_CURVE('',#3500,#3500,#3502,.T.);
#3500 = VERTEX_POINT('',#3501);
#3501 = CARTESIAN_POINT('',(149.38,-89.1,0.));
#3502 = CIRCLE('',#3503,0.6);
#3503 = AXIS2_PLACEMENT_3D('',#3504,#3505,#3506);
#3504 = CARTESIAN_POINT('',(149.38,-88.5,0.));
#3505 = DIRECTION('',(-0.,0.,-1.));
#3506 = DIRECTION('',(-0.,-1.,0.));
#3507 = FACE_BOUND('',#3508,.F.);
#3508 = EDGE_LOOP('',(#3509));
#3509 = ORIENTED_EDGE('',*,*,#3510,.T.);
#3510 = EDGE_CURVE('',#3511,#3511,#3513,.T.);
#3511 = VERTEX_POINT('',#3512);
#3512 = CARTESIAN_POINT('',(149.38,-82.6,0.));
#3513 = CIRCLE('',#3514,0.6);
#3514 = AXIS2_PLACEMENT_3D('',#3515,#3516,#3517);
#3515 = CARTESIAN_POINT('',(149.38,-82.,0.));
#3516 = DIRECTION('',(-0.,0.,-1.));
#3517 = DIRECTION('',(-0.,-1.,0.));
#3518 = FACE_BOUND('',#3519,.F.);
#3519 = EDGE_LOOP('',(#3520));
#3520 = ORIENTED_EDGE('',*,*,#3521,.T.);
#3521 = EDGE_CURVE('',#3522,#3522,#3524,.T.);
#3522 = VERTEX_POINT('',#3523);
#3523 = CARTESIAN_POINT('',(139.,-77.4,0.));
#3524 = CIRCLE('',#3525,0.4);
#3525 = AXIS2_PLACEMENT_3D('',#3526,#3527,#3528);
#3526 = CARTESIAN_POINT('',(139.,-77.,0.));
#3527 = DIRECTION('',(-0.,0.,-1.));
#3528 = DIRECTION('',(-0.,-1.,0.));
#3529 = FACE_BOUND('',#3530,.F.);
#3530 = EDGE_LOOP('',(#3531));
#3531 = ORIENTED_EDGE('',*,*,#3532,.T.);
#3532 = EDGE_CURVE('',#3533,#3533,#3535,.T.);
#3533 = VERTEX_POINT('',#3534);
#3534 = CARTESIAN_POINT('',(145.,-77.4,0.));
#3535 = CIRCLE('',#3536,0.4);
#3536 = AXIS2_PLACEMENT_3D('',#3537,#3538,#3539);
#3537 = CARTESIAN_POINT('',(145.,-77.,0.));
#3538 = DIRECTION('',(-0.,0.,-1.));
#3539 = DIRECTION('',(-0.,-1.,0.));
#3540 = FACE_BOUND('',#3541,.F.);
#3541 = EDGE_LOOP('',(#3542));
#3542 = ORIENTED_EDGE('',*,*,#3543,.T.);
#3543 = EDGE_CURVE('',#3544,#3544,#3546,.T.);
#3544 = VERTEX_POINT('',#3545);
#3545 = CARTESIAN_POINT('',(149.38,-76.1,0.));
#3546 = CIRCLE('',#3547,0.6);
#3547 = AXIS2_PLACEMENT_3D('',#3548,#3549,#3550);
#3548 = CARTESIAN_POINT('',(149.38,-75.5,0.));
#3549 = DIRECTION('',(-0.,0.,-1.));
#3550 = DIRECTION('',(-0.,-1.,0.));
#3551 = FACE_BOUND('',#3552,.F.);
#3552 = EDGE_LOOP('',(#3553));
#3553 = ORIENTED_EDGE('',*,*,#3554,.T.);
#3554 = EDGE_CURVE('',#3555,#3555,#3557,.T.);
#3555 = VERTEX_POINT('',#3556);
#3556 = CARTESIAN_POINT('',(152.,-105.075,0.));
#3557 = CIRCLE('',#3558,0.575);
#3558 = AXIS2_PLACEMENT_3D('',#3559,#3560,#3561);
#3559 = CARTESIAN_POINT('',(152.,-104.5,0.));
#3560 = DIRECTION('',(-0.,0.,-1.));
#3561 = DIRECTION('',(-0.,-1.,0.));
#3562 = FACE_BOUND('',#3563,.F.);
#3563 = EDGE_LOOP('',(#3564));
#3564 = ORIENTED_EDGE('',*,*,#3565,.T.);
#3565 = EDGE_CURVE('',#3566,#3566,#3568,.T.);
#3566 = VERTEX_POINT('',#3567);
#3567 = CARTESIAN_POINT('',(156.,-105.075,0.));
#3568 = CIRCLE('',#3569,0.575);
#3569 = AXIS2_PLACEMENT_3D('',#3570,#3571,#3572);
#3570 = CARTESIAN_POINT('',(156.,-104.5,0.));
#3571 = DIRECTION('',(-0.,0.,-1.));
#3572 = DIRECTION('',(-0.,-1.,0.));
#3573 = FACE_BOUND('',#3574,.F.);
#3574 = EDGE_LOOP('',(#3575));
#3575 = ORIENTED_EDGE('',*,*,#3576,.T.);
#3576 = EDGE_CURVE('',#3577,#3577,#3579,.T.);
#3577 = VERTEX_POINT('',#3578);
#3578 = CARTESIAN_POINT('',(160.,-105.075,0.));
#3579 = CIRCLE('',#3580,0.575);
#3580 = AXIS2_PLACEMENT_3D('',#3581,#3582,#3583);
#3581 = CARTESIAN_POINT('',(160.,-104.5,0.));
#3582 = DIRECTION('',(-0.,0.,-1.));
#3583 = DIRECTION('',(-0.,-1.,0.));
#3584 = FACE_BOUND('',#3585,.F.);
#3585 = EDGE_LOOP('',(#3586));
#3586 = ORIENTED_EDGE('',*,*,#3587,.T.);
#3587 = EDGE_CURVE('',#3588,#3588,#3590,.T.);
#3588 = VERTEX_POINT('',#3589);
#3589 = CARTESIAN_POINT('',(164.,-105.075,0.));
#3590 = CIRCLE('',#3591,0.575);
#3591 = AXIS2_PLACEMENT_3D('',#3592,#3593,#3594);
#3592 = CARTESIAN_POINT('',(164.,-104.5,0.));
#3593 = DIRECTION('',(-0.,0.,-1.));
#3594 = DIRECTION('',(-0.,-1.,0.));
#3595 = FACE_BOUND('',#3596,.F.);
#3596 = EDGE_LOOP('',(#3597));
#3597 = ORIENTED_EDGE('',*,*,#3598,.T.);
#3598 = EDGE_CURVE('',#3599,#3599,#3601,.T.);
#3599 = VERTEX_POINT('',#3600);
#3600 = CARTESIAN_POINT('',(164.62,-95.6,0.));
#3601 = CIRCLE('',#3602,0.6);
#3602 = AXIS2_PLACEMENT_3D('',#3603,#3604,#3605);
#3603 = CARTESIAN_POINT('',(164.62,-95.,0.));
#3604 = DIRECTION('',(-0.,0.,-1.));
#3605 = DIRECTION('',(-0.,-1.,0.));
#3606 = FACE_BOUND('',#3607,.F.);
#3607 = EDGE_LOOP('',(#3608));
#3608 = ORIENTED_EDGE('',*,*,#3609,.T.);
#3609 = EDGE_CURVE('',#3610,#3610,#3612,.T.);
#3610 = VERTEX_POINT('',#3611);
#3611 = CARTESIAN_POINT('',(164.62,-89.1,0.));
#3612 = CIRCLE('',#3613,0.6);
#3613 = AXIS2_PLACEMENT_3D('',#3614,#3615,#3616);
#3614 = CARTESIAN_POINT('',(164.62,-88.5,0.));
#3615 = DIRECTION('',(-0.,0.,-1.));
#3616 = DIRECTION('',(-0.,-1.,0.));
#3617 = FACE_BOUND('',#3618,.F.);
#3618 = EDGE_LOOP('',(#3619));
#3619 = ORIENTED_EDGE('',*,*,#3620,.T.);
#3620 = EDGE_CURVE('',#3621,#3621,#3623,.T.);
#3621 = VERTEX_POINT('',#3622);
#3622 = CARTESIAN_POINT('',(164.62,-82.6,0.));
#3623 = CIRCLE('',#3624,0.6);
#3624 = AXIS2_PLACEMENT_3D('',#3625,#3626,#3627);
#3625 = CARTESIAN_POINT('',(164.62,-82.,0.));
#3626 = DIRECTION('',(-0.,0.,-1.));
#3627 = DIRECTION('',(-0.,-1.,0.));
#3628 = FACE_BOUND('',#3629,.F.);
#3629 = EDGE_LOOP('',(#3630));
#3630 = ORIENTED_EDGE('',*,*,#3631,.T.);
#3631 = EDGE_CURVE('',#3632,#3632,#3634,.T.);
#3632 = VERTEX_POINT('',#3633);
#3633 = CARTESIAN_POINT('',(164.62,-76.1,0.));
#3634 = CIRCLE('',#3635,0.6);
#3635 = AXIS2_PLACEMENT_3D('',#3636,#3637,#3638);
#3636 = CARTESIAN_POINT('',(164.62,-75.5,0.));
#3637 = DIRECTION('',(-0.,0.,-1.));
#3638 = DIRECTION('',(-0.,-1.,0.));
#3639 = FACE_BOUND('',#3640,.F.);
#3640 = EDGE_LOOP('',(#3641));
#3641 = ORIENTED_EDGE('',*,*,#3642,.T.);
#3642 = EDGE_CURVE('',#3643,#3643,#3645,.T.);
#3643 = VERTEX_POINT('',#3644);
#3644 = CARTESIAN_POINT('',(181.5,-87.575,0.));
#3645 = CIRCLE('',#3646,0.575);
#3646 = AXIS2_PLACEMENT_3D('',#3647,#3648,#3649);
#3647 = CARTESIAN_POINT('',(181.5,-87.,0.));
#3648 = DIRECTION('',(-0.,0.,-1.));
#3649 = DIRECTION('',(-0.,-1.,0.));
#3650 = FACE_BOUND('',#3651,.F.);
#3651 = EDGE_LOOP('',(#3652));
#3652 = ORIENTED_EDGE('',*,*,#3653,.T.);
#3653 = EDGE_CURVE('',#3654,#3654,#3656,.T.);
#3654 = VERTEX_POINT('',#3655);
#3655 = CARTESIAN_POINT('',(181.5,-79.075,0.));
#3656 = CIRCLE('',#3657,0.575);
#3657 = AXIS2_PLACEMENT_3D('',#3658,#3659,#3660);
#3658 = CARTESIAN_POINT('',(181.5,-78.5,0.));
#3659 = DIRECTION('',(-0.,0.,-1.));
#3660 = DIRECTION('',(-0.,-1.,0.));
#3661 = FACE_BOUND('',#3662,.F.);
#3662 = EDGE_LOOP('',(#3663));
#3663 = ORIENTED_EDGE('',*,*,#3664,.T.);
#3664 = EDGE_CURVE('',#3665,#3665,#3667,.T.);
#3665 = VERTEX_POINT('',#3666);
#3666 = CARTESIAN_POINT('',(119.,-66.375,0.));
#3667 = CIRCLE('',#3668,1.375);
#3668 = AXIS2_PLACEMENT_3D('',#3669,#3670,#3671);
#3669 = CARTESIAN_POINT('',(119.,-65.,0.));
#3670 = DIRECTION('',(-0.,0.,-1.));
#3671 = DIRECTION('',(-0.,-1.,0.));
#3672 = FACE_BOUND('',#3673,.F.);
#3673 = EDGE_LOOP('',(#3674));
#3674 = ORIENTED_EDGE('',*,*,#3675,.T.);
#3675 = EDGE_CURVE('',#3676,#3676,#3678,.T.);
#3676 = VERTEX_POINT('',#3677);
#3677 = CARTESIAN_POINT('',(123.87,-66.77,0.));
#3678 = CIRCLE('',#3679,0.5);
#3679 = AXIS2_PLACEMENT_3D('',#3680,#3681,#3682);
#3680 = CARTESIAN_POINT('',(123.87,-66.27,0.));
#3681 = DIRECTION('',(-0.,0.,-1.));
#3682 = DIRECTION('',(-0.,-1.,0.));
#3683 = FACE_BOUND('',#3684,.F.);
#3684 = EDGE_LOOP('',(#3685));
#3685 = ORIENTED_EDGE('',*,*,#3686,.T.);
#3686 = EDGE_CURVE('',#3687,#3687,#3689,.T.);
#3687 = VERTEX_POINT('',#3688);
#3688 = CARTESIAN_POINT('',(126.41,-66.77,0.));
#3689 = CIRCLE('',#3690,0.5);
#3690 = AXIS2_PLACEMENT_3D('',#3691,#3692,#3693);
#3691 = CARTESIAN_POINT('',(126.41,-66.27,0.));
#3692 = DIRECTION('',(-0.,0.,-1.));
#3693 = DIRECTION('',(-0.,-1.,0.));
#3694 = FACE_BOUND('',#3695,.F.);
#3695 = EDGE_LOOP('',(#3696));
#3696 = ORIENTED_EDGE('',*,*,#3697,.T.);
#3697 = EDGE_CURVE('',#3698,#3698,#3700,.T.);
#3698 = VERTEX_POINT('',#3699);
#3699 = CARTESIAN_POINT('',(128.95,-66.77,0.));
#3700 = CIRCLE('',#3701,0.5);
#3701 = AXIS2_PLACEMENT_3D('',#3702,#3703,#3704);
#3702 = CARTESIAN_POINT('',(128.95,-66.27,0.));
#3703 = DIRECTION('',(-0.,0.,-1.));
#3704 = DIRECTION('',(-0.,-1.,0.));
#3705 = FACE_BOUND('',#3706,.F.);
#3706 = EDGE_LOOP('',(#3707));
#3707 = ORIENTED_EDGE('',*,*,#3708,.T.);
#3708 = EDGE_CURVE('',#3709,#3709,#3711,.T.);
#3709 = VERTEX_POINT('',#3710);
#3710 = CARTESIAN_POINT('',(131.49,-66.77,0.));
#3711 = CIRCLE('',#3712,0.5);
#3712 = AXIS2_PLACEMENT_3D('',#3713,#3714,#3715);
#3713 = CARTESIAN_POINT('',(131.49,-66.27,0.));
#3714 = DIRECTION('',(-0.,0.,-1.));
#3715 = DIRECTION('',(-0.,-1.,0.));
#3716 = FACE_BOUND('',#3717,.F.);
#3717 = EDGE_LOOP('',(#3718));
#3718 = ORIENTED_EDGE('',*,*,#3719,.T.);
#3719 = EDGE_CURVE('',#3720,#3720,#3722,.T.);
#3720 = VERTEX_POINT('',#3721);
#3721 = CARTESIAN_POINT('',(123.87,-64.23,0.));
#3722 = CIRCLE('',#3723,0.5);
#3723 = AXIS2_PLACEMENT_3D('',#3724,#3725,#3726);
#3724 = CARTESIAN_POINT('',(123.87,-63.73,0.));
#3725 = DIRECTION('',(-0.,0.,-1.));
#3726 = DIRECTION('',(-0.,-1.,0.));
#3727 = FACE_BOUND('',#3728,.F.);
#3728 = EDGE_LOOP('',(#3729));
#3729 = ORIENTED_EDGE('',*,*,#3730,.T.);
#3730 = EDGE_CURVE('',#3731,#3731,#3733,.T.);
#3731 = VERTEX_POINT('',#3732);
#3732 = CARTESIAN_POINT('',(126.41,-64.23,0.));
#3733 = CIRCLE('',#3734,0.5);
#3734 = AXIS2_PLACEMENT_3D('',#3735,#3736,#3737);
#3735 = CARTESIAN_POINT('',(126.41,-63.73,0.));
#3736 = DIRECTION('',(-0.,0.,-1.));
#3737 = DIRECTION('',(-0.,-1.,0.));
#3738 = FACE_BOUND('',#3739,.F.);
#3739 = EDGE_LOOP('',(#3740));
#3740 = ORIENTED_EDGE('',*,*,#3741,.T.);
#3741 = EDGE_CURVE('',#3742,#3742,#3744,.T.);
#3742 = VERTEX_POINT('',#3743);
#3743 = CARTESIAN_POINT('',(128.95,-64.23,0.));
#3744 = CIRCLE('',#3745,0.5);
#3745 = AXIS2_PLACEMENT_3D('',#3746,#3747,#3748);
#3746 = CARTESIAN_POINT('',(128.95,-63.73,0.));
#3747 = DIRECTION('',(-0.,0.,-1.));
#3748 = DIRECTION('',(-0.,-1.,0.));
#3749 = FACE_BOUND('',#3750,.F.);
#3750 = EDGE_LOOP('',(#3751));
#3751 = ORIENTED_EDGE('',*,*,#3752,.T.);
#3752 = EDGE_CURVE('',#3753,#3753,#3755,.T.);
#3753 = VERTEX_POINT('',#3754);
#3754 = CARTESIAN_POINT('',(131.49,-64.23,0.));
#3755 = CIRCLE('',#3756,0.5);
#3756 = AXIS2_PLACEMENT_3D('',#3757,#3758,#3759);
#3757 = CARTESIAN_POINT('',(131.49,-63.73,0.));
#3758 = DIRECTION('',(-0.,0.,-1.));
#3759 = DIRECTION('',(-0.,-1.,0.));
#3760 = FACE_BOUND('',#3761,.F.);
#3761 = EDGE_LOOP('',(#3762));
#3762 = ORIENTED_EDGE('',*,*,#3763,.T.);
#3763 = EDGE_CURVE('',#3764,#3764,#3766,.T.);
#3764 = VERTEX_POINT('',#3765);
#3765 = CARTESIAN_POINT('',(139.,-72.4,0.));
#3766 = CIRCLE('',#3767,0.4);
#3767 = AXIS2_PLACEMENT_3D('',#3768,#3769,#3770);
#3768 = CARTESIAN_POINT('',(139.,-72.,0.));
#3769 = DIRECTION('',(-0.,0.,-1.));
#3770 = DIRECTION('',(-0.,-1.,0.));
#3771 = FACE_BOUND('',#3772,.F.);
#3772 = EDGE_LOOP('',(#3773));
#3773 = ORIENTED_EDGE('',*,*,#3774,.T.);
#3774 = EDGE_CURVE('',#3775,#3775,#3777,.T.);
#3775 = VERTEX_POINT('',#3776);
#3776 = CARTESIAN_POINT('',(134.03,-66.77,0.));
#3777 = CIRCLE('',#3778,0.5);
#3778 = AXIS2_PLACEMENT_3D('',#3779,#3780,#3781);
#3779 = CARTESIAN_POINT('',(134.03,-66.27,0.));
#3780 = DIRECTION('',(-0.,0.,-1.));
#3781 = DIRECTION('',(-0.,-1.,0.));
#3782 = FACE_BOUND('',#3783,.F.);
#3783 = EDGE_LOOP('',(#3784));
#3784 = ORIENTED_EDGE('',*,*,#3785,.T.);
#3785 = EDGE_CURVE('',#3786,#3786,#3788,.T.);
#3786 = VERTEX_POINT('',#3787);
#3787 = CARTESIAN_POINT('',(136.57,-66.77,0.));
#3788 = CIRCLE('',#3789,0.5);
#3789 = AXIS2_PLACEMENT_3D('',#3790,#3791,#3792);
#3790 = CARTESIAN_POINT('',(136.57,-66.27,0.));
#3791 = DIRECTION('',(-0.,0.,-1.));
#3792 = DIRECTION('',(-0.,-1.,0.));
#3793 = FACE_BOUND('',#3794,.F.);
#3794 = EDGE_LOOP('',(#3795));
#3795 = ORIENTED_EDGE('',*,*,#3796,.T.);
#3796 = EDGE_CURVE('',#3797,#3797,#3799,.T.);
#3797 = VERTEX_POINT('',#3798);
#3798 = CARTESIAN_POINT('',(139.11,-66.77,0.));
#3799 = CIRCLE('',#3800,0.5);
#3800 = AXIS2_PLACEMENT_3D('',#3801,#3802,#3803);
#3801 = CARTESIAN_POINT('',(139.11,-66.27,0.));
#3802 = DIRECTION('',(-0.,0.,-1.));
#3803 = DIRECTION('',(-0.,-1.,0.));
#3804 = FACE_BOUND('',#3805,.F.);
#3805 = EDGE_LOOP('',(#3806));
#3806 = ORIENTED_EDGE('',*,*,#3807,.T.);
#3807 = EDGE_CURVE('',#3808,#3808,#3810,.T.);
#3808 = VERTEX_POINT('',#3809);
#3809 = CARTESIAN_POINT('',(141.65,-66.77,0.));
#3810 = CIRCLE('',#3811,0.5);
#3811 = AXIS2_PLACEMENT_3D('',#3812,#3813,#3814);
#3812 = CARTESIAN_POINT('',(141.65,-66.27,0.));
#3813 = DIRECTION('',(-0.,0.,-1.));
#3814 = DIRECTION('',(-0.,-1.,0.));
#3815 = FACE_BOUND('',#3816,.F.);
#3816 = EDGE_LOOP('',(#3817));
#3817 = ORIENTED_EDGE('',*,*,#3818,.T.);
#3818 = EDGE_CURVE('',#3819,#3819,#3821,.T.);
#3819 = VERTEX_POINT('',#3820);
#3820 = CARTESIAN_POINT('',(145.,-72.4,0.));
#3821 = CIRCLE('',#3822,0.4);
#3822 = AXIS2_PLACEMENT_3D('',#3823,#3824,#3825);
#3823 = CARTESIAN_POINT('',(145.,-72.,0.));
#3824 = DIRECTION('',(-0.,0.,-1.));
#3825 = DIRECTION('',(-0.,-1.,0.));
#3826 = FACE_BOUND('',#3827,.F.);
#3827 = EDGE_LOOP('',(#3828));
#3828 = ORIENTED_EDGE('',*,*,#3829,.T.);
#3829 = EDGE_CURVE('',#3830,#3830,#3832,.T.);
#3830 = VERTEX_POINT('',#3831);
#3831 = CARTESIAN_POINT('',(144.19,-66.77,0.));
#3832 = CIRCLE('',#3833,0.5);
#3833 = AXIS2_PLACEMENT_3D('',#3834,#3835,#3836);
#3834 = CARTESIAN_POINT('',(144.19,-66.27,0.));
#3835 = DIRECTION('',(-0.,0.,-1.));
#3836 = DIRECTION('',(-0.,-1.,0.));
#3837 = FACE_BOUND('',#3838,.F.);
#3838 = EDGE_LOOP('',(#3839));
#3839 = ORIENTED_EDGE('',*,*,#3840,.T.);
#3840 = EDGE_CURVE('',#3841,#3841,#3843,.T.);
#3841 = VERTEX_POINT('',#3842);
#3842 = CARTESIAN_POINT('',(146.73,-66.77,0.));
#3843 = CIRCLE('',#3844,0.5);
#3844 = AXIS2_PLACEMENT_3D('',#3845,#3846,#3847);
#3845 = CARTESIAN_POINT('',(146.73,-66.27,0.));
#3846 = DIRECTION('',(-0.,0.,-1.));
#3847 = DIRECTION('',(-0.,-1.,0.));
#3848 = FACE_BOUND('',#3849,.F.);
#3849 = EDGE_LOOP('',(#3850));
#3850 = ORIENTED_EDGE('',*,*,#3851,.T.);
#3851 = EDGE_CURVE('',#3852,#3852,#3854,.T.);
#3852 = VERTEX_POINT('',#3853);
#3853 = CARTESIAN_POINT('',(149.27,-66.77,0.));
#3854 = CIRCLE('',#3855,0.5);
#3855 = AXIS2_PLACEMENT_3D('',#3856,#3857,#3858);
#3856 = CARTESIAN_POINT('',(149.27,-66.27,0.));
#3857 = DIRECTION('',(-0.,0.,-1.));
#3858 = DIRECTION('',(-0.,-1.,0.));
#3859 = FACE_BOUND('',#3860,.F.);
#3860 = EDGE_LOOP('',(#3861));
#3861 = ORIENTED_EDGE('',*,*,#3862,.T.);
#3862 = EDGE_CURVE('',#3863,#3863,#3865,.T.);
#3863 = VERTEX_POINT('',#3864);
#3864 = CARTESIAN_POINT('',(134.03,-64.23,0.));
#3865 = CIRCLE('',#3866,0.5);
#3866 = AXIS2_PLACEMENT_3D('',#3867,#3868,#3869);
#3867 = CARTESIAN_POINT('',(134.03,-63.73,0.));
#3868 = DIRECTION('',(-0.,0.,-1.));
#3869 = DIRECTION('',(-0.,-1.,0.));
#3870 = FACE_BOUND('',#3871,.F.);
#3871 = EDGE_LOOP('',(#3872));
#3872 = ORIENTED_EDGE('',*,*,#3873,.T.);
#3873 = EDGE_CURVE('',#3874,#3874,#3876,.T.);
#3874 = VERTEX_POINT('',#3875);
#3875 = CARTESIAN_POINT('',(136.57,-64.23,0.));
#3876 = CIRCLE('',#3877,0.5);
#3877 = AXIS2_PLACEMENT_3D('',#3878,#3879,#3880);
#3878 = CARTESIAN_POINT('',(136.57,-63.73,0.));
#3879 = DIRECTION('',(-0.,0.,-1.));
#3880 = DIRECTION('',(-0.,-1.,0.));
#3881 = FACE_BOUND('',#3882,.F.);
#3882 = EDGE_LOOP('',(#3883));
#3883 = ORIENTED_EDGE('',*,*,#3884,.T.);
#3884 = EDGE_CURVE('',#3885,#3885,#3887,.T.);
#3885 = VERTEX_POINT('',#3886);
#3886 = CARTESIAN_POINT('',(139.11,-64.23,0.));
#3887 = CIRCLE('',#3888,0.5);
#3888 = AXIS2_PLACEMENT_3D('',#3889,#3890,#3891);
#3889 = CARTESIAN_POINT('',(139.11,-63.73,0.));
#3890 = DIRECTION('',(-0.,0.,-1.));
#3891 = DIRECTION('',(-0.,-1.,0.));
#3892 = FACE_BOUND('',#3893,.F.);
#3893 = EDGE_LOOP('',(#3894));
#3894 = ORIENTED_EDGE('',*,*,#3895,.T.);
#3895 = EDGE_CURVE('',#3896,#3896,#3898,.T.);
#3896 = VERTEX_POINT('',#3897);
#3897 = CARTESIAN_POINT('',(141.65,-64.23,0.));
#3898 = CIRCLE('',#3899,0.5);
#3899 = AXIS2_PLACEMENT_3D('',#3900,#3901,#3902);
#3900 = CARTESIAN_POINT('',(141.65,-63.73,0.));
#3901 = DIRECTION('',(-0.,0.,-1.));
#3902 = DIRECTION('',(-0.,-1.,0.));
#3903 = FACE_BOUND('',#3904,.F.);
#3904 = EDGE_LOOP('',(#3905));
#3905 = ORIENTED_EDGE('',*,*,#3906,.T.);
#3906 = EDGE_CURVE('',#3907,#3907,#3909,.T.);
#3907 = VERTEX_POINT('',#3908);
#3908 = CARTESIAN_POINT('',(144.19,-64.23,0.));
#3909 = CIRCLE('',#3910,0.5);
#3910 = AXIS2_PLACEMENT_3D('',#3911,#3912,#3913);
#3911 = CARTESIAN_POINT('',(144.19,-63.73,0.));
#3912 = DIRECTION('',(-0.,0.,-1.));
#3913 = DIRECTION('',(-0.,-1.,0.));
#3914 = FACE_BOUND('',#3915,.F.);
#3915 = EDGE_LOOP('',(#3916));
#3916 = ORIENTED_EDGE('',*,*,#3917,.T.);
#3917 = EDGE_CURVE('',#3918,#3918,#3920,.T.);
#3918 = VERTEX_POINT('',#3919);
#3919 = CARTESIAN_POINT('',(146.73,-64.23,0.));
#3920 = CIRCLE('',#3921,0.5);
#3921 = AXIS2_PLACEMENT_3D('',#3922,#3923,#3924);
#3922 = CARTESIAN_POINT('',(146.73,-63.73,0.));
#3923 = DIRECTION('',(-0.,0.,-1.));
#3924 = DIRECTION('',(-0.,-1.,0.));
#3925 = FACE_BOUND('',#3926,.F.);
#3926 = EDGE_LOOP('',(#3927));
#3927 = ORIENTED_EDGE('',*,*,#3928,.T.);
#3928 = EDGE_CURVE('',#3929,#3929,#3931,.T.);
#3929 = VERTEX_POINT('',#3930);
#3930 = CARTESIAN_POINT('',(149.27,-64.23,0.));
#3931 = CIRCLE('',#3932,0.5);
#3932 = AXIS2_PLACEMENT_3D('',#3933,#3934,#3935);
#3933 = CARTESIAN_POINT('',(149.27,-63.73,0.));
#3934 = DIRECTION('',(-0.,0.,-1.));
#3935 = DIRECTION('',(-0.,-1.,0.));
#3936 = FACE_BOUND('',#3937,.F.);
#3937 = EDGE_LOOP('',(#3938));
#3938 = ORIENTED_EDGE('',*,*,#3939,.T.);
#3939 = EDGE_CURVE('',#3940,#3940,#3942,.T.);
#3940 = VERTEX_POINT('',#3941);
#3941 = CARTESIAN_POINT('',(119.,-43.375,0.));
#3942 = CIRCLE('',#3943,1.375);
#3943 = AXIS2_PLACEMENT_3D('',#3944,#3945,#3946);
#3944 = CARTESIAN_POINT('',(119.,-42.,0.));
#3945 = DIRECTION('',(-0.,0.,-1.));
#3946 = DIRECTION('',(-0.,-1.,0.));
#3947 = FACE_BOUND('',#3948,.F.);
#3948 = EDGE_LOOP('',(#3949));
#3949 = ORIENTED_EDGE('',*,*,#3950,.T.);
#3950 = EDGE_CURVE('',#3951,#3951,#3953,.T.);
#3951 = VERTEX_POINT('',#3952);
#3952 = CARTESIAN_POINT('',(151.81,-66.77,0.));
#3953 = CIRCLE('',#3954,0.5);
#3954 = AXIS2_PLACEMENT_3D('',#3955,#3956,#3957);
#3955 = CARTESIAN_POINT('',(151.81,-66.27,0.));
#3956 = DIRECTION('',(-0.,0.,-1.));
#3957 = DIRECTION('',(-0.,-1.,0.));
#3958 = FACE_BOUND('',#3959,.F.);
#3959 = EDGE_LOOP('',(#3960));
#3960 = ORIENTED_EDGE('',*,*,#3961,.T.);
#3961 = EDGE_CURVE('',#3962,#3962,#3964,.T.);
#3962 = VERTEX_POINT('',#3963);
#3963 = CARTESIAN_POINT('',(154.35,-66.77,0.));
#3964 = CIRCLE('',#3965,0.5);
#3965 = AXIS2_PLACEMENT_3D('',#3966,#3967,#3968);
#3966 = CARTESIAN_POINT('',(154.35,-66.27,0.));
#3967 = DIRECTION('',(-0.,0.,-1.));
#3968 = DIRECTION('',(-0.,-1.,0.));
#3969 = FACE_BOUND('',#3970,.F.);
#3970 = EDGE_LOOP('',(#3971));
#3971 = ORIENTED_EDGE('',*,*,#3972,.T.);
#3972 = EDGE_CURVE('',#3973,#3973,#3975,.T.);
#3973 = VERTEX_POINT('',#3974);
#3974 = CARTESIAN_POINT('',(156.89,-66.77,0.));
#3975 = CIRCLE('',#3976,0.5);
#3976 = AXIS2_PLACEMENT_3D('',#3977,#3978,#3979);
#3977 = CARTESIAN_POINT('',(156.89,-66.27,0.));
#3978 = DIRECTION('',(-0.,0.,-1.));
#3979 = DIRECTION('',(-0.,-1.,0.));
#3980 = FACE_BOUND('',#3981,.F.);
#3981 = EDGE_LOOP('',(#3982));
#3982 = ORIENTED_EDGE('',*,*,#3983,.T.);
#3983 = EDGE_CURVE('',#3984,#3984,#3986,.T.);
#3984 = VERTEX_POINT('',#3985);
#3985 = CARTESIAN_POINT('',(159.43,-66.77,0.));
#3986 = CIRCLE('',#3987,0.5);
#3987 = AXIS2_PLACEMENT_3D('',#3988,#3989,#3990);
#3988 = CARTESIAN_POINT('',(159.43,-66.27,0.));
#3989 = DIRECTION('',(-0.,0.,-1.));
#3990 = DIRECTION('',(-0.,-1.,0.));
#3991 = FACE_BOUND('',#3992,.F.);
#3992 = EDGE_LOOP('',(#3993));
#3993 = ORIENTED_EDGE('',*,*,#3994,.T.);
#3994 = EDGE_CURVE('',#3995,#3995,#3997,.T.);
#3995 = VERTEX_POINT('',#3996);
#3996 = CARTESIAN_POINT('',(161.97,-66.77,0.));
#3997 = CIRCLE('',#3998,0.5);
#3998 = AXIS2_PLACEMENT_3D('',#3999,#4000,#4001);
#3999 = CARTESIAN_POINT('',(161.97,-66.27,0.));
#4000 = DIRECTION('',(-0.,0.,-1.));
#4001 = DIRECTION('',(-0.,-1.,0.));
#4002 = FACE_BOUND('',#4003,.F.);
#4003 = EDGE_LOOP('',(#4004));
#4004 = ORIENTED_EDGE('',*,*,#4005,.T.);
#4005 = EDGE_CURVE('',#4006,#4006,#4008,.T.);
#4006 = VERTEX_POINT('',#4007);
#4007 = CARTESIAN_POINT('',(164.51,-66.77,0.));
#4008 = CIRCLE('',#4009,0.5);
#4009 = AXIS2_PLACEMENT_3D('',#4010,#4011,#4012);
#4010 = CARTESIAN_POINT('',(164.51,-66.27,0.));
#4011 = DIRECTION('',(-0.,0.,-1.));
#4012 = DIRECTION('',(-0.,-1.,0.));
#4013 = FACE_BOUND('',#4014,.F.);
#4014 = EDGE_LOOP('',(#4015));
#4015 = ORIENTED_EDGE('',*,*,#4016,.T.);
#4016 = EDGE_CURVE('',#4017,#4017,#4019,.T.);
#4017 = VERTEX_POINT('',#4018);
#4018 = CARTESIAN_POINT('',(151.81,-64.23,0.));
#4019 = CIRCLE('',#4020,0.5);
#4020 = AXIS2_PLACEMENT_3D('',#4021,#4022,#4023);
#4021 = CARTESIAN_POINT('',(151.81,-63.73,0.));
#4022 = DIRECTION('',(-0.,0.,-1.));
#4023 = DIRECTION('',(-0.,-1.,0.));
#4024 = FACE_BOUND('',#4025,.F.);
#4025 = EDGE_LOOP('',(#4026));
#4026 = ORIENTED_EDGE('',*,*,#4027,.T.);
#4027 = EDGE_CURVE('',#4028,#4028,#4030,.T.);
#4028 = VERTEX_POINT('',#4029);
#4029 = CARTESIAN_POINT('',(154.35,-64.23,0.));
#4030 = CIRCLE('',#4031,0.5);
#4031 = AXIS2_PLACEMENT_3D('',#4032,#4033,#4034);
#4032 = CARTESIAN_POINT('',(154.35,-63.73,0.));
#4033 = DIRECTION('',(-0.,0.,-1.));
#4034 = DIRECTION('',(-0.,-1.,0.));
#4035 = FACE_BOUND('',#4036,.F.);
#4036 = EDGE_LOOP('',(#4037));
#4037 = ORIENTED_EDGE('',*,*,#4038,.T.);
#4038 = EDGE_CURVE('',#4039,#4039,#4041,.T.);
#4039 = VERTEX_POINT('',#4040);
#4040 = CARTESIAN_POINT('',(156.89,-64.23,0.));
#4041 = CIRCLE('',#4042,0.5);
#4042 = AXIS2_PLACEMENT_3D('',#4043,#4044,#4045);
#4043 = CARTESIAN_POINT('',(156.89,-63.73,0.));
#4044 = DIRECTION('',(-0.,0.,-1.));
#4045 = DIRECTION('',(-0.,-1.,0.));
#4046 = FACE_BOUND('',#4047,.F.);
#4047 = EDGE_LOOP('',(#4048));
#4048 = ORIENTED_EDGE('',*,*,#4049,.T.);
#4049 = EDGE_CURVE('',#4050,#4050,#4052,.T.);
#4050 = VERTEX_POINT('',#4051);
#4051 = CARTESIAN_POINT('',(159.43,-64.23,0.));
#4052 = CIRCLE('',#4053,0.5);
#4053 = AXIS2_PLACEMENT_3D('',#4054,#4055,#4056);
#4054 = CARTESIAN_POINT('',(159.43,-63.73,0.));
#4055 = DIRECTION('',(-0.,0.,-1.));
#4056 = DIRECTION('',(-0.,-1.,0.));
#4057 = FACE_BOUND('',#4058,.F.);
#4058 = EDGE_LOOP('',(#4059));
#4059 = ORIENTED_EDGE('',*,*,#4060,.T.);
#4060 = EDGE_CURVE('',#4061,#4061,#4063,.T.);
#4061 = VERTEX_POINT('',#4062);
#4062 = CARTESIAN_POINT('',(161.97,-64.23,0.));
#4063 = CIRCLE('',#4064,0.5);
#4064 = AXIS2_PLACEMENT_3D('',#4065,#4066,#4067);
#4065 = CARTESIAN_POINT('',(161.97,-63.73,0.));
#4066 = DIRECTION('',(-0.,0.,-1.));
#4067 = DIRECTION('',(-0.,-1.,0.));
#4068 = FACE_BOUND('',#4069,.F.);
#4069 = EDGE_LOOP('',(#4070));
#4070 = ORIENTED_EDGE('',*,*,#4071,.T.);
#4071 = EDGE_CURVE('',#4072,#4072,#4074,.T.);
#4072 = VERTEX_POINT('',#4073);
#4073 = CARTESIAN_POINT('',(164.51,-64.23,0.));
#4074 = CIRCLE('',#4075,0.5);
#4075 = AXIS2_PLACEMENT_3D('',#4076,#4077,#4078);
#4076 = CARTESIAN_POINT('',(164.51,-63.73,0.));
#4077 = DIRECTION('',(-0.,0.,-1.));
#4078 = DIRECTION('',(-0.,-1.,0.));
#4079 = FACE_BOUND('',#4080,.F.);
#4080 = EDGE_LOOP('',(#4081));
#4081 = ORIENTED_EDGE('',*,*,#4082,.T.);
#4082 = EDGE_CURVE('',#4083,#4083,#4085,.T.);
#4083 = VERTEX_POINT('',#4084);
#4084 = CARTESIAN_POINT('',(167.05,-66.77,0.));
#4085 = CIRCLE('',#4086,0.5);
#4086 = AXIS2_PLACEMENT_3D('',#4087,#4088,#4089);
#4087 = CARTESIAN_POINT('',(167.05,-66.27,0.));
#4088 = DIRECTION('',(-0.,0.,-1.));
#4089 = DIRECTION('',(-0.,-1.,0.));
#4090 = FACE_BOUND('',#4091,.F.);
#4091 = EDGE_LOOP('',(#4092));
#4092 = ORIENTED_EDGE('',*,*,#4093,.T.);
#4093 = EDGE_CURVE('',#4094,#4094,#4096,.T.);
#4094 = VERTEX_POINT('',#4095);
#4095 = CARTESIAN_POINT('',(169.59,-66.77,0.));
#4096 = CIRCLE('',#4097,0.5);
#4097 = AXIS2_PLACEMENT_3D('',#4098,#4099,#4100);
#4098 = CARTESIAN_POINT('',(169.59,-66.27,0.));
#4099 = DIRECTION('',(-0.,0.,-1.));
#4100 = DIRECTION('',(-0.,-1.,0.));
#4101 = FACE_BOUND('',#4102,.F.);
#4102 = EDGE_LOOP('',(#4103));
#4103 = ORIENTED_EDGE('',*,*,#4104,.T.);
#4104 = EDGE_CURVE('',#4105,#4105,#4107,.T.);
#4105 = VERTEX_POINT('',#4106);
#4106 = CARTESIAN_POINT('',(172.13,-66.77,0.));
#4107 = CIRCLE('',#4108,0.5);
#4108 = AXIS2_PLACEMENT_3D('',#4109,#4110,#4111);
#4109 = CARTESIAN_POINT('',(172.13,-66.27,0.));
#4110 = DIRECTION('',(-0.,0.,-1.));
#4111 = DIRECTION('',(-0.,-1.,0.));
#4112 = FACE_BOUND('',#4113,.F.);
#4113 = EDGE_LOOP('',(#4114));
#4114 = ORIENTED_EDGE('',*,*,#4115,.T.);
#4115 = EDGE_CURVE('',#4116,#4116,#4118,.T.);
#4116 = VERTEX_POINT('',#4117);
#4117 = CARTESIAN_POINT('',(177.,-66.375,0.));
#4118 = CIRCLE('',#4119,1.375);
#4119 = AXIS2_PLACEMENT_3D('',#4120,#4121,#4122);
#4120 = CARTESIAN_POINT('',(177.,-65.,0.));
#4121 = DIRECTION('',(-0.,0.,-1.));
#4122 = DIRECTION('',(-0.,-1.,0.));
#4123 = FACE_BOUND('',#4124,.F.);
#4124 = EDGE_LOOP('',(#4125));
#4125 = ORIENTED_EDGE('',*,*,#4126,.T.);
#4126 = EDGE_CURVE('',#4127,#4127,#4129,.T.);
#4127 = VERTEX_POINT('',#4128);
#4128 = CARTESIAN_POINT('',(167.05,-64.23,0.));
#4129 = CIRCLE('',#4130,0.5);
#4130 = AXIS2_PLACEMENT_3D('',#4131,#4132,#4133);
#4131 = CARTESIAN_POINT('',(167.05,-63.73,0.));
#4132 = DIRECTION('',(-0.,0.,-1.));
#4133 = DIRECTION('',(-0.,-1.,0.));
#4134 = FACE_BOUND('',#4135,.F.);
#4135 = EDGE_LOOP('',(#4136));
#4136 = ORIENTED_EDGE('',*,*,#4137,.T.);
#4137 = EDGE_CURVE('',#4138,#4138,#4140,.T.);
#4138 = VERTEX_POINT('',#4139);
#4139 = CARTESIAN_POINT('',(169.59,-64.23,0.));
#4140 = CIRCLE('',#4141,0.5);
#4141 = AXIS2_PLACEMENT_3D('',#4142,#4143,#4144);
#4142 = CARTESIAN_POINT('',(169.59,-63.73,0.));
#4143 = DIRECTION('',(-0.,0.,-1.));
#4144 = DIRECTION('',(-0.,-1.,0.));
#4145 = FACE_BOUND('',#4146,.F.);
#4146 = EDGE_LOOP('',(#4147));
#4147 = ORIENTED_EDGE('',*,*,#4148,.T.);
#4148 = EDGE_CURVE('',#4149,#4149,#4151,.T.);
#4149 = VERTEX_POINT('',#4150);
#4150 = CARTESIAN_POINT('',(172.13,-64.23,0.));
#4151 = CIRCLE('',#4152,0.5);
#4152 = AXIS2_PLACEMENT_3D('',#4153,#4154,#4155);
#4153 = CARTESIAN_POINT('',(172.13,-63.73,0.));
#4154 = DIRECTION('',(-0.,0.,-1.));
#4155 = DIRECTION('',(-0.,-1.,0.));
#4156 = FACE_BOUND('',#4157,.F.);
#4157 = EDGE_LOOP('',(#4158));
#4158 = ORIENTED_EDGE('',*,*,#4159,.T.);
#4159 = EDGE_CURVE('',#4160,#4160,#4162,.T.);
#4160 = VERTEX_POINT('',#4161);
#4161 = CARTESIAN_POINT('',(177.,-43.375,0.));
#4162 = CIRCLE('',#4163,1.375);
#4163 = AXIS2_PLACEMENT_3D('',#4164,#4165,#4166);
#4164 = CARTESIAN_POINT('',(177.,-42.,0.));
#4165 = DIRECTION('',(-0.,0.,-1.));
#4166 = DIRECTION('',(-0.,-1.,0.));
#4167 = PLANE('',#4168);
#4168 = AXIS2_PLACEMENT_3D('',#4169,#4170,#4171);
#4169 = CARTESIAN_POINT('',(0.,0.,0.));
#4170 = DIRECTION('',(0.,0.,1.));
#4171 = DIRECTION('',(1.,0.,-0.));
#4172 = ADVANCED_FACE('',(#4173,#4184,#4195,#4206,#4217,#4228,#4239,
    #4250,#4261,#4272,#4283,#4294,#4305,#4316,#4327,#4338,#4349,#4360,
    #4371,#4382,#4393,#4404,#4415,#4426,#4437,#4448,#4459,#4470,#4481,
    #4492,#4503,#4514,#4525,#4536,#4547,#4558,#4569,#4580,#4591,#4602,
    #4613,#4624,#4635,#4646,#4657,#4668,#4679,#4690,#4701,#4712,#4723,
    #4734,#4745,#4756,#4767,#4778,#4789,#4800,#4811,#4822,#4833,#4844,
    #4855,#4866,#4877,#4888,#4899,#4910,#4921,#4932,#4943,#4954,#4965,
    #4976),#4987,.T.);
#4173 = FACE_BOUND('',#4174,.T.);
#4174 = EDGE_LOOP('',(#4175,#4176,#4177,#4183));
#4175 = ORIENTED_EDGE('',*,*,#3264,.F.);
#4176 = ORIENTED_EDGE('',*,*,#3304,.F.);
#4177 = ORIENTED_EDGE('',*,*,#4178,.F.);
#4178 = EDGE_CURVE('',#3327,#3297,#4179,.T.);
#4179 = LINE('',#4180,#4181);
#4180 = CARTESIAN_POINT('',(114.,-37.5,1.51));
#4181 = VECTOR('',#4182,1.);
#4182 = DIRECTION('',(1.,0.,0.));
#4183 = ORIENTED_EDGE('',*,*,#3326,.F.);
#4184 = FACE_BOUND('',#4185,.T.);
#4185 = EDGE_LOOP('',(#4186));
#4186 = ORIENTED_EDGE('',*,*,#4187,.T.);
#4187 = EDGE_CURVE('',#4188,#4188,#4190,.T.);
#4188 = VERTEX_POINT('',#4189);
#4189 = CARTESIAN_POINT('',(124.,-105.075,1.51));
#4190 = CIRCLE('',#4191,0.575);
#4191 = AXIS2_PLACEMENT_3D('',#4192,#4193,#4194);
#4192 = CARTESIAN_POINT('',(124.,-104.5,1.51));
#4193 = DIRECTION('',(-0.,0.,-1.));
#4194 = DIRECTION('',(-0.,-1.,0.));
#4195 = FACE_BOUND('',#4196,.T.);
#4196 = EDGE_LOOP('',(#4197));
#4197 = ORIENTED_EDGE('',*,*,#4198,.T.);
#4198 = EDGE_CURVE('',#4199,#4199,#4201,.T.);
#4199 = VERTEX_POINT('',#4200);
#4200 = CARTESIAN_POINT('',(128.,-105.075,1.51));
#4201 = CIRCLE('',#4202,0.575);
#4202 = AXIS2_PLACEMENT_3D('',#4203,#4204,#4205);
#4203 = CARTESIAN_POINT('',(128.,-104.5,1.51));
#4204 = DIRECTION('',(-0.,0.,-1.));
#4205 = DIRECTION('',(-0.,-1.,0.));
#4206 = FACE_BOUND('',#4207,.T.);
#4207 = EDGE_LOOP('',(#4208));
#4208 = ORIENTED_EDGE('',*,*,#4209,.T.);
#4209 = EDGE_CURVE('',#4210,#4210,#4212,.T.);
#4210 = VERTEX_POINT('',#4211);
#4211 = CARTESIAN_POINT('',(132.,-105.075,1.51));
#4212 = CIRCLE('',#4213,0.575);
#4213 = AXIS2_PLACEMENT_3D('',#4214,#4215,#4216);
#4214 = CARTESIAN_POINT('',(132.,-104.5,1.51));
#4215 = DIRECTION('',(-0.,0.,-1.));
#4216 = DIRECTION('',(-0.,-1.,0.));
#4217 = FACE_BOUND('',#4218,.T.);
#4218 = EDGE_LOOP('',(#4219));
#4219 = ORIENTED_EDGE('',*,*,#4220,.T.);
#4220 = EDGE_CURVE('',#4221,#4221,#4223,.T.);
#4221 = VERTEX_POINT('',#4222);
#4222 = CARTESIAN_POINT('',(136.,-105.075,1.51));
#4223 = CIRCLE('',#4224,0.575);
#4224 = AXIS2_PLACEMENT_3D('',#4225,#4226,#4227);
#4225 = CARTESIAN_POINT('',(136.,-104.5,1.51));
#4226 = DIRECTION('',(-0.,0.,-1.));
#4227 = DIRECTION('',(-0.,-1.,0.));
#4228 = FACE_BOUND('',#4229,.T.);
#4229 = EDGE_LOOP('',(#4230));
#4230 = ORIENTED_EDGE('',*,*,#4231,.T.);
#4231 = EDGE_CURVE('',#4232,#4232,#4234,.T.);
#4232 = VERTEX_POINT('',#4233);
#4233 = CARTESIAN_POINT('',(140.,-105.075,1.51));
#4234 = CIRCLE('',#4235,0.575);
#4235 = AXIS2_PLACEMENT_3D('',#4236,#4237,#4238);
#4236 = CARTESIAN_POINT('',(140.,-104.5,1.51));
#4237 = DIRECTION('',(-0.,0.,-1.));
#4238 = DIRECTION('',(-0.,-1.,0.));
#4239 = FACE_BOUND('',#4240,.T.);
#4240 = EDGE_LOOP('',(#4241));
#4241 = ORIENTED_EDGE('',*,*,#4242,.T.);
#4242 = EDGE_CURVE('',#4243,#4243,#4245,.T.);
#4243 = VERTEX_POINT('',#4244);
#4244 = CARTESIAN_POINT('',(144.,-105.075,1.51));
#4245 = CIRCLE('',#4246,0.575);
#4246 = AXIS2_PLACEMENT_3D('',#4247,#4248,#4249);
#4247 = CARTESIAN_POINT('',(144.,-104.5,1.51));
#4248 = DIRECTION('',(-0.,0.,-1.));
#4249 = DIRECTION('',(-0.,-1.,0.));
#4250 = FACE_BOUND('',#4251,.T.);
#4251 = EDGE_LOOP('',(#4252));
#4252 = ORIENTED_EDGE('',*,*,#4253,.T.);
#4253 = EDGE_CURVE('',#4254,#4254,#4256,.T.);
#4254 = VERTEX_POINT('',#4255);
#4255 = CARTESIAN_POINT('',(148.,-105.075,1.51));
#4256 = CIRCLE('',#4257,0.575);
#4257 = AXIS2_PLACEMENT_3D('',#4258,#4259,#4260);
#4258 = CARTESIAN_POINT('',(148.,-104.5,1.51));
#4259 = DIRECTION('',(-0.,0.,-1.));
#4260 = DIRECTION('',(-0.,-1.,0.));
#4261 = FACE_BOUND('',#4262,.T.);
#4262 = EDGE_LOOP('',(#4263));
#4263 = ORIENTED_EDGE('',*,*,#4264,.T.);
#4264 = EDGE_CURVE('',#4265,#4265,#4267,.T.);
#4265 = VERTEX_POINT('',#4266);
#4266 = CARTESIAN_POINT('',(139.527401,-95.8,1.51));
#4267 = CIRCLE('',#4268,0.3);
#4268 = AXIS2_PLACEMENT_3D('',#4269,#4270,#4271);
#4269 = CARTESIAN_POINT('',(139.527401,-95.5,1.51));
#4270 = DIRECTION('',(-0.,0.,-1.));
#4271 = DIRECTION('',(-0.,-1.,0.));
#4272 = FACE_BOUND('',#4273,.T.);
#4273 = EDGE_LOOP('',(#4274));
#4274 = ORIENTED_EDGE('',*,*,#4275,.T.);
#4275 = EDGE_CURVE('',#4276,#4276,#4278,.T.);
#4276 = VERTEX_POINT('',#4277);
#4277 = CARTESIAN_POINT('',(141.527401,-95.8,1.51));
#4278 = CIRCLE('',#4279,0.3);
#4279 = AXIS2_PLACEMENT_3D('',#4280,#4281,#4282);
#4280 = CARTESIAN_POINT('',(141.527401,-95.5,1.51));
#4281 = DIRECTION('',(-0.,0.,-1.));
#4282 = DIRECTION('',(-0.,-1.,0.));
#4283 = FACE_BOUND('',#4284,.T.);
#4284 = EDGE_LOOP('',(#4285));
#4285 = ORIENTED_EDGE('',*,*,#4286,.T.);
#4286 = EDGE_CURVE('',#4287,#4287,#4289,.T.);
#4287 = VERTEX_POINT('',#4288);
#4288 = CARTESIAN_POINT('',(149.38,-95.6,1.51));
#4289 = CIRCLE('',#4290,0.6);
#4290 = AXIS2_PLACEMENT_3D('',#4291,#4292,#4293);
#4291 = CARTESIAN_POINT('',(149.38,-95.,1.51));
#4292 = DIRECTION('',(-0.,0.,-1.));
#4293 = DIRECTION('',(-0.,-1.,0.));
#4294 = FACE_BOUND('',#4295,.T.);
#4295 = EDGE_LOOP('',(#4296));
#4296 = ORIENTED_EDGE('',*,*,#4297,.T.);
#4297 = EDGE_CURVE('',#4298,#4298,#4300,.T.);
#4298 = VERTEX_POINT('',#4299);
#4299 = CARTESIAN_POINT('',(139.527401,-88.3,1.51));
#4300 = CIRCLE('',#4301,0.3);
#4301 = AXIS2_PLACEMENT_3D('',#4302,#4303,#4304);
#4302 = CARTESIAN_POINT('',(139.527401,-88.,1.51));
#4303 = DIRECTION('',(-0.,0.,-1.));
#4304 = DIRECTION('',(-0.,-1.,0.));
#4305 = FACE_BOUND('',#4306,.T.);
#4306 = EDGE_LOOP('',(#4307));
#4307 = ORIENTED_EDGE('',*,*,#4308,.T.);
#4308 = EDGE_CURVE('',#4309,#4309,#4311,.T.);
#4309 = VERTEX_POINT('',#4310);
#4310 = CARTESIAN_POINT('',(141.527401,-88.3,1.51));
#4311 = CIRCLE('',#4312,0.3);
#4312 = AXIS2_PLACEMENT_3D('',#4313,#4314,#4315);
#4313 = CARTESIAN_POINT('',(141.527401,-88.,1.51));
#4314 = DIRECTION('',(-0.,0.,-1.));
#4315 = DIRECTION('',(-0.,-1.,0.));
#4316 = FACE_BOUND('',#4317,.T.);
#4317 = EDGE_LOOP('',(#4318));
#4318 = ORIENTED_EDGE('',*,*,#4319,.T.);
#4319 = EDGE_CURVE('',#4320,#4320,#4322,.T.);
#4320 = VERTEX_POINT('',#4321);
#4321 = CARTESIAN_POINT('',(149.38,-89.1,1.51));
#4322 = CIRCLE('',#4323,0.6);
#4323 = AXIS2_PLACEMENT_3D('',#4324,#4325,#4326);
#4324 = CARTESIAN_POINT('',(149.38,-88.5,1.51));
#4325 = DIRECTION('',(-0.,0.,-1.));
#4326 = DIRECTION('',(-0.,-1.,0.));
#4327 = FACE_BOUND('',#4328,.T.);
#4328 = EDGE_LOOP('',(#4329));
#4329 = ORIENTED_EDGE('',*,*,#4330,.T.);
#4330 = EDGE_CURVE('',#4331,#4331,#4333,.T.);
#4331 = VERTEX_POINT('',#4332);
#4332 = CARTESIAN_POINT('',(149.38,-82.6,1.51));
#4333 = CIRCLE('',#4334,0.6);
#4334 = AXIS2_PLACEMENT_3D('',#4335,#4336,#4337);
#4335 = CARTESIAN_POINT('',(149.38,-82.,1.51));
#4336 = DIRECTION('',(-0.,0.,-1.));
#4337 = DIRECTION('',(-0.,-1.,0.));
#4338 = FACE_BOUND('',#4339,.T.);
#4339 = EDGE_LOOP('',(#4340));
#4340 = ORIENTED_EDGE('',*,*,#4341,.T.);
#4341 = EDGE_CURVE('',#4342,#4342,#4344,.T.);
#4342 = VERTEX_POINT('',#4343);
#4343 = CARTESIAN_POINT('',(139.,-77.4,1.51));
#4344 = CIRCLE('',#4345,0.4);
#4345 = AXIS2_PLACEMENT_3D('',#4346,#4347,#4348);
#4346 = CARTESIAN_POINT('',(139.,-77.,1.51));
#4347 = DIRECTION('',(-0.,0.,-1.));
#4348 = DIRECTION('',(-0.,-1.,0.));
#4349 = FACE_BOUND('',#4350,.T.);
#4350 = EDGE_LOOP('',(#4351));
#4351 = ORIENTED_EDGE('',*,*,#4352,.T.);
#4352 = EDGE_CURVE('',#4353,#4353,#4355,.T.);
#4353 = VERTEX_POINT('',#4354);
#4354 = CARTESIAN_POINT('',(145.,-77.4,1.51));
#4355 = CIRCLE('',#4356,0.4);
#4356 = AXIS2_PLACEMENT_3D('',#4357,#4358,#4359);
#4357 = CARTESIAN_POINT('',(145.,-77.,1.51));
#4358 = DIRECTION('',(-0.,0.,-1.));
#4359 = DIRECTION('',(-0.,-1.,0.));
#4360 = FACE_BOUND('',#4361,.T.);
#4361 = EDGE_LOOP('',(#4362));
#4362 = ORIENTED_EDGE('',*,*,#4363,.T.);
#4363 = EDGE_CURVE('',#4364,#4364,#4366,.T.);
#4364 = VERTEX_POINT('',#4365);
#4365 = CARTESIAN_POINT('',(149.38,-76.1,1.51));
#4366 = CIRCLE('',#4367,0.6);
#4367 = AXIS2_PLACEMENT_3D('',#4368,#4369,#4370);
#4368 = CARTESIAN_POINT('',(149.38,-75.5,1.51));
#4369 = DIRECTION('',(-0.,0.,-1.));
#4370 = DIRECTION('',(-0.,-1.,0.));
#4371 = FACE_BOUND('',#4372,.T.);
#4372 = EDGE_LOOP('',(#4373));
#4373 = ORIENTED_EDGE('',*,*,#4374,.T.);
#4374 = EDGE_CURVE('',#4375,#4375,#4377,.T.);
#4375 = VERTEX_POINT('',#4376);
#4376 = CARTESIAN_POINT('',(152.,-105.075,1.51));
#4377 = CIRCLE('',#4378,0.575);
#4378 = AXIS2_PLACEMENT_3D('',#4379,#4380,#4381);
#4379 = CARTESIAN_POINT('',(152.,-104.5,1.51));
#4380 = DIRECTION('',(-0.,0.,-1.));
#4381 = DIRECTION('',(-0.,-1.,0.));
#4382 = FACE_BOUND('',#4383,.T.);
#4383 = EDGE_LOOP('',(#4384));
#4384 = ORIENTED_EDGE('',*,*,#4385,.T.);
#4385 = EDGE_CURVE('',#4386,#4386,#4388,.T.);
#4386 = VERTEX_POINT('',#4387);
#4387 = CARTESIAN_POINT('',(156.,-105.075,1.51));
#4388 = CIRCLE('',#4389,0.575);
#4389 = AXIS2_PLACEMENT_3D('',#4390,#4391,#4392);
#4390 = CARTESIAN_POINT('',(156.,-104.5,1.51));
#4391 = DIRECTION('',(-0.,0.,-1.));
#4392 = DIRECTION('',(-0.,-1.,0.));
#4393 = FACE_BOUND('',#4394,.T.);
#4394 = EDGE_LOOP('',(#4395));
#4395 = ORIENTED_EDGE('',*,*,#4396,.T.);
#4396 = EDGE_CURVE('',#4397,#4397,#4399,.T.);
#4397 = VERTEX_POINT('',#4398);
#4398 = CARTESIAN_POINT('',(160.,-105.075,1.51));
#4399 = CIRCLE('',#4400,0.575);
#4400 = AXIS2_PLACEMENT_3D('',#4401,#4402,#4403);
#4401 = CARTESIAN_POINT('',(160.,-104.5,1.51));
#4402 = DIRECTION('',(-0.,0.,-1.));
#4403 = DIRECTION('',(-0.,-1.,0.));
#4404 = FACE_BOUND('',#4405,.T.);
#4405 = EDGE_LOOP('',(#4406));
#4406 = ORIENTED_EDGE('',*,*,#4407,.T.);
#4407 = EDGE_CURVE('',#4408,#4408,#4410,.T.);
#4408 = VERTEX_POINT('',#4409);
#4409 = CARTESIAN_POINT('',(164.,-105.075,1.51));
#4410 = CIRCLE('',#4411,0.575);
#4411 = AXIS2_PLACEMENT_3D('',#4412,#4413,#4414);
#4412 = CARTESIAN_POINT('',(164.,-104.5,1.51));
#4413 = DIRECTION('',(-0.,0.,-1.));
#4414 = DIRECTION('',(-0.,-1.,0.));
#4415 = FACE_BOUND('',#4416,.T.);
#4416 = EDGE_LOOP('',(#4417));
#4417 = ORIENTED_EDGE('',*,*,#4418,.T.);
#4418 = EDGE_CURVE('',#4419,#4419,#4421,.T.);
#4419 = VERTEX_POINT('',#4420);
#4420 = CARTESIAN_POINT('',(164.62,-95.6,1.51));
#4421 = CIRCLE('',#4422,0.6);
#4422 = AXIS2_PLACEMENT_3D('',#4423,#4424,#4425);
#4423 = CARTESIAN_POINT('',(164.62,-95.,1.51));
#4424 = DIRECTION('',(-0.,0.,-1.));
#4425 = DIRECTION('',(-0.,-1.,0.));
#4426 = FACE_BOUND('',#4427,.T.);
#4427 = EDGE_LOOP('',(#4428));
#4428 = ORIENTED_EDGE('',*,*,#4429,.T.);
#4429 = EDGE_CURVE('',#4430,#4430,#4432,.T.);
#4430 = VERTEX_POINT('',#4431);
#4431 = CARTESIAN_POINT('',(164.62,-89.1,1.51));
#4432 = CIRCLE('',#4433,0.6);
#4433 = AXIS2_PLACEMENT_3D('',#4434,#4435,#4436);
#4434 = CARTESIAN_POINT('',(164.62,-88.5,1.51));
#4435 = DIRECTION('',(-0.,0.,-1.));
#4436 = DIRECTION('',(-0.,-1.,0.));
#4437 = FACE_BOUND('',#4438,.T.);
#4438 = EDGE_LOOP('',(#4439));
#4439 = ORIENTED_EDGE('',*,*,#4440,.T.);
#4440 = EDGE_CURVE('',#4441,#4441,#4443,.T.);
#4441 = VERTEX_POINT('',#4442);
#4442 = CARTESIAN_POINT('',(164.62,-82.6,1.51));
#4443 = CIRCLE('',#4444,0.6);
#4444 = AXIS2_PLACEMENT_3D('',#4445,#4446,#4447);
#4445 = CARTESIAN_POINT('',(164.62,-82.,1.51));
#4446 = DIRECTION('',(-0.,0.,-1.));
#4447 = DIRECTION('',(-0.,-1.,0.));
#4448 = FACE_BOUND('',#4449,.T.);
#4449 = EDGE_LOOP('',(#4450));
#4450 = ORIENTED_EDGE('',*,*,#4451,.T.);
#4451 = EDGE_CURVE('',#4452,#4452,#4454,.T.);
#4452 = VERTEX_POINT('',#4453);
#4453 = CARTESIAN_POINT('',(164.62,-76.1,1.51));
#4454 = CIRCLE('',#4455,0.6);
#4455 = AXIS2_PLACEMENT_3D('',#4456,#4457,#4458);
#4456 = CARTESIAN_POINT('',(164.62,-75.5,1.51));
#4457 = DIRECTION('',(-0.,0.,-1.));
#4458 = DIRECTION('',(-0.,-1.,0.));
#4459 = FACE_BOUND('',#4460,.T.);
#4460 = EDGE_LOOP('',(#4461));
#4461 = ORIENTED_EDGE('',*,*,#4462,.T.);
#4462 = EDGE_CURVE('',#4463,#4463,#4465,.T.);
#4463 = VERTEX_POINT('',#4464);
#4464 = CARTESIAN_POINT('',(181.5,-87.575,1.51));
#4465 = CIRCLE('',#4466,0.575);
#4466 = AXIS2_PLACEMENT_3D('',#4467,#4468,#4469);
#4467 = CARTESIAN_POINT('',(181.5,-87.,1.51));
#4468 = DIRECTION('',(-0.,0.,-1.));
#4469 = DIRECTION('',(-0.,-1.,0.));
#4470 = FACE_BOUND('',#4471,.T.);
#4471 = EDGE_LOOP('',(#4472));
#4472 = ORIENTED_EDGE('',*,*,#4473,.T.);
#4473 = EDGE_CURVE('',#4474,#4474,#4476,.T.);
#4474 = VERTEX_POINT('',#4475);
#4475 = CARTESIAN_POINT('',(181.5,-79.075,1.51));
#4476 = CIRCLE('',#4477,0.575);
#4477 = AXIS2_PLACEMENT_3D('',#4478,#4479,#4480);
#4478 = CARTESIAN_POINT('',(181.5,-78.5,1.51));
#4479 = DIRECTION('',(-0.,0.,-1.));
#4480 = DIRECTION('',(-0.,-1.,0.));
#4481 = FACE_BOUND('',#4482,.T.);
#4482 = EDGE_LOOP('',(#4483));
#4483 = ORIENTED_EDGE('',*,*,#4484,.T.);
#4484 = EDGE_CURVE('',#4485,#4485,#4487,.T.);
#4485 = VERTEX_POINT('',#4486);
#4486 = CARTESIAN_POINT('',(119.,-66.375,1.51));
#4487 = CIRCLE('',#4488,1.375);
#4488 = AXIS2_PLACEMENT_3D('',#4489,#4490,#4491);
#4489 = CARTESIAN_POINT('',(119.,-65.,1.51));
#4490 = DIRECTION('',(-0.,0.,-1.));
#4491 = DIRECTION('',(-0.,-1.,0.));
#4492 = FACE_BOUND('',#4493,.T.);
#4493 = EDGE_LOOP('',(#4494));
#4494 = ORIENTED_EDGE('',*,*,#4495,.T.);
#4495 = EDGE_CURVE('',#4496,#4496,#4498,.T.);
#4496 = VERTEX_POINT('',#4497);
#4497 = CARTESIAN_POINT('',(123.87,-66.77,1.51));
#4498 = CIRCLE('',#4499,0.5);
#4499 = AXIS2_PLACEMENT_3D('',#4500,#4501,#4502);
#4500 = CARTESIAN_POINT('',(123.87,-66.27,1.51));
#4501 = DIRECTION('',(-0.,0.,-1.));
#4502 = DIRECTION('',(-0.,-1.,0.));
#4503 = FACE_BOUND('',#4504,.T.);
#4504 = EDGE_LOOP('',(#4505));
#4505 = ORIENTED_EDGE('',*,*,#4506,.T.);
#4506 = EDGE_CURVE('',#4507,#4507,#4509,.T.);
#4507 = VERTEX_POINT('',#4508);
#4508 = CARTESIAN_POINT('',(126.41,-66.77,1.51));
#4509 = CIRCLE('',#4510,0.5);
#4510 = AXIS2_PLACEMENT_3D('',#4511,#4512,#4513);
#4511 = CARTESIAN_POINT('',(126.41,-66.27,1.51));
#4512 = DIRECTION('',(-0.,0.,-1.));
#4513 = DIRECTION('',(-0.,-1.,0.));
#4514 = FACE_BOUND('',#4515,.T.);
#4515 = EDGE_LOOP('',(#4516));
#4516 = ORIENTED_EDGE('',*,*,#4517,.T.);
#4517 = EDGE_CURVE('',#4518,#4518,#4520,.T.);
#4518 = VERTEX_POINT('',#4519);
#4519 = CARTESIAN_POINT('',(128.95,-66.77,1.51));
#4520 = CIRCLE('',#4521,0.5);
#4521 = AXIS2_PLACEMENT_3D('',#4522,#4523,#4524);
#4522 = CARTESIAN_POINT('',(128.95,-66.27,1.51));
#4523 = DIRECTION('',(-0.,0.,-1.));
#4524 = DIRECTION('',(-0.,-1.,0.));
#4525 = FACE_BOUND('',#4526,.T.);
#4526 = EDGE_LOOP('',(#4527));
#4527 = ORIENTED_EDGE('',*,*,#4528,.T.);
#4528 = EDGE_CURVE('',#4529,#4529,#4531,.T.);
#4529 = VERTEX_POINT('',#4530);
#4530 = CARTESIAN_POINT('',(131.49,-66.77,1.51));
#4531 = CIRCLE('',#4532,0.5);
#4532 = AXIS2_PLACEMENT_3D('',#4533,#4534,#4535);
#4533 = CARTESIAN_POINT('',(131.49,-66.27,1.51));
#4534 = DIRECTION('',(-0.,0.,-1.));
#4535 = DIRECTION('',(-0.,-1.,0.));
#4536 = FACE_BOUND('',#4537,.T.);
#4537 = EDGE_LOOP('',(#4538));
#4538 = ORIENTED_EDGE('',*,*,#4539,.T.);
#4539 = EDGE_CURVE('',#4540,#4540,#4542,.T.);
#4540 = VERTEX_POINT('',#4541);
#4541 = CARTESIAN_POINT('',(123.87,-64.23,1.51));
#4542 = CIRCLE('',#4543,0.5);
#4543 = AXIS2_PLACEMENT_3D('',#4544,#4545,#4546);
#4544 = CARTESIAN_POINT('',(123.87,-63.73,1.51));
#4545 = DIRECTION('',(-0.,0.,-1.));
#4546 = DIRECTION('',(-0.,-1.,0.));
#4547 = FACE_BOUND('',#4548,.T.);
#4548 = EDGE_LOOP('',(#4549));
#4549 = ORIENTED_EDGE('',*,*,#4550,.T.);
#4550 = EDGE_CURVE('',#4551,#4551,#4553,.T.);
#4551 = VERTEX_POINT('',#4552);
#4552 = CARTESIAN_POINT('',(126.41,-64.23,1.51));
#4553 = CIRCLE('',#4554,0.5);
#4554 = AXIS2_PLACEMENT_3D('',#4555,#4556,#4557);
#4555 = CARTESIAN_POINT('',(126.41,-63.73,1.51));
#4556 = DIRECTION('',(-0.,0.,-1.));
#4557 = DIRECTION('',(-0.,-1.,0.));
#4558 = FACE_BOUND('',#4559,.T.);
#4559 = EDGE_LOOP('',(#4560));
#4560 = ORIENTED_EDGE('',*,*,#4561,.T.);
#4561 = EDGE_CURVE('',#4562,#4562,#4564,.T.);
#4562 = VERTEX_POINT('',#4563);
#4563 = CARTESIAN_POINT('',(128.95,-64.23,1.51));
#4564 = CIRCLE('',#4565,0.5);
#4565 = AXIS2_PLACEMENT_3D('',#4566,#4567,#4568);
#4566 = CARTESIAN_POINT('',(128.95,-63.73,1.51));
#4567 = DIRECTION('',(-0.,0.,-1.));
#4568 = DIRECTION('',(-0.,-1.,0.));
#4569 = FACE_BOUND('',#4570,.T.);
#4570 = EDGE_LOOP('',(#4571));
#4571 = ORIENTED_EDGE('',*,*,#4572,.T.);
#4572 = EDGE_CURVE('',#4573,#4573,#4575,.T.);
#4573 = VERTEX_POINT('',#4574);
#4574 = CARTESIAN_POINT('',(131.49,-64.23,1.51));
#4575 = CIRCLE('',#4576,0.5);
#4576 = AXIS2_PLACEMENT_3D('',#4577,#4578,#4579);
#4577 = CARTESIAN_POINT('',(131.49,-63.73,1.51));
#4578 = DIRECTION('',(-0.,0.,-1.));
#4579 = DIRECTION('',(-0.,-1.,0.));
#4580 = FACE_BOUND('',#4581,.T.);
#4581 = EDGE_LOOP('',(#4582));
#4582 = ORIENTED_EDGE('',*,*,#4583,.T.);
#4583 = EDGE_CURVE('',#4584,#4584,#4586,.T.);
#4584 = VERTEX_POINT('',#4585);
#4585 = CARTESIAN_POINT('',(139.,-72.4,1.51));
#4586 = CIRCLE('',#4587,0.4);
#4587 = AXIS2_PLACEMENT_3D('',#4588,#4589,#4590);
#4588 = CARTESIAN_POINT('',(139.,-72.,1.51));
#4589 = DIRECTION('',(-0.,0.,-1.));
#4590 = DIRECTION('',(-0.,-1.,0.));
#4591 = FACE_BOUND('',#4592,.T.);
#4592 = EDGE_LOOP('',(#4593));
#4593 = ORIENTED_EDGE('',*,*,#4594,.T.);
#4594 = EDGE_CURVE('',#4595,#4595,#4597,.T.);
#4595 = VERTEX_POINT('',#4596);
#4596 = CARTESIAN_POINT('',(134.03,-66.77,1.51));
#4597 = CIRCLE('',#4598,0.5);
#4598 = AXIS2_PLACEMENT_3D('',#4599,#4600,#4601);
#4599 = CARTESIAN_POINT('',(134.03,-66.27,1.51));
#4600 = DIRECTION('',(-0.,0.,-1.));
#4601 = DIRECTION('',(-0.,-1.,0.));
#4602 = FACE_BOUND('',#4603,.T.);
#4603 = EDGE_LOOP('',(#4604));
#4604 = ORIENTED_EDGE('',*,*,#4605,.T.);
#4605 = EDGE_CURVE('',#4606,#4606,#4608,.T.);
#4606 = VERTEX_POINT('',#4607);
#4607 = CARTESIAN_POINT('',(136.57,-66.77,1.51));
#4608 = CIRCLE('',#4609,0.5);
#4609 = AXIS2_PLACEMENT_3D('',#4610,#4611,#4612);
#4610 = CARTESIAN_POINT('',(136.57,-66.27,1.51));
#4611 = DIRECTION('',(-0.,0.,-1.));
#4612 = DIRECTION('',(-0.,-1.,0.));
#4613 = FACE_BOUND('',#4614,.T.);
#4614 = EDGE_LOOP('',(#4615));
#4615 = ORIENTED_EDGE('',*,*,#4616,.T.);
#4616 = EDGE_CURVE('',#4617,#4617,#4619,.T.);
#4617 = VERTEX_POINT('',#4618);
#4618 = CARTESIAN_POINT('',(139.11,-66.77,1.51));
#4619 = CIRCLE('',#4620,0.5);
#4620 = AXIS2_PLACEMENT_3D('',#4621,#4622,#4623);
#4621 = CARTESIAN_POINT('',(139.11,-66.27,1.51));
#4622 = DIRECTION('',(-0.,0.,-1.));
#4623 = DIRECTION('',(-0.,-1.,0.));
#4624 = FACE_BOUND('',#4625,.T.);
#4625 = EDGE_LOOP('',(#4626));
#4626 = ORIENTED_EDGE('',*,*,#4627,.T.);
#4627 = EDGE_CURVE('',#4628,#4628,#4630,.T.);
#4628 = VERTEX_POINT('',#4629);
#4629 = CARTESIAN_POINT('',(141.65,-66.77,1.51));
#4630 = CIRCLE('',#4631,0.5);
#4631 = AXIS2_PLACEMENT_3D('',#4632,#4633,#4634);
#4632 = CARTESIAN_POINT('',(141.65,-66.27,1.51));
#4633 = DIRECTION('',(-0.,0.,-1.));
#4634 = DIRECTION('',(-0.,-1.,0.));
#4635 = FACE_BOUND('',#4636,.T.);
#4636 = EDGE_LOOP('',(#4637));
#4637 = ORIENTED_EDGE('',*,*,#4638,.T.);
#4638 = EDGE_CURVE('',#4639,#4639,#4641,.T.);
#4639 = VERTEX_POINT('',#4640);
#4640 = CARTESIAN_POINT('',(145.,-72.4,1.51));
#4641 = CIRCLE('',#4642,0.4);
#4642 = AXIS2_PLACEMENT_3D('',#4643,#4644,#4645);
#4643 = CARTESIAN_POINT('',(145.,-72.,1.51));
#4644 = DIRECTION('',(-0.,0.,-1.));
#4645 = DIRECTION('',(-0.,-1.,0.));
#4646 = FACE_BOUND('',#4647,.T.);
#4647 = EDGE_LOOP('',(#4648));
#4648 = ORIENTED_EDGE('',*,*,#4649,.T.);
#4649 = EDGE_CURVE('',#4650,#4650,#4652,.T.);
#4650 = VERTEX_POINT('',#4651);
#4651 = CARTESIAN_POINT('',(144.19,-66.77,1.51));
#4652 = CIRCLE('',#4653,0.5);
#4653 = AXIS2_PLACEMENT_3D('',#4654,#4655,#4656);
#4654 = CARTESIAN_POINT('',(144.19,-66.27,1.51));
#4655 = DIRECTION('',(-0.,0.,-1.));
#4656 = DIRECTION('',(-0.,-1.,0.));
#4657 = FACE_BOUND('',#4658,.T.);
#4658 = EDGE_LOOP('',(#4659));
#4659 = ORIENTED_EDGE('',*,*,#4660,.T.);
#4660 = EDGE_CURVE('',#4661,#4661,#4663,.T.);
#4661 = VERTEX_POINT('',#4662);
#4662 = CARTESIAN_POINT('',(146.73,-66.77,1.51));
#4663 = CIRCLE('',#4664,0.5);
#4664 = AXIS2_PLACEMENT_3D('',#4665,#4666,#4667);
#4665 = CARTESIAN_POINT('',(146.73,-66.27,1.51));
#4666 = DIRECTION('',(-0.,0.,-1.));
#4667 = DIRECTION('',(-0.,-1.,0.));
#4668 = FACE_BOUND('',#4669,.T.);
#4669 = EDGE_LOOP('',(#4670));
#4670 = ORIENTED_EDGE('',*,*,#4671,.T.);
#4671 = EDGE_CURVE('',#4672,#4672,#4674,.T.);
#4672 = VERTEX_POINT('',#4673);
#4673 = CARTESIAN_POINT('',(149.27,-66.77,1.51));
#4674 = CIRCLE('',#4675,0.5);
#4675 = AXIS2_PLACEMENT_3D('',#4676,#4677,#4678);
#4676 = CARTESIAN_POINT('',(149.27,-66.27,1.51));
#4677 = DIRECTION('',(-0.,0.,-1.));
#4678 = DIRECTION('',(-0.,-1.,0.));
#4679 = FACE_BOUND('',#4680,.T.);
#4680 = EDGE_LOOP('',(#4681));
#4681 = ORIENTED_EDGE('',*,*,#4682,.T.);
#4682 = EDGE_CURVE('',#4683,#4683,#4685,.T.);
#4683 = VERTEX_POINT('',#4684);
#4684 = CARTESIAN_POINT('',(134.03,-64.23,1.51));
#4685 = CIRCLE('',#4686,0.5);
#4686 = AXIS2_PLACEMENT_3D('',#4687,#4688,#4689);
#4687 = CARTESIAN_POINT('',(134.03,-63.73,1.51));
#4688 = DIRECTION('',(-0.,0.,-1.));
#4689 = DIRECTION('',(-0.,-1.,0.));
#4690 = FACE_BOUND('',#4691,.T.);
#4691 = EDGE_LOOP('',(#4692));
#4692 = ORIENTED_EDGE('',*,*,#4693,.T.);
#4693 = EDGE_CURVE('',#4694,#4694,#4696,.T.);
#4694 = VERTEX_POINT('',#4695);
#4695 = CARTESIAN_POINT('',(136.57,-64.23,1.51));
#4696 = CIRCLE('',#4697,0.5);
#4697 = AXIS2_PLACEMENT_3D('',#4698,#4699,#4700);
#4698 = CARTESIAN_POINT('',(136.57,-63.73,1.51));
#4699 = DIRECTION('',(-0.,0.,-1.));
#4700 = DIRECTION('',(-0.,-1.,0.));
#4701 = FACE_BOUND('',#4702,.T.);
#4702 = EDGE_LOOP('',(#4703));
#4703 = ORIENTED_EDGE('',*,*,#4704,.T.);
#4704 = EDGE_CURVE('',#4705,#4705,#4707,.T.);
#4705 = VERTEX_POINT('',#4706);
#4706 = CARTESIAN_POINT('',(139.11,-64.23,1.51));
#4707 = CIRCLE('',#4708,0.5);
#4708 = AXIS2_PLACEMENT_3D('',#4709,#4710,#4711);
#4709 = CARTESIAN_POINT('',(139.11,-63.73,1.51));
#4710 = DIRECTION('',(-0.,0.,-1.));
#4711 = DIRECTION('',(-0.,-1.,0.));
#4712 = FACE_BOUND('',#4713,.T.);
#4713 = EDGE_LOOP('',(#4714));
#4714 = ORIENTED_EDGE('',*,*,#4715,.T.);
#4715 = EDGE_CURVE('',#4716,#4716,#4718,.T.);
#4716 = VERTEX_POINT('',#4717);
#4717 = CARTESIAN_POINT('',(141.65,-64.23,1.51));
#4718 = CIRCLE('',#4719,0.5);
#4719 = AXIS2_PLACEMENT_3D('',#4720,#4721,#4722);
#4720 = CARTESIAN_POINT('',(141.65,-63.73,1.51));
#4721 = DIRECTION('',(-0.,0.,-1.));
#4722 = DIRECTION('',(-0.,-1.,0.));
#4723 = FACE_BOUND('',#4724,.T.);
#4724 = EDGE_LOOP('',(#4725));
#4725 = ORIENTED_EDGE('',*,*,#4726,.T.);
#4726 = EDGE_CURVE('',#4727,#4727,#4729,.T.);
#4727 = VERTEX_POINT('',#4728);
#4728 = CARTESIAN_POINT('',(144.19,-64.23,1.51));
#4729 = CIRCLE('',#4730,0.5);
#4730 = AXIS2_PLACEMENT_3D('',#4731,#4732,#4733);
#4731 = CARTESIAN_POINT('',(144.19,-63.73,1.51));
#4732 = DIRECTION('',(-0.,0.,-1.));
#4733 = DIRECTION('',(-0.,-1.,0.));
#4734 = FACE_BOUND('',#4735,.T.);
#4735 = EDGE_LOOP('',(#4736));
#4736 = ORIENTED_EDGE('',*,*,#4737,.T.);
#4737 = EDGE_CURVE('',#4738,#4738,#4740,.T.);
#4738 = VERTEX_POINT('',#4739);
#4739 = CARTESIAN_POINT('',(146.73,-64.23,1.51));
#4740 = CIRCLE('',#4741,0.5);
#4741 = AXIS2_PLACEMENT_3D('',#4742,#4743,#4744);
#4742 = CARTESIAN_POINT('',(146.73,-63.73,1.51));
#4743 = DIRECTION('',(-0.,0.,-1.));
#4744 = DIRECTION('',(-0.,-1.,0.));
#4745 = FACE_BOUND('',#4746,.T.);
#4746 = EDGE_LOOP('',(#4747));
#4747 = ORIENTED_EDGE('',*,*,#4748,.T.);
#4748 = EDGE_CURVE('',#4749,#4749,#4751,.T.);
#4749 = VERTEX_POINT('',#4750);
#4750 = CARTESIAN_POINT('',(149.27,-64.23,1.51));
#4751 = CIRCLE('',#4752,0.5);
#4752 = AXIS2_PLACEMENT_3D('',#4753,#4754,#4755);
#4753 = CARTESIAN_POINT('',(149.27,-63.73,1.51));
#4754 = DIRECTION('',(-0.,0.,-1.));
#4755 = DIRECTION('',(-0.,-1.,0.));
#4756 = FACE_BOUND('',#4757,.T.);
#4757 = EDGE_LOOP('',(#4758));
#4758 = ORIENTED_EDGE('',*,*,#4759,.T.);
#4759 = EDGE_CURVE('',#4760,#4760,#4762,.T.);
#4760 = VERTEX_POINT('',#4761);
#4761 = CARTESIAN_POINT('',(119.,-43.375,1.51));
#4762 = CIRCLE('',#4763,1.375);
#4763 = AXIS2_PLACEMENT_3D('',#4764,#4765,#4766);
#4764 = CARTESIAN_POINT('',(119.,-42.,1.51));
#4765 = DIRECTION('',(-0.,0.,-1.));
#4766 = DIRECTION('',(-0.,-1.,0.));
#4767 = FACE_BOUND('',#4768,.T.);
#4768 = EDGE_LOOP('',(#4769));
#4769 = ORIENTED_EDGE('',*,*,#4770,.T.);
#4770 = EDGE_CURVE('',#4771,#4771,#4773,.T.);
#4771 = VERTEX_POINT('',#4772);
#4772 = CARTESIAN_POINT('',(151.81,-66.77,1.51));
#4773 = CIRCLE('',#4774,0.5);
#4774 = AXIS2_PLACEMENT_3D('',#4775,#4776,#4777);
#4775 = CARTESIAN_POINT('',(151.81,-66.27,1.51));
#4776 = DIRECTION('',(-0.,0.,-1.));
#4777 = DIRECTION('',(-0.,-1.,0.));
#4778 = FACE_BOUND('',#4779,.T.);
#4779 = EDGE_LOOP('',(#4780));
#4780 = ORIENTED_EDGE('',*,*,#4781,.T.);
#4781 = EDGE_CURVE('',#4782,#4782,#4784,.T.);
#4782 = VERTEX_POINT('',#4783);
#4783 = CARTESIAN_POINT('',(154.35,-66.77,1.51));
#4784 = CIRCLE('',#4785,0.5);
#4785 = AXIS2_PLACEMENT_3D('',#4786,#4787,#4788);
#4786 = CARTESIAN_POINT('',(154.35,-66.27,1.51));
#4787 = DIRECTION('',(-0.,0.,-1.));
#4788 = DIRECTION('',(-0.,-1.,0.));
#4789 = FACE_BOUND('',#4790,.T.);
#4790 = EDGE_LOOP('',(#4791));
#4791 = ORIENTED_EDGE('',*,*,#4792,.T.);
#4792 = EDGE_CURVE('',#4793,#4793,#4795,.T.);
#4793 = VERTEX_POINT('',#4794);
#4794 = CARTESIAN_POINT('',(156.89,-66.77,1.51));
#4795 = CIRCLE('',#4796,0.5);
#4796 = AXIS2_PLACEMENT_3D('',#4797,#4798,#4799);
#4797 = CARTESIAN_POINT('',(156.89,-66.27,1.51));
#4798 = DIRECTION('',(-0.,0.,-1.));
#4799 = DIRECTION('',(-0.,-1.,0.));
#4800 = FACE_BOUND('',#4801,.T.);
#4801 = EDGE_LOOP('',(#4802));
#4802 = ORIENTED_EDGE('',*,*,#4803,.T.);
#4803 = EDGE_CURVE('',#4804,#4804,#4806,.T.);
#4804 = VERTEX_POINT('',#4805);
#4805 = CARTESIAN_POINT('',(159.43,-66.77,1.51));
#4806 = CIRCLE('',#4807,0.5);
#4807 = AXIS2_PLACEMENT_3D('',#4808,#4809,#4810);
#4808 = CARTESIAN_POINT('',(159.43,-66.27,1.51));
#4809 = DIRECTION('',(-0.,0.,-1.));
#4810 = DIRECTION('',(-0.,-1.,0.));
#4811 = FACE_BOUND('',#4812,.T.);
#4812 = EDGE_LOOP('',(#4813));
#4813 = ORIENTED_EDGE('',*,*,#4814,.T.);
#4814 = EDGE_CURVE('',#4815,#4815,#4817,.T.);
#4815 = VERTEX_POINT('',#4816);
#4816 = CARTESIAN_POINT('',(161.97,-66.77,1.51));
#4817 = CIRCLE('',#4818,0.5);
#4818 = AXIS2_PLACEMENT_3D('',#4819,#4820,#4821);
#4819 = CARTESIAN_POINT('',(161.97,-66.27,1.51));
#4820 = DIRECTION('',(-0.,0.,-1.));
#4821 = DIRECTION('',(-0.,-1.,0.));
#4822 = FACE_BOUND('',#4823,.T.);
#4823 = EDGE_LOOP('',(#4824));
#4824 = ORIENTED_EDGE('',*,*,#4825,.T.);
#4825 = EDGE_CURVE('',#4826,#4826,#4828,.T.);
#4826 = VERTEX_POINT('',#4827);
#4827 = CARTESIAN_POINT('',(164.51,-66.77,1.51));
#4828 = CIRCLE('',#4829,0.5);
#4829 = AXIS2_PLACEMENT_3D('',#4830,#4831,#4832);
#4830 = CARTESIAN_POINT('',(164.51,-66.27,1.51));
#4831 = DIRECTION('',(-0.,0.,-1.));
#4832 = DIRECTION('',(-0.,-1.,0.));
#4833 = FACE_BOUND('',#4834,.T.);
#4834 = EDGE_LOOP('',(#4835));
#4835 = ORIENTED_EDGE('',*,*,#4836,.T.);
#4836 = EDGE_CURVE('',#4837,#4837,#4839,.T.);
#4837 = VERTEX_POINT('',#4838);
#4838 = CARTESIAN_POINT('',(151.81,-64.23,1.51));
#4839 = CIRCLE('',#4840,0.5);
#4840 = AXIS2_PLACEMENT_3D('',#4841,#4842,#4843);
#4841 = CARTESIAN_POINT('',(151.81,-63.73,1.51));
#4842 = DIRECTION('',(-0.,0.,-1.));
#4843 = DIRECTION('',(-0.,-1.,0.));
#4844 = FACE_BOUND('',#4845,.T.);
#4845 = EDGE_LOOP('',(#4846));
#4846 = ORIENTED_EDGE('',*,*,#4847,.T.);
#4847 = EDGE_CURVE('',#4848,#4848,#4850,.T.);
#4848 = VERTEX_POINT('',#4849);
#4849 = CARTESIAN_POINT('',(154.35,-64.23,1.51));
#4850 = CIRCLE('',#4851,0.5);
#4851 = AXIS2_PLACEMENT_3D('',#4852,#4853,#4854);
#4852 = CARTESIAN_POINT('',(154.35,-63.73,1.51));
#4853 = DIRECTION('',(-0.,0.,-1.));
#4854 = DIRECTION('',(-0.,-1.,0.));
#4855 = FACE_BOUND('',#4856,.T.);
#4856 = EDGE_LOOP('',(#4857));
#4857 = ORIENTED_EDGE('',*,*,#4858,.T.);
#4858 = EDGE_CURVE('',#4859,#4859,#4861,.T.);
#4859 = VERTEX_POINT('',#4860);
#4860 = CARTESIAN_POINT('',(156.89,-64.23,1.51));
#4861 = CIRCLE('',#4862,0.5);
#4862 = AXIS2_PLACEMENT_3D('',#4863,#4864,#4865);
#4863 = CARTESIAN_POINT('',(156.89,-63.73,1.51));
#4864 = DIRECTION('',(-0.,0.,-1.));
#4865 = DIRECTION('',(-0.,-1.,0.));
#4866 = FACE_BOUND('',#4867,.T.);
#4867 = EDGE_LOOP('',(#4868));
#4868 = ORIENTED_EDGE('',*,*,#4869,.T.);
#4869 = EDGE_CURVE('',#4870,#4870,#4872,.T.);
#4870 = VERTEX_POINT('',#4871);
#4871 = CARTESIAN_POINT('',(159.43,-64.23,1.51));
#4872 = CIRCLE('',#4873,0.5);
#4873 = AXIS2_PLACEMENT_3D('',#4874,#4875,#4876);
#4874 = CARTESIAN_POINT('',(159.43,-63.73,1.51));
#4875 = DIRECTION('',(-0.,0.,-1.));
#4876 = DIRECTION('',(-0.,-1.,0.));
#4877 = FACE_BOUND('',#4878,.T.);
#4878 = EDGE_LOOP('',(#4879));
#4879 = ORIENTED_EDGE('',*,*,#4880,.T.);
#4880 = EDGE_CURVE('',#4881,#4881,#4883,.T.);
#4881 = VERTEX_POINT('',#4882);
#4882 = CARTESIAN_POINT('',(161.97,-64.23,1.51));
#4883 = CIRCLE('',#4884,0.5);
#4884 = AXIS2_PLACEMENT_3D('',#4885,#4886,#4887);
#4885 = CARTESIAN_POINT('',(161.97,-63.73,1.51));
#4886 = DIRECTION('',(-0.,0.,-1.));
#4887 = DIRECTION('',(-0.,-1.,0.));
#4888 = FACE_BOUND('',#4889,.T.);
#4889 = EDGE_LOOP('',(#4890));
#4890 = ORIENTED_EDGE('',*,*,#4891,.T.);
#4891 = EDGE_CURVE('',#4892,#4892,#4894,.T.);
#4892 = VERTEX_POINT('',#4893);
#4893 = CARTESIAN_POINT('',(164.51,-64.23,1.51));
#4894 = CIRCLE('',#4895,0.5);
#4895 = AXIS2_PLACEMENT_3D('',#4896,#4897,#4898);
#4896 = CARTESIAN_POINT('',(164.51,-63.73,1.51));
#4897 = DIRECTION('',(-0.,0.,-1.));
#4898 = DIRECTION('',(-0.,-1.,0.));
#4899 = FACE_BOUND('',#4900,.T.);
#4900 = EDGE_LOOP('',(#4901));
#4901 = ORIENTED_EDGE('',*,*,#4902,.T.);
#4902 = EDGE_CURVE('',#4903,#4903,#4905,.T.);
#4903 = VERTEX_POINT('',#4904);
#4904 = CARTESIAN_POINT('',(167.05,-66.77,1.51));
#4905 = CIRCLE('',#4906,0.5);
#4906 = AXIS2_PLACEMENT_3D('',#4907,#4908,#4909);
#4907 = CARTESIAN_POINT('',(167.05,-66.27,1.51));
#4908 = DIRECTION('',(-0.,0.,-1.));
#4909 = DIRECTION('',(-0.,-1.,0.));
#4910 = FACE_BOUND('',#4911,.T.);
#4911 = EDGE_LOOP('',(#4912));
#4912 = ORIENTED_EDGE('',*,*,#4913,.T.);
#4913 = EDGE_CURVE('',#4914,#4914,#4916,.T.);
#4914 = VERTEX_POINT('',#4915);
#4915 = CARTESIAN_POINT('',(169.59,-66.77,1.51));
#4916 = CIRCLE('',#4917,0.5);
#4917 = AXIS2_PLACEMENT_3D('',#4918,#4919,#4920);
#4918 = CARTESIAN_POINT('',(169.59,-66.27,1.51));
#4919 = DIRECTION('',(-0.,0.,-1.));
#4920 = DIRECTION('',(-0.,-1.,0.));
#4921 = FACE_BOUND('',#4922,.T.);
#4922 = EDGE_LOOP('',(#4923));
#4923 = ORIENTED_EDGE('',*,*,#4924,.T.);
#4924 = EDGE_CURVE('',#4925,#4925,#4927,.T.);
#4925 = VERTEX_POINT('',#4926);
#4926 = CARTESIAN_POINT('',(172.13,-66.77,1.51));
#4927 = CIRCLE('',#4928,0.5);
#4928 = AXIS2_PLACEMENT_3D('',#4929,#4930,#4931);
#4929 = CARTESIAN_POINT('',(172.13,-66.27,1.51));
#4930 = DIRECTION('',(-0.,0.,-1.));
#4931 = DIRECTION('',(-0.,-1.,0.));
#4932 = FACE_BOUND('',#4933,.T.);
#4933 = EDGE_LOOP('',(#4934));
#4934 = ORIENTED_EDGE('',*,*,#4935,.T.);
#4935 = EDGE_CURVE('',#4936,#4936,#4938,.T.);
#4936 = VERTEX_POINT('',#4937);
#4937 = CARTESIAN_POINT('',(177.,-66.375,1.51));
#4938 = CIRCLE('',#4939,1.375);
#4939 = AXIS2_PLACEMENT_3D('',#4940,#4941,#4942);
#4940 = CARTESIAN_POINT('',(177.,-65.,1.51));
#4941 = DIRECTION('',(-0.,0.,-1.));
#4942 = DIRECTION('',(-0.,-1.,0.));
#4943 = FACE_BOUND('',#4944,.T.);
#4944 = EDGE_LOOP('',(#4945));
#4945 = ORIENTED_EDGE('',*,*,#4946,.T.);
#4946 = EDGE_CURVE('',#4947,#4947,#4949,.T.);
#4947 = VERTEX_POINT('',#4948);
#4948 = CARTESIAN_POINT('',(167.05,-64.23,1.51));
#4949 = CIRCLE('',#4950,0.5);
#4950 = AXIS2_PLACEMENT_3D('',#4951,#4952,#4953);
#4951 = CARTESIAN_POINT('',(167.05,-63.73,1.51));
#4952 = DIRECTION('',(-0.,0.,-1.));
#4953 = DIRECTION('',(-0.,-1.,0.));
#4954 = FACE_BOUND('',#4955,.T.);
#4955 = EDGE_LOOP('',(#4956));
#4956 = ORIENTED_EDGE('',*,*,#4957,.T.);
#4957 = EDGE_CURVE('',#4958,#4958,#4960,.T.);
#4958 = VERTEX_POINT('',#4959);
#4959 = CARTESIAN_POINT('',(169.59,-64.23,1.51));
#4960 = CIRCLE('',#4961,0.5);
#4961 = AXIS2_PLACEMENT_3D('',#4962,#4963,#4964);
#4962 = CARTESIAN_POINT('',(169.59,-63.73,1.51));
#4963 = DIRECTION('',(-0.,0.,-1.));
#4964 = DIRECTION('',(-0.,-1.,0.));
#4965 = FACE_BOUND('',#4966,.T.);
#4966 = EDGE_LOOP('',(#4967));
#4967 = ORIENTED_EDGE('',*,*,#4968,.T.);
#4968 = EDGE_CURVE('',#4969,#4969,#4971,.T.);
#4969 = VERTEX_POINT('',#4970);
#4970 = CARTESIAN_POINT('',(172.13,-64.23,1.51));
#4971 = CIRCLE('',#4972,0.5);
#4972 = AXIS2_PLACEMENT_3D('',#4973,#4974,#4975);
#4973 = CARTESIAN_POINT('',(172.13,-63.73,1.51));
#4974 = DIRECTION('',(-0.,0.,-1.));
#4975 = DIRECTION('',(-0.,-1.,0.));
#4976 = FACE_BOUND('',#4977,.T.);
#4977 = EDGE_LOOP('',(#4978));
#4978 = ORIENTED_EDGE('',*,*,#4979,.T.);
#4979 = EDGE_CURVE('',#4980,#4980,#4982,.T.);
#4980 = VERTEX_POINT('',#4981);
#4981 = CARTESIAN_POINT('',(177.,-43.375,1.51));
#4982 = CIRCLE('',#4983,1.375);
#4983 = AXIS2_PLACEMENT_3D('',#4984,#4985,#4986);
#4984 = CARTESIAN_POINT('',(177.,-42.,1.51));
#4985 = DIRECTION('',(-0.,0.,-1.));
#4986 = DIRECTION('',(-0.,-1.,0.));
#4987 = PLANE('',#4988);
#4988 = AXIS2_PLACEMENT_3D('',#4989,#4990,#4991);
#4989 = CARTESIAN_POINT('',(0.,0.,1.51));
#4990 = DIRECTION('',(0.,0.,1.));
#4991 = DIRECTION('',(1.,0.,-0.));
#4992 = ADVANCED_FACE('',(#4993),#4999,.T.);
#4993 = FACE_BOUND('',#4994,.T.);
#4994 = EDGE_LOOP('',(#4995,#4996,#4997,#4998));
#4995 = ORIENTED_EDGE('',*,*,#3334,.T.);
#4996 = ORIENTED_EDGE('',*,*,#4178,.T.);
#4997 = ORIENTED_EDGE('',*,*,#3294,.F.);
#4998 = ORIENTED_EDGE('',*,*,#3358,.F.);
#4999 = PLANE('',#5000);
#5000 = AXIS2_PLACEMENT_3D('',#5001,#5002,#5003);
#5001 = CARTESIAN_POINT('',(114.,-37.5,0.));
#5002 = DIRECTION('',(0.,1.,0.));
#5003 = DIRECTION('',(1.,0.,0.));
#5004 = ADVANCED_FACE('',(#5005),#5016,.F.);
#5005 = FACE_BOUND('',#5006,.T.);
#5006 = EDGE_LOOP('',(#5007,#5008,#5014,#5015));
#5007 = ORIENTED_EDGE('',*,*,#3367,.T.);
#5008 = ORIENTED_EDGE('',*,*,#5009,.T.);
#5009 = EDGE_CURVE('',#3368,#4188,#5010,.T.);
#5010 = LINE('',#5011,#5012);
#5011 = CARTESIAN_POINT('',(124.,-105.075,-4.6E-02));
#5012 = VECTOR('',#5013,1.);
#5013 = DIRECTION('',(0.,0.,1.));
#5014 = ORIENTED_EDGE('',*,*,#4187,.F.);
#5015 = ORIENTED_EDGE('',*,*,#5009,.F.);
#5016 = CYLINDRICAL_SURFACE('',#5017,0.575);
#5017 = AXIS2_PLACEMENT_3D('',#5018,#5019,#5020);
#5018 = CARTESIAN_POINT('',(124.,-104.5,-4.6E-02));
#5019 = DIRECTION('',(-0.,-0.,-1.));
#5020 = DIRECTION('',(-0.,-1.,0.));
#5021 = ADVANCED_FACE('',(#5022),#5033,.F.);
#5022 = FACE_BOUND('',#5023,.T.);
#5023 = EDGE_LOOP('',(#5024,#5025,#5031,#5032));
#5024 = ORIENTED_EDGE('',*,*,#3378,.T.);
#5025 = ORIENTED_EDGE('',*,*,#5026,.T.);
#5026 = EDGE_CURVE('',#3379,#4199,#5027,.T.);
#5027 = LINE('',#5028,#5029);
#5028 = CARTESIAN_POINT('',(128.,-105.075,-4.6E-02));
#5029 = VECTOR('',#5030,1.);
#5030 = DIRECTION('',(0.,0.,1.));
#5031 = ORIENTED_EDGE('',*,*,#4198,.F.);
#5032 = ORIENTED_EDGE('',*,*,#5026,.F.);
#5033 = CYLINDRICAL_SURFACE('',#5034,0.575);
#5034 = AXIS2_PLACEMENT_3D('',#5035,#5036,#5037);
#5035 = CARTESIAN_POINT('',(128.,-104.5,-4.6E-02));
#5036 = DIRECTION('',(-0.,-0.,-1.));
#5037 = DIRECTION('',(-0.,-1.,0.));
#5038 = ADVANCED_FACE('',(#5039),#5050,.F.);
#5039 = FACE_BOUND('',#5040,.T.);
#5040 = EDGE_LOOP('',(#5041,#5042,#5048,#5049));
#5041 = ORIENTED_EDGE('',*,*,#3389,.T.);
#5042 = ORIENTED_EDGE('',*,*,#5043,.T.);
#5043 = EDGE_CURVE('',#3390,#4210,#5044,.T.);
#5044 = LINE('',#5045,#5046);
#5045 = CARTESIAN_POINT('',(132.,-105.075,-4.6E-02));
#5046 = VECTOR('',#5047,1.);
#5047 = DIRECTION('',(0.,0.,1.));
#5048 = ORIENTED_EDGE('',*,*,#4209,.F.);
#5049 = ORIENTED_EDGE('',*,*,#5043,.F.);
#5050 = CYLINDRICAL_SURFACE('',#5051,0.575);
#5051 = AXIS2_PLACEMENT_3D('',#5052,#5053,#5054);
#5052 = CARTESIAN_POINT('',(132.,-104.5,-4.6E-02));
#5053 = DIRECTION('',(-0.,-0.,-1.));
#5054 = DIRECTION('',(-0.,-1.,0.));
#5055 = ADVANCED_FACE('',(#5056),#5067,.F.);
#5056 = FACE_BOUND('',#5057,.T.);
#5057 = EDGE_LOOP('',(#5058,#5059,#5065,#5066));
#5058 = ORIENTED_EDGE('',*,*,#3400,.T.);
#5059 = ORIENTED_EDGE('',*,*,#5060,.T.);
#5060 = EDGE_CURVE('',#3401,#4221,#5061,.T.);
#5061 = LINE('',#5062,#5063);
#5062 = CARTESIAN_POINT('',(136.,-105.075,-4.6E-02));
#5063 = VECTOR('',#5064,1.);
#5064 = DIRECTION('',(0.,0.,1.));
#5065 = ORIENTED_EDGE('',*,*,#4220,.F.);
#5066 = ORIENTED_EDGE('',*,*,#5060,.F.);
#5067 = CYLINDRICAL_SURFACE('',#5068,0.575);
#5068 = AXIS2_PLACEMENT_3D('',#5069,#5070,#5071);
#5069 = CARTESIAN_POINT('',(136.,-104.5,-4.6E-02));
#5070 = DIRECTION('',(-0.,-0.,-1.));
#5071 = DIRECTION('',(-0.,-1.,0.));
#5072 = ADVANCED_FACE('',(#5073),#5084,.F.);
#5073 = FACE_BOUND('',#5074,.T.);
#5074 = EDGE_LOOP('',(#5075,#5076,#5082,#5083));
#5075 = ORIENTED_EDGE('',*,*,#3411,.T.);
#5076 = ORIENTED_EDGE('',*,*,#5077,.T.);
#5077 = EDGE_CURVE('',#3412,#4232,#5078,.T.);
#5078 = LINE('',#5079,#5080);
#5079 = CARTESIAN_POINT('',(140.,-105.075,-4.6E-02));
#5080 = VECTOR('',#5081,1.);
#5081 = DIRECTION('',(0.,0.,1.));
#5082 = ORIENTED_EDGE('',*,*,#4231,.F.);
#5083 = ORIENTED_EDGE('',*,*,#5077,.F.);
#5084 = CYLINDRICAL_SURFACE('',#5085,0.575);
#5085 = AXIS2_PLACEMENT_3D('',#5086,#5087,#5088);
#5086 = CARTESIAN_POINT('',(140.,-104.5,-4.6E-02));
#5087 = DIRECTION('',(-0.,-0.,-1.));
#5088 = DIRECTION('',(-0.,-1.,0.));
#5089 = ADVANCED_FACE('',(#5090),#5101,.F.);
#5090 = FACE_BOUND('',#5091,.T.);
#5091 = EDGE_LOOP('',(#5092,#5093,#5099,#5100));
#5092 = ORIENTED_EDGE('',*,*,#3422,.T.);
#5093 = ORIENTED_EDGE('',*,*,#5094,.T.);
#5094 = EDGE_CURVE('',#3423,#4243,#5095,.T.);
#5095 = LINE('',#5096,#5097);
#5096 = CARTESIAN_POINT('',(144.,-105.075,-4.6E-02));
#5097 = VECTOR('',#5098,1.);
#5098 = DIRECTION('',(0.,0.,1.));
#5099 = ORIENTED_EDGE('',*,*,#4242,.F.);
#5100 = ORIENTED_EDGE('',*,*,#5094,.F.);
#5101 = CYLINDRICAL_SURFACE('',#5102,0.575);
#5102 = AXIS2_PLACEMENT_3D('',#5103,#5104,#5105);
#5103 = CARTESIAN_POINT('',(144.,-104.5,-4.6E-02));
#5104 = DIRECTION('',(-0.,-0.,-1.));
#5105 = DIRECTION('',(-0.,-1.,0.));
#5106 = ADVANCED_FACE('',(#5107),#5118,.F.);
#5107 = FACE_BOUND('',#5108,.T.);
#5108 = EDGE_LOOP('',(#5109,#5110,#5116,#5117));
#5109 = ORIENTED_EDGE('',*,*,#3433,.T.);
#5110 = ORIENTED_EDGE('',*,*,#5111,.T.);
#5111 = EDGE_CURVE('',#3434,#4254,#5112,.T.);
#5112 = LINE('',#5113,#5114);
#5113 = CARTESIAN_POINT('',(148.,-105.075,-4.6E-02));
#5114 = VECTOR('',#5115,1.);
#5115 = DIRECTION('',(0.,0.,1.));
#5116 = ORIENTED_EDGE('',*,*,#4253,.F.);
#5117 = ORIENTED_EDGE('',*,*,#5111,.F.);
#5118 = CYLINDRICAL_SURFACE('',#5119,0.575);
#5119 = AXIS2_PLACEMENT_3D('',#5120,#5121,#5122);
#5120 = CARTESIAN_POINT('',(148.,-104.5,-4.6E-02));
#5121 = DIRECTION('',(-0.,-0.,-1.));
#5122 = DIRECTION('',(-0.,-1.,0.));
#5123 = ADVANCED_FACE('',(#5124),#5135,.F.);
#5124 = FACE_BOUND('',#5125,.T.);
#5125 = EDGE_LOOP('',(#5126,#5127,#5133,#5134));
#5126 = ORIENTED_EDGE('',*,*,#3444,.T.);
#5127 = ORIENTED_EDGE('',*,*,#5128,.T.);
#5128 = EDGE_CURVE('',#3445,#4265,#5129,.T.);
#5129 = LINE('',#5130,#5131);
#5130 = CARTESIAN_POINT('',(139.527401,-95.8,-4.6E-02));
#5131 = VECTOR('',#5132,1.);
#5132 = DIRECTION('',(0.,0.,1.));
#5133 = ORIENTED_EDGE('',*,*,#4264,.F.);
#5134 = ORIENTED_EDGE('',*,*,#5128,.F.);
#5135 = CYLINDRICAL_SURFACE('',#5136,0.3);
#5136 = AXIS2_PLACEMENT_3D('',#5137,#5138,#5139);
#5137 = CARTESIAN_POINT('',(139.527401,-95.5,-4.6E-02));
#5138 = DIRECTION('',(-0.,-0.,-1.));
#5139 = DIRECTION('',(-0.,-1.,0.));
#5140 = ADVANCED_FACE('',(#5141),#5152,.F.);
#5141 = FACE_BOUND('',#5142,.T.);
#5142 = EDGE_LOOP('',(#5143,#5144,#5150,#5151));
#5143 = ORIENTED_EDGE('',*,*,#3455,.T.);
#5144 = ORIENTED_EDGE('',*,*,#5145,.T.);
#5145 = EDGE_CURVE('',#3456,#4276,#5146,.T.);
#5146 = LINE('',#5147,#5148);
#5147 = CARTESIAN_POINT('',(141.527401,-95.8,-4.6E-02));
#5148 = VECTOR('',#5149,1.);
#5149 = DIRECTION('',(0.,0.,1.));
#5150 = ORIENTED_EDGE('',*,*,#4275,.F.);
#5151 = ORIENTED_EDGE('',*,*,#5145,.F.);
#5152 = CYLINDRICAL_SURFACE('',#5153,0.3);
#5153 = AXIS2_PLACEMENT_3D('',#5154,#5155,#5156);
#5154 = CARTESIAN_POINT('',(141.527401,-95.5,-4.6E-02));
#5155 = DIRECTION('',(-0.,-0.,-1.));
#5156 = DIRECTION('',(-0.,-1.,0.));
#5157 = ADVANCED_FACE('',(#5158),#5169,.F.);
#5158 = FACE_BOUND('',#5159,.T.);
#5159 = EDGE_LOOP('',(#5160,#5161,#5167,#5168));
#5160 = ORIENTED_EDGE('',*,*,#3466,.T.);
#5161 = ORIENTED_EDGE('',*,*,#5162,.T.);
#5162 = EDGE_CURVE('',#3467,#4287,#5163,.T.);
#5163 = LINE('',#5164,#5165);
#5164 = CARTESIAN_POINT('',(149.38,-95.6,-4.6E-02));
#5165 = VECTOR('',#5166,1.);
#5166 = DIRECTION('',(0.,0.,1.));
#5167 = ORIENTED_EDGE('',*,*,#4286,.F.);
#5168 = ORIENTED_EDGE('',*,*,#5162,.F.);
#5169 = CYLINDRICAL_SURFACE('',#5170,0.6);
#5170 = AXIS2_PLACEMENT_3D('',#5171,#5172,#5173);
#5171 = CARTESIAN_POINT('',(149.38,-95.,-4.6E-02));
#5172 = DIRECTION('',(-0.,-0.,-1.));
#5173 = DIRECTION('',(-0.,-1.,0.));
#5174 = ADVANCED_FACE('',(#5175),#5186,.F.);
#5175 = FACE_BOUND('',#5176,.T.);
#5176 = EDGE_LOOP('',(#5177,#5178,#5184,#5185));
#5177 = ORIENTED_EDGE('',*,*,#3477,.T.);
#5178 = ORIENTED_EDGE('',*,*,#5179,.T.);
#5179 = EDGE_CURVE('',#3478,#4298,#5180,.T.);
#5180 = LINE('',#5181,#5182);
#5181 = CARTESIAN_POINT('',(139.527401,-88.3,-4.6E-02));
#5182 = VECTOR('',#5183,1.);
#5183 = DIRECTION('',(0.,0.,1.));
#5184 = ORIENTED_EDGE('',*,*,#4297,.F.);
#5185 = ORIENTED_EDGE('',*,*,#5179,.F.);
#5186 = CYLINDRICAL_SURFACE('',#5187,0.3);
#5187 = AXIS2_PLACEMENT_3D('',#5188,#5189,#5190);
#5188 = CARTESIAN_POINT('',(139.527401,-88.,-4.6E-02));
#5189 = DIRECTION('',(-0.,-0.,-1.));
#5190 = DIRECTION('',(-0.,-1.,0.));
#5191 = ADVANCED_FACE('',(#5192),#5203,.F.);
#5192 = FACE_BOUND('',#5193,.T.);
#5193 = EDGE_LOOP('',(#5194,#5195,#5201,#5202));
#5194 = ORIENTED_EDGE('',*,*,#3488,.T.);
#5195 = ORIENTED_EDGE('',*,*,#5196,.T.);
#5196 = EDGE_CURVE('',#3489,#4309,#5197,.T.);
#5197 = LINE('',#5198,#5199);
#5198 = CARTESIAN_POINT('',(141.527401,-88.3,-4.6E-02));
#5199 = VECTOR('',#5200,1.);
#5200 = DIRECTION('',(0.,0.,1.));
#5201 = ORIENTED_EDGE('',*,*,#4308,.F.);
#5202 = ORIENTED_EDGE('',*,*,#5196,.F.);
#5203 = CYLINDRICAL_SURFACE('',#5204,0.3);
#5204 = AXIS2_PLACEMENT_3D('',#5205,#5206,#5207);
#5205 = CARTESIAN_POINT('',(141.527401,-88.,-4.6E-02));
#5206 = DIRECTION('',(-0.,-0.,-1.));
#5207 = DIRECTION('',(-0.,-1.,0.));
#5208 = ADVANCED_FACE('',(#5209),#5220,.F.);
#5209 = FACE_BOUND('',#5210,.T.);
#5210 = EDGE_LOOP('',(#5211,#5212,#5218,#5219));
#5211 = ORIENTED_EDGE('',*,*,#3499,.T.);
#5212 = ORIENTED_EDGE('',*,*,#5213,.T.);
#5213 = EDGE_CURVE('',#3500,#4320,#5214,.T.);
#5214 = LINE('',#5215,#5216);
#5215 = CARTESIAN_POINT('',(149.38,-89.1,-4.6E-02));
#5216 = VECTOR('',#5217,1.);
#5217 = DIRECTION('',(0.,0.,1.));
#5218 = ORIENTED_EDGE('',*,*,#4319,.F.);
#5219 = ORIENTED_EDGE('',*,*,#5213,.F.);
#5220 = CYLINDRICAL_SURFACE('',#5221,0.6);
#5221 = AXIS2_PLACEMENT_3D('',#5222,#5223,#5224);
#5222 = CARTESIAN_POINT('',(149.38,-88.5,-4.6E-02));
#5223 = DIRECTION('',(-0.,-0.,-1.));
#5224 = DIRECTION('',(-0.,-1.,0.));
#5225 = ADVANCED_FACE('',(#5226),#5237,.F.);
#5226 = FACE_BOUND('',#5227,.T.);
#5227 = EDGE_LOOP('',(#5228,#5229,#5235,#5236));
#5228 = ORIENTED_EDGE('',*,*,#3510,.T.);
#5229 = ORIENTED_EDGE('',*,*,#5230,.T.);
#5230 = EDGE_CURVE('',#3511,#4331,#5231,.T.);
#5231 = LINE('',#5232,#5233);
#5232 = CARTESIAN_POINT('',(149.38,-82.6,-4.6E-02));
#5233 = VECTOR('',#5234,1.);
#5234 = DIRECTION('',(0.,0.,1.));
#5235 = ORIENTED_EDGE('',*,*,#4330,.F.);
#5236 = ORIENTED_EDGE('',*,*,#5230,.F.);
#5237 = CYLINDRICAL_SURFACE('',#5238,0.6);
#5238 = AXIS2_PLACEMENT_3D('',#5239,#5240,#5241);
#5239 = CARTESIAN_POINT('',(149.38,-82.,-4.6E-02));
#5240 = DIRECTION('',(-0.,-0.,-1.));
#5241 = DIRECTION('',(-0.,-1.,0.));
#5242 = ADVANCED_FACE('',(#5243),#5254,.F.);
#5243 = FACE_BOUND('',#5244,.T.);
#5244 = EDGE_LOOP('',(#5245,#5246,#5252,#5253));
#5245 = ORIENTED_EDGE('',*,*,#3521,.T.);
#5246 = ORIENTED_EDGE('',*,*,#5247,.T.);
#5247 = EDGE_CURVE('',#3522,#4342,#5248,.T.);
#5248 = LINE('',#5249,#5250);
#5249 = CARTESIAN_POINT('',(139.,-77.4,-4.6E-02));
#5250 = VECTOR('',#5251,1.);
#5251 = DIRECTION('',(0.,0.,1.));
#5252 = ORIENTED_EDGE('',*,*,#4341,.F.);
#5253 = ORIENTED_EDGE('',*,*,#5247,.F.);
#5254 = CYLINDRICAL_SURFACE('',#5255,0.4);
#5255 = AXIS2_PLACEMENT_3D('',#5256,#5257,#5258);
#5256 = CARTESIAN_POINT('',(139.,-77.,-4.6E-02));
#5257 = DIRECTION('',(-0.,-0.,-1.));
#5258 = DIRECTION('',(-0.,-1.,0.));
#5259 = ADVANCED_FACE('',(#5260),#5271,.F.);
#5260 = FACE_BOUND('',#5261,.T.);
#5261 = EDGE_LOOP('',(#5262,#5263,#5269,#5270));
#5262 = ORIENTED_EDGE('',*,*,#3532,.T.);
#5263 = ORIENTED_EDGE('',*,*,#5264,.T.);
#5264 = EDGE_CURVE('',#3533,#4353,#5265,.T.);
#5265 = LINE('',#5266,#5267);
#5266 = CARTESIAN_POINT('',(145.,-77.4,-4.6E-02));
#5267 = VECTOR('',#5268,1.);
#5268 = DIRECTION('',(0.,0.,1.));
#5269 = ORIENTED_EDGE('',*,*,#4352,.F.);
#5270 = ORIENTED_EDGE('',*,*,#5264,.F.);
#5271 = CYLINDRICAL_SURFACE('',#5272,0.4);
#5272 = AXIS2_PLACEMENT_3D('',#5273,#5274,#5275);
#5273 = CARTESIAN_POINT('',(145.,-77.,-4.6E-02));
#5274 = DIRECTION('',(-0.,-0.,-1.));
#5275 = DIRECTION('',(-0.,-1.,0.));
#5276 = ADVANCED_FACE('',(#5277),#5288,.F.);
#5277 = FACE_BOUND('',#5278,.T.);
#5278 = EDGE_LOOP('',(#5279,#5280,#5286,#5287));
#5279 = ORIENTED_EDGE('',*,*,#3543,.T.);
#5280 = ORIENTED_EDGE('',*,*,#5281,.T.);
#5281 = EDGE_CURVE('',#3544,#4364,#5282,.T.);
#5282 = LINE('',#5283,#5284);
#5283 = CARTESIAN_POINT('',(149.38,-76.1,-4.6E-02));
#5284 = VECTOR('',#5285,1.);
#5285 = DIRECTION('',(0.,0.,1.));
#5286 = ORIENTED_EDGE('',*,*,#4363,.F.);
#5287 = ORIENTED_EDGE('',*,*,#5281,.F.);
#5288 = CYLINDRICAL_SURFACE('',#5289,0.6);
#5289 = AXIS2_PLACEMENT_3D('',#5290,#5291,#5292);
#5290 = CARTESIAN_POINT('',(149.38,-75.5,-4.6E-02));
#5291 = DIRECTION('',(-0.,-0.,-1.));
#5292 = DIRECTION('',(-0.,-1.,0.));
#5293 = ADVANCED_FACE('',(#5294),#5305,.F.);
#5294 = FACE_BOUND('',#5295,.T.);
#5295 = EDGE_LOOP('',(#5296,#5297,#5303,#5304));
#5296 = ORIENTED_EDGE('',*,*,#3554,.T.);
#5297 = ORIENTED_EDGE('',*,*,#5298,.T.);
#5298 = EDGE_CURVE('',#3555,#4375,#5299,.T.);
#5299 = LINE('',#5300,#5301);
#5300 = CARTESIAN_POINT('',(152.,-105.075,-4.6E-02));
#5301 = VECTOR('',#5302,1.);
#5302 = DIRECTION('',(0.,0.,1.));
#5303 = ORIENTED_EDGE('',*,*,#4374,.F.);
#5304 = ORIENTED_EDGE('',*,*,#5298,.F.);
#5305 = CYLINDRICAL_SURFACE('',#5306,0.575);
#5306 = AXIS2_PLACEMENT_3D('',#5307,#5308,#5309);
#5307 = CARTESIAN_POINT('',(152.,-104.5,-4.6E-02));
#5308 = DIRECTION('',(-0.,-0.,-1.));
#5309 = DIRECTION('',(-0.,-1.,0.));
#5310 = ADVANCED_FACE('',(#5311),#5322,.F.);
#5311 = FACE_BOUND('',#5312,.T.);
#5312 = EDGE_LOOP('',(#5313,#5314,#5320,#5321));
#5313 = ORIENTED_EDGE('',*,*,#3565,.T.);
#5314 = ORIENTED_EDGE('',*,*,#5315,.T.);
#5315 = EDGE_CURVE('',#3566,#4386,#5316,.T.);
#5316 = LINE('',#5317,#5318);
#5317 = CARTESIAN_POINT('',(156.,-105.075,-4.6E-02));
#5318 = VECTOR('',#5319,1.);
#5319 = DIRECTION('',(0.,0.,1.));
#5320 = ORIENTED_EDGE('',*,*,#4385,.F.);
#5321 = ORIENTED_EDGE('',*,*,#5315,.F.);
#5322 = CYLINDRICAL_SURFACE('',#5323,0.575);
#5323 = AXIS2_PLACEMENT_3D('',#5324,#5325,#5326);
#5324 = CARTESIAN_POINT('',(156.,-104.5,-4.6E-02));
#5325 = DIRECTION('',(-0.,-0.,-1.));
#5326 = DIRECTION('',(-0.,-1.,0.));
#5327 = ADVANCED_FACE('',(#5328),#5339,.F.);
#5328 = FACE_BOUND('',#5329,.T.);
#5329 = EDGE_LOOP('',(#5330,#5331,#5337,#5338));
#5330 = ORIENTED_EDGE('',*,*,#3576,.T.);
#5331 = ORIENTED_EDGE('',*,*,#5332,.T.);
#5332 = EDGE_CURVE('',#3577,#4397,#5333,.T.);
#5333 = LINE('',#5334,#5335);
#5334 = CARTESIAN_POINT('',(160.,-105.075,-4.6E-02));
#5335 = VECTOR('',#5336,1.);
#5336 = DIRECTION('',(0.,0.,1.));
#5337 = ORIENTED_EDGE('',*,*,#4396,.F.);
#5338 = ORIENTED_EDGE('',*,*,#5332,.F.);
#5339 = CYLINDRICAL_SURFACE('',#5340,0.575);
#5340 = AXIS2_PLACEMENT_3D('',#5341,#5342,#5343);
#5341 = CARTESIAN_POINT('',(160.,-104.5,-4.6E-02));
#5342 = DIRECTION('',(-0.,-0.,-1.));
#5343 = DIRECTION('',(-0.,-1.,0.));
#5344 = ADVANCED_FACE('',(#5345),#5356,.F.);
#5345 = FACE_BOUND('',#5346,.T.);
#5346 = EDGE_LOOP('',(#5347,#5348,#5354,#5355));
#5347 = ORIENTED_EDGE('',*,*,#3587,.T.);
#5348 = ORIENTED_EDGE('',*,*,#5349,.T.);
#5349 = EDGE_CURVE('',#3588,#4408,#5350,.T.);
#5350 = LINE('',#5351,#5352);
#5351 = CARTESIAN_POINT('',(164.,-105.075,-4.6E-02));
#5352 = VECTOR('',#5353,1.);
#5353 = DIRECTION('',(0.,0.,1.));
#5354 = ORIENTED_EDGE('',*,*,#4407,.F.);
#5355 = ORIENTED_EDGE('',*,*,#5349,.F.);
#5356 = CYLINDRICAL_SURFACE('',#5357,0.575);
#5357 = AXIS2_PLACEMENT_3D('',#5358,#5359,#5360);
#5358 = CARTESIAN_POINT('',(164.,-104.5,-4.6E-02));
#5359 = DIRECTION('',(-0.,-0.,-1.));
#5360 = DIRECTION('',(-0.,-1.,0.));
#5361 = ADVANCED_FACE('',(#5362),#5373,.F.);
#5362 = FACE_BOUND('',#5363,.T.);
#5363 = EDGE_LOOP('',(#5364,#5365,#5371,#5372));
#5364 = ORIENTED_EDGE('',*,*,#3598,.T.);
#5365 = ORIENTED_EDGE('',*,*,#5366,.T.);
#5366 = EDGE_CURVE('',#3599,#4419,#5367,.T.);
#5367 = LINE('',#5368,#5369);
#5368 = CARTESIAN_POINT('',(164.62,-95.6,-4.6E-02));
#5369 = VECTOR('',#5370,1.);
#5370 = DIRECTION('',(0.,0.,1.));
#5371 = ORIENTED_EDGE('',*,*,#4418,.F.);
#5372 = ORIENTED_EDGE('',*,*,#5366,.F.);
#5373 = CYLINDRICAL_SURFACE('',#5374,0.6);
#5374 = AXIS2_PLACEMENT_3D('',#5375,#5376,#5377);
#5375 = CARTESIAN_POINT('',(164.62,-95.,-4.6E-02));
#5376 = DIRECTION('',(-0.,-0.,-1.));
#5377 = DIRECTION('',(-0.,-1.,0.));
#5378 = ADVANCED_FACE('',(#5379),#5390,.F.);
#5379 = FACE_BOUND('',#5380,.T.);
#5380 = EDGE_LOOP('',(#5381,#5382,#5388,#5389));
#5381 = ORIENTED_EDGE('',*,*,#3609,.T.);
#5382 = ORIENTED_EDGE('',*,*,#5383,.T.);
#5383 = EDGE_CURVE('',#3610,#4430,#5384,.T.);
#5384 = LINE('',#5385,#5386);
#5385 = CARTESIAN_POINT('',(164.62,-89.1,-4.6E-02));
#5386 = VECTOR('',#5387,1.);
#5387 = DIRECTION('',(0.,0.,1.));
#5388 = ORIENTED_EDGE('',*,*,#4429,.F.);
#5389 = ORIENTED_EDGE('',*,*,#5383,.F.);
#5390 = CYLINDRICAL_SURFACE('',#5391,0.6);
#5391 = AXIS2_PLACEMENT_3D('',#5392,#5393,#5394);
#5392 = CARTESIAN_POINT('',(164.62,-88.5,-4.6E-02));
#5393 = DIRECTION('',(-0.,-0.,-1.));
#5394 = DIRECTION('',(-0.,-1.,0.));
#5395 = ADVANCED_FACE('',(#5396),#5407,.F.);
#5396 = FACE_BOUND('',#5397,.T.);
#5397 = EDGE_LOOP('',(#5398,#5399,#5405,#5406));
#5398 = ORIENTED_EDGE('',*,*,#3620,.T.);
#5399 = ORIENTED_EDGE('',*,*,#5400,.T.);
#5400 = EDGE_CURVE('',#3621,#4441,#5401,.T.);
#5401 = LINE('',#5402,#5403);
#5402 = CARTESIAN_POINT('',(164.62,-82.6,-4.6E-02));
#5403 = VECTOR('',#5404,1.);
#5404 = DIRECTION('',(0.,0.,1.));
#5405 = ORIENTED_EDGE('',*,*,#4440,.F.);
#5406 = ORIENTED_EDGE('',*,*,#5400,.F.);
#5407 = CYLINDRICAL_SURFACE('',#5408,0.6);
#5408 = AXIS2_PLACEMENT_3D('',#5409,#5410,#5411);
#5409 = CARTESIAN_POINT('',(164.62,-82.,-4.6E-02));
#5410 = DIRECTION('',(-0.,-0.,-1.));
#5411 = DIRECTION('',(-0.,-1.,0.));
#5412 = ADVANCED_FACE('',(#5413),#5424,.F.);
#5413 = FACE_BOUND('',#5414,.T.);
#5414 = EDGE_LOOP('',(#5415,#5416,#5422,#5423));
#5415 = ORIENTED_EDGE('',*,*,#3631,.T.);
#5416 = ORIENTED_EDGE('',*,*,#5417,.T.);
#5417 = EDGE_CURVE('',#3632,#4452,#5418,.T.);
#5418 = LINE('',#5419,#5420);
#5419 = CARTESIAN_POINT('',(164.62,-76.1,-4.6E-02));
#5420 = VECTOR('',#5421,1.);
#5421 = DIRECTION('',(0.,0.,1.));
#5422 = ORIENTED_EDGE('',*,*,#4451,.F.);
#5423 = ORIENTED_EDGE('',*,*,#5417,.F.);
#5424 = CYLINDRICAL_SURFACE('',#5425,0.6);
#5425 = AXIS2_PLACEMENT_3D('',#5426,#5427,#5428);
#5426 = CARTESIAN_POINT('',(164.62,-75.5,-4.6E-02));
#5427 = DIRECTION('',(-0.,-0.,-1.));
#5428 = DIRECTION('',(-0.,-1.,0.));
#5429 = ADVANCED_FACE('',(#5430),#5441,.F.);
#5430 = FACE_BOUND('',#5431,.T.);
#5431 = EDGE_LOOP('',(#5432,#5433,#5439,#5440));
#5432 = ORIENTED_EDGE('',*,*,#3642,.T.);
#5433 = ORIENTED_EDGE('',*,*,#5434,.T.);
#5434 = EDGE_CURVE('',#3643,#4463,#5435,.T.);
#5435 = LINE('',#5436,#5437);
#5436 = CARTESIAN_POINT('',(181.5,-87.575,-4.6E-02));
#5437 = VECTOR('',#5438,1.);
#5438 = DIRECTION('',(0.,0.,1.));
#5439 = ORIENTED_EDGE('',*,*,#4462,.F.);
#5440 = ORIENTED_EDGE('',*,*,#5434,.F.);
#5441 = CYLINDRICAL_SURFACE('',#5442,0.575);
#5442 = AXIS2_PLACEMENT_3D('',#5443,#5444,#5445);
#5443 = CARTESIAN_POINT('',(181.5,-87.,-4.6E-02));
#5444 = DIRECTION('',(-0.,-0.,-1.));
#5445 = DIRECTION('',(-0.,-1.,0.));
#5446 = ADVANCED_FACE('',(#5447),#5458,.F.);
#5447 = FACE_BOUND('',#5448,.T.);
#5448 = EDGE_LOOP('',(#5449,#5450,#5456,#5457));
#5449 = ORIENTED_EDGE('',*,*,#3653,.T.);
#5450 = ORIENTED_EDGE('',*,*,#5451,.T.);
#5451 = EDGE_CURVE('',#3654,#4474,#5452,.T.);
#5452 = LINE('',#5453,#5454);
#5453 = CARTESIAN_POINT('',(181.5,-79.075,-4.6E-02));
#5454 = VECTOR('',#5455,1.);
#5455 = DIRECTION('',(0.,0.,1.));
#5456 = ORIENTED_EDGE('',*,*,#4473,.F.);
#5457 = ORIENTED_EDGE('',*,*,#5451,.F.);
#5458 = CYLINDRICAL_SURFACE('',#5459,0.575);
#5459 = AXIS2_PLACEMENT_3D('',#5460,#5461,#5462);
#5460 = CARTESIAN_POINT('',(181.5,-78.5,-4.6E-02));
#5461 = DIRECTION('',(-0.,-0.,-1.));
#5462 = DIRECTION('',(-0.,-1.,0.));
#5463 = ADVANCED_FACE('',(#5464),#5475,.F.);
#5464 = FACE_BOUND('',#5465,.T.);
#5465 = EDGE_LOOP('',(#5466,#5467,#5473,#5474));
#5466 = ORIENTED_EDGE('',*,*,#3664,.T.);
#5467 = ORIENTED_EDGE('',*,*,#5468,.T.);
#5468 = EDGE_CURVE('',#3665,#4485,#5469,.T.);
#5469 = LINE('',#5470,#5471);
#5470 = CARTESIAN_POINT('',(119.,-66.375,-4.6E-02));
#5471 = VECTOR('',#5472,1.);
#5472 = DIRECTION('',(0.,0.,1.));
#5473 = ORIENTED_EDGE('',*,*,#4484,.F.);
#5474 = ORIENTED_EDGE('',*,*,#5468,.F.);
#5475 = CYLINDRICAL_SURFACE('',#5476,1.375);
#5476 = AXIS2_PLACEMENT_3D('',#5477,#5478,#5479);
#5477 = CARTESIAN_POINT('',(119.,-65.,-4.6E-02));
#5478 = DIRECTION('',(-0.,-0.,-1.));
#5479 = DIRECTION('',(-0.,-1.,0.));
#5480 = ADVANCED_FACE('',(#5481),#5492,.F.);
#5481 = FACE_BOUND('',#5482,.T.);
#5482 = EDGE_LOOP('',(#5483,#5484,#5490,#5491));
#5483 = ORIENTED_EDGE('',*,*,#3675,.T.);
#5484 = ORIENTED_EDGE('',*,*,#5485,.T.);
#5485 = EDGE_CURVE('',#3676,#4496,#5486,.T.);
#5486 = LINE('',#5487,#5488);
#5487 = CARTESIAN_POINT('',(123.87,-66.77,-4.6E-02));
#5488 = VECTOR('',#5489,1.);
#5489 = DIRECTION('',(0.,0.,1.));
#5490 = ORIENTED_EDGE('',*,*,#4495,.F.);
#5491 = ORIENTED_EDGE('',*,*,#5485,.F.);
#5492 = CYLINDRICAL_SURFACE('',#5493,0.5);
#5493 = AXIS2_PLACEMENT_3D('',#5494,#5495,#5496);
#5494 = CARTESIAN_POINT('',(123.87,-66.27,-4.6E-02));
#5495 = DIRECTION('',(-0.,-0.,-1.));
#5496 = DIRECTION('',(-0.,-1.,0.));
#5497 = ADVANCED_FACE('',(#5498),#5509,.F.);
#5498 = FACE_BOUND('',#5499,.T.);
#5499 = EDGE_LOOP('',(#5500,#5501,#5507,#5508));
#5500 = ORIENTED_EDGE('',*,*,#3686,.T.);
#5501 = ORIENTED_EDGE('',*,*,#5502,.T.);
#5502 = EDGE_CURVE('',#3687,#4507,#5503,.T.);
#5503 = LINE('',#5504,#5505);
#5504 = CARTESIAN_POINT('',(126.41,-66.77,-4.6E-02));
#5505 = VECTOR('',#5506,1.);
#5506 = DIRECTION('',(0.,0.,1.));
#5507 = ORIENTED_EDGE('',*,*,#4506,.F.);
#5508 = ORIENTED_EDGE('',*,*,#5502,.F.);
#5509 = CYLINDRICAL_SURFACE('',#5510,0.5);
#5510 = AXIS2_PLACEMENT_3D('',#5511,#5512,#5513);
#5511 = CARTESIAN_POINT('',(126.41,-66.27,-4.6E-02));
#5512 = DIRECTION('',(-0.,-0.,-1.));
#5513 = DIRECTION('',(-0.,-1.,0.));
#5514 = ADVANCED_FACE('',(#5515),#5526,.F.);
#5515 = FACE_BOUND('',#5516,.T.);
#5516 = EDGE_LOOP('',(#5517,#5518,#5524,#5525));
#5517 = ORIENTED_EDGE('',*,*,#3697,.T.);
#5518 = ORIENTED_EDGE('',*,*,#5519,.T.);
#5519 = EDGE_CURVE('',#3698,#4518,#5520,.T.);
#5520 = LINE('',#5521,#5522);
#5521 = CARTESIAN_POINT('',(128.95,-66.77,-4.6E-02));
#5522 = VECTOR('',#5523,1.);
#5523 = DIRECTION('',(0.,0.,1.));
#5524 = ORIENTED_EDGE('',*,*,#4517,.F.);
#5525 = ORIENTED_EDGE('',*,*,#5519,.F.);
#5526 = CYLINDRICAL_SURFACE('',#5527,0.5);
#5527 = AXIS2_PLACEMENT_3D('',#5528,#5529,#5530);
#5528 = CARTESIAN_POINT('',(128.95,-66.27,-4.6E-02));
#5529 = DIRECTION('',(-0.,-0.,-1.));
#5530 = DIRECTION('',(-0.,-1.,0.));
#5531 = ADVANCED_FACE('',(#5532),#5543,.F.);
#5532 = FACE_BOUND('',#5533,.T.);
#5533 = EDGE_LOOP('',(#5534,#5535,#5541,#5542));
#5534 = ORIENTED_EDGE('',*,*,#3708,.T.);
#5535 = ORIENTED_EDGE('',*,*,#5536,.T.);
#5536 = EDGE_CURVE('',#3709,#4529,#5537,.T.);
#5537 = LINE('',#5538,#5539);
#5538 = CARTESIAN_POINT('',(131.49,-66.77,-4.6E-02));
#5539 = VECTOR('',#5540,1.);
#5540 = DIRECTION('',(0.,0.,1.));
#5541 = ORIENTED_EDGE('',*,*,#4528,.F.);
#5542 = ORIENTED_EDGE('',*,*,#5536,.F.);
#5543 = CYLINDRICAL_SURFACE('',#5544,0.5);
#5544 = AXIS2_PLACEMENT_3D('',#5545,#5546,#5547);
#5545 = CARTESIAN_POINT('',(131.49,-66.27,-4.6E-02));
#5546 = DIRECTION('',(-0.,-0.,-1.));
#5547 = DIRECTION('',(-0.,-1.,0.));
#5548 = ADVANCED_FACE('',(#5549),#5560,.F.);
#5549 = FACE_BOUND('',#5550,.T.);
#5550 = EDGE_LOOP('',(#5551,#5552,#5558,#5559));
#5551 = ORIENTED_EDGE('',*,*,#3719,.T.);
#5552 = ORIENTED_EDGE('',*,*,#5553,.T.);
#5553 = EDGE_CURVE('',#3720,#4540,#5554,.T.);
#5554 = LINE('',#5555,#5556);
#5555 = CARTESIAN_POINT('',(123.87,-64.23,-4.6E-02));
#5556 = VECTOR('',#5557,1.);
#5557 = DIRECTION('',(0.,0.,1.));
#5558 = ORIENTED_EDGE('',*,*,#4539,.F.);
#5559 = ORIENTED_EDGE('',*,*,#5553,.F.);
#5560 = CYLINDRICAL_SURFACE('',#5561,0.5);
#5561 = AXIS2_PLACEMENT_3D('',#5562,#5563,#5564);
#5562 = CARTESIAN_POINT('',(123.87,-63.73,-4.6E-02));
#5563 = DIRECTION('',(-0.,-0.,-1.));
#5564 = DIRECTION('',(-0.,-1.,0.));
#5565 = ADVANCED_FACE('',(#5566),#5577,.F.);
#5566 = FACE_BOUND('',#5567,.T.);
#5567 = EDGE_LOOP('',(#5568,#5569,#5575,#5576));
#5568 = ORIENTED_EDGE('',*,*,#3730,.T.);
#5569 = ORIENTED_EDGE('',*,*,#5570,.T.);
#5570 = EDGE_CURVE('',#3731,#4551,#5571,.T.);
#5571 = LINE('',#5572,#5573);
#5572 = CARTESIAN_POINT('',(126.41,-64.23,-4.6E-02));
#5573 = VECTOR('',#5574,1.);
#5574 = DIRECTION('',(0.,0.,1.));
#5575 = ORIENTED_EDGE('',*,*,#4550,.F.);
#5576 = ORIENTED_EDGE('',*,*,#5570,.F.);
#5577 = CYLINDRICAL_SURFACE('',#5578,0.5);
#5578 = AXIS2_PLACEMENT_3D('',#5579,#5580,#5581);
#5579 = CARTESIAN_POINT('',(126.41,-63.73,-4.6E-02));
#5580 = DIRECTION('',(-0.,-0.,-1.));
#5581 = DIRECTION('',(-0.,-1.,0.));
#5582 = ADVANCED_FACE('',(#5583),#5594,.F.);
#5583 = FACE_BOUND('',#5584,.T.);
#5584 = EDGE_LOOP('',(#5585,#5586,#5592,#5593));
#5585 = ORIENTED_EDGE('',*,*,#3741,.T.);
#5586 = ORIENTED_EDGE('',*,*,#5587,.T.);
#5587 = EDGE_CURVE('',#3742,#4562,#5588,.T.);
#5588 = LINE('',#5589,#5590);
#5589 = CARTESIAN_POINT('',(128.95,-64.23,-4.6E-02));
#5590 = VECTOR('',#5591,1.);
#5591 = DIRECTION('',(0.,0.,1.));
#5592 = ORIENTED_EDGE('',*,*,#4561,.F.);
#5593 = ORIENTED_EDGE('',*,*,#5587,.F.);
#5594 = CYLINDRICAL_SURFACE('',#5595,0.5);
#5595 = AXIS2_PLACEMENT_3D('',#5596,#5597,#5598);
#5596 = CARTESIAN_POINT('',(128.95,-63.73,-4.6E-02));
#5597 = DIRECTION('',(-0.,-0.,-1.));
#5598 = DIRECTION('',(-0.,-1.,0.));
#5599 = ADVANCED_FACE('',(#5600),#5611,.F.);
#5600 = FACE_BOUND('',#5601,.T.);
#5601 = EDGE_LOOP('',(#5602,#5603,#5609,#5610));
#5602 = ORIENTED_EDGE('',*,*,#3752,.T.);
#5603 = ORIENTED_EDGE('',*,*,#5604,.T.);
#5604 = EDGE_CURVE('',#3753,#4573,#5605,.T.);
#5605 = LINE('',#5606,#5607);
#5606 = CARTESIAN_POINT('',(131.49,-64.23,-4.6E-02));
#5607 = VECTOR('',#5608,1.);
#5608 = DIRECTION('',(0.,0.,1.));
#5609 = ORIENTED_EDGE('',*,*,#4572,.F.);
#5610 = ORIENTED_EDGE('',*,*,#5604,.F.);
#5611 = CYLINDRICAL_SURFACE('',#5612,0.5);
#5612 = AXIS2_PLACEMENT_3D('',#5613,#5614,#5615);
#5613 = CARTESIAN_POINT('',(131.49,-63.73,-4.6E-02));
#5614 = DIRECTION('',(-0.,-0.,-1.));
#5615 = DIRECTION('',(-0.,-1.,0.));
#5616 = ADVANCED_FACE('',(#5617),#5628,.F.);
#5617 = FACE_BOUND('',#5618,.T.);
#5618 = EDGE_LOOP('',(#5619,#5620,#5626,#5627));
#5619 = ORIENTED_EDGE('',*,*,#3763,.T.);
#5620 = ORIENTED_EDGE('',*,*,#5621,.T.);
#5621 = EDGE_CURVE('',#3764,#4584,#5622,.T.);
#5622 = LINE('',#5623,#5624);
#5623 = CARTESIAN_POINT('',(139.,-72.4,-4.6E-02));
#5624 = VECTOR('',#5625,1.);
#5625 = DIRECTION('',(0.,0.,1.));
#5626 = ORIENTED_EDGE('',*,*,#4583,.F.);
#5627 = ORIENTED_EDGE('',*,*,#5621,.F.);
#5628 = CYLINDRICAL_SURFACE('',#5629,0.4);
#5629 = AXIS2_PLACEMENT_3D('',#5630,#5631,#5632);
#5630 = CARTESIAN_POINT('',(139.,-72.,-4.6E-02));
#5631 = DIRECTION('',(-0.,-0.,-1.));
#5632 = DIRECTION('',(-0.,-1.,0.));
#5633 = ADVANCED_FACE('',(#5634),#5645,.F.);
#5634 = FACE_BOUND('',#5635,.T.);
#5635 = EDGE_LOOP('',(#5636,#5637,#5643,#5644));
#5636 = ORIENTED_EDGE('',*,*,#3774,.T.);
#5637 = ORIENTED_EDGE('',*,*,#5638,.T.);
#5638 = EDGE_CURVE('',#3775,#4595,#5639,.T.);
#5639 = LINE('',#5640,#5641);
#5640 = CARTESIAN_POINT('',(134.03,-66.77,-4.6E-02));
#5641 = VECTOR('',#5642,1.);
#5642 = DIRECTION('',(0.,0.,1.));
#5643 = ORIENTED_EDGE('',*,*,#4594,.F.);
#5644 = ORIENTED_EDGE('',*,*,#5638,.F.);
#5645 = CYLINDRICAL_SURFACE('',#5646,0.5);
#5646 = AXIS2_PLACEMENT_3D('',#5647,#5648,#5649);
#5647 = CARTESIAN_POINT('',(134.03,-66.27,-4.6E-02));
#5648 = DIRECTION('',(-0.,-0.,-1.));
#5649 = DIRECTION('',(-0.,-1.,0.));
#5650 = ADVANCED_FACE('',(#5651),#5662,.F.);
#5651 = FACE_BOUND('',#5652,.T.);
#5652 = EDGE_LOOP('',(#5653,#5654,#5660,#5661));
#5653 = ORIENTED_EDGE('',*,*,#3785,.T.);
#5654 = ORIENTED_EDGE('',*,*,#5655,.T.);
#5655 = EDGE_CURVE('',#3786,#4606,#5656,.T.);
#5656 = LINE('',#5657,#5658);
#5657 = CARTESIAN_POINT('',(136.57,-66.77,-4.6E-02));
#5658 = VECTOR('',#5659,1.);
#5659 = DIRECTION('',(0.,0.,1.));
#5660 = ORIENTED_EDGE('',*,*,#4605,.F.);
#5661 = ORIENTED_EDGE('',*,*,#5655,.F.);
#5662 = CYLINDRICAL_SURFACE('',#5663,0.5);
#5663 = AXIS2_PLACEMENT_3D('',#5664,#5665,#5666);
#5664 = CARTESIAN_POINT('',(136.57,-66.27,-4.6E-02));
#5665 = DIRECTION('',(-0.,-0.,-1.));
#5666 = DIRECTION('',(-0.,-1.,0.));
#5667 = ADVANCED_FACE('',(#5668),#5679,.F.);
#5668 = FACE_BOUND('',#5669,.T.);
#5669 = EDGE_LOOP('',(#5670,#5671,#5677,#5678));
#5670 = ORIENTED_EDGE('',*,*,#3796,.T.);
#5671 = ORIENTED_EDGE('',*,*,#5672,.T.);
#5672 = EDGE_CURVE('',#3797,#4617,#5673,.T.);
#5673 = LINE('',#5674,#5675);
#5674 = CARTESIAN_POINT('',(139.11,-66.77,-4.6E-02));
#5675 = VECTOR('',#5676,1.);
#5676 = DIRECTION('',(0.,0.,1.));
#5677 = ORIENTED_EDGE('',*,*,#4616,.F.);
#5678 = ORIENTED_EDGE('',*,*,#5672,.F.);
#5679 = CYLINDRICAL_SURFACE('',#5680,0.5);
#5680 = AXIS2_PLACEMENT_3D('',#5681,#5682,#5683);
#5681 = CARTESIAN_POINT('',(139.11,-66.27,-4.6E-02));
#5682 = DIRECTION('',(-0.,-0.,-1.));
#5683 = DIRECTION('',(-0.,-1.,0.));
#5684 = ADVANCED_FACE('',(#5685),#5696,.F.);
#5685 = FACE_BOUND('',#5686,.T.);
#5686 = EDGE_LOOP('',(#5687,#5688,#5694,#5695));
#5687 = ORIENTED_EDGE('',*,*,#3807,.T.);
#5688 = ORIENTED_EDGE('',*,*,#5689,.T.);
#5689 = EDGE_CURVE('',#3808,#4628,#5690,.T.);
#5690 = LINE('',#5691,#5692);
#5691 = CARTESIAN_POINT('',(141.65,-66.77,-4.6E-02));
#5692 = VECTOR('',#5693,1.);
#5693 = DIRECTION('',(0.,0.,1.));
#5694 = ORIENTED_EDGE('',*,*,#4627,.F.);
#5695 = ORIENTED_EDGE('',*,*,#5689,.F.);
#5696 = CYLINDRICAL_SURFACE('',#5697,0.5);
#5697 = AXIS2_PLACEMENT_3D('',#5698,#5699,#5700);
#5698 = CARTESIAN_POINT('',(141.65,-66.27,-4.6E-02));
#5699 = DIRECTION('',(-0.,-0.,-1.));
#5700 = DIRECTION('',(-0.,-1.,0.));
#5701 = ADVANCED_FACE('',(#5702),#5713,.F.);
#5702 = FACE_BOUND('',#5703,.T.);
#5703 = EDGE_LOOP('',(#5704,#5705,#5711,#5712));
#5704 = ORIENTED_EDGE('',*,*,#3818,.T.);
#5705 = ORIENTED_EDGE('',*,*,#5706,.T.);
#5706 = EDGE_CURVE('',#3819,#4639,#5707,.T.);
#5707 = LINE('',#5708,#5709);
#5708 = CARTESIAN_POINT('',(145.,-72.4,-4.6E-02));
#5709 = VECTOR('',#5710,1.);
#5710 = DIRECTION('',(0.,0.,1.));
#5711 = ORIENTED_EDGE('',*,*,#4638,.F.);
#5712 = ORIENTED_EDGE('',*,*,#5706,.F.);
#5713 = CYLINDRICAL_SURFACE('',#5714,0.4);
#5714 = AXIS2_PLACEMENT_3D('',#5715,#5716,#5717);
#5715 = CARTESIAN_POINT('',(145.,-72.,-4.6E-02));
#5716 = DIRECTION('',(-0.,-0.,-1.));
#5717 = DIRECTION('',(-0.,-1.,0.));
#5718 = ADVANCED_FACE('',(#5719),#5730,.F.);
#5719 = FACE_BOUND('',#5720,.T.);
#5720 = EDGE_LOOP('',(#5721,#5722,#5728,#5729));
#5721 = ORIENTED_EDGE('',*,*,#3829,.T.);
#5722 = ORIENTED_EDGE('',*,*,#5723,.T.);
#5723 = EDGE_CURVE('',#3830,#4650,#5724,.T.);
#5724 = LINE('',#5725,#5726);
#5725 = CARTESIAN_POINT('',(144.19,-66.77,-4.6E-02));
#5726 = VECTOR('',#5727,1.);
#5727 = DIRECTION('',(0.,0.,1.));
#5728 = ORIENTED_EDGE('',*,*,#4649,.F.);
#5729 = ORIENTED_EDGE('',*,*,#5723,.F.);
#5730 = CYLINDRICAL_SURFACE('',#5731,0.5);
#5731 = AXIS2_PLACEMENT_3D('',#5732,#5733,#5734);
#5732 = CARTESIAN_POINT('',(144.19,-66.27,-4.6E-02));
#5733 = DIRECTION('',(-0.,-0.,-1.));
#5734 = DIRECTION('',(-0.,-1.,0.));
#5735 = ADVANCED_FACE('',(#5736),#5747,.F.);
#5736 = FACE_BOUND('',#5737,.T.);
#5737 = EDGE_LOOP('',(#5738,#5739,#5745,#5746));
#5738 = ORIENTED_EDGE('',*,*,#3840,.T.);
#5739 = ORIENTED_EDGE('',*,*,#5740,.T.);
#5740 = EDGE_CURVE('',#3841,#4661,#5741,.T.);
#5741 = LINE('',#5742,#5743);
#5742 = CARTESIAN_POINT('',(146.73,-66.77,-4.6E-02));
#5743 = VECTOR('',#5744,1.);
#5744 = DIRECTION('',(0.,0.,1.));
#5745 = ORIENTED_EDGE('',*,*,#4660,.F.);
#5746 = ORIENTED_EDGE('',*,*,#5740,.F.);
#5747 = CYLINDRICAL_SURFACE('',#5748,0.5);
#5748 = AXIS2_PLACEMENT_3D('',#5749,#5750,#5751);
#5749 = CARTESIAN_POINT('',(146.73,-66.27,-4.6E-02));
#5750 = DIRECTION('',(-0.,-0.,-1.));
#5751 = DIRECTION('',(-0.,-1.,0.));
#5752 = ADVANCED_FACE('',(#5753),#5764,.F.);
#5753 = FACE_BOUND('',#5754,.T.);
#5754 = EDGE_LOOP('',(#5755,#5756,#5762,#5763));
#5755 = ORIENTED_EDGE('',*,*,#3851,.T.);
#5756 = ORIENTED_EDGE('',*,*,#5757,.T.);
#5757 = EDGE_CURVE('',#3852,#4672,#5758,.T.);
#5758 = LINE('',#5759,#5760);
#5759 = CARTESIAN_POINT('',(149.27,-66.77,-4.6E-02));
#5760 = VECTOR('',#5761,1.);
#5761 = DIRECTION('',(0.,0.,1.));
#5762 = ORIENTED_EDGE('',*,*,#4671,.F.);
#5763 = ORIENTED_EDGE('',*,*,#5757,.F.);
#5764 = CYLINDRICAL_SURFACE('',#5765,0.5);
#5765 = AXIS2_PLACEMENT_3D('',#5766,#5767,#5768);
#5766 = CARTESIAN_POINT('',(149.27,-66.27,-4.6E-02));
#5767 = DIRECTION('',(-0.,-0.,-1.));
#5768 = DIRECTION('',(-0.,-1.,0.));
#5769 = ADVANCED_FACE('',(#5770),#5781,.F.);
#5770 = FACE_BOUND('',#5771,.T.);
#5771 = EDGE_LOOP('',(#5772,#5773,#5779,#5780));
#5772 = ORIENTED_EDGE('',*,*,#3862,.T.);
#5773 = ORIENTED_EDGE('',*,*,#5774,.T.);
#5774 = EDGE_CURVE('',#3863,#4683,#5775,.T.);
#5775 = LINE('',#5776,#5777);
#5776 = CARTESIAN_POINT('',(134.03,-64.23,-4.6E-02));
#5777 = VECTOR('',#5778,1.);
#5778 = DIRECTION('',(0.,0.,1.));
#5779 = ORIENTED_EDGE('',*,*,#4682,.F.);
#5780 = ORIENTED_EDGE('',*,*,#5774,.F.);
#5781 = CYLINDRICAL_SURFACE('',#5782,0.5);
#5782 = AXIS2_PLACEMENT_3D('',#5783,#5784,#5785);
#5783 = CARTESIAN_POINT('',(134.03,-63.73,-4.6E-02));
#5784 = DIRECTION('',(-0.,-0.,-1.));
#5785 = DIRECTION('',(-0.,-1.,0.));
#5786 = ADVANCED_FACE('',(#5787),#5798,.F.);
#5787 = FACE_BOUND('',#5788,.T.);
#5788 = EDGE_LOOP('',(#5789,#5790,#5796,#5797));
#5789 = ORIENTED_EDGE('',*,*,#3873,.T.);
#5790 = ORIENTED_EDGE('',*,*,#5791,.T.);
#5791 = EDGE_CURVE('',#3874,#4694,#5792,.T.);
#5792 = LINE('',#5793,#5794);
#5793 = CARTESIAN_POINT('',(136.57,-64.23,-4.6E-02));
#5794 = VECTOR('',#5795,1.);
#5795 = DIRECTION('',(0.,0.,1.));
#5796 = ORIENTED_EDGE('',*,*,#4693,.F.);
#5797 = ORIENTED_EDGE('',*,*,#5791,.F.);
#5798 = CYLINDRICAL_SURFACE('',#5799,0.5);
#5799 = AXIS2_PLACEMENT_3D('',#5800,#5801,#5802);
#5800 = CARTESIAN_POINT('',(136.57,-63.73,-4.6E-02));
#5801 = DIRECTION('',(-0.,-0.,-1.));
#5802 = DIRECTION('',(-0.,-1.,0.));
#5803 = ADVANCED_FACE('',(#5804),#5815,.F.);
#5804 = FACE_BOUND('',#5805,.T.);
#5805 = EDGE_LOOP('',(#5806,#5807,#5813,#5814));
#5806 = ORIENTED_EDGE('',*,*,#3884,.T.);
#5807 = ORIENTED_EDGE('',*,*,#5808,.T.);
#5808 = EDGE_CURVE('',#3885,#4705,#5809,.T.);
#5809 = LINE('',#5810,#5811);
#5810 = CARTESIAN_POINT('',(139.11,-64.23,-4.6E-02));
#5811 = VECTOR('',#5812,1.);
#5812 = DIRECTION('',(0.,0.,1.));
#5813 = ORIENTED_EDGE('',*,*,#4704,.F.);
#5814 = ORIENTED_EDGE('',*,*,#5808,.F.);
#5815 = CYLINDRICAL_SURFACE('',#5816,0.5);
#5816 = AXIS2_PLACEMENT_3D('',#5817,#5818,#5819);
#5817 = CARTESIAN_POINT('',(139.11,-63.73,-4.6E-02));
#5818 = DIRECTION('',(-0.,-0.,-1.));
#5819 = DIRECTION('',(-0.,-1.,0.));
#5820 = ADVANCED_FACE('',(#5821),#5832,.F.);
#5821 = FACE_BOUND('',#5822,.T.);
#5822 = EDGE_LOOP('',(#5823,#5824,#5830,#5831));
#5823 = ORIENTED_EDGE('',*,*,#3895,.T.);
#5824 = ORIENTED_EDGE('',*,*,#5825,.T.);
#5825 = EDGE_CURVE('',#3896,#4716,#5826,.T.);
#5826 = LINE('',#5827,#5828);
#5827 = CARTESIAN_POINT('',(141.65,-64.23,-4.6E-02));
#5828 = VECTOR('',#5829,1.);
#5829 = DIRECTION('',(0.,0.,1.));
#5830 = ORIENTED_EDGE('',*,*,#4715,.F.);
#5831 = ORIENTED_EDGE('',*,*,#5825,.F.);
#5832 = CYLINDRICAL_SURFACE('',#5833,0.5);
#5833 = AXIS2_PLACEMENT_3D('',#5834,#5835,#5836);
#5834 = CARTESIAN_POINT('',(141.65,-63.73,-4.6E-02));
#5835 = DIRECTION('',(-0.,-0.,-1.));
#5836 = DIRECTION('',(-0.,-1.,0.));
#5837 = ADVANCED_FACE('',(#5838),#5849,.F.);
#5838 = FACE_BOUND('',#5839,.T.);
#5839 = EDGE_LOOP('',(#5840,#5841,#5847,#5848));
#5840 = ORIENTED_EDGE('',*,*,#3906,.T.);
#5841 = ORIENTED_EDGE('',*,*,#5842,.T.);
#5842 = EDGE_CURVE('',#3907,#4727,#5843,.T.);
#5843 = LINE('',#5844,#5845);
#5844 = CARTESIAN_POINT('',(144.19,-64.23,-4.6E-02));
#5845 = VECTOR('',#5846,1.);
#5846 = DIRECTION('',(0.,0.,1.));
#5847 = ORIENTED_EDGE('',*,*,#4726,.F.);
#5848 = ORIENTED_EDGE('',*,*,#5842,.F.);
#5849 = CYLINDRICAL_SURFACE('',#5850,0.5);
#5850 = AXIS2_PLACEMENT_3D('',#5851,#5852,#5853);
#5851 = CARTESIAN_POINT('',(144.19,-63.73,-4.6E-02));
#5852 = DIRECTION('',(-0.,-0.,-1.));
#5853 = DIRECTION('',(-0.,-1.,0.));
#5854 = ADVANCED_FACE('',(#5855),#5866,.F.);
#5855 = FACE_BOUND('',#5856,.T.);
#5856 = EDGE_LOOP('',(#5857,#5858,#5864,#5865));
#5857 = ORIENTED_EDGE('',*,*,#3917,.T.);
#5858 = ORIENTED_EDGE('',*,*,#5859,.T.);
#5859 = EDGE_CURVE('',#3918,#4738,#5860,.T.);
#5860 = LINE('',#5861,#5862);
#5861 = CARTESIAN_POINT('',(146.73,-64.23,-4.6E-02));
#5862 = VECTOR('',#5863,1.);
#5863 = DIRECTION('',(0.,0.,1.));
#5864 = ORIENTED_EDGE('',*,*,#4737,.F.);
#5865 = ORIENTED_EDGE('',*,*,#5859,.F.);
#5866 = CYLINDRICAL_SURFACE('',#5867,0.5);
#5867 = AXIS2_PLACEMENT_3D('',#5868,#5869,#5870);
#5868 = CARTESIAN_POINT('',(146.73,-63.73,-4.6E-02));
#5869 = DIRECTION('',(-0.,-0.,-1.));
#5870 = DIRECTION('',(-0.,-1.,0.));
#5871 = ADVANCED_FACE('',(#5872),#5883,.F.);
#5872 = FACE_BOUND('',#5873,.T.);
#5873 = EDGE_LOOP('',(#5874,#5875,#5881,#5882));
#5874 = ORIENTED_EDGE('',*,*,#3928,.T.);
#5875 = ORIENTED_EDGE('',*,*,#5876,.T.);
#5876 = EDGE_CURVE('',#3929,#4749,#5877,.T.);
#5877 = LINE('',#5878,#5879);
#5878 = CARTESIAN_POINT('',(149.27,-64.23,-4.6E-02));
#5879 = VECTOR('',#5880,1.);
#5880 = DIRECTION('',(0.,0.,1.));
#5881 = ORIENTED_EDGE('',*,*,#4748,.F.);
#5882 = ORIENTED_EDGE('',*,*,#5876,.F.);
#5883 = CYLINDRICAL_SURFACE('',#5884,0.5);
#5884 = AXIS2_PLACEMENT_3D('',#5885,#5886,#5887);
#5885 = CARTESIAN_POINT('',(149.27,-63.73,-4.6E-02));
#5886 = DIRECTION('',(-0.,-0.,-1.));
#5887 = DIRECTION('',(-0.,-1.,0.));
#5888 = ADVANCED_FACE('',(#5889),#5900,.F.);
#5889 = FACE_BOUND('',#5890,.T.);
#5890 = EDGE_LOOP('',(#5891,#5892,#5898,#5899));
#5891 = ORIENTED_EDGE('',*,*,#3939,.T.);
#5892 = ORIENTED_EDGE('',*,*,#5893,.T.);
#5893 = EDGE_CURVE('',#3940,#4760,#5894,.T.);
#5894 = LINE('',#5895,#5896);
#5895 = CARTESIAN_POINT('',(119.,-43.375,-4.6E-02));
#5896 = VECTOR('',#5897,1.);
#5897 = DIRECTION('',(0.,0.,1.));
#5898 = ORIENTED_EDGE('',*,*,#4759,.F.);
#5899 = ORIENTED_EDGE('',*,*,#5893,.F.);
#5900 = CYLINDRICAL_SURFACE('',#5901,1.375);
#5901 = AXIS2_PLACEMENT_3D('',#5902,#5903,#5904);
#5902 = CARTESIAN_POINT('',(119.,-42.,-4.6E-02));
#5903 = DIRECTION('',(-0.,-0.,-1.));
#5904 = DIRECTION('',(-0.,-1.,0.));
#5905 = ADVANCED_FACE('',(#5906),#5917,.F.);
#5906 = FACE_BOUND('',#5907,.T.);
#5907 = EDGE_LOOP('',(#5908,#5909,#5915,#5916));
#5908 = ORIENTED_EDGE('',*,*,#3950,.T.);
#5909 = ORIENTED_EDGE('',*,*,#5910,.T.);
#5910 = EDGE_CURVE('',#3951,#4771,#5911,.T.);
#5911 = LINE('',#5912,#5913);
#5912 = CARTESIAN_POINT('',(151.81,-66.77,-4.6E-02));
#5913 = VECTOR('',#5914,1.);
#5914 = DIRECTION('',(0.,0.,1.));
#5915 = ORIENTED_EDGE('',*,*,#4770,.F.);
#5916 = ORIENTED_EDGE('',*,*,#5910,.F.);
#5917 = CYLINDRICAL_SURFACE('',#5918,0.5);
#5918 = AXIS2_PLACEMENT_3D('',#5919,#5920,#5921);
#5919 = CARTESIAN_POINT('',(151.81,-66.27,-4.6E-02));
#5920 = DIRECTION('',(-0.,-0.,-1.));
#5921 = DIRECTION('',(-0.,-1.,0.));
#5922 = ADVANCED_FACE('',(#5923),#5934,.F.);
#5923 = FACE_BOUND('',#5924,.T.);
#5924 = EDGE_LOOP('',(#5925,#5926,#5932,#5933));
#5925 = ORIENTED_EDGE('',*,*,#3961,.T.);
#5926 = ORIENTED_EDGE('',*,*,#5927,.T.);
#5927 = EDGE_CURVE('',#3962,#4782,#5928,.T.);
#5928 = LINE('',#5929,#5930);
#5929 = CARTESIAN_POINT('',(154.35,-66.77,-4.6E-02));
#5930 = VECTOR('',#5931,1.);
#5931 = DIRECTION('',(0.,0.,1.));
#5932 = ORIENTED_EDGE('',*,*,#4781,.F.);
#5933 = ORIENTED_EDGE('',*,*,#5927,.F.);
#5934 = CYLINDRICAL_SURFACE('',#5935,0.5);
#5935 = AXIS2_PLACEMENT_3D('',#5936,#5937,#5938);
#5936 = CARTESIAN_POINT('',(154.35,-66.27,-4.6E-02));
#5937 = DIRECTION('',(-0.,-0.,-1.));
#5938 = DIRECTION('',(-0.,-1.,0.));
#5939 = ADVANCED_FACE('',(#5940),#5951,.F.);
#5940 = FACE_BOUND('',#5941,.T.);
#5941 = EDGE_LOOP('',(#5942,#5943,#5949,#5950));
#5942 = ORIENTED_EDGE('',*,*,#3972,.T.);
#5943 = ORIENTED_EDGE('',*,*,#5944,.T.);
#5944 = EDGE_CURVE('',#3973,#4793,#5945,.T.);
#5945 = LINE('',#5946,#5947);
#5946 = CARTESIAN_POINT('',(156.89,-66.77,-4.6E-02));
#5947 = VECTOR('',#5948,1.);
#5948 = DIRECTION('',(0.,0.,1.));
#5949 = ORIENTED_EDGE('',*,*,#4792,.F.);
#5950 = ORIENTED_EDGE('',*,*,#5944,.F.);
#5951 = CYLINDRICAL_SURFACE('',#5952,0.5);
#5952 = AXIS2_PLACEMENT_3D('',#5953,#5954,#5955);
#5953 = CARTESIAN_POINT('',(156.89,-66.27,-4.6E-02));
#5954 = DIRECTION('',(-0.,-0.,-1.));
#5955 = DIRECTION('',(-0.,-1.,0.));
#5956 = ADVANCED_FACE('',(#5957),#5968,.F.);
#5957 = FACE_BOUND('',#5958,.T.);
#5958 = EDGE_LOOP('',(#5959,#5960,#5966,#5967));
#5959 = ORIENTED_EDGE('',*,*,#3983,.T.);
#5960 = ORIENTED_EDGE('',*,*,#5961,.T.);
#5961 = EDGE_CURVE('',#3984,#4804,#5962,.T.);
#5962 = LINE('',#5963,#5964);
#5963 = CARTESIAN_POINT('',(159.43,-66.77,-4.6E-02));
#5964 = VECTOR('',#5965,1.);
#5965 = DIRECTION('',(0.,0.,1.));
#5966 = ORIENTED_EDGE('',*,*,#4803,.F.);
#5967 = ORIENTED_EDGE('',*,*,#5961,.F.);
#5968 = CYLINDRICAL_SURFACE('',#5969,0.5);
#5969 = AXIS2_PLACEMENT_3D('',#5970,#5971,#5972);
#5970 = CARTESIAN_POINT('',(159.43,-66.27,-4.6E-02));
#5971 = DIRECTION('',(-0.,-0.,-1.));
#5972 = DIRECTION('',(-0.,-1.,0.));
#5973 = ADVANCED_FACE('',(#5974),#5985,.F.);
#5974 = FACE_BOUND('',#5975,.T.);
#5975 = EDGE_LOOP('',(#5976,#5977,#5983,#5984));
#5976 = ORIENTED_EDGE('',*,*,#3994,.T.);
#5977 = ORIENTED_EDGE('',*,*,#5978,.T.);
#5978 = EDGE_CURVE('',#3995,#4815,#5979,.T.);
#5979 = LINE('',#5980,#5981);
#5980 = CARTESIAN_POINT('',(161.97,-66.77,-4.6E-02));
#5981 = VECTOR('',#5982,1.);
#5982 = DIRECTION('',(0.,0.,1.));
#5983 = ORIENTED_EDGE('',*,*,#4814,.F.);
#5984 = ORIENTED_EDGE('',*,*,#5978,.F.);
#5985 = CYLINDRICAL_SURFACE('',#5986,0.5);
#5986 = AXIS2_PLACEMENT_3D('',#5987,#5988,#5989);
#5987 = CARTESIAN_POINT('',(161.97,-66.27,-4.6E-02));
#5988 = DIRECTION('',(-0.,-0.,-1.));
#5989 = DIRECTION('',(-0.,-1.,0.));
#5990 = ADVANCED_FACE('',(#5991),#6002,.F.);
#5991 = FACE_BOUND('',#5992,.T.);
#5992 = EDGE_LOOP('',(#5993,#5994,#6000,#6001));
#5993 = ORIENTED_EDGE('',*,*,#4005,.T.);
#5994 = ORIENTED_EDGE('',*,*,#5995,.T.);
#5995 = EDGE_CURVE('',#4006,#4826,#5996,.T.);
#5996 = LINE('',#5997,#5998);
#5997 = CARTESIAN_POINT('',(164.51,-66.77,-4.6E-02));
#5998 = VECTOR('',#5999,1.);
#5999 = DIRECTION('',(0.,0.,1.));
#6000 = ORIENTED_EDGE('',*,*,#4825,.F.);
#6001 = ORIENTED_EDGE('',*,*,#5995,.F.);
#6002 = CYLINDRICAL_SURFACE('',#6003,0.5);
#6003 = AXIS2_PLACEMENT_3D('',#6004,#6005,#6006);
#6004 = CARTESIAN_POINT('',(164.51,-66.27,-4.6E-02));
#6005 = DIRECTION('',(-0.,-0.,-1.));
#6006 = DIRECTION('',(-0.,-1.,0.));
#6007 = ADVANCED_FACE('',(#6008),#6019,.F.);
#6008 = FACE_BOUND('',#6009,.T.);
#6009 = EDGE_LOOP('',(#6010,#6011,#6017,#6018));
#6010 = ORIENTED_EDGE('',*,*,#4016,.T.);
#6011 = ORIENTED_EDGE('',*,*,#6012,.T.);
#6012 = EDGE_CURVE('',#4017,#4837,#6013,.T.);
#6013 = LINE('',#6014,#6015);
#6014 = CARTESIAN_POINT('',(151.81,-64.23,-4.6E-02));
#6015 = VECTOR('',#6016,1.);
#6016 = DIRECTION('',(0.,0.,1.));
#6017 = ORIENTED_EDGE('',*,*,#4836,.F.);
#6018 = ORIENTED_EDGE('',*,*,#6012,.F.);
#6019 = CYLINDRICAL_SURFACE('',#6020,0.5);
#6020 = AXIS2_PLACEMENT_3D('',#6021,#6022,#6023);
#6021 = CARTESIAN_POINT('',(151.81,-63.73,-4.6E-02));
#6022 = DIRECTION('',(-0.,-0.,-1.));
#6023 = DIRECTION('',(-0.,-1.,0.));
#6024 = ADVANCED_FACE('',(#6025),#6036,.F.);
#6025 = FACE_BOUND('',#6026,.T.);
#6026 = EDGE_LOOP('',(#6027,#6028,#6034,#6035));
#6027 = ORIENTED_EDGE('',*,*,#4027,.T.);
#6028 = ORIENTED_EDGE('',*,*,#6029,.T.);
#6029 = EDGE_CURVE('',#4028,#4848,#6030,.T.);
#6030 = LINE('',#6031,#6032);
#6031 = CARTESIAN_POINT('',(154.35,-64.23,-4.6E-02));
#6032 = VECTOR('',#6033,1.);
#6033 = DIRECTION('',(0.,0.,1.));
#6034 = ORIENTED_EDGE('',*,*,#4847,.F.);
#6035 = ORIENTED_EDGE('',*,*,#6029,.F.);
#6036 = CYLINDRICAL_SURFACE('',#6037,0.5);
#6037 = AXIS2_PLACEMENT_3D('',#6038,#6039,#6040);
#6038 = CARTESIAN_POINT('',(154.35,-63.73,-4.6E-02));
#6039 = DIRECTION('',(-0.,-0.,-1.));
#6040 = DIRECTION('',(-0.,-1.,0.));
#6041 = ADVANCED_FACE('',(#6042),#6053,.F.);
#6042 = FACE_BOUND('',#6043,.T.);
#6043 = EDGE_LOOP('',(#6044,#6045,#6051,#6052));
#6044 = ORIENTED_EDGE('',*,*,#4038,.T.);
#6045 = ORIENTED_EDGE('',*,*,#6046,.T.);
#6046 = EDGE_CURVE('',#4039,#4859,#6047,.T.);
#6047 = LINE('',#6048,#6049);
#6048 = CARTESIAN_POINT('',(156.89,-64.23,-4.6E-02));
#6049 = VECTOR('',#6050,1.);
#6050 = DIRECTION('',(0.,0.,1.));
#6051 = ORIENTED_EDGE('',*,*,#4858,.F.);
#6052 = ORIENTED_EDGE('',*,*,#6046,.F.);
#6053 = CYLINDRICAL_SURFACE('',#6054,0.5);
#6054 = AXIS2_PLACEMENT_3D('',#6055,#6056,#6057);
#6055 = CARTESIAN_POINT('',(156.89,-63.73,-4.6E-02));
#6056 = DIRECTION('',(-0.,-0.,-1.));
#6057 = DIRECTION('',(-0.,-1.,0.));
#6058 = ADVANCED_FACE('',(#6059),#6070,.F.);
#6059 = FACE_BOUND('',#6060,.T.);
#6060 = EDGE_LOOP('',(#6061,#6062,#6068,#6069));
#6061 = ORIENTED_EDGE('',*,*,#4049,.T.);
#6062 = ORIENTED_EDGE('',*,*,#6063,.T.);
#6063 = EDGE_CURVE('',#4050,#4870,#6064,.T.);
#6064 = LINE('',#6065,#6066);
#6065 = CARTESIAN_POINT('',(159.43,-64.23,-4.6E-02));
#6066 = VECTOR('',#6067,1.);
#6067 = DIRECTION('',(0.,0.,1.));
#6068 = ORIENTED_EDGE('',*,*,#4869,.F.);
#6069 = ORIENTED_EDGE('',*,*,#6063,.F.);
#6070 = CYLINDRICAL_SURFACE('',#6071,0.5);
#6071 = AXIS2_PLACEMENT_3D('',#6072,#6073,#6074);
#6072 = CARTESIAN_POINT('',(159.43,-63.73,-4.6E-02));
#6073 = DIRECTION('',(-0.,-0.,-1.));
#6074 = DIRECTION('',(-0.,-1.,0.));
#6075 = ADVANCED_FACE('',(#6076),#6087,.F.);
#6076 = FACE_BOUND('',#6077,.T.);
#6077 = EDGE_LOOP('',(#6078,#6079,#6085,#6086));
#6078 = ORIENTED_EDGE('',*,*,#4060,.T.);
#6079 = ORIENTED_EDGE('',*,*,#6080,.T.);
#6080 = EDGE_CURVE('',#4061,#4881,#6081,.T.);
#6081 = LINE('',#6082,#6083);
#6082 = CARTESIAN_POINT('',(161.97,-64.23,-4.6E-02));
#6083 = VECTOR('',#6084,1.);
#6084 = DIRECTION('',(0.,0.,1.));
#6085 = ORIENTED_EDGE('',*,*,#4880,.F.);
#6086 = ORIENTED_EDGE('',*,*,#6080,.F.);
#6087 = CYLINDRICAL_SURFACE('',#6088,0.5);
#6088 = AXIS2_PLACEMENT_3D('',#6089,#6090,#6091);
#6089 = CARTESIAN_POINT('',(161.97,-63.73,-4.6E-02));
#6090 = DIRECTION('',(-0.,-0.,-1.));
#6091 = DIRECTION('',(-0.,-1.,0.));
#6092 = ADVANCED_FACE('',(#6093),#6104,.F.);
#6093 = FACE_BOUND('',#6094,.T.);
#6094 = EDGE_LOOP('',(#6095,#6096,#6102,#6103));
#6095 = ORIENTED_EDGE('',*,*,#4071,.T.);
#6096 = ORIENTED_EDGE('',*,*,#6097,.T.);
#6097 = EDGE_CURVE('',#4072,#4892,#6098,.T.);
#6098 = LINE('',#6099,#6100);
#6099 = CARTESIAN_POINT('',(164.51,-64.23,-4.6E-02));
#6100 = VECTOR('',#6101,1.);
#6101 = DIRECTION('',(0.,0.,1.));
#6102 = ORIENTED_EDGE('',*,*,#4891,.F.);
#6103 = ORIENTED_EDGE('',*,*,#6097,.F.);
#6104 = CYLINDRICAL_SURFACE('',#6105,0.5);
#6105 = AXIS2_PLACEMENT_3D('',#6106,#6107,#6108);
#6106 = CARTESIAN_POINT('',(164.51,-63.73,-4.6E-02));
#6107 = DIRECTION('',(-0.,-0.,-1.));
#6108 = DIRECTION('',(-0.,-1.,0.));
#6109 = ADVANCED_FACE('',(#6110),#6121,.F.);
#6110 = FACE_BOUND('',#6111,.T.);
#6111 = EDGE_LOOP('',(#6112,#6113,#6119,#6120));
#6112 = ORIENTED_EDGE('',*,*,#4082,.T.);
#6113 = ORIENTED_EDGE('',*,*,#6114,.T.);
#6114 = EDGE_CURVE('',#4083,#4903,#6115,.T.);
#6115 = LINE('',#6116,#6117);
#6116 = CARTESIAN_POINT('',(167.05,-66.77,-4.6E-02));
#6117 = VECTOR('',#6118,1.);
#6118 = DIRECTION('',(0.,0.,1.));
#6119 = ORIENTED_EDGE('',*,*,#4902,.F.);
#6120 = ORIENTED_EDGE('',*,*,#6114,.F.);
#6121 = CYLINDRICAL_SURFACE('',#6122,0.5);
#6122 = AXIS2_PLACEMENT_3D('',#6123,#6124,#6125);
#6123 = CARTESIAN_POINT('',(167.05,-66.27,-4.6E-02));
#6124 = DIRECTION('',(-0.,-0.,-1.));
#6125 = DIRECTION('',(-0.,-1.,0.));
#6126 = ADVANCED_FACE('',(#6127),#6138,.F.);
#6127 = FACE_BOUND('',#6128,.T.);
#6128 = EDGE_LOOP('',(#6129,#6130,#6136,#6137));
#6129 = ORIENTED_EDGE('',*,*,#4093,.T.);
#6130 = ORIENTED_EDGE('',*,*,#6131,.T.);
#6131 = EDGE_CURVE('',#4094,#4914,#6132,.T.);
#6132 = LINE('',#6133,#6134);
#6133 = CARTESIAN_POINT('',(169.59,-66.77,-4.6E-02));
#6134 = VECTOR('',#6135,1.);
#6135 = DIRECTION('',(0.,0.,1.));
#6136 = ORIENTED_EDGE('',*,*,#4913,.F.);
#6137 = ORIENTED_EDGE('',*,*,#6131,.F.);
#6138 = CYLINDRICAL_SURFACE('',#6139,0.5);
#6139 = AXIS2_PLACEMENT_3D('',#6140,#6141,#6142);
#6140 = CARTESIAN_POINT('',(169.59,-66.27,-4.6E-02));
#6141 = DIRECTION('',(-0.,-0.,-1.));
#6142 = DIRECTION('',(-0.,-1.,0.));
#6143 = ADVANCED_FACE('',(#6144),#6155,.F.);
#6144 = FACE_BOUND('',#6145,.T.);
#6145 = EDGE_LOOP('',(#6146,#6147,#6153,#6154));
#6146 = ORIENTED_EDGE('',*,*,#4104,.T.);
#6147 = ORIENTED_EDGE('',*,*,#6148,.T.);
#6148 = EDGE_CURVE('',#4105,#4925,#6149,.T.);
#6149 = LINE('',#6150,#6151);
#6150 = CARTESIAN_POINT('',(172.13,-66.77,-4.6E-02));
#6151 = VECTOR('',#6152,1.);
#6152 = DIRECTION('',(0.,0.,1.));
#6153 = ORIENTED_EDGE('',*,*,#4924,.F.);
#6154 = ORIENTED_EDGE('',*,*,#6148,.F.);
#6155 = CYLINDRICAL_SURFACE('',#6156,0.5);
#6156 = AXIS2_PLACEMENT_3D('',#6157,#6158,#6159);
#6157 = CARTESIAN_POINT('',(172.13,-66.27,-4.6E-02));
#6158 = DIRECTION('',(-0.,-0.,-1.));
#6159 = DIRECTION('',(-0.,-1.,0.));
#6160 = ADVANCED_FACE('',(#6161),#6172,.F.);
#6161 = FACE_BOUND('',#6162,.T.);
#6162 = EDGE_LOOP('',(#6163,#6164,#6170,#6171));
#6163 = ORIENTED_EDGE('',*,*,#4115,.T.);
#6164 = ORIENTED_EDGE('',*,*,#6165,.T.);
#6165 = EDGE_CURVE('',#4116,#4936,#6166,.T.);
#6166 = LINE('',#6167,#6168);
#6167 = CARTESIAN_POINT('',(177.,-66.375,-4.6E-02));
#6168 = VECTOR('',#6169,1.);
#6169 = DIRECTION('',(0.,0.,1.));
#6170 = ORIENTED_EDGE('',*,*,#4935,.F.);
#6171 = ORIENTED_EDGE('',*,*,#6165,.F.);
#6172 = CYLINDRICAL_SURFACE('',#6173,1.375);
#6173 = AXIS2_PLACEMENT_3D('',#6174,#6175,#6176);
#6174 = CARTESIAN_POINT('',(177.,-65.,-4.6E-02));
#6175 = DIRECTION('',(-0.,-0.,-1.));
#6176 = DIRECTION('',(-0.,-1.,0.));
#6177 = ADVANCED_FACE('',(#6178),#6189,.F.);
#6178 = FACE_BOUND('',#6179,.T.);
#6179 = EDGE_LOOP('',(#6180,#6181,#6187,#6188));
#6180 = ORIENTED_EDGE('',*,*,#4126,.T.);
#6181 = ORIENTED_EDGE('',*,*,#6182,.T.);
#6182 = EDGE_CURVE('',#4127,#4947,#6183,.T.);
#6183 = LINE('',#6184,#6185);
#6184 = CARTESIAN_POINT('',(167.05,-64.23,-4.6E-02));
#6185 = VECTOR('',#6186,1.);
#6186 = DIRECTION('',(0.,0.,1.));
#6187 = ORIENTED_EDGE('',*,*,#4946,.F.);
#6188 = ORIENTED_EDGE('',*,*,#6182,.F.);
#6189 = CYLINDRICAL_SURFACE('',#6190,0.5);
#6190 = AXIS2_PLACEMENT_3D('',#6191,#6192,#6193);
#6191 = CARTESIAN_POINT('',(167.05,-63.73,-4.6E-02));
#6192 = DIRECTION('',(-0.,-0.,-1.));
#6193 = DIRECTION('',(-0.,-1.,0.));
#6194 = ADVANCED_FACE('',(#6195),#6206,.F.);
#6195 = FACE_BOUND('',#6196,.T.);
#6196 = EDGE_LOOP('',(#6197,#6198,#6204,#6205));
#6197 = ORIENTED_EDGE('',*,*,#4137,.T.);
#6198 = ORIENTED_EDGE('',*,*,#6199,.T.);
#6199 = EDGE_CURVE('',#4138,#4958,#6200,.T.);
#6200 = LINE('',#6201,#6202);
#6201 = CARTESIAN_POINT('',(169.59,-64.23,-4.6E-02));
#6202 = VECTOR('',#6203,1.);
#6203 = DIRECTION('',(0.,0.,1.));
#6204 = ORIENTED_EDGE('',*,*,#4957,.F.);
#6205 = ORIENTED_EDGE('',*,*,#6199,.F.);
#6206 = CYLINDRICAL_SURFACE('',#6207,0.5);
#6207 = AXIS2_PLACEMENT_3D('',#6208,#6209,#6210);
#6208 = CARTESIAN_POINT('',(169.59,-63.73,-4.6E-02));
#6209 = DIRECTION('',(-0.,-0.,-1.));
#6210 = DIRECTION('',(-0.,-1.,0.));
#6211 = ADVANCED_FACE('',(#6212),#6223,.F.);
#6212 = FACE_BOUND('',#6213,.T.);
#6213 = EDGE_LOOP('',(#6214,#6215,#6221,#6222));
#6214 = ORIENTED_EDGE('',*,*,#4148,.T.);
#6215 = ORIENTED_EDGE('',*,*,#6216,.T.);
#6216 = EDGE_CURVE('',#4149,#4969,#6217,.T.);
#6217 = LINE('',#6218,#6219);
#6218 = CARTESIAN_POINT('',(172.13,-64.23,-4.6E-02));
#6219 = VECTOR('',#6220,1.);
#6220 = DIRECTION('',(0.,0.,1.));
#6221 = ORIENTED_EDGE('',*,*,#4968,.F.);
#6222 = ORIENTED_EDGE('',*,*,#6216,.F.);
#6223 = CYLINDRICAL_SURFACE('',#6224,0.5);
#6224 = AXIS2_PLACEMENT_3D('',#6225,#6226,#6227);
#6225 = CARTESIAN_POINT('',(172.13,-63.73,-4.6E-02));
#6226 = DIRECTION('',(-0.,-0.,-1.));
#6227 = DIRECTION('',(-0.,-1.,0.));
#6228 = ADVANCED_FACE('',(#6229),#6240,.F.);
#6229 = FACE_BOUND('',#6230,.T.);
#6230 = EDGE_LOOP('',(#6231,#6232,#6238,#6239));
#6231 = ORIENTED_EDGE('',*,*,#4159,.T.);
#6232 = ORIENTED_EDGE('',*,*,#6233,.T.);
#6233 = EDGE_CURVE('',#4160,#4980,#6234,.T.);
#6234 = LINE('',#6235,#6236);
#6235 = CARTESIAN_POINT('',(177.,-43.375,-4.6E-02));
#6236 = VECTOR('',#6237,1.);
#6237 = DIRECTION('',(0.,0.,1.));
#6238 = ORIENTED_EDGE('',*,*,#4979,.F.);
#6239 = ORIENTED_EDGE('',*,*,#6233,.F.);
#6240 = CYLINDRICAL_SURFACE('',#6241,1.375);
#6241 = AXIS2_PLACEMENT_3D('',#6242,#6243,#6244);
#6242 = CARTESIAN_POINT('',(177.,-42.,-4.6E-02));
#6243 = DIRECTION('',(-0.,-0.,-1.));
#6244 = DIRECTION('',(-0.,-1.,0.));
#6245 = ( GEOMETRIC_REPRESENTATION_CONTEXT(3) 
GLOBAL_UNCERTAINTY_ASSIGNED_CONTEXT((#6249)) 
GLOBAL_UNIT_ASSIGNED_CONTEXT((#6246,#6247,#6248)) REPRESENTATION_CONTEXT
('Context #1','3D Context with UNIT and UNCERTAINTY') );
#6246 = ( LENGTH_UNIT() NAMED_UNIT(*) SI_UNIT(.MILLI.,.METRE.) );
#6247 = ( NAMED_UNIT(*) PLANE_ANGLE_UNIT() SI_UNIT($,.RADIAN.) );
#6248 = ( NAMED_UNIT(*) SI_UNIT($,.STERADIAN.) SOLID_ANGLE_UNIT() );
#6249 = UNCERTAINTY_MEASURE_WITH_UNIT(LENGTH_MEASURE(1.E-07),#6246,
  'distance_accuracy_value','confusion accuracy');
#6250 = CONTEXT_DEPENDENT_SHAPE_REPRESENTATION(#6251,#6253);
#6251 = ( REPRESENTATION_RELATIONSHIP('','',#3247,#10) 
REPRESENTATION_RELATIONSHIP_WITH_TRANSFORMATION(#6252) 
SHAPE_REPRESENTATION_RELATIONSHIP() );
#6252 = ITEM_DEFINED_TRANSFORMATION('','',#11,#47);
#6253 = PRODUCT_DEFINITION_SHAPE('Placement','Placement of an item',
  #6254);
#6254 = NEXT_ASSEMBLY_USAGE_OCCURRENCE('9','=>[0:1:1:5]','',#5,#3242,$);
#6255 = PRODUCT_RELATED_PRODUCT_CATEGORY('part',$,(#3244));
#6256 = MECHANICAL_DESIGN_GEOMETRIC_PRESENTATION_REPRESENTATION('',(
    #6257),#6245);
#6257 = STYLED_ITEM('color',(#6258),#3248);
#6258 = PRESENTATION_STYLE_ASSIGNMENT((#6259));
#6259 = SURFACE_STYLE_USAGE(.BOTH.,#6260);
#6260 = SURFACE_SIDE_STYLE('',(#6261));
#6261 = SURFACE_STYLE_FILL_AREA(#6262);
#6262 = FILL_AREA_STYLE('',(#6263));
#6263 = FILL_AREA_STYLE_COLOUR('',#6264);
#6264 = COLOUR_RGB('',0.313304153717,0.484529207832,0.410020903123);
#6265 = MECHANICAL_DESIGN_GEOMETRIC_PRESENTATION_REPRESENTATION('',(
    #6266,#6274,#6281,#6288,#6295,#6303,#6310,#6317,#6324,#6331),#547);
#6266 = STYLED_ITEM('color',(#6267),#67);
#6267 = PRESENTATION_STYLE_ASSIGNMENT((#6268));
#6268 = SURFACE_STYLE_USAGE(.BOTH.,#6269);
#6269 = SURFACE_SIDE_STYLE('',(#6270));
#6270 = SURFACE_STYLE_FILL_AREA(#6271);
#6271 = FILL_AREA_STYLE('',(#6272));
#6272 = FILL_AREA_STYLE_COLOUR('',#6273);
#6273 = COLOUR_RGB('',0.823999987314,0.819999987296,0.781000009244);
#6274 = STYLED_ITEM('color',(#6275),#84);
#6275 = PRESENTATION_STYLE_ASSIGNMENT((#6276));
#6276 = SURFACE_STYLE_USAGE(.BOTH.,#6277);
#6277 = SURFACE_SIDE_STYLE('',(#6278));
#6278 = SURFACE_STYLE_FILL_AREA(#6279);
#6279 = FILL_AREA_STYLE('',(#6280));
#6280 = FILL_AREA_STYLE_COLOUR('',#6273);
#6281 = STYLED_ITEM('color',(#6282),#109);
#6282 = PRESENTATION_STYLE_ASSIGNMENT((#6283));
#6283 = SURFACE_STYLE_USAGE(.BOTH.,#6284);
#6284 = SURFACE_SIDE_STYLE('',(#6285));
#6285 = SURFACE_STYLE_FILL_AREA(#6286);
#6286 = FILL_AREA_STYLE('',(#6287));
#6287 = FILL_AREA_STYLE_COLOUR('',#6273);
#6288 = STYLED_ITEM('color',(#6289),#139);
#6289 = PRESENTATION_STYLE_ASSIGNMENT((#6290));
#6290 = SURFACE_STYLE_USAGE(.BOTH.,#6291);
#6291 = SURFACE_SIDE_STYLE('',(#6292));
#6292 = SURFACE_STYLE_FILL_AREA(#6293);
#6293 = FILL_AREA_STYLE('',(#6294));
#6294 = FILL_AREA_STYLE_COLOUR('',#6273);
#6295 = STYLED_ITEM('color',(#6296),#273);
#6296 = PRESENTATION_STYLE_ASSIGNMENT((#6297));
#6297 = SURFACE_STYLE_USAGE(.BOTH.,#6298);
#6298 = SURFACE_SIDE_STYLE('',(#6299));
#6299 = SURFACE_STYLE_FILL_AREA(#6300);
#6300 = FILL_AREA_STYLE('',(#6301));
#6301 = FILL_AREA_STYLE_COLOUR('',#6302);
#6302 = COLOUR_RGB('',0.809000013735,0.426000008053,0.147999998088);
#6303 = STYLED_ITEM('color',(#6304),#374);
#6304 = PRESENTATION_STYLE_ASSIGNMENT((#6305));
#6305 = SURFACE_STYLE_USAGE(.BOTH.,#6306);
#6306 = SURFACE_SIDE_STYLE('',(#6307));
#6307 = SURFACE_STYLE_FILL_AREA(#6308);
#6308 = FILL_AREA_STYLE('',(#6309));
#6309 = FILL_AREA_STYLE_COLOUR('',#6302);
#6310 = STYLED_ITEM('color',(#6311),#456);
#6311 = PRESENTATION_STYLE_ASSIGNMENT((#6312));
#6312 = SURFACE_STYLE_USAGE(.BOTH.,#6313);
#6313 = SURFACE_SIDE_STYLE('',(#6314));
#6314 = SURFACE_STYLE_FILL_AREA(#6315);
#6315 = FILL_AREA_STYLE('',(#6316));
#6316 = FILL_AREA_STYLE_COLOUR('',#6273);
#6317 = STYLED_ITEM('color',(#6318),#483);
#6318 = PRESENTATION_STYLE_ASSIGNMENT((#6319));
#6319 = SURFACE_STYLE_USAGE(.BOTH.,#6320);
#6320 = SURFACE_SIDE_STYLE('',(#6321));
#6321 = SURFACE_STYLE_FILL_AREA(#6322);
#6322 = FILL_AREA_STYLE('',(#6323));
#6323 = FILL_AREA_STYLE_COLOUR('',#6273);
#6324 = STYLED_ITEM('color',(#6325),#513);
#6325 = PRESENTATION_STYLE_ASSIGNMENT((#6326));
#6326 = SURFACE_STYLE_USAGE(.BOTH.,#6327);
#6327 = SURFACE_SIDE_STYLE('',(#6328));
#6328 = SURFACE_STYLE_FILL_AREA(#6329);
#6329 = FILL_AREA_STYLE('',(#6330));
#6330 = FILL_AREA_STYLE_COLOUR('',#6273);
#6331 = STYLED_ITEM('color',(#6332),#538);
#6332 = PRESENTATION_STYLE_ASSIGNMENT((#6333));
#6333 = SURFACE_STYLE_USAGE(.BOTH.,#6334);
#6334 = SURFACE_SIDE_STYLE('',(#6335));
#6335 = SURFACE_STYLE_FILL_AREA(#6336);
#6336 = FILL_AREA_STYLE('',(#6337));
#6337 = FILL_AREA_STYLE_COLOUR('',#6273);
#6338 = MECHANICAL_DESIGN_GEOMETRIC_PRESENTATION_REPRESENTATION('',(
    #6339,#6346,#6353,#6361,#6368,#6376,#6383,#6390,#6397,#6404,#6411,
    #6418,#6425,#6432,#6439,#6446,#6454,#6461,#6468,#6475,#6482,#6489,
    #6496,#6503,#6510,#6517,#6524,#6531,#6538,#6545,#6552,#6559,#6566,
    #6573,#6580,#6587,#6594,#6601,#6608,#6615,#6622,#6629,#6636,#6643,
    #6650,#6657,#6664,#6671,#6678,#6685,#6692,#6699,#6706,#6713),#2798);
#6339 = STYLED_ITEM('color',(#6340),#568);
#6340 = PRESENTATION_STYLE_ASSIGNMENT((#6341));
#6341 = SURFACE_STYLE_USAGE(.BOTH.,#6342);
#6342 = SURFACE_SIDE_STYLE('',(#6343));
#6343 = SURFACE_STYLE_FILL_AREA(#6344);
#6344 = FILL_AREA_STYLE('',(#6345));
#6345 = FILL_AREA_STYLE_COLOUR('',#6273);
#6346 = STYLED_ITEM('color',(#6347),#585);
#6347 = PRESENTATION_STYLE_ASSIGNMENT((#6348));
#6348 = SURFACE_STYLE_USAGE(.BOTH.,#6349);
#6349 = SURFACE_SIDE_STYLE('',(#6350));
#6350 = SURFACE_STYLE_FILL_AREA(#6351);
#6351 = FILL_AREA_STYLE('',(#6352));
#6352 = FILL_AREA_STYLE_COLOUR('',#6273);
#6353 = STYLED_ITEM('color',(#6354),#610);
#6354 = PRESENTATION_STYLE_ASSIGNMENT((#6355));
#6355 = SURFACE_STYLE_USAGE(.BOTH.,#6356);
#6356 = SURFACE_SIDE_STYLE('',(#6357));
#6357 = SURFACE_STYLE_FILL_AREA(#6358);
#6358 = FILL_AREA_STYLE('',(#6359));
#6359 = FILL_AREA_STYLE_COLOUR('',#6360);
#6360 = COLOUR_RGB('',0.136999991899,0.40200001271,0.726999997272);
#6361 = STYLED_ITEM('color',(#6362),#659);
#6362 = PRESENTATION_STYLE_ASSIGNMENT((#6363));
#6363 = SURFACE_STYLE_USAGE(.BOTH.,#6364);
#6364 = SURFACE_SIDE_STYLE('',(#6365));
#6365 = SURFACE_STYLE_FILL_AREA(#6366);
#6366 = FILL_AREA_STYLE('',(#6367));
#6367 = FILL_AREA_STYLE_COLOUR('',#6360);
#6368 = STYLED_ITEM('color',(#6369),#692);
#6369 = PRESENTATION_STYLE_ASSIGNMENT((#6370));
#6370 = SURFACE_STYLE_USAGE(.BOTH.,#6371);
#6371 = SURFACE_SIDE_STYLE('',(#6372));
#6372 = SURFACE_STYLE_FILL_AREA(#6373);
#6373 = FILL_AREA_STYLE('',(#6374));
#6374 = FILL_AREA_STYLE_COLOUR('',#6375);
#6375 = COLOUR_RGB('',0.690999977303,0.663999984767,0.597999987832);
#6376 = STYLED_ITEM('color',(#6377),#710);
#6377 = PRESENTATION_STYLE_ASSIGNMENT((#6378));
#6378 = SURFACE_STYLE_USAGE(.BOTH.,#6379);
#6379 = SURFACE_SIDE_STYLE('',(#6380));
#6380 = SURFACE_STYLE_FILL_AREA(#6381);
#6381 = FILL_AREA_STYLE('',(#6382));
#6382 = FILL_AREA_STYLE_COLOUR('',#6273);
#6383 = STYLED_ITEM('color',(#6384),#735);
#6384 = PRESENTATION_STYLE_ASSIGNMENT((#6385));
#6385 = SURFACE_STYLE_USAGE(.BOTH.,#6386);
#6386 = SURFACE_SIDE_STYLE('',(#6387));
#6387 = SURFACE_STYLE_FILL_AREA(#6388);
#6388 = FILL_AREA_STYLE('',(#6389));
#6389 = FILL_AREA_STYLE_COLOUR('',#6360);
#6390 = STYLED_ITEM('color',(#6391),#767);
#6391 = PRESENTATION_STYLE_ASSIGNMENT((#6392));
#6392 = SURFACE_STYLE_USAGE(.BOTH.,#6393);
#6393 = SURFACE_SIDE_STYLE('',(#6394));
#6394 = SURFACE_STYLE_FILL_AREA(#6395);
#6395 = FILL_AREA_STYLE('',(#6396));
#6396 = FILL_AREA_STYLE_COLOUR('',#6375);
#6397 = STYLED_ITEM('color',(#6398),#785);
#6398 = PRESENTATION_STYLE_ASSIGNMENT((#6399));
#6399 = SURFACE_STYLE_USAGE(.BOTH.,#6400);
#6400 = SURFACE_SIDE_STYLE('',(#6401));
#6401 = SURFACE_STYLE_FILL_AREA(#6402);
#6402 = FILL_AREA_STYLE('',(#6403));
#6403 = FILL_AREA_STYLE_COLOUR('',#6273);
#6404 = STYLED_ITEM('color',(#6405),#794);
#6405 = PRESENTATION_STYLE_ASSIGNMENT((#6406));
#6406 = SURFACE_STYLE_USAGE(.BOTH.,#6407);
#6407 = SURFACE_SIDE_STYLE('',(#6408));
#6408 = SURFACE_STYLE_FILL_AREA(#6409);
#6409 = FILL_AREA_STYLE('',(#6410));
#6410 = FILL_AREA_STYLE_COLOUR('',#6360);
#6411 = STYLED_ITEM('color',(#6412),#832);
#6412 = PRESENTATION_STYLE_ASSIGNMENT((#6413));
#6413 = SURFACE_STYLE_USAGE(.BOTH.,#6414);
#6414 = SURFACE_SIDE_STYLE('',(#6415));
#6415 = SURFACE_STYLE_FILL_AREA(#6416);
#6416 = FILL_AREA_STYLE('',(#6417));
#6417 = FILL_AREA_STYLE_COLOUR('',#6375);
#6418 = STYLED_ITEM('color',(#6419),#854);
#6419 = PRESENTATION_STYLE_ASSIGNMENT((#6420));
#6420 = SURFACE_STYLE_USAGE(.BOTH.,#6421);
#6421 = SURFACE_SIDE_STYLE('',(#6422));
#6422 = SURFACE_STYLE_FILL_AREA(#6423);
#6423 = FILL_AREA_STYLE('',(#6424));
#6424 = FILL_AREA_STYLE_COLOUR('',#6360);
#6425 = STYLED_ITEM('color',(#6426),#914);
#6426 = PRESENTATION_STYLE_ASSIGNMENT((#6427));
#6427 = SURFACE_STYLE_USAGE(.BOTH.,#6428);
#6428 = SURFACE_SIDE_STYLE('',(#6429));
#6429 = SURFACE_STYLE_FILL_AREA(#6430);
#6430 = FILL_AREA_STYLE('',(#6431));
#6431 = FILL_AREA_STYLE_COLOUR('',#6375);
#6432 = STYLED_ITEM('color',(#6433),#988);
#6433 = PRESENTATION_STYLE_ASSIGNMENT((#6434));
#6434 = SURFACE_STYLE_USAGE(.BOTH.,#6435);
#6435 = SURFACE_SIDE_STYLE('',(#6436));
#6436 = SURFACE_STYLE_FILL_AREA(#6437);
#6437 = FILL_AREA_STYLE('',(#6438));
#6438 = FILL_AREA_STYLE_COLOUR('',#6360);
#6439 = STYLED_ITEM('color',(#6440),#1154);
#6440 = PRESENTATION_STYLE_ASSIGNMENT((#6441));
#6441 = SURFACE_STYLE_USAGE(.BOTH.,#6442);
#6442 = SURFACE_SIDE_STYLE('',(#6443));
#6443 = SURFACE_STYLE_FILL_AREA(#6444);
#6444 = FILL_AREA_STYLE('',(#6445));
#6445 = FILL_AREA_STYLE_COLOUR('',#6375);
#6446 = STYLED_ITEM('color',(#6447),#1231);
#6447 = PRESENTATION_STYLE_ASSIGNMENT((#6448));
#6448 = SURFACE_STYLE_USAGE(.BOTH.,#6449);
#6449 = SURFACE_SIDE_STYLE('',(#6450));
#6450 = SURFACE_STYLE_FILL_AREA(#6451);
#6451 = FILL_AREA_STYLE('',(#6452));
#6452 = FILL_AREA_STYLE_COLOUR('',#6453);
#6453 = COLOUR_RGB('',0.147999998088,0.144999993226,0.144999993226);
#6454 = STYLED_ITEM('color',(#6455),#1256);
#6455 = PRESENTATION_STYLE_ASSIGNMENT((#6456));
#6456 = SURFACE_STYLE_USAGE(.BOTH.,#6457);
#6457 = SURFACE_SIDE_STYLE('',(#6458));
#6458 = SURFACE_STYLE_FILL_AREA(#6459);
#6459 = FILL_AREA_STYLE('',(#6460));
#6460 = FILL_AREA_STYLE_COLOUR('',#6375);
#6461 = STYLED_ITEM('color',(#6462),#1333);
#6462 = PRESENTATION_STYLE_ASSIGNMENT((#6463));
#6463 = SURFACE_STYLE_USAGE(.BOTH.,#6464);
#6464 = SURFACE_SIDE_STYLE('',(#6465));
#6465 = SURFACE_STYLE_FILL_AREA(#6466);
#6466 = FILL_AREA_STYLE('',(#6467));
#6467 = FILL_AREA_STYLE_COLOUR('',#6360);
#6468 = STYLED_ITEM('color',(#6469),#1399);
#6469 = PRESENTATION_STYLE_ASSIGNMENT((#6470));
#6470 = SURFACE_STYLE_USAGE(.BOTH.,#6471);
#6471 = SURFACE_SIDE_STYLE('',(#6472));
#6472 = SURFACE_STYLE_FILL_AREA(#6473);
#6473 = FILL_AREA_STYLE('',(#6474));
#6474 = FILL_AREA_STYLE_COLOUR('',#6453);
#6475 = STYLED_ITEM('color',(#6476),#1455);
#6476 = PRESENTATION_STYLE_ASSIGNMENT((#6477));
#6477 = SURFACE_STYLE_USAGE(.BOTH.,#6478);
#6478 = SURFACE_SIDE_STYLE('',(#6479));
#6479 = SURFACE_STYLE_FILL_AREA(#6480);
#6480 = FILL_AREA_STYLE('',(#6481));
#6481 = FILL_AREA_STYLE_COLOUR('',#6375);
#6482 = STYLED_ITEM('color',(#6483),#1506);
#6483 = PRESENTATION_STYLE_ASSIGNMENT((#6484));
#6484 = SURFACE_STYLE_USAGE(.BOTH.,#6485);
#6485 = SURFACE_SIDE_STYLE('',(#6486));
#6486 = SURFACE_STYLE_FILL_AREA(#6487);
#6487 = FILL_AREA_STYLE('',(#6488));
#6488 = FILL_AREA_STYLE_COLOUR('',#6375);
#6489 = STYLED_ITEM('color',(#6490),#1557);
#6490 = PRESENTATION_STYLE_ASSIGNMENT((#6491));
#6491 = SURFACE_STYLE_USAGE(.BOTH.,#6492);
#6492 = SURFACE_SIDE_STYLE('',(#6493));
#6493 = SURFACE_STYLE_FILL_AREA(#6494);
#6494 = FILL_AREA_STYLE('',(#6495));
#6495 = FILL_AREA_STYLE_COLOUR('',#6360);
#6496 = STYLED_ITEM('color',(#6497),#1723);
#6497 = PRESENTATION_STYLE_ASSIGNMENT((#6498));
#6498 = SURFACE_STYLE_USAGE(.BOTH.,#6499);
#6499 = SURFACE_SIDE_STYLE('',(#6500));
#6500 = SURFACE_STYLE_FILL_AREA(#6501);
#6501 = FILL_AREA_STYLE('',(#6502));
#6502 = FILL_AREA_STYLE_COLOUR('',#6453);
#6503 = STYLED_ITEM('color',(#6504),#1752);
#6504 = PRESENTATION_STYLE_ASSIGNMENT((#6505));
#6505 = SURFACE_STYLE_USAGE(.BOTH.,#6506);
#6506 = SURFACE_SIDE_STYLE('',(#6507));
#6507 = SURFACE_STYLE_FILL_AREA(#6508);
#6508 = FILL_AREA_STYLE('',(#6509));
#6509 = FILL_AREA_STYLE_COLOUR('',#6375);
#6510 = STYLED_ITEM('color',(#6511),#1820);
#6511 = PRESENTATION_STYLE_ASSIGNMENT((#6512));
#6512 = SURFACE_STYLE_USAGE(.BOTH.,#6513);
#6513 = SURFACE_SIDE_STYLE('',(#6514));
#6514 = SURFACE_STYLE_FILL_AREA(#6515);
#6515 = FILL_AREA_STYLE('',(#6516));
#6516 = FILL_AREA_STYLE_COLOUR('',#6375);
#6517 = STYLED_ITEM('color',(#6518),#1888);
#6518 = PRESENTATION_STYLE_ASSIGNMENT((#6519));
#6519 = SURFACE_STYLE_USAGE(.BOTH.,#6520);
#6520 = SURFACE_SIDE_STYLE('',(#6521));
#6521 = SURFACE_STYLE_FILL_AREA(#6522);
#6522 = FILL_AREA_STYLE('',(#6523));
#6523 = FILL_AREA_STYLE_COLOUR('',#6360);
#6524 = STYLED_ITEM('color',(#6525),#1920);
#6525 = PRESENTATION_STYLE_ASSIGNMENT((#6526));
#6526 = SURFACE_STYLE_USAGE(.BOTH.,#6527);
#6527 = SURFACE_SIDE_STYLE('',(#6528));
#6528 = SURFACE_STYLE_FILL_AREA(#6529);
#6529 = FILL_AREA_STYLE('',(#6530));
#6530 = FILL_AREA_STYLE_COLOUR('',#6453);
#6531 = STYLED_ITEM('color',(#6532),#1974);
#6532 = PRESENTATION_STYLE_ASSIGNMENT((#6533));
#6533 = SURFACE_STYLE_USAGE(.BOTH.,#6534);
#6534 = SURFACE_SIDE_STYLE('',(#6535));
#6535 = SURFACE_STYLE_FILL_AREA(#6536);
#6536 = FILL_AREA_STYLE('',(#6537));
#6537 = FILL_AREA_STYLE_COLOUR('',#6375);
#6538 = STYLED_ITEM('color',(#6539),#2051);
#6539 = PRESENTATION_STYLE_ASSIGNMENT((#6540));
#6540 = SURFACE_STYLE_USAGE(.BOTH.,#6541);
#6541 = SURFACE_SIDE_STYLE('',(#6542));
#6542 = SURFACE_STYLE_FILL_AREA(#6543);
#6543 = FILL_AREA_STYLE('',(#6544));
#6544 = FILL_AREA_STYLE_COLOUR('',#6360);
#6545 = STYLED_ITEM('color',(#6546),#2085);
#6546 = PRESENTATION_STYLE_ASSIGNMENT((#6547));
#6547 = SURFACE_STYLE_USAGE(.BOTH.,#6548);
#6548 = SURFACE_SIDE_STYLE('',(#6549));
#6549 = SURFACE_STYLE_FILL_AREA(#6550);
#6550 = FILL_AREA_STYLE('',(#6551));
#6551 = FILL_AREA_STYLE_COLOUR('',#6453);
#6552 = STYLED_ITEM('color',(#6553),#2100);
#6553 = PRESENTATION_STYLE_ASSIGNMENT((#6554));
#6554 = SURFACE_STYLE_USAGE(.BOTH.,#6555);
#6555 = SURFACE_SIDE_STYLE('',(#6556));
#6556 = SURFACE_STYLE_FILL_AREA(#6557);
#6557 = FILL_AREA_STYLE('',(#6558));
#6558 = FILL_AREA_STYLE_COLOUR('',#6375);
#6559 = STYLED_ITEM('color',(#6560),#2118);
#6560 = PRESENTATION_STYLE_ASSIGNMENT((#6561));
#6561 = SURFACE_STYLE_USAGE(.BOTH.,#6562);
#6562 = SURFACE_SIDE_STYLE('',(#6563));
#6563 = SURFACE_STYLE_FILL_AREA(#6564);
#6564 = FILL_AREA_STYLE('',(#6565));
#6565 = FILL_AREA_STYLE_COLOUR('',#6360);
#6566 = STYLED_ITEM('color',(#6567),#2150);
#6567 = PRESENTATION_STYLE_ASSIGNMENT((#6568));
#6568 = SURFACE_STYLE_USAGE(.BOTH.,#6569);
#6569 = SURFACE_SIDE_STYLE('',(#6570));
#6570 = SURFACE_STYLE_FILL_AREA(#6571);
#6571 = FILL_AREA_STYLE('',(#6572));
#6572 = FILL_AREA_STYLE_COLOUR('',#6375);
#6573 = STYLED_ITEM('color',(#6574),#2168);
#6574 = PRESENTATION_STYLE_ASSIGNMENT((#6575));
#6575 = SURFACE_STYLE_USAGE(.BOTH.,#6576);
#6576 = SURFACE_SIDE_STYLE('',(#6577));
#6577 = SURFACE_STYLE_FILL_AREA(#6578);
#6578 = FILL_AREA_STYLE('',(#6579));
#6579 = FILL_AREA_STYLE_COLOUR('',#6360);
#6580 = STYLED_ITEM('color',(#6581),#2311);
#6581 = PRESENTATION_STYLE_ASSIGNMENT((#6582));
#6582 = SURFACE_STYLE_USAGE(.BOTH.,#6583);
#6583 = SURFACE_SIDE_STYLE('',(#6584));
#6584 = SURFACE_STYLE_FILL_AREA(#6585);
#6585 = FILL_AREA_STYLE('',(#6586));
#6586 = FILL_AREA_STYLE_COLOUR('',#6375);
#6587 = STYLED_ITEM('color',(#6588),#2363);
#6588 = PRESENTATION_STYLE_ASSIGNMENT((#6589));
#6589 = SURFACE_STYLE_USAGE(.BOTH.,#6590);
#6590 = SURFACE_SIDE_STYLE('',(#6591));
#6591 = SURFACE_STYLE_FILL_AREA(#6592);
#6592 = FILL_AREA_STYLE('',(#6593));
#6593 = FILL_AREA_STYLE_COLOUR('',#6273);
#6594 = STYLED_ITEM('color',(#6595),#2387);
#6595 = PRESENTATION_STYLE_ASSIGNMENT((#6596));
#6596 = SURFACE_STYLE_USAGE(.BOTH.,#6597);
#6597 = SURFACE_SIDE_STYLE('',(#6598));
#6598 = SURFACE_STYLE_FILL_AREA(#6599);
#6599 = FILL_AREA_STYLE('',(#6600));
#6600 = FILL_AREA_STYLE_COLOUR('',#6273);
#6601 = STYLED_ITEM('color',(#6602),#2411);
#6602 = PRESENTATION_STYLE_ASSIGNMENT((#6603));
#6603 = SURFACE_STYLE_USAGE(.BOTH.,#6604);
#6604 = SURFACE_SIDE_STYLE('',(#6605));
#6605 = SURFACE_STYLE_FILL_AREA(#6606);
#6606 = FILL_AREA_STYLE('',(#6607));
#6607 = FILL_AREA_STYLE_COLOUR('',#6273);
#6608 = STYLED_ITEM('color',(#6609),#2435);
#6609 = PRESENTATION_STYLE_ASSIGNMENT((#6610));
#6610 = SURFACE_STYLE_USAGE(.BOTH.,#6611);
#6611 = SURFACE_SIDE_STYLE('',(#6612));
#6612 = SURFACE_STYLE_FILL_AREA(#6613);
#6613 = FILL_AREA_STYLE('',(#6614));
#6614 = FILL_AREA_STYLE_COLOUR('',#6273);
#6615 = STYLED_ITEM('color',(#6616),#2497);
#6616 = PRESENTATION_STYLE_ASSIGNMENT((#6617));
#6617 = SURFACE_STYLE_USAGE(.BOTH.,#6618);
#6618 = SURFACE_SIDE_STYLE('',(#6619));
#6619 = SURFACE_STYLE_FILL_AREA(#6620);
#6620 = FILL_AREA_STYLE('',(#6621));
#6621 = FILL_AREA_STYLE_COLOUR('',#6273);
#6622 = STYLED_ITEM('color',(#6623),#2514);
#6623 = PRESENTATION_STYLE_ASSIGNMENT((#6624));
#6624 = SURFACE_STYLE_USAGE(.BOTH.,#6625);
#6625 = SURFACE_SIDE_STYLE('',(#6626));
#6626 = SURFACE_STYLE_FILL_AREA(#6627);
#6627 = FILL_AREA_STYLE('',(#6628));
#6628 = FILL_AREA_STYLE_COLOUR('',#6273);
#6629 = STYLED_ITEM('color',(#6630),#2538);
#6630 = PRESENTATION_STYLE_ASSIGNMENT((#6631));
#6631 = SURFACE_STYLE_USAGE(.BOTH.,#6632);
#6632 = SURFACE_SIDE_STYLE('',(#6633));
#6633 = SURFACE_STYLE_FILL_AREA(#6634);
#6634 = FILL_AREA_STYLE('',(#6635));
#6635 = FILL_AREA_STYLE_COLOUR('',#6273);
#6636 = STYLED_ITEM('color',(#6637),#2554);
#6637 = PRESENTATION_STYLE_ASSIGNMENT((#6638));
#6638 = SURFACE_STYLE_USAGE(.BOTH.,#6639);
#6639 = SURFACE_SIDE_STYLE('',(#6640));
#6640 = SURFACE_STYLE_FILL_AREA(#6641);
#6641 = FILL_AREA_STYLE('',(#6642));
#6642 = FILL_AREA_STYLE_COLOUR('',#6273);
#6643 = STYLED_ITEM('color',(#6644),#2578);
#6644 = PRESENTATION_STYLE_ASSIGNMENT((#6645));
#6645 = SURFACE_STYLE_USAGE(.BOTH.,#6646);
#6646 = SURFACE_SIDE_STYLE('',(#6647));
#6647 = SURFACE_STYLE_FILL_AREA(#6648);
#6648 = FILL_AREA_STYLE('',(#6649));
#6649 = FILL_AREA_STYLE_COLOUR('',#6273);
#6650 = STYLED_ITEM('color',(#6651),#2590);
#6651 = PRESENTATION_STYLE_ASSIGNMENT((#6652));
#6652 = SURFACE_STYLE_USAGE(.BOTH.,#6653);
#6653 = SURFACE_SIDE_STYLE('',(#6654));
#6654 = SURFACE_STYLE_FILL_AREA(#6655);
#6655 = FILL_AREA_STYLE('',(#6656));
#6656 = FILL_AREA_STYLE_COLOUR('',#6273);
#6657 = STYLED_ITEM('color',(#6658),#2606);
#6658 = PRESENTATION_STYLE_ASSIGNMENT((#6659));
#6659 = SURFACE_STYLE_USAGE(.BOTH.,#6660);
#6660 = SURFACE_SIDE_STYLE('',(#6661));
#6661 = SURFACE_STYLE_FILL_AREA(#6662);
#6662 = FILL_AREA_STYLE('',(#6663));
#6663 = FILL_AREA_STYLE_COLOUR('',#6273);
#6664 = STYLED_ITEM('color',(#6665),#2618);
#6665 = PRESENTATION_STYLE_ASSIGNMENT((#6666));
#6666 = SURFACE_STYLE_USAGE(.BOTH.,#6667);
#6667 = SURFACE_SIDE_STYLE('',(#6668));
#6668 = SURFACE_STYLE_FILL_AREA(#6669);
#6669 = FILL_AREA_STYLE('',(#6670));
#6670 = FILL_AREA_STYLE_COLOUR('',#6273);
#6671 = STYLED_ITEM('color',(#6672),#2630);
#6672 = PRESENTATION_STYLE_ASSIGNMENT((#6673));
#6673 = SURFACE_STYLE_USAGE(.BOTH.,#6674);
#6674 = SURFACE_SIDE_STYLE('',(#6675));
#6675 = SURFACE_STYLE_FILL_AREA(#6676);
#6676 = FILL_AREA_STYLE('',(#6677));
#6677 = FILL_AREA_STYLE_COLOUR('',#6273);
#6678 = STYLED_ITEM('color',(#6679),#2644);
#6679 = PRESENTATION_STYLE_ASSIGNMENT((#6680));
#6680 = SURFACE_STYLE_USAGE(.BOTH.,#6681);
#6681 = SURFACE_SIDE_STYLE('',(#6682));
#6682 = SURFACE_STYLE_FILL_AREA(#6683);
#6683 = FILL_AREA_STYLE('',(#6684));
#6684 = FILL_AREA_STYLE_COLOUR('',#6375);
#6685 = STYLED_ITEM('color',(#6686),#2686);
#6686 = PRESENTATION_STYLE_ASSIGNMENT((#6687));
#6687 = SURFACE_STYLE_USAGE(.BOTH.,#6688);
#6688 = SURFACE_SIDE_STYLE('',(#6689));
#6689 = SURFACE_STYLE_FILL_AREA(#6690);
#6690 = FILL_AREA_STYLE('',(#6691));
#6691 = FILL_AREA_STYLE_COLOUR('',#6360);
#6692 = STYLED_ITEM('color',(#6693),#2717);
#6693 = PRESENTATION_STYLE_ASSIGNMENT((#6694));
#6694 = SURFACE_STYLE_USAGE(.BOTH.,#6695);
#6695 = SURFACE_SIDE_STYLE('',(#6696));
#6696 = SURFACE_STYLE_FILL_AREA(#6697);
#6697 = FILL_AREA_STYLE('',(#6698));
#6698 = FILL_AREA_STYLE_COLOUR('',#6360);
#6699 = STYLED_ITEM('color',(#6700),#2728);
#6700 = PRESENTATION_STYLE_ASSIGNMENT((#6701));
#6701 = SURFACE_STYLE_USAGE(.BOTH.,#6702);
#6702 = SURFACE_SIDE_STYLE('',(#6703));
#6703 = SURFACE_STYLE_FILL_AREA(#6704);
#6704 = FILL_AREA_STYLE('',(#6705));
#6705 = FILL_AREA_STYLE_COLOUR('',#6375);
#6706 = STYLED_ITEM('color',(#6707),#2760);
#6707 = PRESENTATION_STYLE_ASSIGNMENT((#6708));
#6708 = SURFACE_STYLE_USAGE(.BOTH.,#6709);
#6709 = SURFACE_SIDE_STYLE('',(#6710));
#6710 = SURFACE_STYLE_FILL_AREA(#6711);
#6711 = FILL_AREA_STYLE('',(#6712));
#6712 = FILL_AREA_STYLE_COLOUR('',#6360);
#6713 = STYLED_ITEM('color',(#6714),#2787);
#6714 = PRESENTATION_STYLE_ASSIGNMENT((#6715));
#6715 = SURFACE_STYLE_USAGE(.BOTH.,#6716);
#6716 = SURFACE_SIDE_STYLE('',(#6717));
#6717 = SURFACE_STYLE_FILL_AREA(#6718);
#6718 = FILL_AREA_STYLE('',(#6719));
#6719 = FILL_AREA_STYLE_COLOUR('',#6273);
#6720 = MECHANICAL_DESIGN_GEOMETRIC_PRESENTATION_REPRESENTATION('',(
    #6721,#6729,#6736,#6743,#6750,#6757,#6764,#6771,#6778,#6785,#6792,
    #6799,#6806,#6813,#6820,#6827,#6834),#3204);
#6721 = STYLED_ITEM('color',(#6722),#2819);
#6722 = PRESENTATION_STYLE_ASSIGNMENT((#6723));
#6723 = SURFACE_STYLE_USAGE(.BOTH.,#6724);
#6724 = SURFACE_SIDE_STYLE('',(#6725));
#6725 = SURFACE_STYLE_FILL_AREA(#6726);
#6726 = FILL_AREA_STYLE('',(#6727));
#6727 = FILL_AREA_STYLE_COLOUR('',#6728);
#6728 = COLOUR_RGB('',0.883000012551,0.711000022565,0.492000011028);
#6729 = STYLED_ITEM('color',(#6730),#2852);
#6730 = PRESENTATION_STYLE_ASSIGNMENT((#6731));
#6731 = SURFACE_STYLE_USAGE(.BOTH.,#6732);
#6732 = SURFACE_SIDE_STYLE('',(#6733));
#6733 = SURFACE_STYLE_FILL_AREA(#6734);
#6734 = FILL_AREA_STYLE('',(#6735));
#6735 = FILL_AREA_STYLE_COLOUR('',#6728);
#6736 = STYLED_ITEM('color',(#6737),#2878);
#6737 = PRESENTATION_STYLE_ASSIGNMENT((#6738));
#6738 = SURFACE_STYLE_USAGE(.BOTH.,#6739);
#6739 = SURFACE_SIDE_STYLE('',(#6740));
#6740 = SURFACE_STYLE_FILL_AREA(#6741);
#6741 = FILL_AREA_STYLE('',(#6742));
#6742 = FILL_AREA_STYLE_COLOUR('',#6728);
#6743 = STYLED_ITEM('color',(#6744),#2898);
#6744 = PRESENTATION_STYLE_ASSIGNMENT((#6745));
#6745 = SURFACE_STYLE_USAGE(.BOTH.,#6746);
#6746 = SURFACE_SIDE_STYLE('',(#6747));
#6747 = SURFACE_STYLE_FILL_AREA(#6748);
#6748 = FILL_AREA_STYLE('',(#6749));
#6749 = FILL_AREA_STYLE_COLOUR('',#6728);
#6750 = STYLED_ITEM('color',(#6751),#2918);
#6751 = PRESENTATION_STYLE_ASSIGNMENT((#6752));
#6752 = SURFACE_STYLE_USAGE(.BOTH.,#6753);
#6753 = SURFACE_SIDE_STYLE('',(#6754));
#6754 = SURFACE_STYLE_FILL_AREA(#6755);
#6755 = FILL_AREA_STYLE('',(#6756));
#6756 = FILL_AREA_STYLE_COLOUR('',#6728);
#6757 = STYLED_ITEM('color',(#6758),#2943);
#6758 = PRESENTATION_STYLE_ASSIGNMENT((#6759));
#6759 = SURFACE_STYLE_USAGE(.BOTH.,#6760);
#6760 = SURFACE_SIDE_STYLE('',(#6761));
#6761 = SURFACE_STYLE_FILL_AREA(#6762);
#6762 = FILL_AREA_STYLE('',(#6763));
#6763 = FILL_AREA_STYLE_COLOUR('',#6273);
#6764 = STYLED_ITEM('color',(#6765),#2968);
#6765 = PRESENTATION_STYLE_ASSIGNMENT((#6766));
#6766 = SURFACE_STYLE_USAGE(.BOTH.,#6767);
#6767 = SURFACE_SIDE_STYLE('',(#6768));
#6768 = SURFACE_STYLE_FILL_AREA(#6769);
#6769 = FILL_AREA_STYLE('',(#6770));
#6770 = FILL_AREA_STYLE_COLOUR('',#6728);
#6771 = STYLED_ITEM('color',(#6772),#2988);
#6772 = PRESENTATION_STYLE_ASSIGNMENT((#6773));
#6773 = SURFACE_STYLE_USAGE(.BOTH.,#6774);
#6774 = SURFACE_SIDE_STYLE('',(#6775));
#6775 = SURFACE_STYLE_FILL_AREA(#6776);
#6776 = FILL_AREA_STYLE('',(#6777));
#6777 = FILL_AREA_STYLE_COLOUR('',#6273);
#6778 = STYLED_ITEM('color',(#6779),#3014);
#6779 = PRESENTATION_STYLE_ASSIGNMENT((#6780));
#6780 = SURFACE_STYLE_USAGE(.BOTH.,#6781);
#6781 = SURFACE_SIDE_STYLE('',(#6782));
#6782 = SURFACE_STYLE_FILL_AREA(#6783);
#6783 = FILL_AREA_STYLE('',(#6784));
#6784 = FILL_AREA_STYLE_COLOUR('',#6728);
#6785 = STYLED_ITEM('color',(#6786),#3039);
#6786 = PRESENTATION_STYLE_ASSIGNMENT((#6787));
#6787 = SURFACE_STYLE_USAGE(.BOTH.,#6788);
#6788 = SURFACE_SIDE_STYLE('',(#6789));
#6789 = SURFACE_STYLE_FILL_AREA(#6790);
#6790 = FILL_AREA_STYLE('',(#6791));
#6791 = FILL_AREA_STYLE_COLOUR('',#6273);
#6792 = STYLED_ITEM('color',(#6793),#3064);
#6793 = PRESENTATION_STYLE_ASSIGNMENT((#6794));
#6794 = SURFACE_STYLE_USAGE(.BOTH.,#6795);
#6795 = SURFACE_SIDE_STYLE('',(#6796));
#6796 = SURFACE_STYLE_FILL_AREA(#6797);
#6797 = FILL_AREA_STYLE('',(#6798));
#6798 = FILL_AREA_STYLE_COLOUR('',#6728);
#6799 = STYLED_ITEM('color',(#6800),#3090);
#6800 = PRESENTATION_STYLE_ASSIGNMENT((#6801));
#6801 = SURFACE_STYLE_USAGE(.BOTH.,#6802);
#6802 = SURFACE_SIDE_STYLE('',(#6803));
#6803 = SURFACE_STYLE_FILL_AREA(#6804);
#6804 = FILL_AREA_STYLE('',(#6805));
#6805 = FILL_AREA_STYLE_COLOUR('',#6273);
#6806 = STYLED_ITEM('color',(#6807),#3099);
#6807 = PRESENTATION_STYLE_ASSIGNMENT((#6808));
#6808 = SURFACE_STYLE_USAGE(.BOTH.,#6809);
#6809 = SURFACE_SIDE_STYLE('',(#6810));
#6810 = SURFACE_STYLE_FILL_AREA(#6811);
#6811 = FILL_AREA_STYLE('',(#6812));
#6812 = FILL_AREA_STYLE_COLOUR('',#6728);
#6813 = STYLED_ITEM('color',(#6814),#3119);
#6814 = PRESENTATION_STYLE_ASSIGNMENT((#6815));
#6815 = SURFACE_STYLE_USAGE(.BOTH.,#6816);
#6816 = SURFACE_SIDE_STYLE('',(#6817));
#6817 = SURFACE_STYLE_FILL_AREA(#6818);
#6818 = FILL_AREA_STYLE('',(#6819));
#6819 = FILL_AREA_STYLE_COLOUR('',#6273);
#6820 = STYLED_ITEM('color',(#6821),#3144);
#6821 = PRESENTATION_STYLE_ASSIGNMENT((#6822));
#6822 = SURFACE_STYLE_USAGE(.BOTH.,#6823);
#6823 = SURFACE_SIDE_STYLE('',(#6824));
#6824 = SURFACE_STYLE_FILL_AREA(#6825);
#6825 = FILL_AREA_STYLE('',(#6826));
#6826 = FILL_AREA_STYLE_COLOUR('',#6273);
#6827 = STYLED_ITEM('color',(#6828),#3170);
#6828 = PRESENTATION_STYLE_ASSIGNMENT((#6829));
#6829 = SURFACE_STYLE_USAGE(.BOTH.,#6830);
#6830 = SURFACE_SIDE_STYLE('',(#6831));
#6831 = SURFACE_STYLE_FILL_AREA(#6832);
#6832 = FILL_AREA_STYLE('',(#6833));
#6833 = FILL_AREA_STYLE_COLOUR('',#6273);
#6834 = STYLED_ITEM('color',(#6835),#3195);
#6835 = PRESENTATION_STYLE_ASSIGNMENT((#6836));
#6836 = SURFACE_STYLE_USAGE(.BOTH.,#6837);
#6837 = SURFACE_SIDE_STYLE('',(#6838));
#6838 = SURFACE_STYLE_FILL_AREA(#6839);
#6839 = FILL_AREA_STYLE('',(#6840));
#6840 = FILL_AREA_STYLE_COLOUR('',#6273);
ENDSEC;
END-ISO-10303-21;
